invoice_id,entity,customer_id,issue_date,due_date,paid_date,currency,amount
AR-DE01-202401-0001,DE01,C016,2024-01-03,2024-02-02,2024-02-02,EUR,10627.05
AR-DE01-202401-0002,DE01,C010,2024-01-04,2024-02-18,2024-02-17,EUR,9020.55
AR-DE01-202401-0003,DE01,C009,2024-01-09,2024-02-23,2024-02-12,EUR,2068.21
AR-DE01-202401-0004,DE01,C015,2024-01-22,2024-02-21,2024-02-26,EUR,2342.7
AR-DE01-202401-0005,DE01,C027,2024-01-11,2024-02-10,2024-02-06,EUR,4216.88
AR-DE01-202401-0006,DE01,C022,2024-01-01,2024-01-31,2024-02-07,EUR,3913.35
AR-DE01-202401-0007,DE01,C034,2024-01-11,2024-02-10,2024-02-18,EUR,10069.21
AR-DE01-202401-0008,DE01,C015,2024-01-30,2024-03-15,2024-02-27,EUR,18016.11
AR-DE01-202401-0009,DE01,C012,2024-01-02,2024-02-01,2024-01-28,EUR,4435.17
AR-DE01-202401-0010,DE01,C017,2024-01-30,2024-02-29,2024-03-10,EUR,1655.33
AR-DE01-202401-0011,DE01,C021,2024-01-16,2024-02-15,2024-02-21,EUR,2544.63
AR-DE01-202401-0012,DE01,C002,2024-01-31,2024-03-01,2024-03-17,EUR,11633.73
AR-DE01-202401-0013,DE01,C015,2024-01-28,2024-02-27,2024-03-25,EUR,8942.54
AR-DE01-202401-0014,DE01,C036,2024-01-11,2024-02-10,2024-03-24,EUR,3510.75
AR-DE01-202401-0015,DE01,C034,2024-01-02,2024-02-16,2024-02-03,EUR,13447.11
AR-DE01-202401-0016,DE01,C020,2024-01-30,2024-02-29,2024-03-09,EUR,4136.2
AR-DE01-202401-0017,DE01,C033,2024-01-15,2024-02-14,2024-02-03,EUR,7455.41
AR-DE01-202401-0018,DE01,C003,2024-01-09,2024-02-08,2024-03-01,EUR,37418.02
AR-DE01-202401-0019,DE01,C033,2024-01-07,2024-02-06,2024-02-29,EUR,3266.62
AR-DE01-202401-0020,DE01,C035,2024-01-16,2024-03-01,2024-02-18,EUR,11287.89
AR-DE01-202401-0021,DE01,C014,2024-01-23,2024-03-08,2024-02-14,EUR,13594.63
AR-DE01-202401-0022,DE01,C009,2024-01-23,2024-02-22,2024-02-26,EUR,4911.76
AR-DE01-202401-0023,DE01,C001,2024-01-05,2024-02-04,2024-02-20,EUR,2888.45
AR-DE01-202401-0024,DE01,C004,2024-01-06,2024-02-05,2024-02-19,EUR,21517.71
AR-DE01-202401-0025,DE01,C019,2024-01-08,2024-02-07,2024-02-06,EUR,19239.0
AR-DE01-202401-0026,DE01,C017,2024-01-01,2024-01-31,2024-02-04,EUR,17383.65
AR-DE01-202401-0027,DE01,C020,2024-01-29,2024-02-28,2024-02-27,EUR,10370.95
AR-DE01-202401-0028,DE01,C031,2024-01-03,2024-02-02,2024-02-15,EUR,7338.17
AR-DE01-202401-0029,DE01,C001,2024-01-25,2024-02-24,2024-03-12,EUR,16559.14
AR-DE01-202401-0030,DE01,C003,2024-01-19,2024-02-18,2024-02-15,EUR,4854.9
AR-DE01-202401-0031,DE01,C038,2024-01-03,2024-02-17,2024-02-21,EUR,2101.75
AR-DE01-202401-0032,DE01,C039,2024-01-29,2024-02-28,2024-02-16,EUR,4625.88
AR-DE01-202401-0033,DE01,C010,2024-01-21,2024-02-20,2024-03-12,EUR,3863.34
AR-DE01-202401-0034,DE01,C033,2024-01-26,2024-02-25,2024-03-05,EUR,2231.52
AR-DE01-202401-0035,DE01,C002,2024-01-27,2024-03-12,2024-03-28,EUR,2551.03
AR-DE01-202401-0036,DE01,C015,2024-01-22,2024-02-21,2024-03-21,EUR,15906.69
AR-DE01-202401-0037,DE01,C036,2024-01-15,2024-02-14,2024-02-15,EUR,4604.63
AR-DE01-202401-0038,DE01,C005,2024-01-15,2024-02-29,2024-02-22,EUR,1257.67
AR-DE01-202401-0039,DE01,C034,2024-01-22,2024-02-21,2024-03-08,EUR,4311.45
AR-DE01-202401-0040,DE01,C017,2024-01-03,2024-02-02,2024-02-18,EUR,3716.42
AR-DE01-202401-0041,DE01,C030,2024-01-21,2024-02-20,2024-02-23,EUR,9962.32
AR-DE01-202401-0042,DE01,C019,2024-01-22,2024-03-07,2024-03-08,EUR,2213.21
AR-DE01-202401-0043,DE01,C039,2024-01-03,2024-02-02,2024-01-24,EUR,5189.63
AR-DE01-202401-0044,DE01,C040,2024-01-10,2024-02-09,2024-02-04,EUR,8799.65
AR-DE01-202401-0045,DE01,C014,2024-01-23,2024-02-22,2024-02-21,EUR,11020.32
AR-DE01-202401-0046,DE01,C030,2024-01-15,2024-02-14,2024-02-17,EUR,6269.49
AR-DE01-202401-0047,DE01,C029,2024-01-31,2024-03-16,2024-02-17,EUR,1550.16
AR-DE01-202401-0048,DE01,C014,2024-01-30,2024-02-29,2024-02-29,EUR,4832.58
AR-DE01-202401-0049,DE01,C033,2024-01-20,2024-02-19,2024-02-15,EUR,6369.42
AR-DE01-202401-0050,DE01,C032,2024-01-16,2024-02-15,2024-03-02,EUR,3143.26
AR-DE01-202401-0051,DE01,C010,2024-01-24,2024-02-23,2024-02-28,EUR,10165.63
AR-DE01-202401-0052,DE01,C001,2024-01-11,2024-02-10,2024-02-12,EUR,4599.95
AR-DE01-202401-0053,DE01,C013,2024-01-31,2024-03-16,2024-03-24,EUR,6508.22
AR-DE01-202401-0054,DE01,C005,2024-01-12,2024-02-11,2024-02-14,EUR,7466.54
AR-DE01-202401-0055,DE01,C004,2024-01-09,2024-02-08,2024-02-20,EUR,5939.99
AR-DE01-202401-0056,DE01,C028,2024-01-09,2024-02-08,2024-02-06,EUR,15144.84
AR-DE01-202401-0057,DE01,C028,2024-01-31,2024-03-16,2024-04-03,EUR,8699.7
AR-DE01-202401-0058,DE01,C036,2024-01-30,2024-02-29,2024-03-14,EUR,8852.28
AR-DE01-202401-0059,DE01,C027,2024-01-24,2024-02-23,2024-03-22,EUR,62233.87
AR-DE01-202401-0060,DE01,C032,2024-01-10,2024-02-09,2024-02-16,EUR,52386.0
AR-DE01-202401-0061,DE01,C017,2024-01-10,2024-02-24,2024-02-22,EUR,4617.11
AR-DE01-202401-0062,DE01,C026,2024-01-18,2024-02-17,2024-02-29,EUR,10380.43
AR-DE01-202401-0063,DE01,C032,2024-01-17,2024-02-16,2024-02-22,EUR,5892.47
AR-DE01-202401-0064,DE01,C029,2024-01-25,2024-02-24,2024-03-04,EUR,54686.66
AR-DE01-202401-0065,DE01,C022,2024-01-06,2024-02-05,2024-02-07,EUR,3446.97
AR-DE01-202401-0066,DE01,C037,2024-01-26,2024-02-25,2024-02-24,EUR,6569.92
AR-DE01-202401-0067,DE01,C025,2024-01-07,2024-02-06,2024-02-27,EUR,3006.23
AR-DE01-202401-0068,DE01,C024,2024-01-19,2024-02-18,2024-02-26,EUR,2466.7
AR-DE01-202401-0069,DE01,C014,2024-01-28,2024-02-27,2024-03-24,EUR,29585.36
AR-DE01-202401-0070,DE01,C029,2024-01-21,2024-02-20,2024-02-11,EUR,24974.26
AR-DE01-202401-0071,DE01,C002,2024-01-31,2024-03-01,2024-03-02,EUR,4730.04
AR-DE01-202401-0072,DE01,C031,2024-01-26,2024-03-11,2024-03-04,EUR,4588.72
AR-DE01-202401-0073,DE01,C034,2024-01-30,2024-03-15,2024-02-28,EUR,56466.3
AR-DE01-202401-0074,DE01,C007,2024-01-17,2024-03-02,2024-03-12,EUR,22690.76
AR-DE01-202401-0075,DE01,C030,2024-01-25,2024-02-24,2024-02-17,EUR,26870.71
AR-DE01-202401-0076,DE01,C020,2024-01-02,2024-02-16,2024-02-16,EUR,17323.76
AR-DE01-202401-0077,DE01,C008,2024-01-14,2024-02-13,2024-02-13,EUR,2256.63
AR-DE01-202401-0078,DE01,C039,2024-01-26,2024-02-25,2024-02-26,EUR,27591.75
AR-DE01-202401-0079,DE01,C016,2024-01-27,2024-02-26,2024-02-27,EUR,472.54
AR-DE01-202401-0080,DE01,C027,2024-01-31,2024-03-16,2024-03-09,EUR,12557.78
AR-DE01-202401-0081,DE01,C006,2024-01-14,2024-02-13,2024-02-15,EUR,4194.54
AR-DE01-202401-0082,DE01,C026,2024-01-22,2024-02-21,2024-04-06,EUR,4955.16
AR-DE01-202401-0083,DE01,C005,2024-01-17,2024-02-16,2024-03-14,EUR,15340.18
AR-DE01-202401-0084,DE01,C013,2024-01-27,2024-02-26,2024-02-15,EUR,3726.07
AR-DE01-202401-0085,DE01,C007,2024-01-10,2024-02-24,2024-02-17,EUR,15649.59
AR-DE01-202401-0086,DE01,C032,2024-01-08,2024-02-07,2024-02-04,EUR,4807.79
AR-DE01-202401-0087,DE01,C002,2024-01-07,2024-02-21,2024-02-01,EUR,3137.76
AR-DE01-202401-0088,DE01,C021,2024-01-29,2024-03-14,2024-03-03,EUR,4360.89
AR-DE01-202401-0089,DE01,C034,2024-01-30,2024-03-15,2024-03-04,EUR,5449.49
AR-DE01-202401-0090,DE01,C029,2024-01-11,2024-02-10,2024-02-09,EUR,31716.17
AR-DE01-202401-0091,DE01,C020,2024-01-27,2024-03-12,2024-03-03,EUR,1864.04
AR-DE01-202401-0092,DE01,C013,2024-01-16,2024-02-15,2024-03-08,EUR,8311.19
AR-DE01-202401-0093,DE01,C031,2024-01-12,2024-02-11,2024-02-10,EUR,8577.57
AR-DE01-202401-0094,DE01,C026,2024-01-25,2024-02-24,2024-03-18,EUR,7381.65
AR-DE01-202401-0095,DE01,C005,2024-01-24,2024-03-09,2024-02-26,EUR,3162.38
AR-DE01-202401-0096,DE01,C040,2024-01-31,2024-03-01,2024-04-01,EUR,18103.35
AR-DE01-202401-0097,DE01,C018,2024-01-30,2024-02-29,2024-03-23,EUR,4731.94
AR-DE01-202401-0098,DE01,C005,2024-01-26,2024-02-25,2024-02-23,EUR,12292.21
AR-DE01-202401-0099,DE01,C030,2024-01-31,2024-03-16,2024-03-06,EUR,2073.13
AR-DE01-202401-0100,DE01,C032,2024-01-14,2024-02-13,2024-02-21,EUR,4831.39
AR-DE01-202401-0101,DE01,C020,2024-01-30,2024-03-15,2024-03-28,EUR,19415.43
AR-DE01-202401-0102,DE01,C021,2024-01-11,2024-02-10,2024-03-09,EUR,12295.99
AR-DE01-202401-0103,DE01,C013,2024-01-17,2024-02-16,2024-02-13,EUR,25947.38
AR-DE01-202401-0104,DE01,C003,2024-01-21,2024-02-20,2024-02-29,EUR,11746.42
AR-DE01-202401-0105,DE01,C007,2024-01-14,2024-02-28,2024-02-16,EUR,8787.01
AR-DE01-202401-0106,DE01,C027,2024-01-04,2024-02-03,2024-02-21,EUR,7060.51
AR-DE01-202401-0107,DE01,C009,2024-01-08,2024-02-07,2024-02-24,EUR,4629.61
AR-DE01-202401-0108,DE01,C035,2024-01-24,2024-03-09,2024-03-07,EUR,99829.88
AR-DE01-202401-0109,DE01,C019,2024-01-27,2024-02-26,2024-03-08,EUR,20785.3
AR-DE01-202401-0110,DE01,C017,2024-01-24,2024-02-23,2024-02-24,EUR,41755.04
AR-DE01-202401-0111,DE01,C019,2024-01-05,2024-02-19,2024-02-15,EUR,15188.62
AR-DE01-202401-0112,DE01,C017,2024-01-13,2024-02-27,2024-02-20,EUR,2900.77
AR-DE01-202402-0001,DE01,C004,2024-02-25,2024-03-26,2024-04-03,EUR,6481.1
AR-DE01-202402-0002,DE01,C012,2024-02-26,2024-04-11,2024-04-05,EUR,7040.92
AR-DE01-202402-0003,DE01,C019,2024-02-06,2024-03-22,2024-03-31,EUR,7031.02
AR-DE01-202402-0004,DE01,C008,2024-02-06,2024-03-22,2024-03-29,EUR,64531.98
AR-DE01-202402-0005,DE01,C036,2024-02-23,2024-04-08,2024-04-06,EUR,11606.67
AR-DE01-202402-0006,DE01,C026,2024-02-13,2024-03-29,2024-04-02,EUR,641.7
AR-DE01-202402-0007,DE01,C002,2024-02-21,2024-03-22,2024-03-23,EUR,7134.44
AR-DE01-202402-0008,DE01,C033,2024-02-18,2024-03-19,2024-04-04,EUR,9723.32
AR-DE01-202402-0009,DE01,C003,2024-02-20,2024-03-21,2024-03-25,EUR,13066.13
AR-DE01-202402-0010,DE01,C029,2024-02-27,2024-03-28,2024-04-12,EUR,17633.4
AR-DE01-202402-0011,DE01,C017,2024-02-15,2024-03-16,2024-03-11,EUR,37764.89
AR-DE01-202402-0012,DE01,C016,2024-02-29,2024-03-30,2024-03-22,EUR,12524.45
AR-DE01-202402-0013,DE01,C040,2024-02-27,2024-03-28,2024-03-27,EUR,6082.16
AR-DE01-202402-0014,DE01,C039,2024-02-11,2024-03-12,2024-03-10,EUR,3884.71
AR-DE01-202402-0015,DE01,C017,2024-02-07,2024-03-23,2024-03-22,EUR,1224.98
AR-DE01-202402-0016,DE01,C007,2024-02-22,2024-03-23,2024-03-23,EUR,3879.03
AR-DE01-202402-0017,DE01,C020,2024-02-10,2024-03-11,2024-03-04,EUR,10133.89
AR-DE01-202402-0018,DE01,C018,2024-02-04,2024-03-05,2024-03-10,EUR,23030.7
AR-DE01-202402-0019,DE01,C028,2024-02-13,2024-03-14,2024-03-22,EUR,43141.35
AR-DE01-202402-0020,DE01,C002,2024-02-15,2024-03-16,2024-03-28,EUR,34409.27
AR-DE01-202402-0021,DE01,C016,2024-02-24,2024-04-09,2024-03-29,EUR,10032.25
AR-DE01-202402-0022,DE01,C027,2024-02-24,2024-04-09,2024-04-15,EUR,7310.89
AR-DE01-202402-0023,DE01,C038,2024-02-29,2024-04-14,2024-04-20,EUR,3517.48
AR-DE01-202402-0024,DE01,C028,2024-02-15,2024-03-16,2024-03-27,EUR,14717.82
AR-DE01-202402-0025,DE01,C016,2024-02-14,2024-03-30,2024-04-08,EUR,17926.34
AR-DE01-202402-0026,DE01,C028,2024-02-09,2024-03-10,2024-03-19,EUR,5158.31
AR-DE01-202402-0027,DE01,C012,2024-02-28,2024-04-13,2024-03-27,EUR,5118.17
AR-DE01-202402-0028,DE01,C011,2024-02-07,2024-03-23,2024-02-28,EUR,27352.04
AR-DE01-202402-0029,DE01,C035,2024-02-15,2024-03-16,2024-03-23,EUR,5425.01
AR-DE01-202402-0030,DE01,C024,2024-02-26,2024-03-27,2024-03-11,EUR,6141.27
AR-DE01-202402-0031,DE01,C012,2024-02-07,2024-03-08,2024-03-23,EUR,8102.55
AR-DE01-202402-0032,DE01,C023,2024-02-20,2024-03-21,2024-03-21,EUR,7304.76
AR-DE01-202402-0033,DE01,C001,2024-02-02,2024-03-03,2024-04-16,EUR,22126.18
AR-DE01-202402-0034,DE01,C023,2024-02-22,2024-03-23,2024-03-20,EUR,6824.45
AR-DE01-202402-0035,DE01,C034,2024-02-13,2024-03-29,2024-03-21,EUR,5705.34
AR-DE01-202402-0036,DE01,C005,2024-02-25,2024-04-10,2024-04-09,EUR,20636.48
AR-DE01-202402-0037,DE01,C015,2024-02-18,2024-04-03,2024-03-09,EUR,10363.41
AR-DE01-202402-0038,DE01,C027,2024-02-27,2024-03-28,2024-03-27,EUR,2877.3
AR-DE01-202402-0039,DE01,C031,2024-02-05,2024-03-06,2024-03-27,EUR,46577.89
AR-DE01-202402-0040,DE01,C017,2024-02-13,2024-03-29,2024-03-31,EUR,1419.7
AR-DE01-202402-0041,DE01,C018,2024-02-26,2024-03-27,2024-04-10,EUR,11238.36
AR-DE01-202402-0042,DE01,C028,2024-02-16,2024-03-17,2024-03-15,EUR,1422.85
AR-DE01-202402-0043,DE01,C004,2024-02-13,2024-03-14,2024-03-24,EUR,34346.56
AR-DE01-202402-0044,DE01,C034,2024-02-05,2024-03-21,2024-03-17,EUR,12474.68
AR-DE01-202402-0045,DE01,C014,2024-02-01,2024-03-17,2024-03-15,EUR,30126.84
AR-DE01-202402-0046,DE01,C038,2024-02-04,2024-03-05,2024-02-23,EUR,4570.68
AR-DE01-202402-0047,DE01,C010,2024-02-12,2024-03-13,2024-03-17,EUR,50999.7
AR-DE01-202402-0048,DE01,C039,2024-02-20,2024-04-05,2024-04-01,EUR,7353.68
AR-DE01-202402-0049,DE01,C013,2024-02-10,2024-03-11,2024-03-13,EUR,31957.63
AR-DE01-202402-0050,DE01,C029,2024-02-27,2024-03-28,2024-03-27,EUR,11643.9
AR-DE01-202402-0051,DE01,C032,2024-02-16,2024-03-17,2024-03-21,EUR,4218.83
AR-DE01-202402-0052,DE01,C032,2024-02-23,2024-03-24,2024-03-17,EUR,3692.27
AR-DE01-202402-0053,DE01,C001,2024-02-24,2024-03-25,2024-03-22,EUR,10778.86
AR-DE01-202402-0054,DE01,C019,2024-02-16,2024-04-01,2024-03-20,EUR,5253.31
AR-DE01-202402-0055,DE01,C005,2024-02-22,2024-03-23,2024-03-23,EUR,14858.19
AR-DE01-202402-0056,DE01,C040,2024-02-01,2024-03-02,2024-03-19,EUR,6916.68
AR-DE01-202402-0057,DE01,C032,2024-02-16,2024-04-01,2024-03-16,EUR,3528.45
AR-DE01-202402-0058,DE01,C009,2024-02-14,2024-03-15,2024-04-08,EUR,5856.49
AR-DE01-202402-0059,DE01,C034,2024-02-16,2024-03-17,2024-04-10,EUR,6350.02
AR-DE01-202402-0060,DE01,C028,2024-02-11,2024-03-12,2024-03-08,EUR,6056.39
AR-DE01-202402-0061,DE01,C032,2024-02-12,2024-03-13,2024-03-21,EUR,2723.18
AR-DE01-202402-0062,DE01,C023,2024-02-17,2024-04-02,2024-04-16,EUR,21986.22
AR-DE01-202402-0063,DE01,C013,2024-02-11,2024-03-12,2024-03-10,EUR,8343.62
AR-DE01-202402-0064,DE01,C006,2024-02-21,2024-04-06,2024-04-24,EUR,33390.9
AR-DE01-202402-0065,DE01,C026,2024-02-02,2024-03-03,2024-04-15,EUR,4389.83
AR-DE01-202402-0066,DE01,C004,2024-02-22,2024-04-07,2024-05-04,EUR,11229.25
AR-DE01-202402-0067,DE01,C010,2024-02-20,2024-03-21,2024-04-11,EUR,6456.56
AR-DE01-202402-0068,DE01,C006,2024-02-22,2024-03-23,2024-04-08,EUR,7684.52
AR-DE01-202402-0069,DE01,C012,2024-02-25,2024-03-26,2024-04-09,EUR,9339.89
AR-DE01-202402-0070,DE01,C009,2024-02-27,2024-04-12,2024-04-07,EUR,8688.23
AR-DE01-202402-0071,DE01,C012,2024-02-10,2024-03-11,2024-03-12,EUR,6644.35
AR-DE01-202402-0072,DE01,C038,2024-02-21,2024-04-06,2024-03-12,EUR,3297.42
AR-DE01-202402-0073,DE01,C008,2024-02-02,2024-03-18,2024-03-06,EUR,14705.42
AR-DE01-202402-0074,DE01,C029,2024-02-13,2024-03-14,2024-04-03,EUR,14422.35
AR-DE01-202402-0075,DE01,C010,2024-02-22,2024-03-23,2024-03-29,EUR,11419.43
AR-DE01-202402-0076,DE01,C031,2024-02-21,2024-03-22,2024-04-06,EUR,35924.79
AR-DE01-202402-0077,DE01,C012,2024-02-24,2024-04-09,2024-03-23,EUR,10911.11
AR-DE01-202402-0078,DE01,C010,2024-02-23,2024-04-08,2024-03-13,EUR,8490.77
AR-DE01-202402-0079,DE01,C032,2024-02-23,2024-03-24,2024-04-17,EUR,4518.63
AR-DE01-202402-0080,DE01,C003,2024-02-02,2024-03-03,2024-02-27,EUR,13359.0
AR-DE01-202402-0081,DE01,C032,2024-02-06,2024-03-07,2024-03-26,EUR,3628.84
AR-DE01-202402-0082,DE01,C010,2024-02-06,2024-03-22,2024-03-13,EUR,8708.92
AR-DE01-202402-0083,DE01,C018,2024-02-15,2024-03-31,2024-03-26,EUR,11883.64
AR-DE01-202402-0084,DE01,C040,2024-02-02,2024-03-18,2024-04-19,EUR,11485.17
AR-DE01-202402-0085,DE01,C039,2024-02-11,2024-03-27,2024-04-12,EUR,7475.37
AR-DE01-202402-0086,DE01,C016,2024-02-29,2024-03-30,2024-04-19,EUR,5716.18
AR-DE01-202402-0087,DE01,C015,2024-02-29,2024-04-14,2024-03-30,EUR,10768.92
AR-DE01-202402-0088,DE01,C003,2024-02-19,2024-03-20,2024-04-02,EUR,10371.67
AR-DE01-202402-0089,DE01,C023,2024-02-16,2024-03-17,2024-03-27,EUR,20360.07
AR-DE01-202402-0090,DE01,C013,2024-02-13,2024-03-29,2024-03-18,EUR,19414.57
AR-DE01-202402-0091,DE01,C030,2024-02-13,2024-03-29,2024-04-24,EUR,8160.18
AR-DE01-202402-0092,DE01,C025,2024-02-01,2024-03-02,2024-03-19,EUR,4663.02
AR-DE01-202402-0093,DE01,C034,2024-02-19,2024-04-04,2024-04-21,EUR,17784.32
AR-DE01-202402-0094,DE01,C033,2024-02-16,2024-03-17,2024-03-17,EUR,5230.68
AR-DE01-202402-0095,DE01,C019,2024-02-06,2024-03-07,2024-03-18,EUR,2289.75
AR-DE01-202402-0096,DE01,C010,2024-02-17,2024-03-18,2024-04-20,EUR,25096.92
AR-DE01-202402-0097,DE01,C007,2024-02-28,2024-03-29,2024-04-05,EUR,7343.47
AR-DE01-202402-0098,DE01,C039,2024-02-11,2024-03-12,2024-03-09,EUR,20161.26
AR-DE01-202402-0099,DE01,C003,2024-02-04,2024-03-05,2024-04-07,EUR,5374.67
AR-DE01-202402-0100,DE01,C037,2024-02-19,2024-03-20,2024-04-13,EUR,9088.16
AR-DE01-202402-0101,DE01,C029,2024-02-04,2024-03-20,2024-03-06,EUR,10075.67
AR-DE01-202402-0102,DE01,C002,2024-02-03,2024-03-04,2024-03-24,EUR,10144.72
AR-DE01-202402-0103,DE01,C032,2024-02-15,2024-03-31,2024-03-28,EUR,9405.33
AR-DE01-202402-0104,DE01,C006,2024-02-04,2024-03-05,2024-03-17,EUR,13664.42
AR-DE01-202402-0105,DE01,C033,2024-02-22,2024-03-23,2024-03-30,EUR,4925.44
AR-DE01-202402-0106,DE01,C015,2024-02-08,2024-03-09,2024-02-29,EUR,11893.44
AR-DE01-202402-0107,DE01,C004,2024-02-01,2024-03-02,2024-03-11,EUR,11085.66
AR-DE01-202402-0108,DE01,C031,2024-02-25,2024-03-26,2024-03-24,EUR,5719.12
AR-DE01-202402-0109,DE01,C007,2024-02-25,2024-03-26,2024-03-29,EUR,10870.67
AR-DE01-202402-0110,DE01,C031,2024-02-12,2024-03-13,2024-03-15,EUR,2217.53
AR-DE01-202402-0111,DE01,C001,2024-02-22,2024-03-23,2024-03-13,EUR,8308.99
AR-DE01-202402-0112,DE01,C009,2024-02-12,2024-03-28,2024-03-18,EUR,7652.82
AR-DE01-202402-0113,DE01,C029,2024-02-03,2024-03-19,2024-03-07,EUR,11504.83
AR-DE01-202402-0114,DE01,C024,2024-02-04,2024-03-05,2024-03-26,EUR,26446.76
AR-DE01-202402-0115,DE01,C029,2024-02-05,2024-03-21,2024-03-06,EUR,4493.34
AR-DE01-202402-0116,DE01,C002,2024-02-05,2024-03-06,2024-03-28,EUR,8470.25
AR-DE01-202403-0001,DE01,C003,2024-03-08,2024-04-07,2024-04-17,EUR,7579.19
AR-DE01-202403-0002,DE01,C030,2024-03-01,2024-03-31,2024-04-06,EUR,2070.65
AR-DE01-202403-0003,DE01,C025,2024-03-08,2024-04-07,2024-04-18,EUR,32298.91
AR-DE01-202403-0004,DE01,C032,2024-03-13,2024-04-12,2024-04-10,EUR,4059.49
AR-DE01-202403-0005,DE01,C019,2024-03-01,2024-03-31,2024-04-04,EUR,14701.84
AR-DE01-202403-0006,DE01,C025,2024-03-28,2024-04-27,2024-04-19,EUR,3651.44
AR-DE01-202403-0007,DE01,C016,2024-03-18,2024-04-17,2024-04-24,EUR,8775.86
AR-DE01-202403-0008,DE01,C003,2024-03-14,2024-04-13,2024-04-15,EUR,27566.22
AR-DE01-202403-0009,DE01,C018,2024-03-07,2024-04-06,2024-05-02,EUR,5230.19
AR-DE01-202403-0010,DE01,C016,2024-03-15,2024-04-14,2024-04-12,EUR,2486.25
AR-DE01-202403-0011,DE01,C038,2024-03-13,2024-04-12,2024-05-18,EUR,11593.45
AR-DE01-202403-0012,DE01,C029,2024-03-08,2024-04-07,2024-04-19,EUR,10194.83
AR-DE01-202403-0013,DE01,C035,2024-03-12,2024-04-11,2024-04-22,EUR,16395.27
AR-DE01-202403-0014,DE01,C008,2024-03-28,2024-04-27,2024-06-05,EUR,5414.39
AR-DE01-202403-0015,DE01,C037,2024-03-01,2024-03-31,2024-05-04,EUR,23048.01
AR-DE01-202403-0016,DE01,C021,2024-03-08,2024-04-07,2024-04-23,EUR,5059.5
AR-DE01-202403-0017,DE01,C020,2024-03-23,2024-04-22,2024-04-11,EUR,13819.94
AR-DE01-202403-0018,DE01,C019,2024-03-13,2024-04-12,2024-05-08,EUR,3440.79
AR-DE01-202403-0019,DE01,C009,2024-03-21,2024-05-05,2024-04-18,EUR,1369.43
AR-DE01-202403-0020,DE01,C023,2024-03-26,2024-05-10,2024-04-15,EUR,3444.35
AR-DE01-202403-0021,DE01,C012,2024-03-04,2024-04-03,2024-03-31,EUR,49228.31
AR-DE01-202403-0022,DE01,C003,2024-03-08,2024-04-07,2024-04-20,EUR,11953.94
AR-DE01-202403-0023,DE01,C020,2024-03-25,2024-04-24,2024-05-16,EUR,30451.08
AR-DE01-202403-0024,DE01,C012,2024-03-21,2024-04-20,2024-04-17,EUR,6745.43
AR-DE01-202403-0025,DE01,C017,2024-03-17,2024-05-01,2024-05-04,EUR,6355.42
AR-DE01-202403-0026,DE01,C001,2024-03-30,2024-04-29,2024-05-29,EUR,3381.41
AR-DE01-202403-0027,DE01,C003,2024-03-29,2024-05-13,2024-05-13,EUR,3770.04
AR-DE01-202403-0028,DE01,C008,2024-03-08,2024-04-07,2024-03-31,EUR,12655.55
AR-DE01-202403-0029,DE01,C006,2024-03-12,2024-04-11,2024-04-23,EUR,26491.31
AR-DE01-202403-0030,DE01,C006,2024-03-17,2024-04-16,2024-05-18,EUR,4210.25
AR-DE01-202403-0031,DE01,C033,2024-03-11,2024-04-25,2024-05-15,EUR,11779.66
AR-DE01-202403-0032,DE01,C033,2024-03-15,2024-04-14,2024-05-01,EUR,333.1
AR-DE01-202403-0033,DE01,C009,2024-03-17,2024-04-16,2024-05-15,EUR,15253.25
AR-DE01-202403-0034,DE01,C035,2024-03-06,2024-04-05,2024-04-22,EUR,8556.01
AR-DE01-202403-0035,DE01,C016,2024-03-09,2024-04-23,2024-04-06,EUR,5102.17
AR-DE01-202403-0036,DE01,C013,2024-03-03,2024-04-02,2024-03-22,EUR,45583.86
AR-DE01-202403-0037,DE01,C031,2024-03-16,2024-04-15,2024-04-13,EUR,24480.67
AR-DE01-202403-0038,DE01,C009,2024-03-15,2024-04-29,2024-04-17,EUR,21891.17
AR-DE01-202403-0039,DE01,C010,2024-03-29,2024-04-28,2024-04-23,EUR,5115.53
AR-DE01-202403-0040,DE01,C036,2024-03-04,2024-04-03,2024-04-27,EUR,5286.34
AR-DE01-202403-0041,DE01,C008,2024-03-07,2024-04-06,2024-03-28,EUR,11158.27
AR-DE01-202403-0042,DE01,C004,2024-03-02,2024-04-16,2024-04-04,EUR,39646.52
AR-DE01-202403-0043,DE01,C029,2024-03-10,2024-04-24,2024-04-05,EUR,3553.17
AR-DE01-202403-0044,DE01,C024,2024-03-19,2024-04-18,2024-04-27,EUR,1796.18
AR-DE01-202403-0045,DE01,C032,2024-03-15,2024-04-14,2024-04-24,EUR,3491.26
AR-DE01-202403-0046,DE01,C028,2024-03-16,2024-04-15,2024-05-04,EUR,6733.02
AR-DE01-202403-0047,DE01,C006,2024-03-12,2024-04-11,2024-04-24,EUR,70591.84
AR-DE01-202403-0048,DE01,C006,2024-03-08,2024-04-07,2024-04-28,EUR,12118.96
AR-DE01-202403-0049,DE01,C034,2024-03-06,2024-04-20,2024-04-22,EUR,5470.73
AR-DE01-202403-0050,DE01,C023,2024-03-06,2024-04-05,2024-04-07,EUR,1516.24
AR-DE01-202403-0051,DE01,C017,2024-03-12,2024-04-11,2024-04-01,EUR,23873.75
AR-DE01-202403-0052,DE01,C026,2024-03-21,2024-05-05,2024-05-24,EUR,8485.86
AR-DE01-202403-0053,DE01,C011,2024-03-16,2024-04-30,2024-04-30,EUR,33119.6
AR-DE01-202403-0054,DE01,C015,2024-03-05,2024-04-04,2024-03-17,EUR,1937.18
AR-DE01-202403-0055,DE01,C003,2024-03-03,2024-04-17,2024-04-09,EUR,12215.1
AR-DE01-202403-0056,DE01,C001,2024-03-12,2024-04-11,2024-05-08,EUR,5754.29
AR-DE01-202403-0057,DE01,C028,2024-03-17,2024-04-16,2024-05-03,EUR,3600.93
AR-DE01-202403-0058,DE01,C029,2024-03-01,2024-04-15,2024-04-18,EUR,8169.52
AR-DE01-202403-0059,DE01,C006,2024-03-16,2024-04-15,2024-04-24,EUR,17301.02
AR-DE01-202403-0060,DE01,C010,2024-03-18,2024-05-02,2024-05-07,EUR,6009.0
AR-DE01-202403-0061,DE01,C037,2024-03-10,2024-04-09,2024-05-13,EUR,2447.7
AR-DE01-202403-0062,DE01,C009,2024-03-21,2024-04-20,2024-04-07,EUR,2518.94
AR-DE01-202403-0063,DE01,C013,2024-03-01,2024-03-31,2024-05-01,EUR,24126.22
AR-DE01-202403-0064,DE01,C038,2024-03-05,2024-04-04,2024-04-15,EUR,20377.55
AR-DE01-202403-0065,DE01,C016,2024-03-17,2024-04-16,2024-04-21,EUR,5017.25
AR-DE01-202403-0066,DE01,C013,2024-03-06,2024-04-05,2024-04-07,EUR,15290.78
AR-DE01-202403-0067,DE01,C017,2024-03-17,2024-05-01,2024-04-14,EUR,8866.55
AR-DE01-202403-0068,DE01,C037,2024-03-18,2024-04-17,2024-05-07,EUR,3655.73
AR-DE01-202403-0069,DE01,C005,2024-03-22,2024-05-06,2024-04-15,EUR,8502.48
AR-DE01-202403-0070,DE01,C008,2024-03-17,2024-04-16,2024-05-23,EUR,2807.18
AR-DE01-202403-0071,DE01,C026,2024-03-15,2024-04-14,2024-04-21,EUR,148989.79
AR-DE01-202403-0072,DE01,C040,2024-03-12,2024-04-11,2024-04-11,EUR,4926.04
AR-DE01-202403-0073,DE01,C039,2024-03-01,2024-04-15,2024-04-07,EUR,3616.98
AR-DE01-202403-0074,DE01,C028,2024-03-05,2024-04-19,2024-04-05,EUR,9192.66
AR-DE01-202403-0075,DE01,C023,2024-03-24,2024-04-23,2024-05-11,EUR,12558.45
AR-DE01-202403-0076,DE01,C001,2024-03-25,2024-05-09,2024-04-20,EUR,12394.64
AR-DE01-202403-0077,DE01,C034,2024-03-24,2024-05-08,2024-05-07,EUR,2568.32
AR-DE01-202403-0078,DE01,C023,2024-03-20,2024-04-19,2024-05-03,EUR,7919.63
AR-DE01-202403-0079,DE01,C003,2024-03-04,2024-04-18,2024-04-17,EUR,2950.46
AR-DE01-202403-0080,DE01,C029,2024-03-07,2024-04-06,2024-05-10,EUR,11020.43
AR-DE01-202403-0081,DE01,C002,2024-03-26,2024-04-25,2024-04-22,EUR,5105.34
AR-DE01-202403-0082,DE01,C036,2024-03-05,2024-04-19,2024-05-19,EUR,8017.71
AR-DE01-202403-0083,DE01,C010,2024-03-27,2024-04-26,2024-05-13,EUR,5577.62
AR-DE01-202403-0084,DE01,C001,2024-03-15,2024-04-14,2024-04-22,EUR,9688.08
AR-DE01-202403-0085,DE01,C003,2024-03-27,2024-04-26,2024-05-13,EUR,6187.17
AR-DE01-202403-0086,DE01,C026,2024-03-20,2024-05-04,2024-04-26,EUR,712.84
AR-DE01-202403-0087,DE01,C040,2024-03-31,2024-04-30,2024-05-02,EUR,9045.93
AR-DE01-202403-0088,DE01,C009,2024-03-10,2024-04-09,2024-04-11,EUR,17373.57
AR-DE01-202403-0089,DE01,C030,2024-03-19,2024-04-18,2024-04-29,EUR,7875.87
AR-DE01-202403-0090,DE01,C016,2024-03-01,2024-03-31,2024-03-21,EUR,10085.78
AR-DE01-202403-0091,DE01,C025,2024-03-09,2024-04-08,2024-04-16,EUR,45816.05
AR-DE01-202403-0092,DE01,C037,2024-03-19,2024-04-18,2024-05-18,EUR,5932.21
AR-DE01-202403-0093,DE01,C007,2024-03-21,2024-04-20,2024-04-10,EUR,6744.58
AR-DE01-202403-0094,DE01,C010,2024-03-28,2024-04-27,2024-04-20,EUR,3055.96
AR-DE01-202403-0095,DE01,C024,2024-03-24,2024-04-23,2024-05-06,EUR,5485.22
AR-DE01-202403-0096,DE01,C026,2024-03-18,2024-04-17,2024-05-12,EUR,3759.59
AR-DE01-202403-0097,DE01,C031,2024-03-29,2024-04-28,2024-05-13,EUR,5922.15
AR-DE01-202403-0098,DE01,C037,2024-03-13,2024-04-27,2024-05-23,EUR,11240.33
AR-DE01-202403-0099,DE01,C020,2024-03-05,2024-04-19,2024-04-01,EUR,11036.13
AR-DE01-202403-0100,DE01,C022,2024-03-22,2024-04-21,2024-05-02,EUR,5192.91
AR-DE01-202403-0101,DE01,C030,2024-03-12,2024-04-11,2024-05-02,EUR,2801.89
AR-DE01-202403-0102,DE01,C005,2024-03-28,2024-05-12,2024-04-30,EUR,1692.51
AR-DE01-202403-0103,DE01,C017,2024-03-29,2024-04-28,2024-05-26,EUR,4480.62
AR-DE01-202403-0104,DE01,C002,2024-03-08,2024-04-07,2024-04-12,EUR,28523.94
AR-DE01-202403-0105,DE01,C019,2024-03-20,2024-05-04,2024-05-01,EUR,8881.87
AR-DE01-202403-0106,DE01,C004,2024-03-24,2024-05-08,2024-05-04,EUR,6282.85
AR-DE01-202403-0107,DE01,C037,2024-03-26,2024-04-25,2024-04-24,EUR,8119.09
AR-DE01-202403-0108,DE01,C001,2024-03-18,2024-04-17,2024-05-09,EUR,9723.61
AR-DE01-202403-0109,DE01,C002,2024-03-11,2024-04-10,2024-04-12,EUR,22158.49
AR-DE01-202403-0110,DE01,C012,2024-03-11,2024-04-10,2024-04-16,EUR,15020.5
AR-DE01-202403-0111,DE01,C040,2024-03-21,2024-04-20,2024-04-28,EUR,21131.72
AR-DE01-202403-0112,DE01,C030,2024-03-09,2024-04-23,2024-04-03,EUR,18936.56
AR-DE01-202403-0113,DE01,C021,2024-03-21,2024-04-20,2024-05-09,EUR,7447.03
AR-DE01-202403-0114,DE01,C011,2024-03-11,2024-04-10,2024-04-10,EUR,2255.31
AR-DE01-202403-0115,DE01,C006,2024-03-25,2024-04-24,2024-04-27,EUR,2327.84
AR-DE01-202403-0116,DE01,C038,2024-03-22,2024-05-06,2024-05-01,EUR,7367.31
AR-DE01-202403-0117,DE01,C017,2024-03-20,2024-05-04,2024-04-26,EUR,7058.32
AR-DE01-202403-0118,DE01,C020,2024-03-21,2024-04-20,2024-05-02,EUR,4244.28
AR-DE01-202403-0119,DE01,C018,2024-03-18,2024-04-17,2024-04-26,EUR,15129.82
AR-DE01-202403-0120,DE01,C001,2024-03-09,2024-04-08,2024-04-21,EUR,8365.9
AR-DE01-202403-0121,DE01,C002,2024-03-03,2024-04-02,2024-03-26,EUR,4154.62
AR-DE01-202403-0122,DE01,C036,2024-03-07,2024-04-21,2024-04-02,EUR,8821.93
AR-DE01-202403-0123,DE01,C010,2024-03-24,2024-05-08,2024-05-17,EUR,3547.87
AR-DE01-202403-0124,DE01,C016,2024-03-12,2024-04-11,2024-05-01,EUR,2942.03
AR-DE01-202404-0001,DE01,C029,2024-04-09,2024-05-09,2024-05-22,EUR,11526.31
AR-DE01-202404-0002,DE01,C029,2024-04-27,2024-05-27,2024-05-23,EUR,24862.17
AR-DE01-202404-0003,DE01,C036,2024-04-11,2024-05-26,2024-05-14,EUR,3287.06
AR-DE01-202404-0004,DE01,C014,2024-04-18,2024-05-18,2024-05-24,EUR,17378.11
AR-DE01-202404-0005,DE01,C010,2024-04-13,2024-05-13,2024-05-09,EUR,1135.16
AR-DE01-202404-0006,DE01,C013,2024-04-03,2024-05-03,2024-05-21,EUR,4143.87
AR-DE01-202404-0007,DE01,C026,2024-04-22,2024-05-22,2024-06-09,EUR,11933.17
AR-DE01-202404-0008,DE01,C014,2024-04-30,2024-06-14,2024-07-05,EUR,1219.11
AR-DE01-202404-0009,DE01,C032,2024-04-10,2024-05-10,2024-05-31,EUR,11860.06
AR-DE01-202404-0010,DE01,C006,2024-04-30,2024-05-30,2024-05-31,EUR,8835.25
AR-DE01-202404-0011,DE01,C035,2024-04-19,2024-06-03,2024-05-16,EUR,7762.14
AR-DE01-202404-0012,DE01,C015,2024-04-25,2024-05-25,2024-05-24,EUR,848.56
AR-DE01-202404-0013,DE01,C001,2024-04-04,2024-05-04,2024-04-29,EUR,2790.06
AR-DE01-202404-0014,DE01,C031,2024-04-15,2024-05-15,2024-05-30,EUR,3271.62
AR-DE01-202404-0015,DE01,C020,2024-04-26,2024-06-10,2024-06-14,EUR,1810.7
AR-DE01-202404-0016,DE01,C036,2024-04-24,2024-05-24,2024-05-21,EUR,1097.18
AR-DE01-202404-0017,DE01,C003,2024-04-02,2024-05-02,2024-05-13,EUR,8761.88
AR-DE01-202404-0018,DE01,C009,2024-04-23,2024-05-23,2024-06-26,EUR,5586.39
AR-DE01-202404-0019,DE01,C011,2024-04-12,2024-05-12,2024-06-16,EUR,23637.29
AR-DE01-202404-0020,DE01,C010,2024-04-10,2024-05-10,2024-05-08,EUR,5715.14
AR-DE01-202404-0021,DE01,C032,2024-04-05,2024-05-05,2024-05-14,EUR,5923.14
AR-DE01-202404-0022,DE01,C011,2024-04-08,2024-05-08,2024-05-04,EUR,2082.18
AR-DE01-202404-0023,DE01,C019,2024-04-07,2024-05-07,2024-05-08,EUR,6354.73
AR-DE01-202404-0024,DE01,C035,2024-04-08,2024-05-08,2024-06-11,EUR,20217.86
AR-DE01-202404-0025,DE01,C037,2024-04-26,2024-05-26,2024-06-10,EUR,10171.67
AR-DE01-202404-0026,DE01,C010,2024-04-06,2024-05-21,2024-06-09,EUR,6966.0
AR-DE01-202404-0027,DE01,C034,2024-04-20,2024-05-20,2024-05-30,EUR,6589.36
AR-DE01-202404-0028,DE01,C038,2024-04-22,2024-05-22,2024-05-11,EUR,7440.5
AR-DE01-202404-0029,DE01,C004,2024-04-17,2024-06-01,2024-05-13,EUR,83731.51
AR-DE01-202404-0030,DE01,C003,2024-04-04,2024-05-04,2024-05-20,EUR,3305.6
AR-DE01-202404-0031,DE01,C022,2024-04-10,2024-05-10,2024-06-05,EUR,6813.78
AR-DE01-202404-0032,DE01,C001,2024-04-06,2024-05-06,2024-05-01,EUR,5167.1
AR-DE01-202404-0033,DE01,C010,2024-04-06,2024-05-21,2024-05-23,EUR,13638.73
AR-DE01-202404-0034,DE01,C015,2024-04-30,2024-05-30,2024-06-12,EUR,14435.26
AR-DE01-202404-0035,DE01,C031,2024-04-01,2024-05-01,2024-05-10,EUR,26661.44
AR-DE01-202404-0036,DE01,C039,2024-04-03,2024-05-03,2024-04-26,EUR,2893.36
AR-DE01-202404-0037,DE01,C024,2024-04-28,2024-06-12,2024-06-01,EUR,16021.1
AR-DE01-202404-0038,DE01,C032,2024-04-16,2024-05-16,2024-05-28,EUR,15018.69
AR-DE01-202404-0039,DE01,C033,2024-04-27,2024-05-27,2024-07-05,EUR,9716.79
AR-DE01-202404-0040,DE01,C008,2024-04-21,2024-05-21,2024-07-20,EUR,13101.92
AR-DE01-202404-0041,DE01,C015,2024-04-25,2024-05-25,2024-06-07,EUR,13527.14
AR-DE01-202404-0042,DE01,C032,2024-04-29,2024-05-29,2024-05-31,EUR,2905.05
AR-DE01-202404-0043,DE01,C022,2024-04-25,2024-06-09,2024-05-31,EUR,7545.55
AR-DE01-202404-0044,DE01,C022,2024-04-21,2024-05-21,2024-06-18,EUR,9338.73
AR-DE01-202404-0045,DE01,C001,2024-04-10,2024-05-10,2024-06-08,EUR,5298.54
AR-DE01-202404-0046,DE01,C039,2024-04-14,2024-05-14,2024-05-08,EUR,35488.74
AR-DE01-202404-0047,DE01,C023,2024-04-03,2024-05-03,2024-05-10,EUR,9462.52
AR-DE01-202404-0048,DE01,C006,2024-04-11,2024-05-26,2024-05-15,EUR,16520.44
AR-DE01-202404-0049,DE01,C008,2024-04-08,2024-05-08,2024-05-21,EUR,7378.88
AR-DE01-202404-0050,DE01,C012,2024-04-29,2024-05-29,2024-06-02,EUR,2936.2
AR-DE01-202404-0051,DE01,C015,2024-04-06,2024-05-06,2024-06-02,EUR,15311.52
AR-DE01-202404-0052,DE01,C033,2024-04-11,2024-05-26,2024-06-09,EUR,4285.02
AR-DE01-202404-0053,DE01,C026,2024-04-06,2024-05-06,2024-06-07,EUR,3373.38
AR-DE01-202404-0054,DE01,C017,2024-04-26,2024-06-10,2024-07-02,EUR,23271.24
AR-DE01-202404-0055,DE01,C025,2024-04-22,2024-05-22,2024-06-08,EUR,8078.8
AR-DE01-202404-0056,DE01,C005,2024-04-14,2024-05-14,2024-05-17,EUR,15118.43
AR-DE01-202404-0057,DE01,C024,2024-04-10,2024-05-10,2024-06-06,EUR,7413.88
AR-DE01-202404-0058,DE01,C004,2024-04-17,2024-06-01,2024-05-25,EUR,14001.67
AR-DE01-202404-0059,DE01,C004,2024-04-01,2024-05-16,2024-05-05,EUR,13579.68
AR-DE01-202404-0060,DE01,C010,2024-04-17,2024-06-01,2024-05-21,EUR,9125.31
AR-DE01-202404-0061,DE01,C018,2024-04-30,2024-05-30,2024-06-12,EUR,6467.52
AR-DE01-202404-0062,DE01,C026,2024-04-02,2024-05-02,2024-05-14,EUR,7259.39
AR-DE01-202404-0063,DE01,C035,2024-04-25,2024-05-25,2024-06-04,EUR,2985.11
AR-DE01-202404-0064,DE01,C025,2024-04-03,2024-05-03,2024-06-01,EUR,13922.76
AR-DE01-202404-0065,DE01,C018,2024-04-29,2024-05-29,2024-06-25,EUR,6115.06
AR-DE01-202404-0066,DE01,C035,2024-04-02,2024-05-02,2024-04-26,EUR,38813.96
AR-DE01-202404-0067,DE01,C004,2024-04-29,2024-05-29,2024-06-13,EUR,3938.04
AR-DE01-202404-0068,DE01,C004,2024-04-10,2024-05-10,2024-05-09,EUR,28508.18
AR-DE01-202404-0069,DE01,C020,2024-04-09,2024-05-24,2024-05-16,EUR,7112.29
AR-DE01-202404-0070,DE01,C029,2024-04-30,2024-05-30,2024-06-14,EUR,7605.92
AR-DE01-202404-0071,DE01,C025,2024-04-11,2024-05-26,2024-05-18,EUR,13940.07
AR-DE01-202404-0072,DE01,C040,2024-04-30,2024-05-30,2024-07-05,EUR,5841.91
AR-DE01-202404-0073,DE01,C021,2024-04-25,2024-05-25,2024-05-24,EUR,18359.45
AR-DE01-202404-0074,DE01,C036,2024-04-22,2024-06-06,2024-05-28,EUR,5748.85
AR-DE01-202404-0075,DE01,C024,2024-04-13,2024-05-28,2024-05-10,EUR,19697.99
AR-DE01-202404-0076,DE01,C008,2024-04-28,2024-05-28,2024-06-27,EUR,4853.93
AR-DE01-202404-0077,DE01,C039,2024-04-12,2024-05-27,2024-05-14,EUR,6591.37
AR-DE01-202404-0078,DE01,C036,2024-04-03,2024-05-03,2024-05-27,EUR,16545.88
AR-DE01-202404-0079,DE01,C008,2024-04-27,2024-06-11,2024-05-27,EUR,9471.81
AR-DE01-202404-0080,DE01,C008,2024-04-24,2024-06-08,2024-05-07,EUR,7858.58
AR-DE01-202404-0081,DE01,C022,2024-04-24,2024-05-24,2024-06-01,EUR,21439.24
AR-DE01-202404-0082,DE01,C012,2024-04-28,2024-06-12,2024-05-17,EUR,6034.14
AR-DE01-202404-0083,DE01,C009,2024-04-10,2024-05-10,2024-05-20,EUR,7290.35
AR-DE01-202404-0084,DE01,C026,2024-04-14,2024-05-14,2024-06-25,EUR,9708.38
AR-DE01-202404-0085,DE01,C009,2024-04-22,2024-05-22,2024-06-19,EUR,24111.08
AR-DE01-202404-0086,DE01,C008,2024-04-17,2024-06-01,2024-06-22,EUR,7470.13
AR-DE01-202404-0087,DE01,C019,2024-04-29,2024-05-29,2024-06-25,EUR,16305.68
AR-DE01-202404-0088,DE01,C018,2024-04-20,2024-06-04,2024-06-16,EUR,53276.71
AR-DE01-202404-0089,DE01,C018,2024-04-17,2024-05-17,2024-06-10,EUR,4106.37
AR-DE01-202404-0090,DE01,C037,2024-04-12,2024-05-27,2024-06-01,EUR,21477.99
AR-DE01-202404-0091,DE01,C034,2024-04-23,2024-05-23,2024-06-13,EUR,16431.49
AR-DE01-202404-0092,DE01,C030,2024-04-01,2024-05-01,2024-04-29,EUR,6453.1
AR-DE01-202404-0093,DE01,C029,2024-04-02,2024-05-02,2024-05-12,EUR,17136.28
AR-DE01-202404-0094,DE01,C030,2024-04-18,2024-05-18,2024-05-12,EUR,5146.08
AR-DE01-202404-0095,DE01,C022,2024-04-11,2024-05-11,2024-05-07,EUR,5460.3
AR-DE01-202404-0096,DE01,C014,2024-04-27,2024-05-27,2024-06-11,EUR,5939.74
AR-DE01-202404-0097,DE01,C002,2024-04-06,2024-05-21,2024-05-06,EUR,30455.09
AR-DE01-202404-0098,DE01,C018,2024-04-21,2024-06-05,2024-06-01,EUR,9010.45
AR-DE01-202404-0099,DE01,C038,2024-04-17,2024-05-17,2024-07-15,EUR,3230.8
AR-DE01-202404-0100,DE01,C024,2024-04-02,2024-05-17,2024-04-25,EUR,18363.0
AR-DE01-202404-0101,DE01,C028,2024-04-05,2024-05-05,2024-05-30,EUR,9583.08
AR-DE01-202404-0102,DE01,C013,2024-04-15,2024-05-15,2024-05-13,EUR,7854.22
AR-DE01-202404-0103,DE01,C013,2024-04-10,2024-05-10,2024-07-03,EUR,10730.32
AR-DE01-202404-0104,DE01,C013,2024-04-24,2024-06-08,2024-05-12,EUR,15660.22
AR-DE01-202404-0105,DE01,C019,2024-04-27,2024-06-11,2024-06-27,EUR,37634.35
AR-DE01-202404-0106,DE01,C023,2024-04-03,2024-05-03,2024-05-27,EUR,3185.31
AR-DE01-202404-0107,DE01,C036,2024-04-09,2024-05-09,2024-05-01,EUR,9540.54
AR-DE01-202404-0108,DE01,C020,2024-04-12,2024-05-12,2024-06-12,EUR,10148.7
AR-DE01-202404-0109,DE01,C002,2024-04-14,2024-05-29,2024-05-21,EUR,1575.49
AR-DE01-202404-0110,DE01,C010,2024-04-04,2024-05-04,2024-06-03,EUR,2878.09
AR-DE01-202404-0111,DE01,C022,2024-04-03,2024-05-18,2024-05-08,EUR,27494.67
AR-DE01-202404-0112,DE01,C007,2024-04-05,2024-05-05,2024-05-05,EUR,2984.6
AR-DE01-202404-0113,DE01,C017,2024-04-12,2024-05-12,2024-05-01,EUR,4354.58
AR-DE01-202404-0114,DE01,C028,2024-04-17,2024-06-01,2024-06-01,EUR,2620.18
AR-DE01-202404-0115,DE01,C028,2024-04-29,2024-05-29,2024-06-09,EUR,10970.92
AR-DE01-202404-0116,DE01,C006,2024-04-01,2024-05-01,2024-05-10,EUR,10490.53
AR-DE01-202404-0117,DE01,C022,2024-04-11,2024-05-11,2024-06-10,EUR,38664.83
AR-DE01-202404-0118,DE01,C014,2024-04-21,2024-05-21,2024-05-20,EUR,22073.62
AR-DE01-202404-0119,DE01,C007,2024-04-29,2024-05-29,2024-06-03,EUR,19984.43
AR-DE01-202404-0120,DE01,C029,2024-04-30,2024-06-14,2024-06-13,EUR,5857.71
AR-DE01-202404-0121,DE01,C031,2024-04-28,2024-05-28,2024-07-11,EUR,16128.87
AR-DE01-202404-0122,DE01,C031,2024-04-08,2024-05-08,2024-05-15,EUR,19739.46
AR-DE01-202404-0123,DE01,C032,2024-04-30,2024-05-30,2024-05-27,EUR,5947.81
AR-DE01-202405-0001,DE01,C027,2024-05-05,2024-06-04,2024-06-08,EUR,2005.94
AR-DE01-202405-0002,DE01,C033,2024-05-22,2024-06-21,2024-06-27,EUR,19929.69
AR-DE01-202405-0003,DE01,C038,2024-05-17,2024-06-16,2024-06-18,EUR,10511.24
AR-DE01-202405-0004,DE01,C013,2024-05-18,2024-06-17,2024-06-28,EUR,16496.86
AR-DE01-202405-0005,DE01,C012,2024-05-13,2024-06-27,2024-05-24,EUR,7059.31
AR-DE01-202405-0006,DE01,C005,2024-05-09,2024-06-23,2024-06-07,EUR,9702.93
AR-DE01-202405-0007,DE01,C001,2024-05-30,2024-06-29,2024-06-24,EUR,3242.89
AR-DE01-202405-0008,DE01,C012,2024-05-31,2024-06-30,2024-08-10,EUR,16672.29
AR-DE01-202405-0009,DE01,C009,2024-05-13,2024-06-27,2024-06-03,EUR,29099.33
AR-DE01-202405-0010,DE01,C025,2024-05-12,2024-06-11,2024-06-27,EUR,10443.69
AR-DE01-202405-0011,DE01,C014,2024-05-08,2024-06-22,2024-06-01,EUR,9485.76
AR-DE01-202405-0012,DE01,C026,2024-05-29,2024-06-28,2024-07-13,EUR,3741.31
AR-DE01-202405-0013,DE01,C022,2024-05-15,2024-06-14,2024-06-12,EUR,3608.09
AR-DE01-202405-0014,DE01,C021,2024-05-14,2024-06-13,2024-06-21,EUR,5682.07
AR-DE01-202405-0015,DE01,C011,2024-05-22,2024-06-21,2024-06-11,EUR,8450.39
AR-DE01-202405-0016,DE01,C036,2024-05-10,2024-06-09,2024-06-29,EUR,6296.52
AR-DE01-202405-0017,DE01,C013,2024-05-31,2024-06-30,2024-08-08,EUR,29058.58
AR-DE01-202405-0018,DE01,C005,2024-05-06,2024-06-05,2024-06-16,EUR,4207.35
AR-DE01-202405-0019,DE01,C039,2024-05-01,2024-05-31,2024-06-16,EUR,9987.73
AR-DE01-202405-0020,DE01,C001,2024-05-03,2024-06-17,2024-05-30,EUR,43190.84
AR-DE01-202405-0021,DE01,C015,2024-05-06,2024-06-05,2024-06-02,EUR,11696.06
AR-DE01-202405-0022,DE01,C034,2024-05-03,2024-06-02,2024-05-26,EUR,5624.18
AR-DE01-202405-0023,DE01,C017,2024-05-28,2024-06-27,2024-07-21,EUR,6949.52
AR-DE01-202405-0024,DE01,C006,2024-05-09,2024-06-08,2024-06-09,EUR,13634.19
AR-DE01-202405-0025,DE01,C013,2024-05-05,2024-06-04,2024-08-10,EUR,18647.72
AR-DE01-202405-0026,DE01,C025,2024-05-14,2024-06-13,2024-06-08,EUR,15322.15
AR-DE01-202405-0027,DE01,C031,2024-05-03,2024-06-02,2024-06-13,EUR,9432.81
AR-DE01-202405-0028,DE01,C029,2024-05-23,2024-07-07,2024-07-10,EUR,9593.93
AR-DE01-202405-0029,DE01,C031,2024-05-03,2024-06-02,2024-06-01,EUR,14958.14
AR-DE01-202405-0030,DE01,C014,2024-05-19,2024-06-18,2024-06-30,EUR,6630.41
AR-DE01-202405-0031,DE01,C033,2024-05-09,2024-06-08,2024-06-19,EUR,22178.99
AR-DE01-202405-0032,DE01,C015,2024-05-01,2024-06-15,2024-05-31,EUR,6596.59
AR-DE01-202405-0033,DE01,C030,2024-05-21,2024-06-20,2024-07-11,EUR,2939.71
AR-DE01-202405-0034,DE01,C017,2024-05-10,2024-06-09,2024-06-02,EUR,12059.99
AR-DE01-202405-0035,DE01,C020,2024-05-11,2024-06-10,2024-06-19,EUR,9831.33
AR-DE01-202405-0036,DE01,C039,2024-05-25,2024-06-24,2024-06-26,EUR,15363.65
AR-DE01-202405-0037,DE01,C010,2024-05-08,2024-06-07,2024-06-19,EUR,1459.79
AR-DE01-202405-0038,DE01,C013,2024-05-01,2024-05-31,2024-07-10,EUR,7655.51
AR-DE01-202405-0039,DE01,C024,2024-05-28,2024-06-27,2024-07-04,EUR,10667.85
AR-DE01-202405-0040,DE01,C007,2024-05-03,2024-06-02,2024-06-15,EUR,22696.72
AR-DE01-202405-0041,DE01,C017,2024-05-03,2024-06-17,2024-06-11,EUR,6684.03
AR-DE01-202405-0042,DE01,C031,2024-05-28,2024-07-12,2024-06-29,EUR,41733.44
AR-DE01-202405-0043,DE01,C029,2024-05-18,2024-07-02,2024-07-03,EUR,14678.79
AR-DE01-202405-0044,DE01,C007,2024-05-02,2024-06-16,2024-07-10,EUR,13308.02
AR-DE01-202405-0045,DE01,C030,2024-05-03,2024-06-02,2024-07-13,EUR,7194.22
AR-DE01-202405-0046,DE01,C028,2024-05-11,2024-06-10,2024-05-30,EUR,18523.59
AR-DE01-202405-0047,DE01,C004,2024-05-23,2024-06-22,2024-07-02,EUR,11873.64
AR-DE01-202405-0048,DE01,C011,2024-05-11,2024-06-25,2024-06-22,EUR,13783.12
AR-DE01-202405-0049,DE01,C012,2024-05-08,2024-06-07,2024-07-18,EUR,3994.24
AR-DE01-202405-0050,DE01,C008,2024-05-12,2024-06-26,2024-06-17,EUR,4620.03
AR-DE01-202405-0051,DE01,C017,2024-05-03,2024-06-17,2024-06-07,EUR,12466.43
AR-DE01-202405-0052,DE01,C039,2024-05-06,2024-06-20,2024-06-24,EUR,24284.66
AR-DE01-202405-0053,DE01,C009,2024-05-07,2024-06-21,2024-07-08,EUR,6115.16
AR-DE01-202405-0054,DE01,C033,2024-05-28,2024-06-27,2024-06-28,EUR,3869.11
AR-DE01-202405-0055,DE01,C010,2024-05-16,2024-06-30,2024-06-27,EUR,4005.89
AR-DE01-202405-0056,DE01,C022,2024-05-24,2024-06-23,2024-07-05,EUR,6102.99
AR-DE01-202405-0057,DE01,C015,2024-05-01,2024-05-31,2024-07-12,EUR,30110.25
AR-DE01-202405-0058,DE01,C021,2024-05-31,2024-06-30,2024-06-15,EUR,31325.63
AR-DE01-202405-0059,DE01,C024,2024-05-31,2024-06-30,2024-07-13,EUR,5822.0
AR-DE01-202405-0060,DE01,C008,2024-05-10,2024-06-24,2024-07-23,EUR,2232.07
AR-DE01-202405-0061,DE01,C016,2024-05-19,2024-07-03,2024-06-30,EUR,5689.25
AR-DE01-202405-0062,DE01,C011,2024-05-29,2024-07-13,2024-07-17,EUR,9907.59
AR-DE01-202405-0063,DE01,C021,2024-05-21,2024-06-20,2024-07-08,EUR,5611.71
AR-DE01-202405-0064,DE01,C022,2024-05-18,2024-06-17,2024-06-15,EUR,5300.59
AR-DE01-202405-0065,DE01,C009,2024-05-25,2024-07-09,2024-07-15,EUR,3908.38
AR-DE01-202405-0066,DE01,C036,2024-05-26,2024-07-10,2024-07-28,EUR,15445.11
AR-DE01-202405-0067,DE01,C014,2024-05-15,2024-06-29,2024-06-19,EUR,1869.31
AR-DE01-202405-0068,DE01,C021,2024-05-04,2024-06-18,2024-06-04,EUR,65325.44
AR-DE01-202405-0069,DE01,C004,2024-05-16,2024-06-15,2024-06-22,EUR,3198.33
AR-DE01-202405-0070,DE01,C031,2024-05-26,2024-07-10,2024-06-23,EUR,6518.78
AR-DE01-202405-0071,DE01,C037,2024-05-29,2024-06-28,2024-06-13,EUR,7948.71
AR-DE01-202405-0072,DE01,C007,2024-05-19,2024-06-18,2024-06-12,EUR,2228.01
AR-DE01-202405-0073,DE01,C015,2024-05-01,2024-05-31,2024-06-03,EUR,8459.05
AR-DE01-202405-0074,DE01,C008,2024-05-31,2024-06-30,2024-07-11,EUR,6383.51
AR-DE01-202405-0075,DE01,C028,2024-05-19,2024-06-18,2024-06-17,EUR,25989.06
AR-DE01-202405-0076,DE01,C023,2024-05-17,2024-06-16,2024-07-15,EUR,4509.21
AR-DE01-202405-0077,DE01,C015,2024-05-02,2024-06-01,2024-05-24,EUR,4695.17
AR-DE01-202405-0078,DE01,C027,2024-05-03,2024-06-02,2024-06-04,EUR,2143.76
AR-DE01-202405-0079,DE01,C012,2024-05-24,2024-06-23,2024-07-30,EUR,8364.61
AR-DE01-202405-0080,DE01,C036,2024-05-13,2024-06-27,2024-08-01,EUR,24927.88
AR-DE01-202405-0081,DE01,C037,2024-05-04,2024-06-03,2024-06-25,EUR,2610.6
AR-DE01-202405-0082,DE01,C033,2024-05-01,2024-06-15,2024-06-29,EUR,2059.98
AR-DE01-202405-0083,DE01,C033,2024-05-07,2024-06-06,2024-06-05,EUR,8839.7
AR-DE01-202405-0084,DE01,C029,2024-05-05,2024-06-19,2024-06-08,EUR,2660.09
AR-DE01-202405-0085,DE01,C039,2024-05-09,2024-06-08,2024-06-12,EUR,3494.34
AR-DE01-202405-0086,DE01,C004,2024-05-15,2024-06-14,2024-06-08,EUR,14331.8
AR-DE01-202405-0087,DE01,C011,2024-05-23,2024-07-07,2024-06-23,EUR,31156.1
AR-DE01-202405-0088,DE01,C012,2024-05-17,2024-06-16,2024-06-11,EUR,3642.34
AR-DE01-202405-0089,DE01,C014,2024-05-20,2024-06-19,2024-06-26,EUR,15704.5
AR-DE01-202405-0090,DE01,C036,2024-05-03,2024-06-02,2024-05-29,EUR,4021.38
AR-DE01-202405-0091,DE01,C014,2024-05-21,2024-07-05,2024-06-15,EUR,24546.79
AR-DE01-202405-0092,DE01,C013,2024-05-08,2024-06-07,2024-07-01,EUR,49392.96
AR-DE01-202405-0093,DE01,C020,2024-05-14,2024-06-13,2024-06-27,EUR,11632.21
AR-DE01-202405-0094,DE01,C013,2024-05-05,2024-06-04,2024-06-02,EUR,23646.19
AR-DE01-202405-0095,DE01,C031,2024-05-14,2024-06-28,2024-07-09,EUR,11595.09
AR-DE01-202405-0096,DE01,C018,2024-05-16,2024-06-15,2024-06-09,EUR,6135.33
AR-DE01-202405-0097,DE01,C033,2024-05-05,2024-06-04,2024-07-05,EUR,20838.92
AR-DE01-202405-0098,DE01,C028,2024-05-12,2024-06-11,2024-08-02,EUR,17242.62
AR-DE01-202405-0099,DE01,C010,2024-05-21,2024-06-20,2024-07-19,EUR,6845.04
AR-DE01-202405-0100,DE01,C031,2024-05-02,2024-06-01,2024-08-11,EUR,5125.51
AR-DE01-202405-0101,DE01,C028,2024-05-13,2024-06-12,2024-06-03,EUR,18332.4
AR-DE01-202405-0102,DE01,C001,2024-05-24,2024-07-08,2024-06-20,EUR,6031.18
AR-DE01-202405-0103,DE01,C026,2024-05-28,2024-07-12,2024-07-12,EUR,3849.51
AR-DE01-202405-0104,DE01,C011,2024-05-11,2024-06-10,2024-06-15,EUR,8410.5
AR-DE01-202405-0105,DE01,C009,2024-05-04,2024-06-18,2024-06-04,EUR,2285.82
AR-DE01-202405-0106,DE01,C018,2024-05-16,2024-06-15,2024-07-10,EUR,27078.57
AR-DE01-202405-0107,DE01,C021,2024-05-18,2024-06-17,2024-06-24,EUR,3521.03
AR-DE01-202405-0108,DE01,C040,2024-05-13,2024-06-12,2024-06-30,EUR,2213.33
AR-DE01-202405-0109,DE01,C025,2024-05-12,2024-06-11,2024-07-14,EUR,3696.01
AR-DE01-202405-0110,DE01,C018,2024-05-01,2024-06-15,2024-05-31,EUR,18234.49
AR-DE01-202405-0111,DE01,C025,2024-05-31,2024-06-30,2024-07-17,EUR,14924.88
AR-DE01-202405-0112,DE01,C015,2024-05-08,2024-06-07,2024-05-30,EUR,15976.63
AR-DE01-202405-0113,DE01,C007,2024-05-24,2024-07-08,2024-07-19,EUR,29346.31
AR-DE01-202405-0114,DE01,C010,2024-05-03,2024-06-02,2024-05-21,EUR,7928.23
AR-DE01-202405-0115,DE01,C025,2024-05-28,2024-06-27,2024-07-17,EUR,6810.9
AR-DE01-202405-0116,DE01,C039,2024-05-06,2024-06-05,2024-06-08,EUR,9851.59
AR-DE01-202405-0117,DE01,C008,2024-05-06,2024-06-05,2024-06-02,EUR,2032.09
AR-DE01-202405-0118,DE01,C008,2024-05-06,2024-06-05,2024-06-03,EUR,2820.06
AR-DE01-202405-0119,DE01,C013,2024-05-12,2024-06-11,2024-07-14,EUR,3549.32
AR-DE01-202405-0120,DE01,C027,2024-05-13,2024-06-12,2024-06-12,EUR,15723.49
AR-DE01-202405-0121,DE01,C023,2024-05-05,2024-06-04,2024-06-19,EUR,9924.5
AR-DE01-202405-0122,DE01,C003,2024-05-20,2024-07-04,2024-07-08,EUR,2849.86
AR-DE01-202405-0123,DE01,C029,2024-05-01,2024-05-31,2024-06-16,EUR,13874.33
AR-DE01-202406-0001,DE01,C031,2024-06-07,2024-07-22,2024-07-04,EUR,39750.16
AR-DE01-202406-0002,DE01,C038,2024-06-18,2024-08-02,2024-08-04,EUR,8404.11
AR-DE01-202406-0003,DE01,C033,2024-06-05,2024-07-05,2024-07-09,EUR,2653.67
AR-DE01-202406-0004,DE01,C035,2024-06-02,2024-07-02,2024-06-23,EUR,3004.45
AR-DE01-202406-0005,DE01,C024,2024-06-15,2024-07-15,2024-07-23,EUR,4734.05
AR-DE01-202406-0006,DE01,C019,2024-06-10,2024-07-10,2024-08-25,EUR,10580.2
AR-DE01-202406-0007,DE01,C021,2024-06-16,2024-07-31,2024-07-14,EUR,1926.4
AR-DE01-202406-0008,DE01,C020,2024-06-12,2024-07-12,2024-07-08,EUR,12069.67
AR-DE01-202406-0009,DE01,C014,2024-06-21,2024-08-05,2024-08-23,EUR,2794.21
AR-DE01-202406-0010,DE01,C017,2024-06-24,2024-07-24,2024-08-08,EUR,7313.03
AR-DE01-202406-0011,DE01,C022,2024-06-02,2024-07-02,2024-07-12,EUR,18861.58
AR-DE01-202406-0012,DE01,C015,2024-06-10,2024-07-10,2024-07-16,EUR,3651.67
AR-DE01-202406-0013,DE01,C012,2024-06-24,2024-07-24,2024-07-28,EUR,15622.58
AR-DE01-202406-0014,DE01,C003,2024-06-16,2024-07-31,2024-08-11,EUR,9252.66
AR-DE01-202406-0015,DE01,C010,2024-06-14,2024-07-14,2024-07-13,EUR,10815.34
AR-DE01-202406-0016,DE01,C016,2024-06-30,2024-07-30,2024-08-05,EUR,20993.81
AR-DE01-202406-0017,DE01,C024,2024-06-25,2024-07-25,2024-07-23,EUR,3450.53
AR-DE01-202406-0018,DE01,C026,2024-06-17,2024-08-01,2024-07-22,EUR,3711.05
AR-DE01-202406-0019,DE01,C001,2024-06-26,2024-08-10,2024-07-23,EUR,17856.65
AR-DE01-202406-0020,DE01,C003,2024-06-05,2024-07-05,2024-07-25,EUR,28956.13
AR-DE01-202406-0021,DE01,C007,2024-06-10,2024-07-10,2024-07-06,EUR,1933.94
AR-DE01-202406-0022,DE01,C021,2024-06-19,2024-07-19,2024-07-31,EUR,19046.82
AR-DE01-202406-0023,DE01,C039,2024-06-28,2024-07-28,2024-08-04,EUR,9190.69
AR-DE01-202406-0024,DE01,C020,2024-06-15,2024-07-30,2024-07-15,EUR,3003.94
AR-DE01-202406-0025,DE01,C016,2024-06-13,2024-07-13,2024-07-18,EUR,1203.27
AR-DE01-202406-0026,DE01,C025,2024-06-08,2024-07-08,2024-07-17,EUR,22787.18
AR-DE01-202406-0027,DE01,C018,2024-06-10,2024-07-10,2024-07-28,EUR,36091.44
AR-DE01-202406-0028,DE01,C004,2024-06-01,2024-07-01,2024-07-07,EUR,5798.36
AR-DE01-202406-0029,DE01,C039,2024-06-06,2024-07-21,2024-07-16,EUR,20249.29
AR-DE01-202406-0030,DE01,C007,2024-06-26,2024-08-10,2024-09-04,EUR,18388.22
AR-DE01-202406-0031,DE01,C006,2024-06-29,2024-07-29,2024-09-16,EUR,6080.75
AR-DE01-202406-0032,DE01,C006,2024-06-03,2024-07-18,2024-07-07,EUR,3024.88
AR-DE01-202406-0033,DE01,C023,2024-06-30,2024-07-30,2024-08-07,EUR,4217.5
AR-DE01-202406-0034,DE01,C019,2024-06-12,2024-07-27,2024-07-15,EUR,8433.87
AR-DE01-202406-0035,DE01,C036,2024-06-20,2024-07-20,2024-07-23,EUR,3002.82
AR-DE01-202406-0036,DE01,C024,2024-06-23,2024-08-07,2024-08-04,EUR,14214.25
AR-DE01-202406-0037,DE01,C008,2024-06-22,2024-07-22,2024-07-04,EUR,9564.79
AR-DE01-202406-0038,DE01,C015,2024-06-12,2024-07-12,2024-07-03,EUR,4151.74
AR-DE01-202406-0039,DE01,C035,2024-06-22,2024-07-22,2024-07-27,EUR,3816.14
AR-DE01-202406-0040,DE01,C030,2024-06-26,2024-07-26,2024-07-21,EUR,28832.32
AR-DE01-202406-0041,DE01,C021,2024-06-29,2024-07-29,2024-08-15,EUR,41756.06
AR-DE01-202406-0042,DE01,C013,2024-06-16,2024-07-16,2024-07-24,EUR,2632.93
AR-DE01-202406-0043,DE01,C011,2024-06-25,2024-07-25,2024-08-16,EUR,26857.58
AR-DE01-202406-0044,DE01,C009,2024-06-18,2024-08-02,2024-08-01,EUR,6904.36
AR-DE01-202406-0045,DE01,C020,2024-06-09,2024-07-09,2024-08-18,EUR,7324.5
AR-DE01-202406-0046,DE01,C021,2024-06-24,2024-07-24,2024-08-11,EUR,38370.47
AR-DE01-202406-0047,DE01,C036,2024-06-15,2024-07-30,2024-08-20,EUR,5470.06
AR-DE01-202406-0048,DE01,C006,2024-06-04,2024-07-04,2024-06-19,EUR,10449.13
AR-DE01-202406-0049,DE01,C034,2024-06-06,2024-07-06,2024-07-18,EUR,16652.68
AR-DE01-202406-0050,DE01,C030,2024-06-03,2024-07-03,2024-07-23,EUR,2036.44
AR-DE01-202406-0051,DE01,C022,2024-06-29,2024-07-29,2024-07-26,EUR,8091.84
AR-DE01-202406-0052,DE01,C005,2024-06-30,2024-07-30,2024-08-13,EUR,16147.25
AR-DE01-202406-0053,DE01,C019,2024-06-23,2024-07-23,2024-07-17,EUR,20639.09
AR-DE01-202406-0054,DE01,C014,2024-06-03,2024-07-18,2024-07-05,EUR,4864.63
AR-DE01-202406-0055,DE01,C036,2024-06-09,2024-07-24,2024-08-24,EUR,4591.91
AR-DE01-202406-0056,DE01,C020,2024-06-08,2024-07-08,2024-08-14,EUR,27508.97
AR-DE01-202406-0057,DE01,C039,2024-06-20,2024-08-04,2024-07-09,EUR,11371.0
AR-DE01-202406-0058,DE01,C025,2024-06-15,2024-07-30,2024-07-22,EUR,5572.84
AR-DE01-202406-0059,DE01,C018,2024-06-08,2024-07-08,2024-08-13,EUR,9666.79
AR-DE01-202406-0060,DE01,C020,2024-06-05,2024-07-05,2024-07-06,EUR,15074.25
AR-DE01-202406-0061,DE01,C024,2024-06-26,2024-07-26,2024-07-28,EUR,3884.72
AR-DE01-202406-0062,DE01,C023,2024-06-20,2024-07-20,2024-07-15,EUR,4205.33
AR-DE01-202406-0063,DE01,C026,2024-06-30,2024-07-30,2024-08-19,EUR,13129.85
AR-DE01-202406-0064,DE01,C031,2024-06-06,2024-07-21,2024-07-19,EUR,3726.15
AR-DE01-202406-0065,DE01,C007,2024-06-19,2024-07-19,2024-07-23,EUR,9360.37
AR-DE01-202406-0066,DE01,C025,2024-06-10,2024-07-10,2024-07-31,EUR,18079.7
AR-DE01-202406-0067,DE01,C001,2024-06-26,2024-08-10,2024-07-17,EUR,2845.6
AR-DE01-202406-0068,DE01,C036,2024-06-05,2024-07-05,2024-07-30,EUR,5264.24
AR-DE01-202406-0069,DE01,C011,2024-06-23,2024-07-23,2024-08-30,EUR,2205.87
AR-DE01-202406-0070,DE01,C028,2024-06-14,2024-07-14,2024-07-09,EUR,13995.43
AR-DE01-202406-0071,DE01,C010,2024-06-17,2024-07-17,2024-07-31,EUR,14784.63
AR-DE01-202406-0072,DE01,C010,2024-06-09,2024-07-09,2024-09-05,EUR,4553.85
AR-DE01-202406-0073,DE01,C031,2024-06-06,2024-07-06,2024-06-29,EUR,31439.09
AR-DE01-202406-0074,DE01,C007,2024-06-16,2024-07-16,2024-08-07,EUR,3810.24
AR-DE01-202406-0075,DE01,C037,2024-06-02,2024-07-02,2024-07-01,EUR,2714.85
AR-DE01-202406-0076,DE01,C039,2024-06-10,2024-07-10,2024-07-23,EUR,9768.48
AR-DE01-202406-0077,DE01,C007,2024-06-12,2024-07-12,2024-07-26,EUR,6609.37
AR-DE01-202406-0078,DE01,C007,2024-06-18,2024-07-18,2024-08-15,EUR,5817.99
AR-DE01-202406-0079,DE01,C016,2024-06-07,2024-07-07,2024-06-23,EUR,4885.72
AR-DE01-202406-0080,DE01,C032,2024-06-09,2024-07-09,2024-07-10,EUR,3902.93
AR-DE01-202406-0081,DE01,C027,2024-06-29,2024-07-29,2024-08-02,EUR,10125.59
AR-DE01-202406-0082,DE01,C032,2024-06-23,2024-08-07,2024-07-11,EUR,8940.52
AR-DE01-202406-0083,DE01,C015,2024-06-13,2024-07-13,2024-07-21,EUR,37221.57
AR-DE01-202406-0084,DE01,C038,2024-06-14,2024-07-29,2024-08-09,EUR,5621.13
AR-DE01-202406-0085,DE01,C027,2024-06-06,2024-07-21,2024-07-25,EUR,23344.83
AR-DE01-202406-0086,DE01,C036,2024-06-02,2024-07-02,2024-06-20,EUR,11486.57
AR-DE01-202406-0087,DE01,C028,2024-06-29,2024-08-13,2024-08-31,EUR,8691.72
AR-DE01-202406-0088,DE01,C009,2024-06-16,2024-07-31,2024-07-20,EUR,20472.62
AR-DE01-202406-0089,DE01,C014,2024-06-30,2024-07-30,2024-07-31,EUR,1749.96
AR-DE01-202406-0090,DE01,C021,2024-06-24,2024-07-24,2024-07-26,EUR,16357.94
AR-DE01-202406-0091,DE01,C006,2024-06-02,2024-07-02,2024-07-21,EUR,6953.48
AR-DE01-202406-0092,DE01,C011,2024-06-18,2024-07-18,2024-08-01,EUR,3702.93
AR-DE01-202406-0093,DE01,C020,2024-06-30,2024-07-30,2024-08-16,EUR,12090.88
AR-DE01-202406-0094,DE01,C040,2024-06-06,2024-07-06,2024-07-14,EUR,11799.49
AR-DE01-202406-0095,DE01,C008,2024-06-04,2024-07-04,2024-07-08,EUR,71063.72
AR-DE01-202406-0096,DE01,C025,2024-06-08,2024-07-23,2024-07-06,EUR,16894.38
AR-DE01-202406-0097,DE01,C025,2024-06-27,2024-07-27,2024-08-13,EUR,10263.87
AR-DE01-202406-0098,DE01,C038,2024-06-04,2024-07-04,2024-07-04,EUR,4055.41
AR-DE01-202406-0099,DE01,C010,2024-06-07,2024-07-07,2024-07-24,EUR,5317.49
AR-DE01-202406-0100,DE01,C039,2024-06-05,2024-07-05,2024-06-23,EUR,4567.63
AR-DE01-202406-0101,DE01,C016,2024-06-29,2024-07-29,2024-08-15,EUR,4253.09
AR-DE01-202406-0102,DE01,C020,2024-06-26,2024-08-10,2024-07-29,EUR,22671.29
AR-DE01-202406-0103,DE01,C007,2024-06-04,2024-07-04,2024-07-13,EUR,3189.4
AR-DE01-202406-0104,DE01,C025,2024-06-26,2024-07-26,2024-08-11,EUR,9765.32
AR-DE01-202406-0105,DE01,C010,2024-06-01,2024-07-01,2024-07-31,EUR,6833.38
AR-DE01-202406-0106,DE01,C013,2024-06-18,2024-07-18,2024-07-14,EUR,13099.09
AR-DE01-202406-0107,DE01,C029,2024-06-14,2024-07-14,2024-07-17,EUR,2657.9
AR-DE01-202406-0108,DE01,C008,2024-06-28,2024-07-28,2024-08-13,EUR,4734.49
AR-DE01-202406-0109,DE01,C032,2024-06-09,2024-07-09,2024-07-19,EUR,12448.13
AR-DE01-202406-0110,DE01,C038,2024-06-15,2024-07-15,2024-07-26,EUR,13110.37
AR-DE01-202406-0111,DE01,C006,2024-06-17,2024-07-17,2024-07-26,EUR,10759.98
AR-DE01-202406-0112,DE01,C008,2024-06-12,2024-07-12,2024-08-01,EUR,1749.39
AR-DE01-202406-0113,DE01,C024,2024-06-10,2024-07-10,2024-08-12,EUR,2752.72
AR-DE01-202406-0114,DE01,C039,2024-06-20,2024-08-04,2024-07-07,EUR,11632.79
AR-DE01-202406-0115,DE01,C014,2024-06-20,2024-07-20,2024-07-29,EUR,45148.88
AR-DE01-202406-0116,DE01,C036,2024-06-26,2024-07-26,2024-07-19,EUR,14660.18
AR-DE01-202406-0117,DE01,C017,2024-06-12,2024-07-12,2024-08-09,EUR,16668.23
AR-DE01-202406-0118,DE01,C007,2024-06-06,2024-07-06,2024-07-23,EUR,5865.31
AR-DE01-202406-0119,DE01,C034,2024-06-21,2024-07-21,2024-08-20,EUR,21302.72
AR-DE01-202406-0120,DE01,C013,2024-06-14,2024-07-14,2024-08-13,EUR,16505.42
AR-DE01-202406-0121,DE01,C019,2024-06-21,2024-07-21,2024-08-01,EUR,8031.22
AR-DE01-202406-0122,DE01,C025,2024-06-07,2024-07-22,2024-08-12,EUR,2598.1
AR-DE01-202406-0123,DE01,C006,2024-06-27,2024-07-27,2024-08-29,EUR,7849.64
AR-DE01-202406-0124,DE01,C024,2024-06-06,2024-07-21,2024-06-26,EUR,57085.43
AR-DE01-202406-0125,DE01,C022,2024-06-16,2024-07-16,2024-07-12,EUR,5941.6
AR-DE01-202406-0126,DE01,C012,2024-06-27,2024-08-11,2024-08-09,EUR,15237.44
AR-DE01-202406-0127,DE01,C037,2024-06-05,2024-07-05,2024-07-10,EUR,5429.52
AR-DE01-202406-0128,DE01,C010,2024-06-17,2024-07-17,2024-07-20,EUR,4347.98
AR-DE01-202406-0129,DE01,C026,2024-06-07,2024-07-22,2024-07-31,EUR,36254.26
AR-DE01-202406-0130,DE01,C001,2024-06-15,2024-07-15,2024-08-09,EUR,1283.56
AR-DE01-202406-0131,DE01,C015,2024-06-04,2024-07-04,2024-06-30,EUR,9726.16
AR-DE01-202407-0001,DE01,C018,2024-07-08,2024-08-07,2024-08-11,EUR,17147.36
AR-DE01-202407-0002,DE01,C009,2024-07-12,2024-08-11,2024-08-25,EUR,6188.79
AR-DE01-202407-0003,DE01,C005,2024-07-18,2024-08-17,2024-08-27,EUR,5766.19
AR-DE01-202407-0004,DE01,C036,2024-07-04,2024-08-03,2024-07-26,EUR,20807.02
AR-DE01-202407-0005,DE01,C028,2024-07-28,2024-09-11,2024-09-12,EUR,2314.63
AR-DE01-202407-0006,DE01,C037,2024-07-08,2024-08-22,2024-08-02,EUR,2608.81
AR-DE01-202407-0007,DE01,C036,2024-07-12,2024-08-26,2024-08-29,EUR,27032.05
AR-DE01-202407-0008,DE01,C025,2024-07-30,2024-08-29,2024-10-02,EUR,7341.85
AR-DE01-202407-0009,DE01,C002,2024-07-25,2024-08-24,2024-09-15,EUR,7520.52
AR-DE01-202407-0010,DE01,C021,2024-07-21,2024-08-20,2024-08-24,EUR,26167.27
AR-DE01-202407-0011,DE01,C014,2024-07-20,2024-08-19,2024-08-17,EUR,9421.32
AR-DE01-202407-0012,DE01,C017,2024-07-01,2024-07-31,2024-08-13,EUR,4373.8
AR-DE01-202407-0013,DE01,C029,2024-07-25,2024-09-08,2024-09-25,EUR,5008.27
AR-DE01-202407-0014,DE01,C035,2024-07-10,2024-08-09,2024-09-10,EUR,8007.8
AR-DE01-202407-0015,DE01,C007,2024-07-01,2024-07-31,2024-08-22,EUR,3962.73
AR-DE01-202407-0016,DE01,C012,2024-07-05,2024-08-04,2024-08-05,EUR,2408.24
AR-DE01-202407-0017,DE01,C010,2024-07-19,2024-09-02,2024-08-11,EUR,44124.62
AR-DE01-202407-0018,DE01,C018,2024-07-14,2024-08-13,2024-08-13,EUR,10849.94
AR-DE01-202407-0019,DE01,C036,2024-07-25,2024-08-24,2024-09-08,EUR,2333.35
AR-DE01-202407-0020,DE01,C021,2024-07-08,2024-08-22,2024-08-25,EUR,2998.04
AR-DE01-202407-0021,DE01,C002,2024-07-11,2024-08-25,2024-08-23,EUR,1826.51
AR-DE01-202407-0022,DE01,C018,2024-07-17,2024-08-16,2024-08-16,EUR,5419.54
AR-DE01-202407-0023,DE01,C008,2024-07-11,2024-08-10,2024-08-16,EUR,6711.11
AR-DE01-202407-0024,DE01,C029,2024-07-30,2024-08-29,2024-08-31,EUR,47394.76
AR-DE01-202407-0025,DE01,C003,2024-07-27,2024-08-26,2024-09-06,EUR,9389.75
AR-DE01-202407-0026,DE01,C009,2024-07-11,2024-08-10,2024-08-04,EUR,25916.13
AR-DE01-202407-0027,DE01,C016,2024-07-08,2024-08-22,2024-08-04,EUR,11249.97
AR-DE01-202407-0028,DE01,C032,2024-07-27,2024-08-26,2024-09-03,EUR,17795.04
AR-DE01-202407-0029,DE01,C015,2024-07-07,2024-08-06,2024-08-19,EUR,9578.46
AR-DE01-202407-0030,DE01,C023,2024-07-09,2024-08-08,2024-08-02,EUR,2114.4
AR-DE01-202407-0031,DE01,C007,2024-07-06,2024-08-05,2024-08-02,EUR,10354.49
AR-DE01-202407-0032,DE01,C014,2024-07-10,2024-08-09,2024-08-13,EUR,19989.32
AR-DE01-202407-0033,DE01,C022,2024-07-16,2024-08-30,2024-08-02,EUR,26036.95
AR-DE01-202407-0034,DE01,C032,2024-07-01,2024-08-15,2024-07-27,EUR,2058.42
AR-DE01-202407-0035,DE01,C008,2024-07-31,2024-08-30,2024-08-19,EUR,10628.98
AR-DE01-202407-0036,DE01,C039,2024-07-08,2024-08-22,2024-08-11,EUR,7209.22
AR-DE01-202407-0037,DE01,C036,2024-07-07,2024-08-21,2024-08-03,EUR,9421.22
AR-DE01-202407-0038,DE01,C007,2024-07-14,2024-08-28,2024-08-10,EUR,839.63
AR-DE01-202407-0039,DE01,C018,2024-07-16,2024-08-30,2024-08-14,EUR,14538.05
AR-DE01-202407-0040,DE01,C013,2024-07-01,2024-07-31,2024-08-16,EUR,6240.81
AR-DE01-202407-0041,DE01,C005,2024-07-24,2024-09-07,2024-09-16,EUR,15473.3
AR-DE01-202407-0042,DE01,C034,2024-07-01,2024-08-15,2024-08-05,EUR,10073.7
AR-DE01-202407-0043,DE01,C017,2024-07-27,2024-08-26,2024-09-11,EUR,149494.39
AR-DE01-202407-0044,DE01,C002,2024-07-05,2024-08-19,2024-08-22,EUR,3531.44
AR-DE01-202407-0045,DE01,C032,2024-07-05,2024-08-04,2024-08-10,EUR,6039.32
AR-DE01-202407-0046,DE01,C032,2024-07-04,2024-08-18,2024-09-24,EUR,13957.17
AR-DE01-202407-0047,DE01,C026,2024-07-02,2024-08-01,2024-08-09,EUR,11800.49
AR-DE01-202407-0048,DE01,C033,2024-07-05,2024-08-04,2024-09-03,EUR,3934.9
AR-DE01-202407-0049,DE01,C027,2024-07-30,2024-08-29,2024-09-25,EUR,18936.21
AR-DE01-202407-0050,DE01,C033,2024-07-04,2024-08-03,2024-07-30,EUR,22053.68
AR-DE01-202407-0051,DE01,C002,2024-07-05,2024-08-04,2024-08-05,EUR,2900.14
AR-DE01-202407-0052,DE01,C027,2024-07-02,2024-08-01,2024-07-26,EUR,4282.98
AR-DE01-202407-0053,DE01,C014,2024-07-28,2024-09-11,2024-08-21,EUR,2871.6
AR-DE01-202407-0054,DE01,C010,2024-07-07,2024-08-06,2024-08-25,EUR,9111.67
AR-DE01-202407-0055,DE01,C003,2024-07-06,2024-08-05,2024-08-06,EUR,20346.84
AR-DE01-202407-0056,DE01,C022,2024-07-24,2024-08-23,2024-09-16,EUR,14887.7
AR-DE01-202407-0057,DE01,C010,2024-07-18,2024-09-01,2024-09-05,EUR,25019.37
AR-DE01-202407-0058,DE01,C001,2024-07-19,2024-08-18,2024-09-12,EUR,1595.32
AR-DE01-202407-0059,DE01,C022,2024-07-05,2024-08-04,2024-08-09,EUR,20389.67
AR-DE01-202407-0060,DE01,C034,2024-07-18,2024-08-17,2024-08-21,EUR,19409.98
AR-DE01-202407-0061,DE01,C020,2024-07-12,2024-08-26,2024-08-28,EUR,27431.3
AR-DE01-202407-0062,DE01,C012,2024-07-15,2024-08-14,2024-08-18,EUR,4979.28
AR-DE01-202407-0063,DE01,C010,2024-07-01,2024-08-15,2024-08-25,EUR,8538.54
AR-DE01-202407-0064,DE01,C021,2024-07-15,2024-08-29,2024-09-05,EUR,2125.37
AR-DE01-202407-0065,DE01,C016,2024-07-22,2024-08-21,2024-09-19,EUR,10726.33
AR-DE01-202407-0066,DE01,C015,2024-07-04,2024-08-03,2024-08-07,EUR,49785.51
AR-DE01-202407-0067,DE01,C030,2024-07-27,2024-09-10,2024-09-27,EUR,5678.14
AR-DE01-202407-0068,DE01,C005,2024-07-07,2024-08-21,2024-08-11,EUR,1809.88
AR-DE01-202407-0069,DE01,C040,2024-07-26,2024-08-25,2024-08-29,EUR,5988.17
AR-DE01-202407-0070,DE01,C008,2024-07-23,2024-08-22,2024-08-28,EUR,4392.81
AR-DE01-202407-0071,DE01,C021,2024-07-29,2024-08-28,2024-09-26,EUR,1136.13
AR-DE01-202407-0072,DE01,C034,2024-07-24,2024-08-23,2024-08-22,EUR,12156.29
AR-DE01-202407-0073,DE01,C017,2024-07-04,2024-08-03,2024-08-20,EUR,10494.03
AR-DE01-202407-0074,DE01,C003,2024-07-11,2024-08-10,2024-08-13,EUR,2475.2
AR-DE01-202407-0075,DE01,C020,2024-07-28,2024-08-27,2024-09-12,EUR,20998.87
AR-DE01-202407-0076,DE01,C010,2024-07-24,2024-08-23,2024-09-06,EUR,7299.84
AR-DE01-202407-0077,DE01,C011,2024-07-20,2024-08-19,2024-08-18,EUR,5717.81
AR-DE01-202407-0078,DE01,C022,2024-07-24,2024-08-23,2024-09-12,EUR,37635.31
AR-DE01-202407-0079,DE01,C031,2024-07-28,2024-09-11,2024-08-24,EUR,20203.34
AR-DE01-202407-0080,DE01,C028,2024-07-02,2024-08-16,2024-08-13,EUR,11256.19
AR-DE01-202407-0081,DE01,C034,2024-07-30,2024-08-29,2024-09-16,EUR,6154.63
AR-DE01-202407-0082,DE01,C024,2024-07-30,2024-09-13,2024-09-24,EUR,2178.79
AR-DE01-202407-0083,DE01,C014,2024-07-20,2024-08-19,2024-09-05,EUR,4112.38
AR-DE01-202407-0084,DE01,C028,2024-07-22,2024-08-21,2024-08-18,EUR,668.72
AR-DE01-202407-0085,DE01,C021,2024-07-16,2024-08-15,2024-09-19,EUR,11939.76
AR-DE01-202407-0086,DE01,C004,2024-07-23,2024-08-22,2024-10-05,EUR,741.97
AR-DE01-202407-0087,DE01,C037,2024-07-04,2024-08-03,2024-08-02,EUR,27136.48
AR-DE01-202407-0088,DE01,C006,2024-07-17,2024-08-31,2024-08-28,EUR,16754.53
AR-DE01-202407-0089,DE01,C032,2024-07-08,2024-08-22,2024-08-25,EUR,4762.95
AR-DE01-202407-0090,DE01,C020,2024-07-02,2024-08-01,2024-08-19,EUR,2311.17
AR-DE01-202407-0091,DE01,C023,2024-07-21,2024-09-04,2024-09-01,EUR,12930.77
AR-DE01-202407-0092,DE01,C013,2024-07-24,2024-09-07,2024-09-27,EUR,7547.01
AR-DE01-202407-0093,DE01,C021,2024-07-23,2024-08-22,2024-08-25,EUR,6359.41
AR-DE01-202407-0094,DE01,C003,2024-07-25,2024-08-24,2024-08-26,EUR,17820.82
AR-DE01-202407-0095,DE01,C028,2024-07-21,2024-08-20,2024-08-16,EUR,4289.13
AR-DE01-202407-0096,DE01,C034,2024-07-28,2024-08-27,2024-08-26,EUR,4378.46
AR-DE01-202407-0097,DE01,C024,2024-07-08,2024-08-07,2024-08-14,EUR,4516.71
AR-DE01-202407-0098,DE01,C027,2024-07-24,2024-09-07,2024-08-30,EUR,3051.8
AR-DE01-202407-0099,DE01,C006,2024-07-27,2024-08-26,2024-08-29,EUR,43239.41
AR-DE01-202407-0100,DE01,C004,2024-07-20,2024-09-03,2024-08-17,EUR,17399.49
AR-DE01-202407-0101,DE01,C007,2024-07-28,2024-08-27,2024-09-12,EUR,15082.94
AR-DE01-202407-0102,DE01,C021,2024-07-10,2024-08-09,2024-08-15,EUR,16471.6
AR-DE01-202407-0103,DE01,C009,2024-07-06,2024-08-05,2024-08-02,EUR,6668.23
AR-DE01-202407-0104,DE01,C026,2024-07-08,2024-08-07,2024-09-01,EUR,44261.17
AR-DE01-202407-0105,DE01,C030,2024-07-20,2024-09-03,2024-08-31,EUR,3972.52
AR-DE01-202407-0106,DE01,C008,2024-07-19,2024-08-18,2024-08-29,EUR,5795.83
AR-DE01-202407-0107,DE01,C021,2024-07-11,2024-08-25,2024-07-27,EUR,10939.6
AR-DE01-202407-0108,DE01,C021,2024-07-09,2024-08-08,2024-08-25,EUR,8482.57
AR-DE01-202407-0109,DE01,C024,2024-07-04,2024-08-03,2024-08-08,EUR,6441.05
AR-DE01-202407-0110,DE01,C022,2024-07-02,2024-08-01,2024-08-15,EUR,6790.46
AR-DE01-202407-0111,DE01,C004,2024-07-11,2024-08-10,2024-08-26,EUR,41505.99
AR-DE01-202407-0112,DE01,C023,2024-07-28,2024-09-11,2024-09-06,EUR,8874.26
AR-DE01-202407-0113,DE01,C009,2024-07-09,2024-08-23,2024-08-27,EUR,4501.57
AR-DE01-202407-0114,DE01,C013,2024-07-03,2024-08-02,2024-08-08,EUR,7770.05
AR-DE01-202407-0115,DE01,C034,2024-07-30,2024-08-29,2024-09-20,EUR,3538.77
AR-DE01-202407-0116,DE01,C036,2024-07-30,2024-08-29,2024-08-27,EUR,1240.69
AR-DE01-202407-0117,DE01,C009,2024-07-22,2024-09-05,2024-08-26,EUR,6509.94
AR-DE01-202407-0118,DE01,C001,2024-07-27,2024-09-10,2024-08-15,EUR,8341.59
AR-DE01-202407-0119,DE01,C025,2024-07-05,2024-08-04,2024-08-20,EUR,12671.72
AR-DE01-202407-0120,DE01,C037,2024-07-17,2024-08-16,2024-08-23,EUR,5699.87
AR-DE01-202407-0121,DE01,C015,2024-07-31,2024-08-30,2024-08-25,EUR,10037.96
AR-DE01-202407-0122,DE01,C003,2024-07-16,2024-08-15,2024-10-03,EUR,7748.9
AR-DE01-202407-0123,DE01,C009,2024-07-15,2024-08-14,2024-09-09,EUR,20994.64
AR-DE01-202407-0124,DE01,C001,2024-07-31,2024-09-14,2024-09-10,EUR,4276.42
AR-DE01-202408-0001,DE01,C031,2024-08-07,2024-09-21,2024-08-31,EUR,15167.46
AR-DE01-202408-0002,DE01,C008,2024-08-18,2024-09-17,2024-09-12,EUR,10202.29
AR-DE01-202408-0003,DE01,C039,2024-08-07,2024-09-06,2024-09-11,EUR,26426.68
AR-DE01-202408-0004,DE01,C013,2024-08-01,2024-09-15,2024-08-29,EUR,15386.08
AR-DE01-202408-0005,DE01,C037,2024-08-07,2024-09-21,2024-08-19,EUR,7612.66
AR-DE01-202408-0006,DE01,C026,2024-08-09,2024-09-08,2024-09-22,EUR,2177.47
AR-DE01-202408-0007,DE01,C027,2024-08-13,2024-09-12,2024-09-29,EUR,10261.48
AR-DE01-202408-0008,DE01,C018,2024-08-05,2024-09-04,2024-09-17,EUR,8053.62
AR-DE01-202408-0009,DE01,C014,2024-08-25,2024-09-24,2024-09-22,EUR,2140.68
AR-DE01-202408-0010,DE01,C023,2024-08-16,2024-09-15,2024-09-13,EUR,2532.36
AR-DE01-202408-0011,DE01,C005,2024-08-08,2024-09-07,2024-09-16,EUR,4615.51
AR-DE01-202408-0012,DE01,C037,2024-08-04,2024-09-03,2024-09-14,EUR,534.23
AR-DE01-202408-0013,DE01,C024,2024-08-25,2024-09-24,2024-10-07,EUR,5631.78
AR-DE01-202408-0014,DE01,C024,2024-08-11,2024-09-25,2024-09-14,EUR,18173.85
AR-DE01-202408-0015,DE01,C011,2024-08-18,2024-10-02,2024-09-28,EUR,1881.28
AR-DE01-202408-0016,DE01,C003,2024-08-21,2024-10-05,2024-10-06,EUR,28747.46
AR-DE01-202408-0017,DE01,C026,2024-08-19,2024-09-18,2024-09-06,EUR,20982.46
AR-DE01-202408-0018,DE01,C005,2024-08-08,2024-09-07,2024-09-10,EUR,9529.25
AR-DE01-202408-0019,DE01,C020,2024-08-24,2024-10-08,2024-09-18,EUR,50269.11
AR-DE01-202408-0020,DE01,C003,2024-08-16,2024-09-15,2024-09-20,EUR,1009.95
AR-DE01-202408-0021,DE01,C011,2024-08-16,2024-09-15,2024-09-18,EUR,2302.06
AR-DE01-202408-0022,DE01,C005,2024-08-16,2024-09-15,2024-09-12,EUR,20652.8
AR-DE01-202408-0023,DE01,C031,2024-08-12,2024-09-11,2024-09-20,EUR,5041.43
AR-DE01-202408-0024,DE01,C030,2024-08-05,2024-09-04,2024-12-08,EUR,2040.9
AR-DE01-202408-0025,DE01,C010,2024-08-10,2024-09-09,2024-09-04,EUR,10677.32
AR-DE01-202408-0026,DE01,C039,2024-08-16,2024-09-30,2024-09-14,EUR,13113.09
AR-DE01-202408-0027,DE01,C022,2024-08-13,2024-09-12,2024-10-15,EUR,6039.8
AR-DE01-202408-0028,DE01,C034,2024-08-19,2024-10-03,2024-10-05,EUR,8821.51
AR-DE01-202408-0029,DE01,C016,2024-08-27,2024-09-26,2024-10-06,EUR,38143.85
AR-DE01-202408-0030,DE01,C020,2024-08-03,2024-09-02,2024-09-15,EUR,24153.58
AR-DE01-202408-0031,DE01,C033,2024-08-30,2024-09-29,2024-09-29,EUR,20159.31
AR-DE01-202408-0032,DE01,C036,2024-08-16,2024-09-15,2024-09-01,EUR,15019.44
AR-DE01-202408-0033,DE01,C027,2024-08-03,2024-09-02,2024-09-16,EUR,9424.63
AR-DE01-202408-0034,DE01,C008,2024-08-03,2024-09-17,2024-08-27,EUR,26314.11
AR-DE01-202408-0035,DE01,C031,2024-08-08,2024-09-07,2024-10-01,EUR,3602.27
AR-DE01-202408-0036,DE01,C010,2024-08-28,2024-10-12,2024-10-11,EUR,10538.75
AR-DE01-202408-0037,DE01,C039,2024-08-16,2024-09-15,2024-09-22,EUR,12026.5
AR-DE01-202408-0038,DE01,C026,2024-08-04,2024-09-03,2024-09-12,EUR,1157.4
AR-DE01-202408-0039,DE01,C007,2024-08-28,2024-10-12,2024-10-07,EUR,21903.82
AR-DE01-202408-0040,DE01,C011,2024-08-28,2024-10-12,2024-10-15,EUR,6651.12
AR-DE01-202408-0041,DE01,C038,2024-08-30,2024-10-14,2024-09-16,EUR,7165.57
AR-DE01-202408-0042,DE01,C020,2024-08-12,2024-09-11,2024-09-12,EUR,5067.09
AR-DE01-202408-0043,DE01,C025,2024-08-08,2024-09-07,2024-09-05,EUR,11524.89
AR-DE01-202408-0044,DE01,C034,2024-08-11,2024-09-10,2024-09-10,EUR,3838.9
AR-DE01-202408-0045,DE01,C026,2024-08-31,2024-09-30,2024-10-11,EUR,24994.59
AR-DE01-202408-0046,DE01,C006,2024-08-25,2024-09-24,2024-10-17,EUR,4788.47
AR-DE01-202408-0047,DE01,C007,2024-08-29,2024-09-28,2024-09-23,EUR,3440.68
AR-DE01-202408-0048,DE01,C023,2024-08-17,2024-09-16,2024-10-29,EUR,13005.85
AR-DE01-202408-0049,DE01,C035,2024-08-05,2024-09-04,2024-09-10,EUR,14424.76
AR-DE01-202408-0050,DE01,C021,2024-08-27,2024-09-26,2024-09-30,EUR,1580.55
AR-DE01-202408-0051,DE01,C007,2024-08-13,2024-09-12,2024-09-08,EUR,3387.32
AR-DE01-202408-0052,DE01,C004,2024-08-18,2024-10-02,2024-10-06,EUR,12483.18
AR-DE01-202408-0053,DE01,C031,2024-08-26,2024-10-10,2024-09-23,EUR,1876.42
AR-DE01-202408-0054,DE01,C014,2024-08-07,2024-09-06,2024-10-10,EUR,17531.62
AR-DE01-202408-0055,DE01,C001,2024-08-31,2024-09-30,2024-09-24,EUR,7191.18
AR-DE01-202408-0056,DE01,C008,2024-08-07,2024-09-06,2024-09-09,EUR,11031.82
AR-DE01-202408-0057,DE01,C001,2024-08-20,2024-09-19,2024-09-17,EUR,3334.51
AR-DE01-202408-0058,DE01,C034,2024-08-17,2024-09-16,2024-09-14,EUR,17305.0
AR-DE01-202408-0059,DE01,C006,2024-08-02,2024-09-16,2024-08-26,EUR,5855.43
AR-DE01-202408-0060,DE01,C035,2024-08-13,2024-09-12,2024-09-19,EUR,17780.0
AR-DE01-202408-0061,DE01,C016,2024-08-30,2024-09-29,2024-10-06,EUR,2340.45
AR-DE01-202408-0062,DE01,C028,2024-08-22,2024-09-21,2024-09-23,EUR,29213.54
AR-DE01-202408-0063,DE01,C012,2024-08-14,2024-09-13,2024-10-15,EUR,27399.0
AR-DE01-202408-0064,DE01,C010,2024-08-01,2024-08-31,2024-09-08,EUR,47901.14
AR-DE01-202408-0065,DE01,C032,2024-08-20,2024-10-04,2024-09-25,EUR,4088.24
AR-DE01-202408-0066,DE01,C008,2024-08-10,2024-09-09,2024-09-17,EUR,4647.41
AR-DE01-202408-0067,DE01,C025,2024-08-08,2024-09-22,2024-09-15,EUR,22902.01
AR-DE01-202408-0068,DE01,C009,2024-08-09,2024-09-23,2024-09-10,EUR,2337.45
AR-DE01-202408-0069,DE01,C040,2024-08-21,2024-09-20,2024-11-03,EUR,1763.63
AR-DE01-202408-0070,DE01,C040,2024-08-11,2024-09-10,2024-09-23,EUR,10639.2
AR-DE01-202408-0071,DE01,C015,2024-08-12,2024-09-26,2024-09-30,EUR,21024.03
AR-DE01-202408-0072,DE01,C008,2024-08-04,2024-09-03,2024-09-19,EUR,24871.48
AR-DE01-202408-0073,DE01,C032,2024-08-30,2024-09-29,2024-10-30,EUR,12332.33
AR-DE01-202408-0074,DE01,C023,2024-08-17,2024-09-16,2024-09-13,EUR,1561.96
AR-DE01-202408-0075,DE01,C026,2024-08-16,2024-09-15,2024-09-19,EUR,786.07
AR-DE01-202408-0076,DE01,C002,2024-08-20,2024-09-19,2024-09-20,EUR,8239.01
AR-DE01-202408-0077,DE01,C011,2024-08-25,2024-09-24,2024-10-09,EUR,3718.28
AR-DE01-202408-0078,DE01,C003,2024-08-17,2024-09-16,2024-09-18,EUR,14056.57
AR-DE01-202408-0079,DE01,C010,2024-08-20,2024-09-19,2024-09-28,EUR,16701.18
AR-DE01-202408-0080,DE01,C006,2024-08-23,2024-09-22,2024-10-23,EUR,8778.57
AR-DE01-202408-0081,DE01,C010,2024-08-22,2024-09-21,2024-10-02,EUR,27711.59
AR-DE01-202408-0082,DE01,C005,2024-08-04,2024-09-18,2024-08-25,EUR,39268.32
AR-DE01-202408-0083,DE01,C037,2024-08-20,2024-09-19,2024-09-20,EUR,11039.15
AR-DE01-202408-0084,DE01,C005,2024-08-04,2024-09-18,2024-09-14,EUR,8657.46
AR-DE01-202408-0085,DE01,C032,2024-08-12,2024-09-26,2024-09-26,EUR,5638.79
AR-DE01-202408-0086,DE01,C021,2024-08-18,2024-09-17,2024-09-20,EUR,2211.92
AR-DE01-202408-0087,DE01,C018,2024-08-19,2024-10-03,2024-09-18,EUR,13739.52
AR-DE01-202408-0088,DE01,C011,2024-08-06,2024-09-05,2024-09-08,EUR,8503.6
AR-DE01-202408-0089,DE01,C018,2024-08-25,2024-09-24,2024-10-06,EUR,15401.89
AR-DE01-202408-0090,DE01,C032,2024-08-04,2024-09-03,2024-09-04,EUR,29440.38
AR-DE01-202408-0091,DE01,C034,2024-08-07,2024-09-06,2024-08-30,EUR,67859.44
AR-DE01-202408-0092,DE01,C020,2024-08-22,2024-09-21,2024-10-16,EUR,13571.98
AR-DE01-202408-0093,DE01,C025,2024-08-05,2024-09-19,2024-09-25,EUR,5455.7
AR-DE01-202408-0094,DE01,C003,2024-08-13,2024-09-12,2024-09-20,EUR,7335.02
AR-DE01-202408-0095,DE01,C011,2024-08-12,2024-09-11,2024-09-10,EUR,15760.6
AR-DE01-202408-0096,DE01,C011,2024-08-04,2024-09-03,2024-09-19,EUR,15329.17
AR-DE01-202408-0097,DE01,C035,2024-08-27,2024-10-11,2024-10-16,EUR,4879.28
AR-DE01-202408-0098,DE01,C027,2024-08-01,2024-08-31,2024-09-14,EUR,1182.1
AR-DE01-202408-0099,DE01,C018,2024-08-19,2024-09-18,2024-10-06,EUR,19415.98
AR-DE01-202408-0100,DE01,C004,2024-08-03,2024-09-02,2024-09-20,EUR,5931.78
AR-DE01-202408-0101,DE01,C017,2024-08-16,2024-09-30,2024-10-01,EUR,5904.1
AR-DE01-202408-0102,DE01,C033,2024-08-20,2024-09-19,2024-09-16,EUR,20856.4
AR-DE01-202408-0103,DE01,C033,2024-08-18,2024-09-17,2024-09-24,EUR,1607.37
AR-DE01-202408-0104,DE01,C018,2024-08-31,2024-10-15,2024-11-22,EUR,30846.77
AR-DE01-202408-0105,DE01,C016,2024-08-20,2024-09-19,2024-09-23,EUR,3130.98
AR-DE01-202408-0106,DE01,C024,2024-08-20,2024-09-19,2024-10-20,EUR,6590.44
AR-DE01-202408-0107,DE01,C038,2024-08-21,2024-09-20,2024-09-23,EUR,4136.38
AR-DE01-202408-0108,DE01,C013,2024-08-01,2024-08-31,2024-08-30,EUR,8358.2
AR-DE01-202408-0109,DE01,C034,2024-08-17,2024-09-16,2024-10-01,EUR,4237.91
AR-DE01-202408-0110,DE01,C036,2024-08-26,2024-09-25,2024-09-28,EUR,6030.39
AR-DE01-202408-0111,DE01,C013,2024-08-28,2024-09-27,2024-09-23,EUR,11445.52
AR-DE01-202408-0112,DE01,C038,2024-08-03,2024-09-17,2024-09-05,EUR,15186.48
AR-DE01-202408-0113,DE01,C005,2024-08-28,2024-09-27,2024-10-11,EUR,2349.08
AR-DE01-202408-0114,DE01,C036,2024-08-15,2024-09-14,2024-09-23,EUR,8156.73
AR-DE01-202408-0115,DE01,C014,2024-08-05,2024-09-04,2024-09-13,EUR,4506.18
AR-DE01-202408-0116,DE01,C003,2024-08-14,2024-09-13,2024-09-25,EUR,5042.5
AR-DE01-202408-0117,DE01,C033,2024-08-09,2024-09-08,2024-09-28,EUR,5178.1
AR-DE01-202408-0118,DE01,C021,2024-08-14,2024-09-13,2024-09-22,EUR,5976.48
AR-DE01-202408-0119,DE01,C033,2024-08-31,2024-09-30,2024-09-23,EUR,17002.17
AR-DE01-202408-0120,DE01,C013,2024-08-12,2024-09-26,2024-08-24,EUR,25723.85
AR-DE01-202409-0001,DE01,C021,2024-09-24,2024-11-08,2024-11-03,EUR,2840.05
AR-DE01-202409-0002,DE01,C025,2024-09-18,2024-10-18,2024-10-29,EUR,18472.34
AR-DE01-202409-0003,DE01,C027,2024-09-10,2024-10-25,2024-10-25,EUR,7822.42
AR-DE01-202409-0004,DE01,C038,2024-09-22,2024-10-22,2024-11-09,EUR,4134.13
AR-DE01-202409-0005,DE01,C024,2024-09-20,2024-11-04,2024-11-22,EUR,3967.36
AR-DE01-202409-0006,DE01,C007,2024-09-03,2024-10-03,2024-09-30,EUR,5409.8
AR-DE01-202409-0007,DE01,C021,2024-09-13,2024-10-13,2024-10-23,EUR,6079.09
AR-DE01-202409-0008,DE01,C029,2024-09-29,2024-10-29,2024-10-31,EUR,12372.97
AR-DE01-202409-0009,DE01,C035,2024-09-04,2024-10-19,2024-09-20,EUR,8379.51
AR-DE01-202409-0010,DE01,C035,2024-09-28,2024-11-12,2024-10-25,EUR,4698.07
AR-DE01-202409-0011,DE01,C001,2024-09-17,2024-10-17,2024-11-17,EUR,14641.01
AR-DE01-202409-0012,DE01,C010,2024-09-25,2024-11-09,2024-11-05,EUR,36239.19
AR-DE01-202409-0013,DE01,C008,2024-09-05,2024-10-05,2024-10-19,EUR,15624.42
AR-DE01-202409-0014,DE01,C016,2024-09-16,2024-10-16,2024-10-05,EUR,26731.97
AR-DE01-202409-0015,DE01,C031,2024-09-03,2024-10-03,2024-10-15,EUR,5740.69
AR-DE01-202409-0016,DE01,C019,2024-09-22,2024-10-22,2024-10-20,EUR,5112.08
AR-DE01-202409-0017,DE01,C025,2024-09-07,2024-10-22,2024-10-26,EUR,20170.94
AR-DE01-202409-0018,DE01,C012,2024-09-20,2024-10-20,2024-10-29,EUR,9408.67
AR-DE01-202409-0019,DE01,C036,2024-09-16,2024-10-16,2024-10-15,EUR,8769.24
AR-DE01-202409-0020,DE01,C030,2024-09-07,2024-10-07,2024-10-19,EUR,9656.79
AR-DE01-202409-0021,DE01,C010,2024-09-24,2024-10-24,2024-11-01,EUR,29060.71
AR-DE01-202409-0022,DE01,C004,2024-09-19,2024-10-19,2024-10-28,EUR,9120.04
AR-DE01-202409-0023,DE01,C001,2024-09-29,2024-10-29,2024-12-03,EUR,8602.47
AR-DE01-202409-0024,DE01,C017,2024-09-04,2024-10-04,2024-10-06,EUR,16452.26
AR-DE01-202409-0025,DE01,C030,2024-09-10,2024-10-25,2024-10-28,EUR,10019.75
AR-DE01-202409-0026,DE01,C033,2024-09-23,2024-11-07,2024-10-15,EUR,3643.2
AR-DE01-202409-0027,DE01,C025,2024-09-27,2024-10-27,2024-11-13,EUR,10884.97
AR-DE01-202409-0028,DE01,C027,2024-09-20,2024-10-20,2024-10-17,EUR,2320.97
AR-DE01-202409-0029,DE01,C026,2024-09-14,2024-10-29,2024-10-30,EUR,6123.67
AR-DE01-202409-0030,DE01,C009,2024-09-12,2024-10-12,2024-10-11,EUR,2759.22
AR-DE01-202409-0031,DE01,C031,2024-09-06,2024-10-06,2024-10-31,EUR,10557.22
AR-DE01-202409-0032,DE01,C016,2024-09-08,2024-10-08,2024-10-27,EUR,2779.3
AR-DE01-202409-0033,DE01,C019,2024-09-23,2024-11-07,2024-10-23,EUR,8503.53
AR-DE01-202409-0034,DE01,C002,2024-09-01,2024-10-01,2024-09-27,EUR,9493.3
AR-DE01-202409-0035,DE01,C010,2024-09-14,2024-10-14,2024-11-08,EUR,8398.68
AR-DE01-202409-0036,DE01,C011,2024-09-08,2024-10-08,2024-10-17,EUR,4248.55
AR-DE01-202409-0037,DE01,C012,2024-09-07,2024-10-07,2024-10-19,EUR,8911.04
AR-DE01-202409-0038,DE01,C020,2024-09-20,2024-10-20,2024-11-15,EUR,8009.73
AR-DE01-202409-0039,DE01,C022,2024-09-26,2024-11-10,2024-10-17,EUR,56113.67
AR-DE01-202409-0040,DE01,C033,2024-09-05,2024-10-20,2024-11-04,EUR,4816.52
AR-DE01-202409-0041,DE01,C014,2024-09-23,2024-11-07,2024-11-06,EUR,33759.44
AR-DE01-202409-0042,DE01,C003,2024-09-05,2024-10-05,2024-10-20,EUR,3079.44
AR-DE01-202409-0043,DE01,C002,2024-09-18,2024-10-18,2024-10-20,EUR,8955.41
AR-DE01-202409-0044,DE01,C027,2024-09-21,2024-11-05,2024-11-06,EUR,3105.97
AR-DE01-202409-0045,DE01,C032,2024-09-25,2024-11-09,2024-10-21,EUR,3772.17
AR-DE01-202409-0046,DE01,C022,2024-09-07,2024-10-22,2024-10-25,EUR,3027.88
AR-DE01-202409-0047,DE01,C030,2024-09-22,2024-10-22,2024-10-30,EUR,4694.06
AR-DE01-202409-0048,DE01,C007,2024-09-07,2024-10-22,2024-10-12,EUR,37421.45
AR-DE01-202409-0049,DE01,C039,2024-09-23,2024-10-23,2024-11-13,EUR,6699.32
AR-DE01-202409-0050,DE01,C036,2024-09-05,2024-10-05,2024-10-20,EUR,2515.1
AR-DE01-202409-0051,DE01,C038,2024-09-05,2024-10-05,2024-09-25,EUR,5122.37
AR-DE01-202409-0052,DE01,C039,2024-09-25,2024-10-25,2024-11-01,EUR,10061.3
AR-DE01-202409-0053,DE01,C026,2024-09-21,2024-11-05,2024-10-30,EUR,17927.68
AR-DE01-202409-0054,DE01,C006,2024-09-14,2024-10-29,2024-10-07,EUR,5701.31
AR-DE01-202409-0055,DE01,C008,2024-09-26,2024-10-26,2024-11-18,EUR,4957.43
AR-DE01-202409-0056,DE01,C014,2024-09-17,2024-11-01,2024-10-14,EUR,7996.98
AR-DE01-202409-0057,DE01,C012,2024-09-18,2024-11-02,2024-10-21,EUR,4293.58
AR-DE01-202409-0058,DE01,C006,2024-09-01,2024-10-01,2024-10-18,EUR,23333.78
AR-DE01-202409-0059,DE01,C037,2024-09-10,2024-10-10,2024-10-19,EUR,2432.37
AR-DE01-202409-0060,DE01,C013,2024-09-04,2024-10-04,2024-10-10,EUR,23790.12
AR-DE01-202409-0061,DE01,C024,2024-09-16,2024-10-31,2024-11-14,EUR,6162.99
AR-DE01-202409-0062,DE01,C005,2024-09-03,2024-10-03,2024-10-12,EUR,45628.97
AR-DE01-202409-0063,DE01,C008,2024-09-13,2024-10-13,2024-10-27,EUR,4309.55
AR-DE01-202409-0064,DE01,C002,2024-09-09,2024-10-09,2024-10-08,EUR,15832.1
AR-DE01-202409-0065,DE01,C036,2024-09-17,2024-10-17,2024-10-27,EUR,3190.09
AR-DE01-202409-0066,DE01,C009,2024-09-14,2024-10-29,2024-10-18,EUR,1637.13
AR-DE01-202409-0067,DE01,C018,2024-09-25,2024-11-09,2024-11-12,EUR,22041.29
AR-DE01-202409-0068,DE01,C013,2024-09-23,2024-10-23,2024-10-19,EUR,11598.71
AR-DE01-202409-0069,DE01,C020,2024-09-06,2024-10-06,2024-11-03,EUR,15189.06
AR-DE01-202409-0070,DE01,C029,2024-09-20,2024-11-04,2024-11-02,EUR,18516.9
AR-DE01-202409-0071,DE01,C010,2024-09-11,2024-10-11,2024-10-04,EUR,7037.75
AR-DE01-202409-0072,DE01,C027,2024-09-17,2024-10-17,2024-10-04,EUR,17762.65
AR-DE01-202409-0073,DE01,C029,2024-09-25,2024-11-09,2024-10-21,EUR,21053.33
AR-DE01-202409-0074,DE01,C012,2024-09-26,2024-11-10,2024-11-02,EUR,7316.07
AR-DE01-202409-0075,DE01,C037,2024-09-16,2024-10-31,2024-11-14,EUR,13219.68
AR-DE01-202409-0076,DE01,C037,2024-09-01,2024-10-16,2024-09-23,EUR,8904.06
AR-DE01-202409-0077,DE01,C034,2024-09-05,2024-10-05,2024-10-14,EUR,9996.98
AR-DE01-202409-0078,DE01,C032,2024-09-07,2024-10-07,2024-10-26,EUR,5724.5
AR-DE01-202409-0079,DE01,C003,2024-09-11,2024-10-11,2024-10-06,EUR,12404.87
AR-DE01-202409-0080,DE01,C006,2024-09-02,2024-10-02,2024-11-02,EUR,7139.67
AR-DE01-202409-0081,DE01,C028,2024-09-05,2024-10-05,2024-10-24,EUR,21723.42
AR-DE01-202409-0082,DE01,C014,2024-09-19,2024-10-19,2024-10-12,EUR,36167.03
AR-DE01-202409-0083,DE01,C038,2024-09-18,2024-10-18,2024-11-05,EUR,14601.69
AR-DE01-202409-0084,DE01,C023,2024-09-23,2024-10-23,2024-10-31,EUR,2549.6
AR-DE01-202409-0085,DE01,C022,2024-09-29,2024-10-29,2024-10-29,EUR,4446.73
AR-DE01-202409-0086,DE01,C032,2024-09-11,2024-10-11,2024-10-10,EUR,8570.13
AR-DE01-202409-0087,DE01,C032,2024-09-22,2024-10-22,2024-11-08,EUR,7696.8
AR-DE01-202409-0088,DE01,C026,2024-09-24,2024-10-24,2024-10-25,EUR,20561.47
AR-DE01-202409-0089,DE01,C003,2024-09-20,2024-10-20,2024-10-21,EUR,2299.61
AR-DE01-202409-0090,DE01,C009,2024-09-06,2024-10-21,2024-10-25,EUR,3528.03
AR-DE01-202409-0091,DE01,C022,2024-09-20,2024-10-20,2024-10-20,EUR,11509.36
AR-DE01-202409-0092,DE01,C021,2024-09-28,2024-10-28,2025-01-02,EUR,5156.66
AR-DE01-202409-0093,DE01,C004,2024-09-08,2024-10-23,2024-10-14,EUR,14167.59
AR-DE01-202409-0094,DE01,C016,2024-09-15,2024-10-15,2024-11-17,EUR,6085.7
AR-DE01-202409-0095,DE01,C019,2024-09-04,2024-10-04,2024-09-30,EUR,5100.44
AR-DE01-202409-0096,DE01,C017,2024-09-23,2024-11-07,2024-10-23,EUR,45103.15
AR-DE01-202409-0097,DE01,C013,2024-09-17,2024-10-17,2024-10-14,EUR,22028.36
AR-DE01-202409-0098,DE01,C004,2024-09-01,2024-10-16,2024-09-21,EUR,850.26
AR-DE01-202409-0099,DE01,C028,2024-09-06,2024-10-06,2024-10-03,EUR,15447.44
AR-DE01-202409-0100,DE01,C038,2024-09-07,2024-10-22,2024-11-02,EUR,16480.99
AR-DE01-202409-0101,DE01,C022,2024-09-09,2024-10-09,2024-10-28,EUR,8928.37
AR-DE01-202409-0102,DE01,C023,2024-09-20,2024-10-20,2024-10-27,EUR,15513.43
AR-DE01-202409-0103,DE01,C008,2024-09-18,2024-10-18,2024-11-07,EUR,3188.9
AR-DE01-202409-0104,DE01,C036,2024-09-27,2024-10-27,2024-11-02,EUR,17564.31
AR-DE01-202409-0105,DE01,C022,2024-09-12,2024-10-27,2024-11-04,EUR,1971.47
AR-DE01-202409-0106,DE01,C014,2024-09-23,2024-10-23,2024-10-22,EUR,49131.15
AR-DE01-202409-0107,DE01,C022,2024-09-05,2024-10-05,2024-10-27,EUR,32506.15
AR-DE01-202409-0108,DE01,C032,2024-09-05,2024-10-20,2024-10-11,EUR,19290.8
AR-DE01-202409-0109,DE01,C034,2024-09-13,2024-10-13,2024-10-22,EUR,9917.65
AR-DE01-202409-0110,DE01,C036,2024-09-25,2024-11-09,2024-11-10,EUR,3079.77
AR-DE01-202409-0111,DE01,C029,2024-09-28,2024-10-28,2024-11-08,EUR,3911.68
AR-DE01-202409-0112,DE01,C034,2024-09-08,2024-10-08,2024-10-15,EUR,3125.3
AR-DE01-202409-0113,DE01,C005,2024-09-20,2024-10-20,2024-10-30,EUR,9166.26
AR-DE01-202409-0114,DE01,C010,2024-09-08,2024-10-08,2024-10-29,EUR,435.82
AR-DE01-202409-0115,DE01,C027,2024-09-30,2024-11-14,2024-11-02,EUR,6123.53
AR-DE01-202409-0116,DE01,C004,2024-09-26,2024-10-26,2024-11-28,EUR,29976.89
AR-DE01-202409-0117,DE01,C021,2024-09-23,2024-10-23,2024-10-25,EUR,12383.43
AR-DE01-202409-0118,DE01,C025,2024-09-16,2024-10-31,2024-10-17,EUR,29491.91
AR-DE01-202409-0119,DE01,C040,2024-09-13,2024-10-13,2024-10-21,EUR,8419.45
AR-DE01-202409-0120,DE01,C002,2024-09-14,2024-10-14,2024-11-13,EUR,6032.05
AR-DE01-202409-0121,DE01,C014,2024-09-10,2024-10-10,2024-10-17,EUR,1398.06
AR-DE01-202409-0122,DE01,C022,2024-09-08,2024-10-23,2024-10-07,EUR,3049.2
AR-DE01-202409-0123,DE01,C018,2024-09-05,2024-10-20,2024-10-07,EUR,21188.4
AR-DE01-202409-0124,DE01,C018,2024-09-05,2024-10-05,2024-10-11,EUR,7306.99
AR-DE01-202409-0125,DE01,C025,2024-09-30,2024-10-30,2024-11-19,EUR,3289.32
AR-DE01-202409-0126,DE01,C040,2024-09-21,2024-10-21,2024-11-14,EUR,7817.39
AR-DE01-202409-0127,DE01,C032,2024-09-15,2024-10-30,2024-10-10,EUR,3922.01
AR-DE01-202409-0128,DE01,C022,2024-09-07,2024-10-07,2024-10-09,EUR,7255.97
AR-DE01-202409-0129,DE01,C003,2024-09-19,2024-10-19,2024-10-18,EUR,8847.52
AR-DE01-202409-0130,DE01,C033,2024-09-06,2024-10-06,2024-10-02,EUR,9745.99
AR-DE01-202409-0131,DE01,C005,2024-09-29,2024-10-29,2024-10-22,EUR,26491.96
AR-DE01-202409-0132,DE01,C009,2024-09-16,2024-10-16,2024-10-14,EUR,15339.66
AR-DE01-202409-0133,DE01,C005,2024-09-23,2024-10-23,2024-11-04,EUR,10961.22
AR-DE01-202409-0134,DE01,C010,2024-09-20,2024-11-04,2024-11-09,EUR,51276.09
AR-DE01-202409-0135,DE01,C010,2024-09-06,2024-10-21,2024-11-08,EUR,60962.04
AR-DE01-202409-0136,DE01,C040,2024-09-03,2024-10-03,2024-09-30,EUR,19635.56
AR-DE01-202409-0137,DE01,C021,2024-09-11,2024-10-11,2024-10-24,EUR,4903.33
AR-DE01-202409-0138,DE01,C015,2024-09-11,2024-10-26,2024-11-09,EUR,9376.48
AR-DE01-202409-0139,DE01,C013,2024-09-08,2024-10-23,2024-10-13,EUR,12067.3
AR-DE01-202409-0140,DE01,C010,2024-09-10,2024-10-25,2024-10-13,EUR,15277.9
AR-DE01-202410-0001,DE01,C034,2024-10-25,2024-11-24,2024-12-04,EUR,10926.6
AR-DE01-202410-0002,DE01,C032,2024-10-05,2024-11-04,2024-11-08,EUR,3501.71
AR-DE01-202410-0003,DE01,C020,2024-10-20,2024-11-19,2024-11-21,EUR,3504.76
AR-DE01-202410-0004,DE01,C022,2024-10-24,2024-12-08,2024-12-07,EUR,5995.8
AR-DE01-202410-0005,DE01,C017,2024-10-15,2024-11-14,2024-11-14,EUR,5683.29
AR-DE01-202410-0006,DE01,C002,2024-10-23,2024-11-22,2024-12-02,EUR,2485.05
AR-DE01-202410-0007,DE01,C007,2024-10-30,2024-12-14,2024-12-04,EUR,9518.51
AR-DE01-202410-0008,DE01,C030,2024-10-19,2024-11-18,2024-12-08,EUR,15947.24
AR-DE01-202410-0009,DE01,C039,2024-10-24,2024-12-08,2024-11-16,EUR,6808.85
AR-DE01-202410-0010,DE01,C018,2024-10-26,2024-12-10,2024-12-27,EUR,90329.57
AR-DE01-202410-0011,DE01,C038,2024-10-28,2024-11-27,2024-12-23,EUR,14908.85
AR-DE01-202410-0012,DE01,C024,2024-10-22,2024-11-21,2024-11-24,EUR,9874.09
AR-DE01-202410-0013,DE01,C027,2024-10-30,2024-11-29,2024-11-26,EUR,8457.09
AR-DE01-202410-0014,DE01,C010,2024-10-28,2024-12-12,2024-12-04,EUR,11724.3
AR-DE01-202410-0015,DE01,C035,2024-10-22,2024-11-21,2024-12-19,EUR,3169.45
AR-DE01-202410-0016,DE01,C002,2024-10-31,2024-12-15,2024-12-10,EUR,3012.08
AR-DE01-202410-0017,DE01,C039,2024-10-04,2024-11-03,2024-11-05,EUR,23854.62
AR-DE01-202410-0018,DE01,C006,2024-10-29,2024-12-13,2024-12-29,EUR,6780.19
AR-DE01-202410-0019,DE01,C025,2024-10-16,2024-11-15,2024-11-16,EUR,1789.28
AR-DE01-202410-0020,DE01,C020,2024-10-28,2024-11-27,2025-01-13,EUR,911.48
AR-DE01-202410-0021,DE01,C001,2024-10-19,2024-11-18,2024-11-22,EUR,3573.29
AR-DE01-202410-0022,DE01,C029,2024-10-23,2024-11-22,2024-12-14,EUR,9589.08
AR-DE01-202410-0023,DE01,C001,2024-10-08,2024-11-07,2024-10-31,EUR,7200.57
AR-DE01-202410-0024,DE01,C017,2024-10-07,2024-11-06,2024-10-31,EUR,45979.89
AR-DE01-202410-0025,DE01,C019,2024-10-06,2024-11-05,2024-11-08,EUR,2035.76
AR-DE01-202410-0026,DE01,C028,2024-10-25,2024-11-24,2024-12-08,EUR,7023.18
AR-DE01-202410-0027,DE01,C023,2024-10-06,2024-11-20,2024-11-12,EUR,26779.16
AR-DE01-202410-0028,DE01,C012,2024-10-04,2024-11-18,2024-11-02,EUR,4905.17
AR-DE01-202410-0029,DE01,C007,2024-10-08,2024-11-22,2024-11-25,EUR,9221.29
AR-DE01-202410-0030,DE01,C021,2024-10-24,2024-12-08,2024-11-27,EUR,8073.77
AR-DE01-202410-0031,DE01,C023,2024-10-20,2024-11-19,2024-11-16,EUR,11769.83
AR-DE01-202410-0032,DE01,C016,2024-10-19,2024-12-03,2024-11-16,EUR,25029.67
AR-DE01-202410-0033,DE01,C030,2024-10-23,2024-11-22,2024-11-24,EUR,5456.0
AR-DE01-202410-0034,DE01,C022,2024-10-24,2024-11-23,2024-11-16,EUR,5229.77
AR-DE01-202410-0035,DE01,C018,2024-10-14,2024-11-13,2024-11-17,EUR,5190.38
AR-DE01-202410-0036,DE01,C027,2024-10-14,2024-11-13,2024-11-17,EUR,5893.53
AR-DE01-202410-0037,DE01,C029,2024-10-22,2024-11-21,2024-11-28,EUR,12707.27
AR-DE01-202410-0038,DE01,C002,2024-10-08,2024-11-22,2024-11-08,EUR,19429.8
AR-DE01-202410-0039,DE01,C035,2024-10-26,2024-11-25,2024-12-05,EUR,4042.38
AR-DE01-202410-0040,DE01,C035,2024-10-19,2024-11-18,2024-11-28,EUR,4483.95
AR-DE01-202410-0041,DE01,C019,2024-10-28,2024-11-27,2024-11-28,EUR,42540.31
AR-DE01-202410-0042,DE01,C006,2024-10-25,2024-11-24,2024-11-12,EUR,6468.42
AR-DE01-202410-0043,DE01,C019,2024-10-01,2024-10-31,2024-11-04,EUR,2680.07
AR-DE01-202410-0044,DE01,C040,2024-10-03,2024-11-17,2024-11-11,EUR,18156.1
AR-DE01-202410-0045,DE01,C007,2024-10-13,2024-11-12,2024-11-07,EUR,3997.56
AR-DE01-202410-0046,DE01,C019,2024-10-27,2024-11-26,2024-11-28,EUR,6974.26
AR-DE01-202410-0047,DE01,C009,2024-10-02,2024-11-01,2024-10-27,EUR,15344.4
AR-DE01-202410-0048,DE01,C021,2024-10-28,2024-11-27,2024-12-06,EUR,4931.66
AR-DE01-202410-0049,DE01,C027,2024-10-18,2024-11-17,2024-11-19,EUR,4140.16
AR-DE01-202410-0050,DE01,C034,2024-10-12,2024-11-26,2024-11-11,EUR,6297.95
AR-DE01-202410-0051,DE01,C028,2024-10-06,2024-11-05,2024-11-15,EUR,7884.01
AR-DE01-202410-0052,DE01,C006,2024-10-18,2024-12-02,2024-12-31,EUR,8631.73
AR-DE01-202410-0053,DE01,C026,2024-10-19,2024-11-18,2024-12-06,EUR,4878.12
AR-DE01-202410-0054,DE01,C028,2024-10-10,2024-11-24,2024-11-18,EUR,18858.96
AR-DE01-202410-0055,DE01,C008,2024-10-17,2024-12-01,2024-12-02,EUR,4310.62
AR-DE01-202410-0056,DE01,C001,2024-10-31,2024-12-15,2024-12-16,EUR,8514.36
AR-DE01-202410-0057,DE01,C020,2024-10-17,2024-11-16,2024-11-28,EUR,11909.86
AR-DE01-202410-0058,DE01,C009,2024-10-26,2024-11-25,2024-11-30,EUR,2331.81
AR-DE01-202410-0059,DE01,C040,2024-10-20,2024-11-19,2024-12-30,EUR,19528.86
AR-DE01-202410-0060,DE01,C001,2024-10-14,2024-11-13,2024-11-20,EUR,26106.7
AR-DE01-202410-0061,DE01,C007,2024-10-01,2024-11-15,2024-11-06,EUR,18111.35
AR-DE01-202410-0062,DE01,C021,2024-10-16,2024-11-30,2024-11-07,EUR,17886.51
AR-DE01-202410-0063,DE01,C020,2024-10-24,2024-11-23,2024-11-26,EUR,6521.4
AR-DE01-202410-0064,DE01,C015,2024-10-10,2024-11-09,2024-11-01,EUR,8394.26
AR-DE01-202410-0065,DE01,C011,2024-10-27,2024-12-11,2025-01-02,EUR,13193.73
AR-DE01-202410-0066,DE01,C034,2024-10-20,2024-11-19,2024-12-17,EUR,8135.56
AR-DE01-202410-0067,DE01,C021,2024-10-12,2024-11-11,2024-11-18,EUR,9883.6
AR-DE01-202410-0068,DE01,C006,2024-10-22,2024-12-06,2024-11-21,EUR,30540.03
AR-DE01-202410-0069,DE01,C033,2024-10-05,2024-11-04,2024-11-27,EUR,23340.12
AR-DE01-202410-0070,DE01,C002,2024-10-05,2024-11-19,2024-10-31,EUR,1978.74
AR-DE01-202410-0071,DE01,C008,2024-10-21,2024-11-20,2024-11-15,EUR,1442.6
AR-DE01-202410-0072,DE01,C035,2024-10-06,2024-11-05,2024-12-02,EUR,10851.97
AR-DE01-202410-0073,DE01,C029,2024-10-14,2024-11-13,2024-11-30,EUR,14164.96
AR-DE01-202410-0074,DE01,C015,2024-10-23,2024-11-22,2024-11-14,EUR,8351.68
AR-DE01-202410-0075,DE01,C013,2024-10-08,2024-11-07,2024-10-28,EUR,1479.56
AR-DE01-202410-0076,DE01,C005,2024-10-24,2024-11-23,2024-11-13,EUR,8164.0
AR-DE01-202410-0077,DE01,C009,2024-10-03,2024-11-17,2024-11-30,EUR,3324.12
AR-DE01-202410-0078,DE01,C025,2024-10-27,2024-11-26,2024-12-23,EUR,20490.15
AR-DE01-202410-0079,DE01,C037,2024-10-10,2024-11-09,2024-12-04,EUR,4246.98
AR-DE01-202410-0080,DE01,C033,2024-10-21,2024-11-20,2024-11-19,EUR,2179.36
AR-DE01-202410-0081,DE01,C010,2024-10-17,2024-11-16,2024-12-11,EUR,11954.94
AR-DE01-202410-0082,DE01,C014,2024-10-14,2024-11-13,2024-11-16,EUR,208859.08
AR-DE01-202410-0083,DE01,C018,2024-10-10,2024-11-09,2024-11-06,EUR,86867.68
AR-DE01-202410-0084,DE01,C019,2024-10-12,2024-11-11,2024-11-04,EUR,34988.94
AR-DE01-202410-0085,DE01,C036,2024-10-24,2024-12-08,2024-12-02,EUR,9892.38
AR-DE01-202410-0086,DE01,C017,2024-10-29,2024-11-28,2024-12-03,EUR,2885.74
AR-DE01-202410-0087,DE01,C012,2024-10-30,2024-12-14,2024-11-23,EUR,6865.78
AR-DE01-202410-0088,DE01,C039,2024-10-04,2024-11-03,2024-10-20,EUR,3217.64
AR-DE01-202410-0089,DE01,C034,2024-10-14,2024-11-13,2024-12-05,EUR,1887.46
AR-DE01-202410-0090,DE01,C007,2024-10-15,2024-11-14,2024-11-25,EUR,4435.42
AR-DE01-202410-0091,DE01,C009,2024-10-11,2024-11-10,2024-11-09,EUR,7800.61
AR-DE01-202410-0092,DE01,C025,2024-10-18,2024-12-02,2024-12-01,EUR,1760.32
AR-DE01-202410-0093,DE01,C013,2024-10-13,2024-11-12,2024-11-16,EUR,7088.72
AR-DE01-202410-0094,DE01,C030,2024-10-01,2024-11-15,2024-11-09,EUR,9296.5
AR-DE01-202410-0095,DE01,C002,2024-10-23,2024-11-22,2024-12-06,EUR,9772.4
AR-DE01-202410-0096,DE01,C013,2024-10-28,2024-11-27,2024-11-29,EUR,2369.26
AR-DE01-202410-0097,DE01,C014,2024-10-25,2024-11-24,2024-12-16,EUR,11230.93
AR-DE01-202410-0098,DE01,C035,2024-10-24,2024-11-23,2024-12-04,EUR,4770.76
AR-DE01-202410-0099,DE01,C037,2024-10-30,2024-11-29,2024-12-09,EUR,7707.69
AR-DE01-202410-0100,DE01,C016,2024-10-22,2024-12-06,2024-11-15,EUR,2865.05
AR-DE01-202410-0101,DE01,C019,2024-10-28,2024-11-27,2024-12-08,EUR,16972.43
AR-DE01-202410-0102,DE01,C016,2024-10-01,2024-10-31,2024-10-31,EUR,5581.38
AR-DE01-202410-0103,DE01,C012,2024-10-18,2024-12-02,2024-11-11,EUR,15056.86
AR-DE01-202410-0104,DE01,C006,2024-10-13,2024-11-27,2024-11-29,EUR,5545.51
AR-DE01-202410-0105,DE01,C012,2024-10-19,2024-11-18,2024-12-04,EUR,30645.46
AR-DE01-202410-0106,DE01,C016,2024-10-08,2024-11-07,2024-10-28,EUR,3845.29
AR-DE01-202410-0107,DE01,C025,2024-10-20,2024-11-19,2024-12-22,EUR,5073.88
AR-DE01-202410-0108,DE01,C014,2024-10-22,2024-12-06,2024-12-10,EUR,3382.41
AR-DE01-202410-0109,DE01,C015,2024-10-04,2024-11-18,2024-11-07,EUR,35059.34
AR-DE01-202410-0110,DE01,C012,2024-10-08,2024-11-07,2024-11-06,EUR,874.93
AR-DE01-202410-0111,DE01,C002,2024-10-24,2024-11-23,2024-11-28,EUR,9568.05
AR-DE01-202410-0112,DE01,C014,2024-10-16,2024-11-15,2024-11-12,EUR,9153.02
AR-DE01-202410-0113,DE01,C019,2024-10-25,2024-12-09,2024-11-29,EUR,20586.77
AR-DE01-202410-0114,DE01,C009,2024-10-08,2024-11-07,2024-12-16,EUR,17252.63
AR-DE01-202410-0115,DE01,C027,2024-10-09,2024-11-23,2024-10-29,EUR,2550.14
AR-DE01-202410-0116,DE01,C034,2024-10-18,2024-11-17,2024-12-02,EUR,1988.72
AR-DE01-202410-0117,DE01,C029,2024-10-20,2024-11-19,2024-12-09,EUR,2768.51
AR-DE01-202410-0118,DE01,C004,2024-10-15,2024-11-14,2024-11-03,EUR,1869.56
AR-DE01-202410-0119,DE01,C002,2024-10-12,2024-11-11,2024-11-15,EUR,1074.11
AR-DE01-202410-0120,DE01,C008,2024-10-06,2024-11-20,2024-11-11,EUR,10645.27
AR-DE01-202410-0121,DE01,C010,2024-10-28,2024-11-27,2024-12-04,EUR,25231.35
AR-DE01-202410-0122,DE01,C036,2024-10-06,2024-11-20,2024-11-10,EUR,2926.66
AR-DE01-202410-0123,DE01,C011,2024-10-04,2024-11-03,2024-11-25,EUR,6491.73
AR-DE01-202410-0124,DE01,C004,2024-10-29,2024-12-13,2024-11-27,EUR,17464.63
AR-DE01-202410-0125,DE01,C018,2024-10-10,2024-11-09,2024-11-18,EUR,14780.55
AR-DE01-202410-0126,DE01,C017,2024-10-09,2024-11-08,2024-11-14,EUR,12923.72
AR-DE01-202410-0127,DE01,C019,2024-10-19,2024-11-18,2024-11-22,EUR,5030.73
AR-DE01-202410-0128,DE01,C027,2024-10-21,2024-12-05,2024-11-21,EUR,7116.55
AR-DE01-202410-0129,DE01,C030,2024-10-08,2024-11-22,2024-12-08,EUR,8269.49
AR-DE01-202410-0130,DE01,C010,2024-10-28,2024-12-12,2024-12-04,EUR,5356.34
AR-DE01-202410-0131,DE01,C021,2024-10-10,2024-11-09,2024-11-25,EUR,4874.84
AR-DE01-202410-0132,DE01,C038,2024-10-28,2024-12-12,2024-12-19,EUR,2214.19
AR-DE01-202410-0133,DE01,C020,2024-10-18,2024-11-17,2024-11-13,EUR,968.96
AR-DE01-202410-0134,DE01,C027,2024-10-23,2024-12-07,2024-12-08,EUR,7338.36
AR-DE01-202410-0135,DE01,C002,2024-10-12,2024-11-11,2024-11-24,EUR,20161.53
AR-DE01-202410-0136,DE01,C015,2024-10-26,2024-11-25,2024-11-29,EUR,2073.55
AR-DE01-202410-0137,DE01,C012,2024-10-22,2024-11-21,2024-11-15,EUR,30181.36
AR-DE01-202410-0138,DE01,C015,2024-10-25,2024-12-09,2024-11-29,EUR,2053.01
AR-DE01-202410-0139,DE01,C039,2024-10-08,2024-11-22,2024-11-12,EUR,9358.51
AR-DE01-202410-0140,DE01,C013,2024-10-26,2024-12-10,2024-11-20,EUR,40091.43
AR-DE01-202410-0141,DE01,C026,2024-10-21,2024-11-20,2024-12-17,EUR,31634.32
AR-DE01-202410-0142,DE01,C038,2024-10-19,2024-11-18,2024-11-19,EUR,5204.63
AR-DE01-202410-0143,DE01,C029,2024-10-07,2024-11-21,2024-11-22,EUR,2338.2
AR-DE01-202410-0144,DE01,C006,2024-10-04,2024-11-03,2024-11-04,EUR,5539.88
AR-DE01-202410-0145,DE01,C001,2024-10-21,2024-11-20,2024-11-23,EUR,11787.56
AR-DE01-202410-0146,DE01,C006,2024-10-17,2024-12-01,2024-11-30,EUR,3959.56
AR-DE01-202411-0001,DE01,C030,2024-11-12,2024-12-12,2024-12-17,EUR,4877.37
AR-DE01-202411-0002,DE01,C001,2024-11-04,2024-12-04,2024-12-07,EUR,6519.55
AR-DE01-202411-0003,DE01,C033,2024-11-17,2024-12-17,2024-12-25,EUR,12022.49
AR-DE01-202411-0004,DE01,C014,2024-11-14,2024-12-14,2024-12-23,EUR,2577.52
AR-DE01-202411-0005,DE01,C022,2024-11-15,2024-12-15,2024-12-11,EUR,15270.05
AR-DE01-202411-0006,DE01,C018,2024-11-02,2024-12-02,2024-12-09,EUR,6553.04
AR-DE01-202411-0007,DE01,C035,2024-11-18,2024-12-18,2024-12-20,EUR,5494.3
AR-DE01-202411-0008,DE01,C017,2024-11-30,2024-12-30,2025-01-03,EUR,5283.6
AR-DE01-202411-0009,DE01,C036,2024-11-26,2024-12-26,2025-01-08,EUR,8681.81
AR-DE01-202411-0010,DE01,C007,2024-11-03,2024-12-18,2024-12-12,EUR,32082.39
AR-DE01-202411-0011,DE01,C039,2024-11-26,2024-12-26,2025-01-11,EUR,2932.17
AR-DE01-202411-0012,DE01,C034,2024-11-15,2024-12-15,2024-12-15,EUR,11012.5
AR-DE01-202411-0013,DE01,C013,2024-11-09,2024-12-09,2024-12-06,EUR,22315.15
AR-DE01-202411-0014,DE01,C040,2024-11-02,2024-12-02,2024-12-23,EUR,5022.38
AR-DE01-202411-0015,DE01,C010,2024-11-27,2024-12-27,2024-12-21,EUR,31169.26
AR-DE01-202411-0016,DE01,C010,2024-11-23,2024-12-23,2024-12-07,EUR,15903.36
AR-DE01-202411-0017,DE01,C010,2024-11-01,2024-12-01,2024-12-09,EUR,17145.86
AR-DE01-202411-0018,DE01,C029,2024-11-03,2024-12-18,2024-12-03,EUR,6477.78
AR-DE01-202411-0019,DE01,C034,2024-11-25,2024-12-25,2025-01-09,EUR,11317.24
AR-DE01-202411-0020,DE01,C009,2024-11-09,2024-12-09,2024-12-08,EUR,6348.43
AR-DE01-202411-0021,DE01,C029,2024-11-26,2024-12-26,2025-01-07,EUR,7301.66
AR-DE01-202411-0022,DE01,C024,2024-11-03,2024-12-18,2024-12-11,EUR,48162.38
AR-DE01-202411-0023,DE01,C004,2024-11-10,2024-12-10,2024-12-20,EUR,11630.98
AR-DE01-202411-0024,DE01,C019,2024-11-10,2024-12-25,2024-12-13,EUR,15218.73
AR-DE01-202411-0025,DE01,C007,2024-11-14,2024-12-29,2025-01-07,EUR,11009.87
AR-DE01-202411-0026,DE01,C013,2024-11-09,2024-12-09,2024-12-11,EUR,7728.31
AR-DE01-202411-0027,DE01,C008,2024-11-19,2024-12-19,2024-12-29,EUR,6299.74
AR-DE01-202411-0028,DE01,C033,2024-11-10,2024-12-10,2025-01-15,EUR,7244.62
AR-DE01-202411-0029,DE01,C021,2024-11-13,2024-12-13,2024-12-17,EUR,7553.92
AR-DE01-202411-0030,DE01,C032,2024-11-03,2024-12-18,2024-11-27,EUR,8407.33
AR-DE01-202411-0031,DE01,C007,2024-11-28,2024-12-28,2025-01-14,EUR,6067.68
AR-DE01-202411-0032,DE01,C028,2024-11-11,2024-12-11,2024-12-17,EUR,14049.76
AR-DE01-202411-0033,DE01,C033,2024-11-29,2025-01-13,2024-12-25,EUR,11354.45
AR-DE01-202411-0034,DE01,C009,2024-11-19,2024-12-19,2024-12-07,EUR,18769.08
AR-DE01-202411-0035,DE01,C006,2024-11-02,2024-12-02,2024-12-12,EUR,3160.27
AR-DE01-202411-0036,DE01,C008,2024-11-06,2024-12-06,2024-12-30,EUR,7409.89
AR-DE01-202411-0037,DE01,C018,2024-11-19,2025-01-03,2024-12-14,EUR,7548.24
AR-DE01-202411-0038,DE01,C026,2024-11-08,2024-12-08,2024-11-25,EUR,4007.29
AR-DE01-202411-0039,DE01,C018,2024-11-08,2024-12-08,2024-12-25,EUR,12821.69
AR-DE01-202411-0040,DE01,C024,2024-11-25,2024-12-25,2025-01-13,EUR,3285.76
AR-DE01-202411-0041,DE01,C015,2024-11-08,2024-12-08,2024-12-12,EUR,2597.86
AR-DE01-202411-0042,DE01,C024,2024-11-05,2024-12-05,2024-12-25,EUR,5857.28
AR-DE01-202411-0043,DE01,C028,2024-11-26,2024-12-26,2024-12-19,EUR,19471.3
AR-DE01-202411-0044,DE01,C016,2024-11-14,2024-12-14,2025-02-02,EUR,16682.37
AR-DE01-202411-0045,DE01,C014,2024-11-08,2024-12-08,2024-12-23,EUR,5248.55
AR-DE01-202411-0046,DE01,C034,2024-11-09,2024-12-09,2024-12-07,EUR,4258.57
AR-DE01-202411-0047,DE01,C001,2024-11-24,2024-12-24,2025-01-06,EUR,11423.41
AR-DE01-202411-0048,DE01,C012,2024-11-19,2025-01-03,2024-12-06,EUR,16810.93
AR-DE01-202411-0049,DE01,C005,2024-11-23,2025-01-07,2025-01-18,EUR,9889.19
AR-DE01-202411-0050,DE01,C036,2024-11-18,2025-01-02,2024-12-26,EUR,5654.17
AR-DE01-202411-0051,DE01,C009,2024-11-16,2024-12-16,2024-12-19,EUR,11555.64
AR-DE01-202411-0052,DE01,C022,2024-11-04,2024-12-19,2024-12-10,EUR,4381.74
AR-DE01-202411-0053,DE01,C024,2024-11-27,2024-12-27,2025-01-14,EUR,8388.5
AR-DE01-202411-0054,DE01,C001,2024-11-21,2024-12-21,2025-01-13,EUR,4962.36
AR-DE01-202411-0055,DE01,C025,2024-11-13,2024-12-13,2024-12-04,EUR,11632.85
AR-DE01-202411-0056,DE01,C040,2024-11-11,2024-12-11,2024-12-10,EUR,23882.47
AR-DE01-202411-0057,DE01,C031,2024-11-20,2024-12-20,2025-01-15,EUR,5478.57
AR-DE01-202411-0058,DE01,C033,2024-11-06,2024-12-06,2024-12-15,EUR,2658.67
AR-DE01-202411-0059,DE01,C020,2024-11-17,2024-12-17,2024-12-19,EUR,16225.89
AR-DE01-202411-0060,DE01,C001,2024-11-03,2024-12-03,2025-01-05,EUR,14507.03
AR-DE01-202411-0061,DE01,C039,2024-11-05,2024-12-05,2024-12-04,EUR,11851.06
AR-DE01-202411-0062,DE01,C013,2024-11-04,2024-12-04,2025-01-08,EUR,18194.0
AR-DE01-202411-0063,DE01,C016,2024-11-15,2024-12-15,2024-12-07,EUR,6683.43
AR-DE01-202411-0064,DE01,C005,2024-11-22,2024-12-22,2025-02-22,EUR,26729.37
AR-DE01-202411-0065,DE01,C012,2024-11-11,2024-12-26,2024-12-20,EUR,8551.72
AR-DE01-202411-0066,DE01,C021,2024-11-26,2024-12-26,2024-12-31,EUR,3162.99
AR-DE01-202411-0067,DE01,C013,2024-11-27,2025-01-11,2025-02-15,EUR,20585.36
AR-DE01-202411-0068,DE01,C013,2024-11-05,2024-12-05,2024-12-26,EUR,27295.82
AR-DE01-202411-0069,DE01,C022,2024-11-28,2025-01-12,2025-01-07,EUR,4190.07
AR-DE01-202411-0070,DE01,C026,2024-11-25,2025-01-09,2024-12-17,EUR,7492.32
AR-DE01-202411-0071,DE01,C002,2024-11-01,2024-12-16,2024-12-17,EUR,10939.13
AR-DE01-202411-0072,DE01,C003,2024-11-29,2025-01-13,2025-01-09,EUR,13429.78
AR-DE01-202411-0073,DE01,C006,2024-11-01,2024-12-16,2024-12-24,EUR,5101.24
AR-DE01-202411-0074,DE01,C029,2024-11-07,2024-12-07,2024-12-11,EUR,8684.78
AR-DE01-202411-0075,DE01,C013,2024-11-03,2024-12-03,2024-12-09,EUR,14805.37
AR-DE01-202411-0076,DE01,C008,2024-11-28,2024-12-28,2024-12-26,EUR,7131.51
AR-DE01-202411-0077,DE01,C027,2024-11-05,2024-12-20,2024-11-28,EUR,2329.63
AR-DE01-202411-0078,DE01,C029,2024-11-13,2024-12-13,2025-01-07,EUR,7097.87
AR-DE01-202411-0079,DE01,C015,2024-11-28,2025-01-12,2025-01-19,EUR,6700.6
AR-DE01-202411-0080,DE01,C001,2024-11-17,2024-12-17,2024-12-17,EUR,9766.51
AR-DE01-202411-0081,DE01,C031,2024-11-10,2024-12-10,2024-12-07,EUR,30989.29
AR-DE01-202411-0082,DE01,C021,2024-11-29,2025-01-13,2025-02-17,EUR,6088.35
AR-DE01-202411-0083,DE01,C036,2024-11-21,2025-01-05,2025-01-08,EUR,14570.34
AR-DE01-202411-0084,DE01,C023,2024-11-09,2024-12-09,2024-12-12,EUR,6422.25
AR-DE01-202411-0085,DE01,C012,2024-11-27,2024-12-27,2024-12-28,EUR,10495.43
AR-DE01-202411-0086,DE01,C022,2024-11-25,2024-12-25,2025-01-05,EUR,17183.69
AR-DE01-202411-0087,DE01,C028,2024-11-25,2024-12-25,2025-01-08,EUR,10624.73
AR-DE01-202411-0088,DE01,C022,2024-11-30,2024-12-30,2025-01-16,EUR,5584.44
AR-DE01-202411-0089,DE01,C018,2024-11-19,2025-01-03,2025-01-02,EUR,5362.6
AR-DE01-202411-0090,DE01,C029,2024-11-24,2024-12-24,2025-01-07,EUR,6072.12
AR-DE01-202411-0091,DE01,C027,2024-11-03,2024-12-03,2024-11-20,EUR,4086.88
AR-DE01-202411-0092,DE01,C011,2024-11-09,2024-12-24,2024-11-29,EUR,4554.84
AR-DE01-202411-0093,DE01,C011,2024-11-24,2024-12-24,2025-01-04,EUR,11778.4
AR-DE01-202411-0094,DE01,C035,2024-11-27,2025-01-11,2025-01-05,EUR,2214.79
AR-DE01-202411-0095,DE01,C015,2024-11-03,2024-12-03,2024-12-31,EUR,16320.49
AR-DE01-202411-0096,DE01,C034,2024-11-09,2024-12-24,2025-01-09,EUR,12926.8
AR-DE01-202411-0097,DE01,C020,2024-11-11,2024-12-11,2024-12-16,EUR,7899.58
AR-DE01-202411-0098,DE01,C028,2024-11-23,2024-12-23,2025-01-06,EUR,52981.41
AR-DE01-202411-0099,DE01,C039,2024-11-29,2025-01-13,2025-01-02,EUR,6625.3
AR-DE01-202411-0100,DE01,C013,2024-11-30,2024-12-30,2025-01-12,EUR,52808.68
AR-DE01-202411-0101,DE01,C036,2024-11-02,2024-12-17,2024-11-30,EUR,7356.05
AR-DE01-202411-0102,DE01,C010,2024-11-26,2024-12-26,2025-01-21,EUR,15380.23
AR-DE01-202411-0103,DE01,C012,2024-11-21,2024-12-21,2025-01-06,EUR,11866.17
AR-DE01-202411-0104,DE01,C039,2024-11-14,2024-12-29,2025-01-01,EUR,17605.42
AR-DE01-202411-0105,DE01,C014,2024-11-06,2024-12-06,2024-12-20,EUR,7883.69
AR-DE01-202411-0106,DE01,C006,2024-11-28,2024-12-28,2025-01-05,EUR,38785.59
AR-DE01-202411-0107,DE01,C037,2024-11-12,2024-12-12,2024-12-01,EUR,3082.15
AR-DE01-202411-0108,DE01,C029,2024-11-07,2024-12-07,2024-12-21,EUR,20408.1
AR-DE01-202411-0109,DE01,C038,2024-11-22,2024-12-22,2025-01-25,EUR,17975.05
AR-DE01-202411-0110,DE01,C005,2024-11-22,2024-12-22,2025-01-04,EUR,14151.27
AR-DE01-202411-0111,DE01,C021,2024-11-06,2024-12-06,2024-12-11,EUR,6356.58
AR-DE01-202411-0112,DE01,C028,2024-11-19,2025-01-03,2025-01-07,EUR,10374.62
AR-DE01-202411-0113,DE01,C001,2024-11-19,2024-12-19,2024-12-16,EUR,25276.96
AR-DE01-202411-0114,DE01,C001,2024-11-07,2024-12-07,2024-12-18,EUR,7991.65
AR-DE01-202411-0115,DE01,C005,2024-11-25,2024-12-25,2025-01-09,EUR,8525.02
AR-DE01-202411-0116,DE01,C034,2024-11-07,2024-12-07,2024-12-02,EUR,2609.79
AR-DE01-202411-0117,DE01,C016,2024-11-23,2025-01-07,2025-01-01,EUR,23997.02
AR-DE01-202411-0118,DE01,C021,2024-11-16,2024-12-16,2024-12-18,EUR,48710.28
AR-DE01-202411-0119,DE01,C012,2024-11-14,2024-12-29,2024-12-08,EUR,18903.34
AR-DE01-202411-0120,DE01,C037,2024-11-26,2025-01-10,2024-12-22,EUR,3121.71
AR-DE01-202411-0121,DE01,C017,2024-11-17,2024-12-17,2024-12-24,EUR,10628.45
AR-DE01-202411-0122,DE01,C021,2024-11-27,2024-12-27,2025-01-06,EUR,54434.29
AR-DE01-202411-0123,DE01,C033,2024-11-29,2024-12-29,2024-12-28,EUR,5092.5
AR-DE01-202411-0124,DE01,C007,2024-11-08,2024-12-08,2024-12-13,EUR,5289.66
AR-DE01-202411-0125,DE01,C030,2024-11-13,2024-12-28,2024-12-04,EUR,30947.22
AR-DE01-202411-0126,DE01,C027,2024-11-04,2024-12-04,2025-01-03,EUR,18554.06
AR-DE01-202411-0127,DE01,C028,2024-11-17,2025-01-01,2024-12-20,EUR,9658.5
AR-DE01-202411-0128,DE01,C017,2024-11-30,2024-12-30,2025-01-10,EUR,32636.96
AR-DE01-202411-0129,DE01,C020,2024-11-24,2024-12-24,2025-01-12,EUR,7843.93
AR-DE01-202411-0130,DE01,C022,2024-11-01,2024-12-16,2024-12-15,EUR,5826.27
AR-DE01-202411-0131,DE01,C029,2024-11-06,2024-12-06,2024-12-06,EUR,15714.62
AR-DE01-202411-0132,DE01,C017,2024-11-23,2025-01-07,2025-01-16,EUR,3791.63
AR-DE01-202411-0133,DE01,C040,2024-11-08,2024-12-08,2024-12-12,EUR,7617.58
AR-DE01-202411-0134,DE01,C037,2024-11-27,2024-12-27,2024-12-25,EUR,9219.95
AR-DE01-202411-0135,DE01,C016,2024-11-10,2024-12-10,2024-12-11,EUR,6212.49
AR-DE01-202411-0136,DE01,C019,2024-11-09,2024-12-09,2024-12-16,EUR,9101.24
AR-DE01-202411-0137,DE01,C026,2024-11-30,2025-01-14,2025-02-03,EUR,3205.41
AR-DE01-202411-0138,DE01,C036,2024-11-01,2024-12-01,2024-12-10,EUR,2887.11
AR-DE01-202411-0139,DE01,C011,2024-11-09,2024-12-09,2025-01-10,EUR,4996.78
AR-DE01-202411-0140,DE01,C001,2024-11-26,2024-12-26,2025-01-06,EUR,21336.29
AR-DE01-202411-0141,DE01,C030,2024-11-08,2024-12-08,2024-12-10,EUR,8417.73
AR-DE01-202411-0142,DE01,C006,2024-11-14,2024-12-29,2024-12-16,EUR,3161.41
AR-DE01-202411-0143,DE01,C017,2024-11-13,2024-12-13,2025-01-05,EUR,17763.71
AR-DE01-202411-0144,DE01,C034,2024-11-30,2024-12-30,2025-01-04,EUR,6534.97
AR-DE01-202411-0145,DE01,C003,2024-11-22,2024-12-22,2024-12-28,EUR,15245.19
AR-DE01-202412-0001,DE01,C008,2024-12-12,2025-01-11,2025-02-04,EUR,6844.49
AR-DE01-202412-0002,DE01,C035,2024-12-05,2025-01-19,2025-01-21,EUR,16899.85
AR-DE01-202412-0003,DE01,C040,2024-12-14,2025-01-13,2025-01-21,EUR,5435.37
AR-DE01-202412-0004,DE01,C003,2024-12-11,2025-01-10,2025-01-02,EUR,8236.18
AR-DE01-202412-0005,DE01,C022,2024-12-31,2025-01-30,2025-01-26,EUR,22160.45
AR-DE01-202412-0006,DE01,C021,2024-12-22,2025-01-21,2025-01-24,EUR,9476.28
AR-DE01-202412-0007,DE01,C026,2024-12-13,2025-01-27,2025-01-12,EUR,3419.61
AR-DE01-202412-0008,DE01,C019,2024-12-24,2025-01-23,2025-02-17,EUR,12421.65
AR-DE01-202412-0009,DE01,C003,2024-12-10,2025-01-09,2024-12-27,EUR,27042.38
AR-DE01-202412-0010,DE01,C026,2024-12-29,2025-01-28,2025-02-21,EUR,13167.35
AR-DE01-202412-0011,DE01,C036,2024-12-11,2025-01-25,2025-01-11,EUR,5766.85
AR-DE01-202412-0012,DE01,C005,2024-12-10,2025-01-09,2025-01-28,EUR,13201.05
AR-DE01-202412-0013,DE01,C036,2024-12-17,2025-01-16,2025-01-07,EUR,15892.8
AR-DE01-202412-0014,DE01,C030,2024-12-05,2025-01-04,2025-01-27,EUR,35055.75
AR-DE01-202412-0015,DE01,C025,2024-12-01,2024-12-31,2025-01-19,EUR,9759.58
AR-DE01-202412-0016,DE01,C034,2024-12-24,2025-01-23,2025-01-18,EUR,6683.54
AR-DE01-202412-0017,DE01,C003,2024-12-30,2025-02-13,2025-02-11,EUR,7019.27
AR-DE01-202412-0018,DE01,C031,2024-12-08,2025-01-22,2025-01-27,EUR,3817.01
AR-DE01-202412-0019,DE01,C004,2024-12-21,2025-02-04,2025-01-26,EUR,4404.75
AR-DE01-202412-0020,DE01,C015,2024-12-14,2025-01-13,2025-01-05,EUR,4088.44
AR-DE01-202412-0021,DE01,C034,2024-12-13,2025-01-12,2025-01-21,EUR,5141.91
AR-DE01-202412-0022,DE01,C001,2024-12-09,2025-01-23,2025-01-03,EUR,34647.65
AR-DE01-202412-0023,DE01,C030,2024-12-09,2025-01-08,2025-01-14,EUR,20303.33
AR-DE01-202412-0024,DE01,C039,2024-12-20,2025-01-19,2025-01-22,EUR,10039.06
AR-DE01-202412-0025,DE01,C014,2024-12-04,2025-01-03,2024-12-19,EUR,5567.84
AR-DE01-202412-0026,DE01,C004,2024-12-14,2025-01-13,2025-01-10,EUR,7884.4
AR-DE01-202412-0027,DE01,C001,2024-12-25,2025-01-24,2025-02-11,EUR,6604.87
AR-DE01-202412-0028,DE01,C035,2024-12-30,2025-02-13,2025-01-23,EUR,14414.34
AR-DE01-202412-0029,DE01,C020,2024-12-28,2025-02-11,2025-03-02,EUR,4430.64
AR-DE01-202412-0030,DE01,C015,2024-12-18,2025-01-17,2025-02-12,EUR,4872.82
AR-DE01-202412-0031,DE01,C037,2024-12-22,2025-01-21,2025-01-19,EUR,3573.0
AR-DE01-202412-0032,DE01,C007,2024-12-31,2025-01-30,2025-01-23,EUR,4680.63
AR-DE01-202412-0033,DE01,C034,2024-12-05,2025-01-04,2025-01-20,EUR,9108.76
AR-DE01-202412-0034,DE01,C002,2024-12-31,2025-01-30,2025-01-22,EUR,6653.51
AR-DE01-202412-0035,DE01,C035,2024-12-04,2025-01-03,2025-02-09,EUR,18628.69
AR-DE01-202412-0036,DE01,C028,2024-12-08,2025-01-07,2025-02-14,EUR,2489.07
AR-DE01-202412-0037,DE01,C024,2024-12-13,2025-01-12,2025-01-14,EUR,2487.76
AR-DE01-202412-0038,DE01,C027,2024-12-03,2025-01-02,2025-01-11,EUR,5959.94
AR-DE01-202412-0039,DE01,C011,2024-12-17,2025-01-16,2025-01-13,EUR,8614.5
AR-DE01-202412-0040,DE01,C034,2024-12-05,2025-01-04,2025-01-26,EUR,11679.89
AR-DE01-202412-0041,DE01,C023,2024-12-28,2025-01-27,2025-01-23,EUR,23286.39
AR-DE01-202412-0042,DE01,C031,2024-12-30,2025-02-13,2025-01-21,EUR,1619.79
AR-DE01-202412-0043,DE01,C035,2024-12-01,2025-01-15,2025-01-08,EUR,6636.74
AR-DE01-202412-0044,DE01,C040,2024-12-27,2025-01-26,2025-01-18,EUR,7034.38
AR-DE01-202412-0045,DE01,C036,2024-12-08,2025-01-22,2025-01-28,EUR,34599.5
AR-DE01-202412-0046,DE01,C001,2024-12-21,2025-02-04,2025-01-18,EUR,8088.46
AR-DE01-202412-0047,DE01,C004,2024-12-23,2025-01-22,2025-01-16,EUR,5881.04
AR-DE01-202412-0048,DE01,C025,2024-12-05,2025-01-04,2025-01-16,EUR,11633.23
AR-DE01-202412-0049,DE01,C034,2024-12-30,2025-02-13,2025-02-07,EUR,3829.71
AR-DE01-202412-0050,DE01,C027,2024-12-25,2025-01-24,2025-01-26,EUR,5620.96
AR-DE01-202412-0051,DE01,C038,2024-12-19,2025-01-18,2025-01-31,EUR,12835.69
AR-DE01-202412-0052,DE01,C031,2024-12-01,2025-01-15,2025-01-17,EUR,7158.15
AR-DE01-202412-0053,DE01,C031,2024-12-08,2025-01-07,2025-01-20,EUR,14231.97
AR-DE01-202412-0054,DE01,C018,2024-12-10,2025-01-09,2025-01-07,EUR,5782.36
AR-DE01-202412-0055,DE01,C038,2024-12-08,2025-01-22,2025-01-24,EUR,45871.89
AR-DE01-202412-0056,DE01,C035,2024-12-25,2025-01-24,2025-02-17,EUR,5631.39
AR-DE01-202412-0057,DE01,C040,2024-12-27,2025-01-26,2025-02-19,EUR,3968.14
AR-DE01-202412-0058,DE01,C028,2024-12-26,2025-02-09,2025-02-08,EUR,8119.02
AR-DE01-202412-0059,DE01,C030,2024-12-24,2025-01-23,2025-02-06,EUR,73317.84
AR-DE01-202412-0060,DE01,C038,2024-12-25,2025-02-08,2025-03-05,EUR,3700.73
AR-DE01-202412-0061,DE01,C019,2024-12-09,2025-01-23,2025-01-05,EUR,6328.17
AR-DE01-202412-0062,DE01,C034,2024-12-12,2025-01-11,2025-01-05,EUR,3399.48
AR-DE01-202412-0063,DE01,C008,2024-12-17,2025-01-16,2025-01-30,EUR,2412.44
AR-DE01-202412-0064,DE01,C034,2024-12-26,2025-01-25,2025-02-24,EUR,11826.97
AR-DE01-202412-0065,DE01,C032,2024-12-15,2025-01-14,2025-01-25,EUR,32605.13
AR-DE01-202412-0066,DE01,C032,2024-12-08,2025-01-07,2025-01-08,EUR,1853.44
AR-DE01-202412-0067,DE01,C024,2024-12-08,2025-01-07,2025-01-24,EUR,11188.72
AR-DE01-202412-0068,DE01,C033,2024-12-04,2025-01-18,2025-02-04,EUR,5112.61
AR-DE01-202412-0069,DE01,C029,2024-12-09,2025-01-23,2025-01-12,EUR,27236.11
AR-DE01-202412-0070,DE01,C016,2024-12-24,2025-01-23,2025-02-13,EUR,42396.83
AR-DE01-202412-0071,DE01,C009,2024-12-11,2025-01-25,2025-01-21,EUR,5271.92
AR-DE01-202412-0072,DE01,C016,2024-12-09,2025-01-08,2025-02-23,EUR,566.06
AR-DE01-202412-0073,DE01,C033,2024-12-08,2025-01-22,2025-01-27,EUR,1764.07
AR-DE01-202412-0074,DE01,C014,2024-12-22,2025-01-21,2025-01-14,EUR,38410.36
AR-DE01-202412-0075,DE01,C010,2024-12-06,2025-01-20,2025-01-18,EUR,13978.02
AR-DE01-202412-0076,DE01,C024,2024-12-18,2025-02-01,2025-01-26,EUR,20709.6
AR-DE01-202412-0077,DE01,C006,2024-12-16,2025-01-15,2025-02-03,EUR,20741.78
AR-DE01-202412-0078,DE01,C012,2024-12-17,2025-01-31,2025-01-21,EUR,9289.64
AR-DE01-202412-0079,DE01,C028,2024-12-16,2025-01-15,2025-01-14,EUR,9074.75
AR-DE01-202412-0080,DE01,C017,2024-12-11,2025-01-10,2025-01-13,EUR,1949.57
AR-DE01-202412-0081,DE01,C038,2024-12-31,2025-01-30,2025-02-12,EUR,13881.7
AR-DE01-202412-0082,DE01,C021,2024-12-07,2025-01-21,2025-01-24,EUR,8089.7
AR-DE01-202412-0083,DE01,C010,2024-12-03,2025-01-02,2025-01-23,EUR,11752.18
AR-DE01-202412-0084,DE01,C022,2024-12-05,2025-01-04,2025-01-18,EUR,1533.54
AR-DE01-202412-0085,DE01,C006,2024-12-13,2025-01-12,2025-01-04,EUR,7817.74
AR-DE01-202412-0086,DE01,C010,2024-12-10,2025-01-24,2025-01-18,EUR,13755.17
AR-DE01-202412-0087,DE01,C035,2024-12-11,2025-01-10,2025-01-20,EUR,32234.8
AR-DE01-202412-0088,DE01,C017,2024-12-15,2025-01-29,2025-02-05,EUR,8844.58
AR-DE01-202412-0089,DE01,C024,2024-12-03,2025-01-02,2025-01-10,EUR,5173.09
AR-DE01-202412-0090,DE01,C036,2024-12-24,2025-02-07,2025-02-10,EUR,10583.61
AR-DE01-202412-0091,DE01,C032,2024-12-02,2025-01-01,2024-12-19,EUR,17048.77
AR-DE01-202412-0092,DE01,C035,2024-12-29,2025-01-28,2025-02-26,EUR,8324.07
AR-DE01-202412-0093,DE01,C029,2024-12-11,2025-01-10,2025-01-29,EUR,12158.71
AR-DE01-202412-0094,DE01,C004,2024-12-02,2025-01-01,2025-01-25,EUR,4185.03
AR-DE01-202412-0095,DE01,C014,2024-12-11,2025-01-10,2025-02-04,EUR,13912.66
AR-DE01-202412-0096,DE01,C001,2024-12-06,2025-01-20,2025-01-15,EUR,6901.36
AR-DE01-202412-0097,DE01,C011,2024-12-11,2025-01-10,2025-01-18,EUR,10103.88
AR-DE01-202412-0098,DE01,C028,2024-12-02,2025-01-01,2025-01-03,EUR,14542.45
AR-DE01-202412-0099,DE01,C003,2024-12-01,2024-12-31,2025-01-10,EUR,5497.39
AR-DE01-202412-0100,DE01,C010,2024-12-24,2025-01-23,2025-01-30,EUR,5734.56
AR-DE01-202412-0101,DE01,C037,2024-12-06,2025-01-05,2025-02-14,EUR,8891.19
AR-DE01-202412-0102,DE01,C033,2024-12-13,2025-01-12,2025-03-22,EUR,21719.98
AR-DE01-202412-0103,DE01,C008,2024-12-07,2025-01-21,2025-01-09,EUR,1243.69
AR-DE01-202412-0104,DE01,C005,2024-12-14,2025-01-28,2025-01-16,EUR,2234.31
AR-DE01-202412-0105,DE01,C028,2024-12-17,2025-01-16,2025-02-03,EUR,10584.99
AR-DE01-202412-0106,DE01,C026,2024-12-06,2025-01-05,2025-01-24,EUR,11157.93
AR-DE01-202412-0107,DE01,C009,2024-12-29,2025-01-28,2025-01-16,EUR,10341.57
AR-DE01-202412-0108,DE01,C010,2024-12-10,2025-01-09,2025-01-19,EUR,4212.95
AR-DE01-202412-0109,DE01,C015,2024-12-30,2025-01-29,2025-02-17,EUR,7718.8
AR-DE01-202412-0110,DE01,C017,2024-12-15,2025-01-14,2025-01-15,EUR,16168.88
AR-DE01-202412-0111,DE01,C014,2024-12-23,2025-01-22,2025-01-30,EUR,8627.41
AR-DE01-202412-0112,DE01,C012,2024-12-11,2025-01-25,2025-01-25,EUR,5375.77
AR-DE01-202412-0113,DE01,C014,2024-12-27,2025-02-10,2025-01-24,EUR,5466.93
AR-DE01-202412-0114,DE01,C023,2024-12-25,2025-01-24,2025-01-23,EUR,16162.83
AR-DE01-202412-0115,DE01,C017,2024-12-15,2025-01-14,2025-01-09,EUR,7515.95
AR-DE01-202412-0116,DE01,C021,2024-12-18,2025-02-01,2025-01-20,EUR,70674.64
AR-DE01-202412-0117,DE01,C034,2024-12-27,2025-01-26,2025-02-22,EUR,7515.64
AR-DE01-202412-0118,DE01,C006,2024-12-28,2025-02-11,2025-02-21,EUR,12695.25
AR-DE01-202412-0119,DE01,C033,2024-12-20,2025-02-03,2025-01-25,EUR,4130.53
AR-DE01-202412-0120,DE01,C010,2024-12-16,2025-01-15,2025-01-12,EUR,7128.12
AR-DE01-202412-0121,DE01,C010,2024-12-11,2025-01-25,2025-01-20,EUR,12937.68
AR-DE01-202412-0122,DE01,C017,2024-12-17,2025-01-31,2025-02-24,EUR,14110.88
AR-DE01-202412-0123,DE01,C008,2024-12-21,2025-02-04,2025-01-13,EUR,3812.22
AR-DE01-202412-0124,DE01,C030,2024-12-07,2025-01-21,2025-01-02,EUR,2634.5
AR-DE01-202412-0125,DE01,C026,2024-12-21,2025-01-20,2025-02-01,EUR,26810.98
AR-DE01-202412-0126,DE01,C028,2024-12-09,2025-01-08,2025-01-20,EUR,14834.9
AR-DE01-202412-0127,DE01,C008,2024-12-23,2025-01-22,2025-02-02,EUR,11556.42
AR-DE01-202412-0128,DE01,C021,2024-12-18,2025-02-01,2025-02-18,EUR,3280.68
AR-DE01-202412-0129,DE01,C006,2024-12-07,2025-01-06,2025-01-06,EUR,2860.81
AR-DE01-202412-0130,DE01,C004,2024-12-30,2025-01-29,2025-01-21,EUR,4514.91
AR-DE01-202412-0131,DE01,C035,2024-12-05,2025-01-04,2025-01-19,EUR,27325.27
AR-DE01-202412-0132,DE01,C011,2024-12-07,2025-01-06,2025-01-20,EUR,9171.72
AR-DE01-202412-0133,DE01,C004,2024-12-09,2025-01-08,2025-01-16,EUR,30163.76
AR-DE01-202412-0134,DE01,C025,2024-12-19,2025-01-18,2025-01-31,EUR,4371.23
AR-DE01-202412-0135,DE01,C034,2024-12-10,2025-01-09,2024-12-30,EUR,23475.57
AR-DE01-202412-0136,DE01,C030,2024-12-30,2025-02-13,2025-01-25,EUR,3852.73
AR-DE01-202412-0137,DE01,C017,2024-12-19,2025-01-18,2025-01-27,EUR,3885.09
AR-DE01-202412-0138,DE01,C005,2024-12-16,2025-01-30,2025-01-26,EUR,1150.9
AR-DE01-202412-0139,DE01,C018,2024-12-10,2025-01-09,2025-01-19,EUR,3181.32
AR-DE01-202412-0140,DE01,C008,2024-12-24,2025-01-23,2025-01-18,EUR,10493.49
AR-DE01-202412-0141,DE01,C006,2024-12-25,2025-01-24,2025-01-28,EUR,985.62
AR-DE01-202412-0142,DE01,C038,2024-12-08,2025-01-07,2025-01-31,EUR,1878.03
AR-DE01-202412-0143,DE01,C003,2024-12-27,2025-02-10,2025-02-13,EUR,26969.55
AR-DE01-202412-0144,DE01,C037,2024-12-11,2025-01-10,2025-01-23,EUR,9333.4
AR-DE01-202412-0145,DE01,C013,2024-12-13,2025-01-27,2025-01-14,EUR,9451.25
AR-DE01-202412-0146,DE01,C011,2024-12-12,2025-01-26,2025-01-03,EUR,29490.35
AR-DE01-202412-0147,DE01,C016,2024-12-07,2025-01-21,2024-12-29,EUR,3792.28
AR-DE01-202412-0148,DE01,C005,2024-12-22,2025-02-05,2025-01-11,EUR,12653.83
AR-DE01-202412-0149,DE01,C002,2024-12-21,2025-01-20,2025-02-03,EUR,39024.29
AR-DE01-202412-0150,DE01,C001,2024-12-01,2024-12-31,2024-12-24,EUR,8233.39
AR-DE01-202412-0151,DE01,C024,2024-12-02,2025-01-01,2025-01-13,EUR,9305.3
AR-DE01-202412-0152,DE01,C035,2024-12-07,2025-01-06,2025-01-11,EUR,7006.46
AR-DE01-202412-0153,DE01,C036,2024-12-25,2025-01-24,2025-03-08,EUR,22723.85
AR-DE01-202412-0154,DE01,C038,2024-12-14,2025-01-28,2025-01-03,EUR,14343.69
AR-DE01-202412-0155,DE01,C035,2024-12-10,2025-01-24,2025-01-05,EUR,4009.98
AR-DE01-202412-0156,DE01,C016,2024-12-23,2025-01-22,2025-02-03,EUR,9580.29
AR-DE01-202412-0157,DE01,C005,2024-12-06,2025-01-05,2025-01-11,EUR,6000.99
AR-DE01-202412-0158,DE01,C001,2024-12-05,2025-01-04,2025-01-01,EUR,6871.92
AR-DE01-202412-0159,DE01,C038,2024-12-28,2025-02-11,2025-02-19,EUR,7675.71
AR-DE01-202412-0160,DE01,C027,2024-12-06,2025-01-05,2024-12-31,EUR,12884.35
AR-DE01-202501-0001,DE01,C032,2025-01-15,2025-02-14,2025-02-14,EUR,7098.67
AR-DE01-202501-0002,DE01,C004,2025-01-29,2025-02-28,2025-03-06,EUR,6114.9
AR-DE01-202501-0003,DE01,C039,2025-01-26,2025-02-25,2025-03-20,EUR,2461.76
AR-DE01-202501-0004,DE01,C002,2025-01-16,2025-02-15,2025-02-26,EUR,4305.85
AR-DE01-202501-0005,DE01,C040,2025-01-30,2025-03-16,2025-02-21,EUR,32731.31
AR-DE01-202501-0006,DE01,C015,2025-01-10,2025-02-09,2025-02-18,EUR,4003.47
AR-DE01-202501-0007,DE01,C020,2025-01-26,2025-02-25,2025-03-04,EUR,16644.32
AR-DE01-202501-0008,DE01,C009,2025-01-16,2025-02-15,2025-02-18,EUR,11978.35
AR-DE01-202501-0009,DE01,C011,2025-01-08,2025-02-07,2025-02-19,EUR,2621.47
AR-DE01-202501-0010,DE01,C027,2025-01-11,2025-02-10,2025-02-11,EUR,694.33
AR-DE01-202501-0011,DE01,C018,2025-01-22,2025-03-08,2025-02-15,EUR,7047.24
AR-DE01-202501-0012,DE01,C021,2025-01-20,2025-03-06,2025-03-08,EUR,3160.36
AR-DE01-202501-0013,DE01,C029,2025-01-26,2025-02-25,2025-02-23,EUR,26641.82
AR-DE01-202501-0014,DE01,C003,2025-01-21,2025-02-20,2025-02-24,EUR,1315.51
AR-DE01-202501-0015,DE01,C018,2025-01-20,2025-03-06,2025-03-10,EUR,6423.78
AR-DE01-202501-0016,DE01,C012,2025-01-04,2025-02-03,2025-01-31,EUR,22182.19
AR-DE01-202501-0017,DE01,C029,2025-01-08,2025-02-07,2025-02-02,EUR,71557.09
AR-DE01-202501-0018,DE01,C013,2025-01-09,2025-02-08,2025-02-14,EUR,11074.29
AR-DE01-202501-0019,DE01,C009,2025-01-12,2025-02-26,2025-02-28,EUR,49429.13
AR-DE01-202501-0020,DE01,C001,2025-01-21,2025-03-07,2025-02-22,EUR,7737.6
AR-DE01-202501-0021,DE01,C001,2025-01-03,2025-02-02,2025-02-21,EUR,10889.2
AR-DE01-202501-0022,DE01,C036,2025-01-23,2025-02-22,2025-03-09,EUR,2194.16
AR-DE01-202501-0023,DE01,C017,2025-01-03,2025-02-17,2025-02-19,EUR,13804.55
AR-DE01-202501-0024,DE01,C038,2025-01-13,2025-02-12,2025-02-17,EUR,3108.54
AR-DE01-202501-0025,DE01,C020,2025-01-05,2025-02-04,2025-01-30,EUR,3344.44
AR-DE01-202501-0026,DE01,C014,2025-01-18,2025-02-17,2025-02-28,EUR,17644.49
AR-DE01-202501-0027,DE01,C024,2025-01-06,2025-02-20,2025-02-09,EUR,2803.15
AR-DE01-202501-0028,DE01,C018,2025-01-10,2025-02-24,2025-03-07,EUR,11919.77
AR-DE01-202501-0029,DE01,C003,2025-01-08,2025-02-07,2025-02-06,EUR,10544.0
AR-DE01-202501-0030,DE01,C009,2025-01-11,2025-02-10,2025-02-07,EUR,2452.05
AR-DE01-202501-0031,DE01,C013,2025-01-22,2025-02-21,2025-02-07,EUR,50732.32
AR-DE01-202501-0032,DE01,C015,2025-01-17,2025-02-16,2025-02-01,EUR,3379.64
AR-DE01-202501-0033,DE01,C002,2025-01-06,2025-02-05,2025-02-12,EUR,35388.09
AR-DE01-202501-0034,DE01,C009,2025-01-22,2025-02-21,2025-03-13,EUR,15264.32
AR-DE01-202501-0035,DE01,C021,2025-01-26,2025-02-25,2025-03-05,EUR,7080.91
AR-DE01-202501-0036,DE01,C003,2025-01-30,2025-03-01,2025-03-01,EUR,22517.35
AR-DE01-202501-0037,DE01,C004,2025-01-04,2025-02-03,2025-02-12,EUR,4210.78
AR-DE01-202501-0038,DE01,C003,2025-01-10,2025-02-09,2025-01-30,EUR,14028.93
AR-DE01-202501-0039,DE01,C023,2025-01-03,2025-02-02,2025-02-07,EUR,10656.27
AR-DE01-202501-0040,DE01,C026,2025-01-31,2025-03-17,2025-03-20,EUR,2155.29
AR-DE01-202501-0041,DE01,C022,2025-01-12,2025-02-11,2025-02-07,EUR,3040.18
AR-DE01-202501-0042,DE01,C006,2025-01-03,2025-02-02,2025-02-17,EUR,4726.45
AR-DE01-202501-0043,DE01,C022,2025-01-07,2025-02-21,2025-02-05,EUR,5473.42
AR-DE01-202501-0044,DE01,C034,2025-01-16,2025-02-15,2025-03-10,EUR,2621.01
AR-DE01-202501-0045,DE01,C012,2025-01-30,2025-03-16,2025-02-22,EUR,3054.41
AR-DE01-202501-0046,DE01,C024,2025-01-12,2025-02-26,2025-03-09,EUR,2562.86
AR-DE01-202501-0047,DE01,C013,2025-01-13,2025-02-27,2025-01-31,EUR,39963.45
AR-DE01-202501-0048,DE01,C015,2025-01-21,2025-03-07,2025-02-26,EUR,3080.18
AR-DE01-202501-0049,DE01,C026,2025-01-27,2025-02-26,2025-03-30,EUR,20127.65
AR-DE01-202501-0050,DE01,C029,2025-01-25,2025-03-11,2025-02-25,EUR,19941.37
AR-DE01-202501-0051,DE01,C023,2025-01-04,2025-02-18,2025-03-06,EUR,56994.4
AR-DE01-202501-0052,DE01,C040,2025-01-18,2025-02-17,2025-02-14,EUR,18885.81
AR-DE01-202501-0053,DE01,C026,2025-01-10,2025-02-09,2025-02-27,EUR,14201.58
AR-DE01-202501-0054,DE01,C003,2025-01-08,2025-02-07,2025-02-03,EUR,6448.75
AR-DE01-202501-0055,DE01,C013,2025-01-12,2025-02-11,2025-02-14,EUR,11659.52
AR-DE01-202501-0056,DE01,C036,2025-01-13,2025-02-12,2025-02-26,EUR,2339.95
AR-DE01-202501-0057,DE01,C036,2025-01-14,2025-02-13,2025-02-14,EUR,46607.58
AR-DE01-202501-0058,DE01,C005,2025-01-04,2025-02-03,2025-01-24,EUR,24724.77
AR-DE01-202501-0059,DE01,C038,2025-01-14,2025-02-13,2025-03-04,EUR,3967.8
AR-DE01-202501-0060,DE01,C035,2025-01-01,2025-01-31,2025-02-13,EUR,13798.17
AR-DE01-202501-0061,DE01,C008,2025-01-11,2025-02-25,2025-02-09,EUR,5493.72
AR-DE01-202501-0062,DE01,C026,2025-01-02,2025-02-16,2025-01-23,EUR,5689.86
AR-DE01-202501-0063,DE01,C024,2025-01-14,2025-02-13,2025-02-19,EUR,3456.03
AR-DE01-202501-0064,DE01,C020,2025-01-31,2025-03-02,2025-03-12,EUR,9494.1
AR-DE01-202501-0065,DE01,C040,2025-01-02,2025-02-01,2025-02-24,EUR,14283.55
AR-DE01-202501-0066,DE01,C002,2025-01-15,2025-02-14,2025-02-28,EUR,21326.56
AR-DE01-202501-0067,DE01,C014,2025-01-07,2025-02-06,2025-02-07,EUR,2942.43
AR-DE01-202501-0068,DE01,C027,2025-01-19,2025-02-18,2025-02-21,EUR,13102.96
AR-DE01-202501-0069,DE01,C028,2025-01-10,2025-02-24,2025-03-04,EUR,18017.28
AR-DE01-202501-0070,DE01,C008,2025-01-13,2025-02-12,2025-02-27,EUR,5951.75
AR-DE01-202501-0071,DE01,C003,2025-01-03,2025-02-17,2025-02-07,EUR,14328.87
AR-DE01-202501-0072,DE01,C017,2025-01-22,2025-02-21,2025-02-13,EUR,7350.45
AR-DE01-202501-0073,DE01,C005,2025-01-07,2025-02-21,2025-02-17,EUR,8802.75
AR-DE01-202501-0074,DE01,C034,2025-01-25,2025-03-11,2025-02-20,EUR,2331.05
AR-DE01-202501-0075,DE01,C021,2025-01-15,2025-02-14,2025-02-21,EUR,12255.68
AR-DE01-202501-0076,DE01,C034,2025-01-30,2025-03-01,2025-02-18,EUR,4866.18
AR-DE01-202501-0077,DE01,C001,2025-01-20,2025-02-19,2025-02-15,EUR,5833.25
AR-DE01-202501-0078,DE01,C015,2025-01-12,2025-02-11,2025-02-26,EUR,4084.47
AR-DE01-202501-0079,DE01,C001,2025-01-23,2025-02-22,2025-02-27,EUR,8336.49
AR-DE01-202501-0080,DE01,C025,2025-01-10,2025-02-09,2025-02-23,EUR,25782.16
AR-DE01-202501-0081,DE01,C037,2025-01-21,2025-02-20,2025-02-23,EUR,15707.67
AR-DE01-202501-0082,DE01,C034,2025-01-03,2025-02-17,2025-02-10,EUR,4788.79
AR-DE01-202501-0083,DE01,C018,2025-01-18,2025-02-17,2025-03-16,EUR,22706.54
AR-DE01-202501-0084,DE01,C032,2025-01-17,2025-02-16,2025-02-19,EUR,3375.19
AR-DE01-202501-0085,DE01,C017,2025-01-24,2025-02-23,2025-03-17,EUR,4413.19
AR-DE01-202501-0086,DE01,C013,2025-01-05,2025-02-04,2025-02-13,EUR,3610.61
AR-DE01-202501-0087,DE01,C008,2025-01-07,2025-02-06,2025-02-15,EUR,3086.38
AR-DE01-202501-0088,DE01,C027,2025-01-16,2025-02-15,2025-03-01,EUR,17050.38
AR-DE01-202501-0089,DE01,C025,2025-01-11,2025-02-10,2025-03-11,EUR,9058.51
AR-DE01-202501-0090,DE01,C006,2025-01-23,2025-03-09,2025-03-31,EUR,8853.48
AR-DE01-202501-0091,DE01,C029,2025-01-23,2025-03-09,2025-03-06,EUR,11455.17
AR-DE01-202501-0092,DE01,C010,2025-01-29,2025-03-15,2025-03-05,EUR,24959.45
AR-DE01-202501-0093,DE01,C033,2025-01-20,2025-02-19,2025-02-26,EUR,9763.48
AR-DE01-202501-0094,DE01,C040,2025-01-18,2025-02-17,2025-03-09,EUR,1342.19
AR-DE01-202501-0095,DE01,C014,2025-01-18,2025-02-17,2025-02-11,EUR,9272.0
AR-DE01-202501-0096,DE01,C031,2025-01-20,2025-02-19,2025-02-28,EUR,24819.35
AR-DE01-202501-0097,DE01,C023,2025-01-22,2025-02-21,2025-03-09,EUR,79110.75
AR-DE01-202501-0098,DE01,C038,2025-01-13,2025-02-12,2025-03-19,EUR,7430.18
AR-DE01-202501-0099,DE01,C033,2025-01-27,2025-02-26,2025-04-10,EUR,3099.34
AR-DE01-202501-0100,DE01,C001,2025-01-29,2025-02-28,2025-02-15,EUR,4811.39
AR-DE01-202501-0101,DE01,C027,2025-01-28,2025-02-27,2025-02-28,EUR,8430.31
AR-DE01-202501-0102,DE01,C025,2025-01-04,2025-02-18,2025-02-17,EUR,11293.6
AR-DE01-202501-0103,DE01,C001,2025-01-31,2025-03-02,2025-02-27,EUR,3287.74
AR-DE01-202501-0104,DE01,C029,2025-01-17,2025-03-03,2025-02-26,EUR,2767.06
AR-DE01-202501-0105,DE01,C002,2025-01-27,2025-02-26,2025-03-12,EUR,48977.18
AR-DE01-202501-0106,DE01,C001,2025-01-31,2025-03-02,2025-02-21,EUR,6564.49
AR-DE01-202501-0107,DE01,C015,2025-01-13,2025-02-27,2025-03-01,EUR,2720.53
AR-DE01-202501-0108,DE01,C013,2025-01-24,2025-02-23,2025-02-16,EUR,10507.56
AR-DE01-202501-0109,DE01,C015,2025-01-19,2025-02-18,2025-02-23,EUR,19079.01
AR-DE01-202501-0110,DE01,C009,2025-01-03,2025-02-17,2025-01-31,EUR,12025.63
AR-DE01-202501-0111,DE01,C039,2025-01-13,2025-02-27,2025-02-17,EUR,4725.86
AR-DE01-202501-0112,DE01,C019,2025-01-27,2025-02-26,2025-02-23,EUR,27081.87
AR-DE01-202501-0113,DE01,C037,2025-01-21,2025-03-07,2025-02-26,EUR,28257.4
AR-DE01-202501-0114,DE01,C004,2025-01-21,2025-02-20,2025-02-19,EUR,20167.71
AR-DE01-202501-0115,DE01,C012,2025-01-27,2025-02-26,2025-02-28,EUR,7506.53
AR-DE01-202501-0116,DE01,C030,2025-01-15,2025-02-14,2025-04-12,EUR,6049.83
AR-DE01-202501-0117,DE01,C015,2025-01-11,2025-02-10,2025-02-19,EUR,3749.8
AR-DE01-202501-0118,DE01,C020,2025-01-28,2025-03-14,2025-03-07,EUR,4913.87
AR-DE01-202501-0119,DE01,C016,2025-01-10,2025-02-09,2025-02-25,EUR,4284.19
AR-DE01-202501-0120,DE01,C015,2025-01-28,2025-02-27,2025-03-01,EUR,12599.91
AR-DE01-202501-0121,DE01,C003,2025-01-08,2025-02-22,2025-02-23,EUR,4886.33
AR-DE01-202501-0122,DE01,C037,2025-01-17,2025-02-16,2025-03-03,EUR,15192.39
AR-DE01-202501-0123,DE01,C015,2025-01-18,2025-02-17,2025-02-17,EUR,8617.32
AR-DE01-202501-0124,DE01,C008,2025-01-07,2025-02-06,2025-02-02,EUR,4249.1
AR-DE01-202501-0125,DE01,C015,2025-01-01,2025-02-15,2025-02-17,EUR,11104.71
AR-DE01-202501-0126,DE01,C017,2025-01-03,2025-02-02,2025-02-12,EUR,11516.28
AR-DE01-202501-0127,DE01,C021,2025-01-18,2025-02-17,2025-03-06,EUR,17151.03
AR-DE01-202501-0128,DE01,C033,2025-01-04,2025-02-18,2025-01-29,EUR,5510.53
AR-DE01-202501-0129,DE01,C006,2025-01-07,2025-02-21,2025-02-12,EUR,8169.85
AR-DE01-202501-0130,DE01,C033,2025-01-25,2025-02-24,2025-02-28,EUR,6120.04
AR-DE01-202501-0131,DE01,C009,2025-01-21,2025-02-20,2025-02-11,EUR,3006.53
AR-DE01-202501-0132,DE01,C040,2025-01-31,2025-03-02,2025-03-01,EUR,6139.82
AR-DE01-202501-0133,DE01,C029,2025-01-03,2025-02-02,2025-01-28,EUR,6834.2
AR-DE01-202501-0134,DE01,C010,2025-01-18,2025-02-17,2025-02-19,EUR,3135.6
AR-DE01-202502-0001,DE01,C012,2025-02-13,2025-03-15,2025-03-20,EUR,9125.59
AR-DE01-202502-0002,DE01,C027,2025-02-05,2025-03-07,2025-03-23,EUR,8110.02
AR-DE01-202502-0003,DE01,C010,2025-02-24,2025-03-26,2025-04-01,EUR,3683.36
AR-DE01-202502-0004,DE01,C030,2025-02-27,2025-03-29,2025-04-24,EUR,28646.23
AR-DE01-202502-0005,DE01,C033,2025-02-18,2025-03-20,2025-04-07,EUR,14711.19
AR-DE01-202502-0006,DE01,C015,2025-02-17,2025-03-19,2025-04-14,EUR,2113.93
AR-DE01-202502-0007,DE01,C010,2025-02-20,2025-03-22,2025-03-21,EUR,3552.45
AR-DE01-202502-0008,DE01,C006,2025-02-12,2025-03-14,2025-03-25,EUR,3445.45
AR-DE01-202502-0009,DE01,C021,2025-02-07,2025-03-09,2025-03-03,EUR,9085.15
AR-DE01-202502-0010,DE01,C015,2025-02-18,2025-04-04,2025-03-16,EUR,15734.99
AR-DE01-202502-0011,DE01,C033,2025-02-19,2025-03-21,2025-04-01,EUR,5664.12
AR-DE01-202502-0012,DE01,C011,2025-02-08,2025-03-10,2025-03-11,EUR,88153.41
AR-DE01-202502-0013,DE01,C023,2025-02-08,2025-03-10,2025-03-13,EUR,26505.89
AR-DE01-202502-0014,DE01,C021,2025-02-19,2025-03-21,2025-04-14,EUR,4009.13
AR-DE01-202502-0015,DE01,C003,2025-02-20,2025-03-22,2025-03-25,EUR,2148.37
AR-DE01-202502-0016,DE01,C004,2025-02-14,2025-03-31,2025-04-02,EUR,3918.75
AR-DE01-202502-0017,DE01,C031,2025-02-04,2025-03-06,2025-03-18,EUR,7969.92
AR-DE01-202502-0018,DE01,C006,2025-02-27,2025-03-29,2025-03-24,EUR,2838.44
AR-DE01-202502-0019,DE01,C004,2025-02-22,2025-04-08,2025-03-29,EUR,4556.71
AR-DE01-202502-0020,DE01,C004,2025-02-20,2025-03-22,2025-04-15,EUR,7432.14
AR-DE01-202502-0021,DE01,C023,2025-02-21,2025-04-07,2025-03-24,EUR,8930.76
AR-DE01-202502-0022,DE01,C021,2025-02-09,2025-03-11,2025-02-25,EUR,28458.4
AR-DE01-202502-0023,DE01,C029,2025-02-21,2025-03-23,2025-04-12,EUR,6796.79
AR-DE01-202502-0024,DE01,C018,2025-02-25,2025-03-27,2025-04-04,EUR,19062.86
AR-DE01-202502-0025,DE01,C003,2025-02-18,2025-03-20,2025-03-30,EUR,9235.27
AR-DE01-202502-0026,DE01,C016,2025-02-22,2025-03-24,2025-04-03,EUR,23046.18
AR-DE01-202502-0027,DE01,C014,2025-02-07,2025-03-24,2025-03-17,EUR,6428.21
AR-DE01-202502-0028,DE01,C036,2025-02-01,2025-03-03,2025-04-06,EUR,8425.85
AR-DE01-202502-0029,DE01,C030,2025-02-08,2025-03-10,2025-03-21,EUR,17094.58
AR-DE01-202502-0030,DE01,C024,2025-02-10,2025-03-12,2025-03-08,EUR,25001.23
AR-DE01-202502-0031,DE01,C039,2025-02-12,2025-03-14,2025-03-05,EUR,5884.6
AR-DE01-202502-0032,DE01,C014,2025-02-26,2025-04-12,2025-04-16,EUR,11618.62
AR-DE01-202502-0033,DE01,C013,2025-02-14,2025-03-16,2025-03-02,EUR,2756.22
AR-DE01-202502-0034,DE01,C017,2025-02-23,2025-03-25,2025-03-30,EUR,34604.03
AR-DE01-202502-0035,DE01,C039,2025-02-09,2025-03-11,2025-03-24,EUR,8277.32
AR-DE01-202502-0036,DE01,C021,2025-02-07,2025-03-09,2025-03-22,EUR,12611.57
AR-DE01-202502-0037,DE01,C010,2025-02-27,2025-03-29,2025-04-12,EUR,11526.44
AR-DE01-202502-0038,DE01,C014,2025-02-27,2025-03-29,2025-04-18,EUR,4640.28
AR-DE01-202502-0039,DE01,C013,2025-02-26,2025-03-28,2025-04-20,EUR,2146.34
AR-DE01-202502-0040,DE01,C029,2025-02-22,2025-03-24,2025-04-25,EUR,2943.68
AR-DE01-202502-0041,DE01,C008,2025-02-04,2025-03-06,2025-03-25,EUR,1942.39
AR-DE01-202502-0042,DE01,C017,2025-02-02,2025-03-04,2025-03-21,EUR,6336.04
AR-DE01-202502-0043,DE01,C020,2025-02-22,2025-04-08,2025-04-16,EUR,12198.67
AR-DE01-202502-0044,DE01,C024,2025-02-17,2025-03-19,2025-05-08,EUR,21778.8
AR-DE01-202502-0045,DE01,C037,2025-02-24,2025-03-26,2025-04-14,EUR,3587.27
AR-DE01-202502-0046,DE01,C005,2025-02-08,2025-03-10,2025-03-05,EUR,4824.76
AR-DE01-202502-0047,DE01,C009,2025-02-06,2025-03-08,2025-04-01,EUR,3701.96
AR-DE01-202502-0048,DE01,C026,2025-02-26,2025-03-28,2025-04-04,EUR,5150.12
AR-DE01-202502-0049,DE01,C003,2025-02-26,2025-03-28,2025-04-06,EUR,6820.67
AR-DE01-202502-0050,DE01,C014,2025-02-06,2025-03-08,2025-03-13,EUR,11949.12
AR-DE01-202502-0051,DE01,C020,2025-02-14,2025-03-16,2025-03-25,EUR,17888.73
AR-DE01-202502-0052,DE01,C032,2025-02-09,2025-03-11,2025-04-06,EUR,6324.0
AR-DE01-202502-0053,DE01,C029,2025-02-06,2025-03-08,2025-03-30,EUR,4022.75
AR-DE01-202502-0054,DE01,C005,2025-02-21,2025-03-23,2025-03-19,EUR,23243.29
AR-DE01-202502-0055,DE01,C024,2025-02-11,2025-03-28,2025-04-08,EUR,28887.59
AR-DE01-202502-0056,DE01,C002,2025-02-25,2025-03-27,2025-03-23,EUR,6014.98
AR-DE01-202502-0057,DE01,C005,2025-02-12,2025-03-14,2025-03-24,EUR,446.42
AR-DE01-202502-0058,DE01,C033,2025-02-08,2025-03-10,2025-03-16,EUR,7991.27
AR-DE01-202502-0059,DE01,C010,2025-02-08,2025-03-10,2025-03-30,EUR,2613.2
AR-DE01-202502-0060,DE01,C015,2025-02-17,2025-03-19,2025-03-10,EUR,26722.69
AR-DE01-202502-0061,DE01,C016,2025-02-26,2025-03-28,2025-03-24,EUR,8571.15
AR-DE01-202502-0062,DE01,C023,2025-02-12,2025-03-14,2025-03-15,EUR,12847.08
AR-DE01-202502-0063,DE01,C028,2025-02-15,2025-03-17,2025-03-24,EUR,18066.08
AR-DE01-202502-0064,DE01,C036,2025-02-13,2025-03-30,2025-03-31,EUR,3737.03
AR-DE01-202502-0065,DE01,C013,2025-02-18,2025-04-04,2025-03-24,EUR,7858.09
AR-DE01-202502-0066,DE01,C014,2025-02-18,2025-04-04,2025-03-02,EUR,4221.6
AR-DE01-202502-0067,DE01,C037,2025-02-19,2025-03-21,2025-03-24,EUR,8073.72
AR-DE01-202502-0068,DE01,C004,2025-02-26,2025-04-12,2025-03-21,EUR,18763.95
AR-DE01-202502-0069,DE01,C040,2025-02-02,2025-03-04,2025-03-20,EUR,5468.57
AR-DE01-202502-0070,DE01,C007,2025-02-26,2025-03-28,2025-04-26,EUR,4255.71
AR-DE01-202502-0071,DE01,C017,2025-02-01,2025-03-03,2025-03-14,EUR,15458.63
AR-DE01-202502-0072,DE01,C033,2025-02-05,2025-03-07,2025-03-22,EUR,18771.37
AR-DE01-202502-0073,DE01,C015,2025-02-13,2025-03-15,2025-03-26,EUR,50800.07
AR-DE01-202502-0074,DE01,C012,2025-02-18,2025-03-20,2025-03-28,EUR,6657.35
AR-DE01-202502-0075,DE01,C010,2025-02-24,2025-04-10,2025-03-21,EUR,15880.24
AR-DE01-202502-0076,DE01,C024,2025-02-02,2025-03-04,2025-02-27,EUR,23361.06
AR-DE01-202502-0077,DE01,C030,2025-02-12,2025-03-14,2025-03-26,EUR,1464.53
AR-DE01-202502-0078,DE01,C005,2025-02-18,2025-03-20,2025-03-30,EUR,4022.28
AR-DE01-202502-0079,DE01,C020,2025-02-27,2025-03-29,2025-03-25,EUR,6670.61
AR-DE01-202502-0080,DE01,C027,2025-02-25,2025-03-27,2025-03-27,EUR,9361.76
AR-DE01-202502-0081,DE01,C012,2025-02-23,2025-03-25,2025-04-02,EUR,11950.17
AR-DE01-202502-0082,DE01,C034,2025-02-11,2025-03-13,2025-03-31,EUR,8555.25
AR-DE01-202502-0083,DE01,C028,2025-02-08,2025-03-25,2025-03-18,EUR,26894.91
AR-DE01-202502-0084,DE01,C017,2025-02-12,2025-03-14,2025-03-10,EUR,46176.6
AR-DE01-202502-0085,DE01,C017,2025-02-17,2025-03-19,2025-03-23,EUR,6823.96
AR-DE01-202502-0086,DE01,C020,2025-02-26,2025-04-12,2025-03-31,EUR,27551.67
AR-DE01-202502-0087,DE01,C028,2025-02-27,2025-04-13,2025-04-12,EUR,17162.28
AR-DE01-202502-0088,DE01,C035,2025-02-19,2025-03-21,2025-03-17,EUR,70067.26
AR-DE01-202502-0089,DE01,C002,2025-02-07,2025-03-24,2025-03-22,EUR,10594.59
AR-DE01-202502-0090,DE01,C039,2025-02-19,2025-04-05,2025-04-13,EUR,5463.94
AR-DE01-202502-0091,DE01,C034,2025-02-12,2025-03-14,2025-05-01,EUR,10064.05
AR-DE01-202502-0092,DE01,C014,2025-02-01,2025-03-18,2025-03-07,EUR,9730.86
AR-DE01-202502-0093,DE01,C017,2025-02-20,2025-03-22,2025-03-18,EUR,32908.09
AR-DE01-202502-0094,DE01,C030,2025-02-26,2025-03-28,2025-04-22,EUR,8335.4
AR-DE01-202502-0095,DE01,C007,2025-02-25,2025-03-27,2025-06-03,EUR,3468.76
AR-DE01-202502-0096,DE01,C011,2025-02-12,2025-03-14,2025-04-09,EUR,30168.54
AR-DE01-202502-0097,DE01,C032,2025-02-13,2025-03-15,2025-03-12,EUR,23813.68
AR-DE01-202502-0098,DE01,C013,2025-02-06,2025-03-08,2025-03-27,EUR,3391.62
AR-DE01-202502-0099,DE01,C039,2025-02-05,2025-03-07,2025-03-28,EUR,4694.38
AR-DE01-202502-0100,DE01,C016,2025-02-11,2025-03-13,2025-04-07,EUR,2896.48
AR-DE01-202502-0101,DE01,C012,2025-02-15,2025-03-17,2025-04-23,EUR,3739.29
AR-DE01-202502-0102,DE01,C015,2025-02-20,2025-03-22,2025-05-14,EUR,6582.45
AR-DE01-202502-0103,DE01,C024,2025-02-19,2025-04-05,2025-04-13,EUR,582.72
AR-DE01-202502-0104,DE01,C006,2025-02-28,2025-03-30,2025-03-23,EUR,4653.7
AR-DE01-202502-0105,DE01,C031,2025-02-19,2025-03-21,2025-03-25,EUR,9262.8
AR-DE01-202502-0106,DE01,C015,2025-02-02,2025-03-19,2025-03-06,EUR,30550.79
AR-DE01-202502-0107,DE01,C031,2025-02-16,2025-03-18,2025-04-13,EUR,21882.33
AR-DE01-202502-0108,DE01,C009,2025-02-05,2025-03-07,2025-02-26,EUR,1906.19
AR-DE01-202502-0109,DE01,C024,2025-02-24,2025-04-10,2025-04-17,EUR,16051.31
AR-DE01-202502-0110,DE01,C022,2025-02-12,2025-03-14,2025-04-02,EUR,8793.54
AR-DE01-202502-0111,DE01,C015,2025-02-23,2025-03-25,2025-04-23,EUR,12893.61
AR-DE01-202502-0112,DE01,C016,2025-02-15,2025-03-17,2025-04-17,EUR,8224.07
AR-DE01-202502-0113,DE01,C015,2025-02-23,2025-03-25,2025-05-01,EUR,4091.21
AR-DE01-202502-0114,DE01,C034,2025-02-25,2025-04-11,2025-04-15,EUR,10435.43
AR-DE01-202502-0115,DE01,C022,2025-02-18,2025-04-04,2025-05-10,EUR,1475.3
AR-DE01-202502-0116,DE01,C038,2025-02-17,2025-03-19,2025-04-14,EUR,4670.99
AR-DE01-202502-0117,DE01,C005,2025-02-19,2025-03-21,2025-03-28,EUR,15442.97
AR-DE01-202502-0118,DE01,C005,2025-02-17,2025-04-03,2025-04-16,EUR,1296.46
AR-DE01-202502-0119,DE01,C020,2025-02-13,2025-03-15,2025-03-25,EUR,5530.47
AR-DE01-202502-0120,DE01,C027,2025-02-17,2025-03-19,2025-04-05,EUR,3073.97
AR-DE01-202502-0121,DE01,C007,2025-02-09,2025-03-26,2025-03-02,EUR,12200.77
AR-DE01-202502-0122,DE01,C007,2025-02-07,2025-03-09,2025-03-08,EUR,38536.57
AR-DE01-202502-0123,DE01,C030,2025-02-23,2025-04-09,2025-04-03,EUR,9434.25
AR-DE01-202502-0124,DE01,C040,2025-02-22,2025-03-24,2025-04-04,EUR,17516.84
AR-DE01-202502-0125,DE01,C018,2025-02-13,2025-03-15,2025-03-17,EUR,7276.2
AR-DE01-202502-0126,DE01,C020,2025-02-21,2025-03-23,2025-03-18,EUR,2527.73
AR-DE01-202502-0127,DE01,C033,2025-02-10,2025-03-12,2025-03-27,EUR,9701.8
AR-DE01-202502-0128,DE01,C023,2025-02-11,2025-03-28,2025-03-26,EUR,9018.03
AR-DE01-202502-0129,DE01,C004,2025-02-28,2025-04-14,2025-03-21,EUR,5980.26
AR-DE01-202502-0130,DE01,C010,2025-02-12,2025-03-14,2025-04-04,EUR,8070.41
AR-DE01-202502-0131,DE01,C037,2025-02-27,2025-03-29,2025-04-03,EUR,7996.35
AR-DE01-202502-0132,DE01,C028,2025-02-27,2025-04-13,2025-04-08,EUR,7815.69
AR-DE01-202502-0133,DE01,C018,2025-02-10,2025-03-12,2025-04-14,EUR,6928.32
AR-DE01-202502-0134,DE01,C039,2025-02-15,2025-03-17,2025-03-01,EUR,11749.83
AR-DE01-202502-0135,DE01,C030,2025-02-07,2025-03-09,2025-04-08,EUR,20291.47
AR-DE01-202502-0136,DE01,C039,2025-02-10,2025-03-12,2025-03-25,EUR,2787.34
AR-DE01-202502-0137,DE01,C002,2025-02-27,2025-03-29,2025-03-28,EUR,11597.03
AR-DE01-202502-0138,DE01,C012,2025-02-09,2025-03-26,2025-03-25,EUR,14392.39
AR-DE01-202502-0139,DE01,C019,2025-02-03,2025-03-05,2025-03-09,EUR,6623.28
AR-DE01-202503-0001,DE01,C006,2025-03-13,2025-04-12,2025-04-19,EUR,10171.62
AR-DE01-202503-0002,DE01,C028,2025-03-10,2025-04-09,2025-05-15,EUR,5175.79
AR-DE01-202503-0003,DE01,C009,2025-03-27,2025-04-26,2025-04-26,EUR,42310.11
AR-DE01-202503-0004,DE01,C025,2025-03-09,2025-04-08,2025-04-20,EUR,2218.43
AR-DE01-202503-0005,DE01,C014,2025-03-17,2025-05-01,2025-04-23,EUR,7704.97
AR-DE01-202503-0006,DE01,C036,2025-03-16,2025-04-15,2025-04-30,EUR,1468.3
AR-DE01-202503-0007,DE01,C001,2025-03-29,2025-05-13,2025-05-04,EUR,1116.25
AR-DE01-202503-0008,DE01,C011,2025-03-01,2025-04-15,2025-03-29,EUR,44438.88
AR-DE01-202503-0009,DE01,C026,2025-03-30,2025-04-29,2025-05-01,EUR,28849.11
AR-DE01-202503-0010,DE01,C006,2025-03-17,2025-05-01,2025-04-11,EUR,8114.97
AR-DE01-202503-0011,DE01,C008,2025-03-21,2025-04-20,2025-05-04,EUR,20564.58
AR-DE01-202503-0012,DE01,C004,2025-03-06,2025-04-05,2025-04-05,EUR,4456.82
AR-DE01-202503-0013,DE01,C016,2025-03-06,2025-04-05,2025-04-15,EUR,57168.92
AR-DE01-202503-0014,DE01,C040,2025-03-21,2025-04-20,2025-05-05,EUR,16048.55
AR-DE01-202503-0015,DE01,C003,2025-03-08,2025-04-07,2025-04-04,EUR,13383.18
AR-DE01-202503-0016,DE01,C036,2025-03-31,2025-04-30,2025-04-22,EUR,7570.82
AR-DE01-202503-0017,DE01,C024,2025-03-23,2025-05-07,2025-04-20,EUR,2816.27
AR-DE01-202503-0018,DE01,C025,2025-03-20,2025-04-19,2025-05-02,EUR,3534.81
AR-DE01-202503-0019,DE01,C031,2025-03-14,2025-04-13,2025-04-25,EUR,9196.53
AR-DE01-202503-0020,DE01,C036,2025-03-22,2025-04-21,2025-05-12,EUR,38192.26
AR-DE01-202503-0021,DE01,C001,2025-03-07,2025-04-06,2025-04-16,EUR,5054.32
AR-DE01-202503-0022,DE01,C028,2025-03-19,2025-04-18,2025-05-23,EUR,11341.85
AR-DE01-202503-0023,DE01,C034,2025-03-11,2025-04-10,2025-05-04,EUR,2110.13
AR-DE01-202503-0024,DE01,C026,2025-03-04,2025-04-18,2025-03-25,EUR,7484.46
AR-DE01-202503-0025,DE01,C003,2025-03-21,2025-05-05,2025-05-29,EUR,1774.57
AR-DE01-202503-0026,DE01,C036,2025-03-23,2025-04-22,2025-04-08,EUR,13660.87
AR-DE01-202503-0027,DE01,C020,2025-03-24,2025-05-08,2025-04-20,EUR,14228.92
AR-DE01-202503-0028,DE01,C033,2025-03-30,2025-05-14,2025-04-22,EUR,21802.15
AR-DE01-202503-0029,DE01,C017,2025-03-04,2025-04-03,2025-03-27,EUR,5714.18
AR-DE01-202503-0030,DE01,C027,2025-03-07,2025-04-06,2025-04-20,EUR,19463.6
AR-DE01-202503-0031,DE01,C020,2025-03-25,2025-04-24,2025-05-03,EUR,1587.96
AR-DE01-202503-0032,DE01,C021,2025-03-04,2025-04-18,2025-04-23,EUR,10626.23
AR-DE01-202503-0033,DE01,C033,2025-03-10,2025-04-09,2025-04-24,EUR,4949.62
AR-DE01-202503-0034,DE01,C010,2025-03-19,2025-04-18,2025-05-06,EUR,24371.19
AR-DE01-202503-0035,DE01,C010,2025-03-08,2025-04-07,2025-04-23,EUR,31538.62
AR-DE01-202503-0036,DE01,C035,2025-03-11,2025-04-10,2025-04-22,EUR,12469.13
AR-DE01-202503-0037,DE01,C039,2025-03-08,2025-04-22,2025-05-04,EUR,12282.02
AR-DE01-202503-0038,DE01,C032,2025-03-31,2025-05-15,2025-04-30,EUR,4125.47
AR-DE01-202503-0039,DE01,C035,2025-03-20,2025-04-19,2025-04-12,EUR,8736.66
AR-DE01-202503-0040,DE01,C025,2025-03-07,2025-04-21,2025-04-04,EUR,19246.05
AR-DE01-202503-0041,DE01,C032,2025-03-16,2025-04-30,2025-04-08,EUR,17601.07
AR-DE01-202503-0042,DE01,C020,2025-03-08,2025-04-07,2025-04-06,EUR,2041.26
AR-DE01-202503-0043,DE01,C036,2025-03-24,2025-04-23,2025-06-05,EUR,2676.37
AR-DE01-202503-0044,DE01,C008,2025-03-19,2025-04-18,2025-04-18,EUR,19011.42
AR-DE01-202503-0045,DE01,C027,2025-03-08,2025-04-07,2025-04-30,EUR,7166.66
AR-DE01-202503-0046,DE01,C040,2025-03-24,2025-04-23,2025-05-09,EUR,6609.89
AR-DE01-202503-0047,DE01,C029,2025-03-27,2025-04-26,2025-05-11,EUR,5851.22
AR-DE01-202503-0048,DE01,C020,2025-03-31,2025-04-30,2025-05-30,EUR,4394.81
AR-DE01-202503-0049,DE01,C008,2025-03-18,2025-04-17,2025-05-05,EUR,11927.56
AR-DE01-202503-0050,DE01,C025,2025-03-08,2025-04-07,2025-05-31,EUR,12118.3
AR-DE01-202503-0051,DE01,C004,2025-03-23,2025-04-22,2025-04-29,EUR,4332.34
AR-DE01-202503-0052,DE01,C039,2025-03-01,2025-04-15,2025-04-02,EUR,1714.69
AR-DE01-202503-0053,DE01,C027,2025-03-03,2025-04-17,2025-04-07,EUR,6524.59
AR-DE01-202503-0054,DE01,C032,2025-03-02,2025-04-01,2025-06-01,EUR,7092.42
AR-DE01-202503-0055,DE01,C006,2025-03-02,2025-04-01,2025-04-14,EUR,14577.15
AR-DE01-202503-0056,DE01,C009,2025-03-06,2025-04-05,2025-04-17,EUR,1460.48
AR-DE01-202503-0057,DE01,C002,2025-03-04,2025-04-18,2025-04-29,EUR,13901.96
AR-DE01-202503-0058,DE01,C022,2025-03-22,2025-04-21,2025-05-02,EUR,7127.41
AR-DE01-202503-0059,DE01,C038,2025-03-24,2025-04-23,2025-05-11,EUR,1196.86
AR-DE01-202503-0060,DE01,C037,2025-03-25,2025-04-24,2025-05-14,EUR,4014.3
AR-DE01-202503-0061,DE01,C012,2025-03-30,2025-04-29,2025-05-07,EUR,5878.8
AR-DE01-202503-0062,DE01,C020,2025-03-16,2025-04-15,2025-04-21,EUR,17869.38
AR-DE01-202503-0063,DE01,C024,2025-03-28,2025-05-12,2025-05-17,EUR,16159.81
AR-DE01-202503-0064,DE01,C028,2025-03-02,2025-04-01,2025-05-09,EUR,4006.03
AR-DE01-202503-0065,DE01,C012,2025-03-02,2025-04-01,2025-04-13,EUR,7314.28
AR-DE01-202503-0066,DE01,C034,2025-03-04,2025-04-18,2025-03-31,EUR,8963.84
AR-DE01-202503-0067,DE01,C026,2025-03-16,2025-04-15,2025-04-26,EUR,1675.86
AR-DE01-202503-0068,DE01,C010,2025-03-31,2025-05-15,2025-04-23,EUR,5642.45
AR-DE01-202503-0069,DE01,C001,2025-03-11,2025-04-25,2025-04-09,EUR,5160.02
AR-DE01-202503-0070,DE01,C016,2025-03-13,2025-04-27,2025-04-18,EUR,10963.36
AR-DE01-202503-0071,DE01,C007,2025-03-25,2025-04-24,2025-04-25,EUR,7445.02
AR-DE01-202503-0072,DE01,C006,2025-03-21,2025-04-20,2025-05-10,EUR,8026.69
AR-DE01-202503-0073,DE01,C024,2025-03-27,2025-05-11,2025-05-12,EUR,3528.65
AR-DE01-202503-0074,DE01,C018,2025-03-19,2025-05-03,2025-05-02,EUR,40081.96
AR-DE01-202503-0075,DE01,C039,2025-03-19,2025-04-18,2025-04-29,EUR,7176.8
AR-DE01-202503-0076,DE01,C014,2025-03-30,2025-04-29,2025-05-04,EUR,5045.68
AR-DE01-202503-0077,DE01,C022,2025-03-27,2025-04-26,2025-04-19,EUR,3125.41
AR-DE01-202503-0078,DE01,C024,2025-03-15,2025-04-29,2025-04-30,EUR,9406.84
AR-DE01-202503-0079,DE01,C037,2025-03-05,2025-04-19,2025-03-31,EUR,5345.21
AR-DE01-202503-0080,DE01,C023,2025-03-03,2025-04-02,2025-05-10,EUR,59708.2
AR-DE01-202503-0081,DE01,C008,2025-03-14,2025-04-28,2025-05-10,EUR,9216.62
AR-DE01-202503-0082,DE01,C017,2025-03-31,2025-05-15,2025-05-16,EUR,7052.61
AR-DE01-202503-0083,DE01,C034,2025-03-29,2025-05-13,2025-04-19,EUR,3091.51
AR-DE01-202503-0084,DE01,C013,2025-03-27,2025-04-26,2025-05-11,EUR,40162.76
AR-DE01-202503-0085,DE01,C022,2025-03-04,2025-04-03,2025-04-04,EUR,5195.57
AR-DE01-202503-0086,DE01,C021,2025-03-02,2025-04-01,2025-03-20,EUR,2512.57
AR-DE01-202503-0087,DE01,C037,2025-03-09,2025-04-23,2025-05-01,EUR,8125.27
AR-DE01-202503-0088,DE01,C033,2025-03-21,2025-05-05,2025-04-18,EUR,2776.6
AR-DE01-202503-0089,DE01,C010,2025-03-22,2025-04-21,2025-04-26,EUR,22234.42
AR-DE01-202503-0090,DE01,C027,2025-03-08,2025-04-07,2025-04-19,EUR,12749.09
AR-DE01-202503-0091,DE01,C002,2025-03-24,2025-05-08,2025-05-13,EUR,25579.7
AR-DE01-202503-0092,DE01,C014,2025-03-19,2025-05-03,2025-06-02,EUR,17191.39
AR-DE01-202503-0093,DE01,C008,2025-03-18,2025-05-02,2025-04-22,EUR,7793.93
AR-DE01-202503-0094,DE01,C015,2025-03-22,2025-04-21,2025-04-27,EUR,1911.21
AR-DE01-202503-0095,DE01,C018,2025-03-08,2025-04-07,2025-05-01,EUR,6548.81
AR-DE01-202503-0096,DE01,C039,2025-03-28,2025-04-27,2025-05-10,EUR,1730.04
AR-DE01-202503-0097,DE01,C016,2025-03-01,2025-03-31,2025-05-08,EUR,8588.41
AR-DE01-202503-0098,DE01,C012,2025-03-04,2025-04-03,2025-04-16,EUR,3666.54
AR-DE01-202503-0099,DE01,C031,2025-03-19,2025-04-18,2025-04-16,EUR,5602.47
AR-DE01-202503-0100,DE01,C038,2025-03-01,2025-04-15,2025-03-28,EUR,18640.35
AR-DE01-202503-0101,DE01,C020,2025-03-19,2025-05-03,2025-04-13,EUR,26408.03
AR-DE01-202503-0102,DE01,C005,2025-03-12,2025-04-11,2025-05-09,EUR,12880.03
AR-DE01-202503-0103,DE01,C003,2025-03-06,2025-04-05,2025-04-09,EUR,1422.51
AR-DE01-202503-0104,DE01,C013,2025-03-25,2025-04-24,2025-04-29,EUR,4264.21
AR-DE01-202503-0105,DE01,C032,2025-03-30,2025-04-29,2025-05-08,EUR,4221.52
AR-DE01-202503-0106,DE01,C021,2025-03-28,2025-04-27,2025-05-23,EUR,7980.68
AR-DE01-202503-0107,DE01,C040,2025-03-02,2025-04-01,2025-04-05,EUR,32720.64
AR-DE01-202503-0108,DE01,C020,2025-03-06,2025-04-20,2025-04-11,EUR,21118.53
AR-DE01-202503-0109,DE01,C032,2025-03-14,2025-04-28,2025-04-19,EUR,3872.28
AR-DE01-202503-0110,DE01,C011,2025-03-31,2025-04-30,2025-04-28,EUR,11089.94
AR-DE01-202503-0111,DE01,C022,2025-03-29,2025-04-28,2025-04-17,EUR,28296.76
AR-DE01-202503-0112,DE01,C002,2025-03-03,2025-04-02,2025-04-09,EUR,36353.69
AR-DE01-202503-0113,DE01,C036,2025-03-26,2025-04-25,2025-04-21,EUR,44076.45
AR-DE01-202503-0114,DE01,C002,2025-03-30,2025-04-29,2025-04-26,EUR,20501.76
AR-DE01-202503-0115,DE01,C040,2025-03-14,2025-04-28,2025-04-27,EUR,57144.95
AR-DE01-202503-0116,DE01,C002,2025-03-27,2025-04-26,2025-05-02,EUR,2189.07
AR-DE01-202503-0117,DE01,C031,2025-03-14,2025-04-28,2025-04-16,EUR,4142.37
AR-DE01-202503-0118,DE01,C014,2025-03-16,2025-04-15,2025-04-12,EUR,2560.37
AR-DE01-202503-0119,DE01,C037,2025-03-15,2025-04-29,2025-04-23,EUR,8433.56
AR-DE01-202503-0120,DE01,C006,2025-03-06,2025-04-05,2025-06-06,EUR,9316.97
AR-DE01-202503-0121,DE01,C026,2025-03-11,2025-04-10,2025-04-08,EUR,3051.8
AR-DE01-202503-0122,DE01,C002,2025-03-29,2025-04-28,2025-05-05,EUR,6830.79
AR-DE01-202503-0123,DE01,C019,2025-03-27,2025-05-11,2025-04-26,EUR,10224.28
AR-DE01-202503-0124,DE01,C038,2025-03-31,2025-05-15,2025-06-16,EUR,27916.21
AR-DE01-202503-0125,DE01,C008,2025-03-03,2025-04-17,2025-04-14,EUR,39444.84
AR-DE01-202503-0126,DE01,C032,2025-03-28,2025-04-27,2025-05-26,EUR,6022.88
AR-DE01-202503-0127,DE01,C002,2025-03-04,2025-04-18,2025-04-22,EUR,11384.96
AR-DE01-202503-0128,DE01,C030,2025-03-23,2025-05-07,2025-05-01,EUR,13548.25
AR-DE01-202503-0129,DE01,C037,2025-03-22,2025-04-21,2025-04-26,EUR,21936.94
AR-DE01-202503-0130,DE01,C032,2025-03-31,2025-04-30,2025-05-31,EUR,4735.72
AR-DE01-202503-0131,DE01,C014,2025-03-31,2025-05-15,2025-05-11,EUR,11879.47
AR-DE01-202503-0132,DE01,C018,2025-03-14,2025-04-13,2025-04-30,EUR,6951.94
AR-DE01-202503-0133,DE01,C020,2025-03-05,2025-04-04,2025-04-25,EUR,14768.76
AR-DE01-202503-0134,DE01,C040,2025-03-30,2025-04-29,2025-04-28,EUR,1878.89
AR-DE01-202503-0135,DE01,C025,2025-03-26,2025-05-10,2025-05-21,EUR,12958.51
AR-DE01-202503-0136,DE01,C025,2025-03-11,2025-04-25,2025-04-11,EUR,11727.64
AR-DE01-202503-0137,DE01,C021,2025-03-19,2025-04-18,2025-04-18,EUR,13768.25
AR-DE01-202503-0138,DE01,C035,2025-03-05,2025-04-04,2025-04-16,EUR,1589.59
AR-DE01-202503-0139,DE01,C034,2025-03-30,2025-05-14,2025-05-02,EUR,12664.08
AR-DE01-202503-0140,DE01,C020,2025-03-01,2025-04-15,2025-05-06,EUR,5404.72
AR-DE01-202503-0141,DE01,C002,2025-03-11,2025-04-25,2025-04-16,EUR,23014.33
AR-DE01-202503-0142,DE01,C026,2025-03-21,2025-05-05,2025-04-24,EUR,4600.11
AR-DE01-202503-0143,DE01,C029,2025-03-25,2025-05-09,2025-05-27,EUR,30544.69
AR-DE01-202503-0144,DE01,C016,2025-03-28,2025-04-27,2025-05-21,EUR,14833.42
AR-DE01-202503-0145,DE01,C024,2025-03-07,2025-04-21,2025-04-20,EUR,8987.78
AR-DE01-202503-0146,DE01,C007,2025-03-09,2025-04-23,2025-04-29,EUR,4099.53
AR-DE01-202503-0147,DE01,C002,2025-03-27,2025-04-26,2025-05-14,EUR,11926.54
AR-DE01-202503-0148,DE01,C017,2025-03-16,2025-04-15,2025-05-05,EUR,7957.66
AR-DE01-202504-0001,DE01,C030,2025-04-25,2025-05-25,2025-07-12,EUR,11548.24
AR-DE01-202504-0002,DE01,C040,2025-04-07,2025-05-07,2025-05-06,EUR,19432.51
AR-DE01-202504-0003,DE01,C006,2025-04-10,2025-05-25,2025-05-03,EUR,15738.19
AR-DE01-202504-0004,DE01,C023,2025-04-01,2025-05-16,2025-04-20,EUR,5132.35
AR-DE01-202504-0005,DE01,C008,2025-04-25,2025-05-25,2025-06-19,EUR,28623.56
AR-DE01-202504-0006,DE01,C027,2025-04-08,2025-05-23,2025-05-07,EUR,22562.78
AR-DE01-202504-0007,DE01,C002,2025-04-29,2025-05-29,2025-06-08,EUR,4726.42
AR-DE01-202504-0008,DE01,C014,2025-04-02,2025-05-02,2025-05-12,EUR,6418.87
AR-DE01-202504-0009,DE01,C021,2025-04-28,2025-05-28,2025-06-01,EUR,7721.8
AR-DE01-202504-0010,DE01,C033,2025-04-21,2025-06-05,2025-05-17,EUR,1100.77
AR-DE01-202504-0011,DE01,C036,2025-04-22,2025-06-06,2025-06-07,EUR,5501.45
AR-DE01-202504-0012,DE01,C029,2025-04-24,2025-05-24,2025-05-29,EUR,1653.26
AR-DE01-202504-0013,DE01,C024,2025-04-18,2025-06-02,2025-05-30,EUR,5230.26
AR-DE01-202504-0014,DE01,C024,2025-04-26,2025-06-10,2025-06-04,EUR,16829.14
AR-DE01-202504-0015,DE01,C015,2025-04-02,2025-05-02,2025-05-22,EUR,18486.35
AR-DE01-202504-0016,DE01,C002,2025-04-19,2025-06-03,2025-06-05,EUR,6307.32
AR-DE01-202504-0017,DE01,C022,2025-04-13,2025-05-13,2025-05-15,EUR,28617.22
AR-DE01-202504-0018,DE01,C039,2025-04-14,2025-05-14,2025-05-28,EUR,3587.35
AR-DE01-202504-0019,DE01,C027,2025-04-19,2025-06-03,2025-05-14,EUR,12714.19
AR-DE01-202504-0020,DE01,C032,2025-04-07,2025-05-07,2025-05-01,EUR,34883.04
AR-DE01-202504-0021,DE01,C038,2025-04-01,2025-05-01,2025-06-13,EUR,4110.54
AR-DE01-202504-0022,DE01,C030,2025-04-29,2025-05-29,2025-06-02,EUR,18382.06
AR-DE01-202504-0023,DE01,C040,2025-04-08,2025-05-08,2025-05-04,EUR,5930.83
AR-DE01-202504-0024,DE01,C005,2025-04-01,2025-05-01,2025-05-05,EUR,12519.3
AR-DE01-202504-0025,DE01,C019,2025-04-16,2025-05-16,2025-06-18,EUR,2360.5
AR-DE01-202504-0026,DE01,C012,2025-04-14,2025-05-14,2025-06-07,EUR,4017.62
AR-DE01-202504-0027,DE01,C039,2025-04-27,2025-05-27,2025-05-27,EUR,13815.37
AR-DE01-202504-0028,DE01,C035,2025-04-02,2025-05-17,2025-05-29,EUR,4486.67
AR-DE01-202504-0029,DE01,C008,2025-04-23,2025-06-07,2025-06-19,EUR,9897.75
AR-DE01-202504-0030,DE01,C035,2025-04-09,2025-05-24,2025-05-25,EUR,3423.91
AR-DE01-202504-0031,DE01,C023,2025-04-11,2025-05-26,2025-05-12,EUR,21140.91
AR-DE01-202504-0032,DE01,C023,2025-04-24,2025-05-24,2025-06-08,EUR,45491.67
AR-DE01-202504-0033,DE01,C015,2025-04-27,2025-05-27,2025-06-09,EUR,3998.05
AR-DE01-202504-0034,DE01,C039,2025-04-14,2025-05-29,2025-05-11,EUR,43713.26
AR-DE01-202504-0035,DE01,C018,2025-04-21,2025-05-21,2025-06-10,EUR,14704.67
AR-DE01-202504-0036,DE01,C035,2025-04-18,2025-05-18,2025-05-12,EUR,18799.77
AR-DE01-202504-0037,DE01,C032,2025-04-16,2025-05-31,2025-05-11,EUR,7466.59
AR-DE01-202504-0038,DE01,C017,2025-04-12,2025-05-12,2025-05-18,EUR,4008.0
AR-DE01-202504-0039,DE01,C035,2025-04-16,2025-05-16,2025-07-19,EUR,3559.28
AR-DE01-202504-0040,DE01,C018,2025-04-10,2025-05-25,2025-05-11,EUR,18422.42
AR-DE01-202504-0041,DE01,C007,2025-04-09,2025-05-09,2025-05-03,EUR,5669.59
AR-DE01-202504-0042,DE01,C020,2025-04-21,2025-05-21,2025-05-13,EUR,32669.04
AR-DE01-202504-0043,DE01,C015,2025-04-06,2025-05-06,2025-05-04,EUR,10951.58
AR-DE01-202504-0044,DE01,C017,2025-04-02,2025-05-02,2025-05-10,EUR,34627.32
AR-DE01-202504-0045,DE01,C036,2025-04-22,2025-05-22,2025-05-07,EUR,36873.78
AR-DE01-202504-0046,DE01,C033,2025-04-17,2025-05-17,2025-05-18,EUR,34785.38
AR-DE01-202504-0047,DE01,C023,2025-04-25,2025-05-25,2025-05-24,EUR,5129.14
AR-DE01-202504-0048,DE01,C031,2025-04-23,2025-05-23,2025-06-27,EUR,11078.16
AR-DE01-202504-0049,DE01,C025,2025-04-08,2025-05-23,2025-06-02,EUR,1724.08
AR-DE01-202504-0050,DE01,C015,2025-04-22,2025-05-22,2025-06-15,EUR,31323.32
AR-DE01-202504-0051,DE01,C036,2025-04-29,2025-05-29,2025-06-03,EUR,557.7
AR-DE01-202504-0052,DE01,C012,2025-04-05,2025-05-05,2025-05-10,EUR,29361.36
AR-DE01-202504-0053,DE01,C022,2025-04-20,2025-05-20,2025-07-07,EUR,2793.63
AR-DE01-202504-0054,DE01,C010,2025-04-02,2025-05-02,2025-05-17,EUR,7731.75
AR-DE01-202504-0055,DE01,C008,2025-04-08,2025-05-08,2025-05-21,EUR,9362.0
AR-DE01-202504-0056,DE01,C018,2025-04-26,2025-05-26,2025-05-25,EUR,55065.08
AR-DE01-202504-0057,DE01,C017,2025-04-13,2025-05-13,2025-06-17,EUR,7153.03
AR-DE01-202504-0058,DE01,C013,2025-04-13,2025-05-28,2025-05-09,EUR,6353.77
AR-DE01-202504-0059,DE01,C029,2025-04-25,2025-05-25,2025-06-14,EUR,17434.34
AR-DE01-202504-0060,DE01,C008,2025-04-11,2025-05-11,2025-05-27,EUR,3258.12
AR-DE01-202504-0061,DE01,C037,2025-04-13,2025-05-13,2025-06-02,EUR,3086.05
AR-DE01-202504-0062,DE01,C040,2025-04-11,2025-05-11,2025-07-01,EUR,12211.23
AR-DE01-202504-0063,DE01,C003,2025-04-05,2025-05-20,2025-05-01,EUR,2381.25
AR-DE01-202504-0064,DE01,C032,2025-04-08,2025-05-23,2025-05-02,EUR,14824.14
AR-DE01-202504-0065,DE01,C034,2025-04-03,2025-05-03,2025-05-28,EUR,7529.1
AR-DE01-202504-0066,DE01,C011,2025-04-08,2025-05-08,2025-06-02,EUR,12460.81
AR-DE01-202504-0067,DE01,C004,2025-04-10,2025-05-25,2025-05-21,EUR,8970.22
AR-DE01-202504-0068,DE01,C034,2025-04-23,2025-05-23,2025-05-28,EUR,5495.74
AR-DE01-202504-0069,DE01,C032,2025-04-18,2025-05-18,2025-05-08,EUR,5540.78
AR-DE01-202504-0070,DE01,C005,2025-04-26,2025-05-26,2025-07-29,EUR,2460.6
AR-DE01-202504-0071,DE01,C016,2025-04-10,2025-05-10,2025-05-25,EUR,2439.36
AR-DE01-202504-0072,DE01,C017,2025-04-21,2025-05-21,2025-05-29,EUR,12265.86
AR-DE01-202504-0073,DE01,C003,2025-04-15,2025-05-15,2025-05-21,EUR,2583.9
AR-DE01-202504-0074,DE01,C023,2025-04-20,2025-05-20,2025-06-07,EUR,5906.53
AR-DE01-202504-0075,DE01,C026,2025-04-12,2025-05-12,2025-05-13,EUR,9674.84
AR-DE01-202504-0076,DE01,C015,2025-04-07,2025-05-07,2025-05-05,EUR,55427.05
AR-DE01-202504-0077,DE01,C025,2025-04-09,2025-05-09,2025-05-22,EUR,15197.94
AR-DE01-202504-0078,DE01,C035,2025-04-06,2025-05-06,2025-05-25,EUR,36709.74
AR-DE01-202504-0079,DE01,C007,2025-04-25,2025-06-09,2025-06-20,EUR,6475.11
AR-DE01-202504-0080,DE01,C017,2025-04-02,2025-05-17,2025-05-24,EUR,8397.7
AR-DE01-202504-0081,DE01,C017,2025-04-12,2025-05-27,2025-05-11,EUR,3320.71
AR-DE01-202504-0082,DE01,C037,2025-04-04,2025-05-04,2025-06-07,EUR,8411.03
AR-DE01-202504-0083,DE01,C003,2025-04-26,2025-05-26,2025-06-02,EUR,18783.11
AR-DE01-202504-0084,DE01,C040,2025-04-20,2025-05-20,2025-07-09,EUR,764.58
AR-DE01-202504-0085,DE01,C038,2025-04-08,2025-05-23,2025-05-05,EUR,7724.23
AR-DE01-202504-0086,DE01,C005,2025-04-15,2025-05-15,2025-06-06,EUR,6564.15
AR-DE01-202504-0087,DE01,C013,2025-04-09,2025-05-09,2025-04-30,EUR,5165.78
AR-DE01-202504-0088,DE01,C020,2025-04-11,2025-05-11,2025-06-20,EUR,3585.88
AR-DE01-202504-0089,DE01,C020,2025-04-09,2025-05-09,2025-05-05,EUR,2492.15
AR-DE01-202504-0090,DE01,C008,2025-04-30,2025-06-14,2025-06-15,EUR,2679.95
AR-DE01-202504-0091,DE01,C007,2025-04-27,2025-05-27,2025-05-26,EUR,7918.62
AR-DE01-202504-0092,DE01,C021,2025-04-25,2025-05-25,2025-06-07,EUR,7284.52
AR-DE01-202504-0093,DE01,C040,2025-04-08,2025-05-08,2025-05-18,EUR,7805.42
AR-DE01-202504-0094,DE01,C023,2025-04-08,2025-05-08,2025-05-18,EUR,10621.32
AR-DE01-202504-0095,DE01,C017,2025-04-12,2025-05-27,2025-05-21,EUR,3270.43
AR-DE01-202504-0096,DE01,C023,2025-04-11,2025-05-11,2025-05-15,EUR,4616.92
AR-DE01-202504-0097,DE01,C013,2025-04-24,2025-05-24,2025-06-12,EUR,4825.76
AR-DE01-202504-0098,DE01,C010,2025-04-10,2025-05-25,2025-04-30,EUR,8658.37
AR-DE01-202504-0099,DE01,C030,2025-04-01,2025-05-01,2025-05-30,EUR,9958.01
AR-DE01-202504-0100,DE01,C025,2025-04-20,2025-05-20,2025-05-27,EUR,4765.37
AR-DE01-202504-0101,DE01,C029,2025-04-21,2025-05-21,2025-06-15,EUR,33580.46
AR-DE01-202504-0102,DE01,C020,2025-04-26,2025-05-26,2025-06-21,EUR,53055.96
AR-DE01-202504-0103,DE01,C027,2025-04-08,2025-05-08,2025-05-17,EUR,5771.78
AR-DE01-202504-0104,DE01,C013,2025-04-11,2025-05-11,2025-05-04,EUR,6761.61
AR-DE01-202504-0105,DE01,C039,2025-04-22,2025-05-22,2025-06-08,EUR,1712.45
AR-DE01-202504-0106,DE01,C036,2025-04-13,2025-05-28,2025-05-31,EUR,6095.14
AR-DE01-202504-0107,DE01,C033,2025-04-11,2025-05-26,2025-05-04,EUR,9021.4
AR-DE01-202504-0108,DE01,C016,2025-04-24,2025-05-24,2025-05-28,EUR,1357.02
AR-DE01-202504-0109,DE01,C022,2025-04-07,2025-05-07,2025-05-20,EUR,7716.16
AR-DE01-202504-0110,DE01,C011,2025-04-26,2025-05-26,2025-06-08,EUR,3590.07
AR-DE01-202504-0111,DE01,C024,2025-04-16,2025-05-16,2025-05-12,EUR,15793.63
AR-DE01-202504-0112,DE01,C015,2025-04-02,2025-05-17,2025-04-25,EUR,4597.63
AR-DE01-202504-0113,DE01,C038,2025-04-27,2025-06-11,2025-06-06,EUR,1823.13
AR-DE01-202504-0114,DE01,C035,2025-04-12,2025-05-12,2025-05-27,EUR,5707.38
AR-DE01-202504-0115,DE01,C039,2025-04-29,2025-05-29,2025-06-27,EUR,4078.12
AR-DE01-202504-0116,DE01,C039,2025-04-30,2025-06-14,2025-06-04,EUR,11393.41
AR-DE01-202504-0117,DE01,C023,2025-04-13,2025-05-13,2025-06-10,EUR,1655.37
AR-DE01-202504-0118,DE01,C007,2025-04-15,2025-05-30,2025-05-13,EUR,4618.75
AR-DE01-202504-0119,DE01,C017,2025-04-21,2025-05-21,2025-05-26,EUR,4977.33
AR-DE01-202504-0120,DE01,C007,2025-04-14,2025-05-14,2025-05-28,EUR,40222.39
AR-DE01-202504-0121,DE01,C038,2025-04-19,2025-05-19,2025-06-12,EUR,9971.77
AR-DE01-202504-0122,DE01,C024,2025-04-29,2025-05-29,2025-05-25,EUR,3722.07
AR-DE01-202504-0123,DE01,C016,2025-04-10,2025-05-10,2025-05-09,EUR,22871.0
AR-DE01-202504-0124,DE01,C001,2025-04-22,2025-06-06,2025-05-29,EUR,26183.25
AR-DE01-202504-0125,DE01,C036,2025-04-23,2025-05-23,2025-06-01,EUR,4145.9
AR-DE01-202504-0126,DE01,C026,2025-04-06,2025-05-06,2025-05-14,EUR,8552.66
AR-DE01-202504-0127,DE01,C038,2025-04-11,2025-05-11,2025-06-15,EUR,12287.32
AR-DE01-202504-0128,DE01,C002,2025-04-09,2025-05-09,2025-05-11,EUR,8550.54
AR-DE01-202504-0129,DE01,C017,2025-04-02,2025-05-17,2025-05-17,EUR,2494.78
AR-DE01-202504-0130,DE01,C008,2025-04-30,2025-05-30,2025-05-25,EUR,10459.56
AR-DE01-202504-0131,DE01,C006,2025-04-27,2025-05-27,2025-07-07,EUR,11792.74
AR-DE01-202504-0132,DE01,C016,2025-04-19,2025-05-19,2025-05-29,EUR,6362.05
AR-DE01-202504-0133,DE01,C008,2025-04-25,2025-06-09,2025-06-17,EUR,12347.93
AR-DE01-202504-0134,DE01,C007,2025-04-04,2025-05-04,2025-05-18,EUR,21327.25
AR-DE01-202504-0135,DE01,C001,2025-04-18,2025-06-02,2025-05-31,EUR,6136.31
AR-DE01-202504-0136,DE01,C017,2025-04-02,2025-05-17,2025-05-11,EUR,5100.33
AR-DE01-202504-0137,DE01,C003,2025-04-18,2025-05-18,2025-05-14,EUR,10017.78
AR-DE01-202504-0138,DE01,C002,2025-04-10,2025-05-10,2025-05-04,EUR,5233.22
AR-DE01-202504-0139,DE01,C035,2025-04-18,2025-05-18,2025-05-20,EUR,9183.08
AR-DE01-202504-0140,DE01,C016,2025-04-10,2025-05-10,2025-05-11,EUR,6226.5
AR-DE01-202504-0141,DE01,C003,2025-04-09,2025-05-09,2025-05-03,EUR,9373.71
AR-DE01-202504-0142,DE01,C015,2025-04-18,2025-05-18,2025-05-13,EUR,36269.15
AR-DE01-202504-0143,DE01,C030,2025-04-27,2025-05-27,2025-06-21,EUR,12604.58
AR-DE01-202504-0144,DE01,C005,2025-04-14,2025-05-29,2025-05-19,EUR,19899.55
AR-DE01-202504-0145,DE01,C002,2025-04-23,2025-05-23,2025-05-31,EUR,1575.72
AR-DE01-202504-0146,DE01,C010,2025-04-18,2025-05-18,2025-07-23,EUR,9618.33
AR-DE01-202504-0147,DE01,C035,2025-04-16,2025-05-16,2025-06-05,EUR,3329.4
AR-DE01-202504-0148,DE01,C026,2025-04-26,2025-05-26,2025-05-31,EUR,10786.66
AR-DE01-202505-0001,DE01,C031,2025-05-17,2025-06-16,2025-06-07,EUR,9626.87
AR-DE01-202505-0002,DE01,C027,2025-05-29,2025-06-28,2025-07-03,EUR,1775.04
AR-DE01-202505-0003,DE01,C028,2025-05-22,2025-06-21,2025-07-07,EUR,8453.71
AR-DE01-202505-0004,DE01,C020,2025-05-13,2025-06-12,2025-07-05,EUR,8405.6
AR-DE01-202505-0005,DE01,C027,2025-05-13,2025-06-12,2025-07-01,EUR,27271.33
AR-DE01-202505-0006,DE01,C029,2025-05-15,2025-06-14,2025-07-01,EUR,4342.02
AR-DE01-202505-0007,DE01,C034,2025-05-08,2025-06-07,2025-06-12,EUR,15622.05
AR-DE01-202505-0008,DE01,C029,2025-05-09,2025-06-08,2025-05-25,EUR,10308.16
AR-DE01-202505-0009,DE01,C023,2025-05-20,2025-06-19,2025-07-02,EUR,5108.31
AR-DE01-202505-0010,DE01,C025,2025-05-02,2025-06-01,2025-06-12,EUR,10961.22
AR-DE01-202505-0011,DE01,C027,2025-05-29,2025-06-28,2025-07-08,EUR,5524.78
AR-DE01-202505-0012,DE01,C021,2025-05-14,2025-06-28,2025-06-16,EUR,44421.88
AR-DE01-202505-0013,DE01,C026,2025-05-09,2025-06-08,2025-07-13,EUR,4162.98
AR-DE01-202505-0014,DE01,C025,2025-05-15,2025-06-29,2025-06-25,EUR,8750.99
AR-DE01-202505-0015,DE01,C020,2025-05-29,2025-06-28,2025-07-04,EUR,2230.07
AR-DE01-202505-0016,DE01,C012,2025-05-23,2025-06-22,2025-06-20,EUR,4282.54
AR-DE01-202505-0017,DE01,C037,2025-05-06,2025-06-20,2025-06-22,EUR,2728.1
AR-DE01-202505-0018,DE01,C010,2025-05-07,2025-06-06,2025-06-04,EUR,8691.44
AR-DE01-202505-0019,DE01,C037,2025-05-03,2025-06-02,2025-06-27,EUR,34920.03
AR-DE01-202505-0020,DE01,C026,2025-05-19,2025-06-18,2025-06-23,EUR,10450.17
AR-DE01-202505-0021,DE01,C020,2025-05-25,2025-06-24,2025-06-30,EUR,14279.21
AR-DE01-202505-0022,DE01,C020,2025-05-29,2025-07-13,2025-06-25,EUR,16695.34
AR-DE01-202505-0023,DE01,C038,2025-05-30,2025-07-14,2025-06-29,EUR,17956.79
AR-DE01-202505-0024,DE01,C018,2025-05-12,2025-06-11,2025-06-10,EUR,1694.27
AR-DE01-202505-0025,DE01,C019,2025-05-13,2025-06-27,2025-06-17,EUR,31498.12
AR-DE01-202505-0026,DE01,C035,2025-05-16,2025-06-15,2025-06-27,EUR,9200.06
AR-DE01-202505-0027,DE01,C019,2025-05-05,2025-06-19,2025-06-17,EUR,6095.0
AR-DE01-202505-0028,DE01,C022,2025-05-28,2025-06-27,2025-07-28,EUR,1637.53
AR-DE01-202505-0029,DE01,C040,2025-05-03,2025-06-02,2025-06-27,EUR,16981.0
AR-DE01-202505-0030,DE01,C037,2025-05-12,2025-06-11,2025-06-13,EUR,26253.5
AR-DE01-202505-0031,DE01,C023,2025-05-13,2025-06-12,2025-06-15,EUR,11654.95
AR-DE01-202505-0032,DE01,C001,2025-05-07,2025-06-21,2025-07-09,EUR,6651.0
AR-DE01-202505-0033,DE01,C003,2025-05-09,2025-06-23,2025-06-23,EUR,3843.59
AR-DE01-202505-0034,DE01,C031,2025-05-05,2025-06-04,2025-07-06,EUR,14027.96
AR-DE01-202505-0035,DE01,C014,2025-05-23,2025-06-22,2025-06-28,EUR,8882.74
AR-DE01-202505-0036,DE01,C007,2025-05-15,2025-06-14,2025-06-06,EUR,13825.36
AR-DE01-202505-0037,DE01,C033,2025-05-19,2025-07-03,2025-08-10,EUR,3887.6
AR-DE01-202505-0038,DE01,C014,2025-05-30,2025-06-29,2025-07-25,EUR,9916.29
AR-DE01-202505-0039,DE01,C016,2025-05-18,2025-06-17,2025-06-25,EUR,18094.05
AR-DE01-202505-0040,DE01,C005,2025-05-23,2025-07-07,2025-07-07,EUR,2042.06
AR-DE01-202505-0041,DE01,C015,2025-05-13,2025-06-27,2025-07-01,EUR,3938.77
AR-DE01-202505-0042,DE01,C016,2025-05-15,2025-06-14,2025-06-18,EUR,3351.17
AR-DE01-202505-0043,DE01,C030,2025-05-16,2025-06-15,2025-06-15,EUR,9447.26
AR-DE01-202505-0044,DE01,C037,2025-05-21,2025-06-20,2025-07-22,EUR,22112.1
AR-DE01-202505-0045,DE01,C031,2025-05-19,2025-06-18,2025-06-27,EUR,6774.32
AR-DE01-202505-0046,DE01,C012,2025-05-20,2025-06-19,2025-06-25,EUR,3281.9
AR-DE01-202505-0047,DE01,C019,2025-05-11,2025-06-10,2025-07-02,EUR,9161.19
AR-DE01-202505-0048,DE01,C019,2025-05-02,2025-06-01,2025-05-31,EUR,2037.45
AR-DE01-202505-0049,DE01,C023,2025-05-30,2025-07-14,2025-07-07,EUR,27978.88
AR-DE01-202505-0050,DE01,C022,2025-05-05,2025-06-19,2025-06-02,EUR,10782.96
AR-DE01-202505-0051,DE01,C033,2025-05-08,2025-06-07,2025-06-05,EUR,25588.51
AR-DE01-202505-0052,DE01,C017,2025-05-06,2025-06-05,2025-06-11,EUR,11768.0
AR-DE01-202505-0053,DE01,C027,2025-05-21,2025-07-05,2025-07-08,EUR,6179.03
AR-DE01-202505-0054,DE01,C038,2025-05-10,2025-06-09,2025-06-03,EUR,36551.83
AR-DE01-202505-0055,DE01,C012,2025-05-15,2025-06-14,2025-06-14,EUR,7393.26
AR-DE01-202505-0056,DE01,C015,2025-05-29,2025-06-28,2025-07-04,EUR,41401.54
AR-DE01-202505-0057,DE01,C008,2025-05-25,2025-07-09,2025-06-27,EUR,10343.9
AR-DE01-202505-0058,DE01,C007,2025-05-25,2025-06-24,2025-07-22,EUR,2874.81
AR-DE01-202505-0059,DE01,C012,2025-05-17,2025-06-16,2025-06-19,EUR,1668.72
AR-DE01-202505-0060,DE01,C004,2025-05-08,2025-06-07,2025-07-02,EUR,31534.84
AR-DE01-202505-0061,DE01,C001,2025-05-12,2025-06-26,2025-06-14,EUR,3177.12
AR-DE01-202505-0062,DE01,C009,2025-05-22,2025-06-21,2025-07-09,EUR,7843.11
AR-DE01-202505-0063,DE01,C017,2025-05-20,2025-06-19,2025-07-01,EUR,9300.59
AR-DE01-202505-0064,DE01,C010,2025-05-31,2025-07-15,2025-07-29,EUR,8184.87
AR-DE01-202505-0065,DE01,C014,2025-05-18,2025-06-17,2025-06-09,EUR,14967.39
AR-DE01-202505-0066,DE01,C022,2025-05-31,2025-06-30,2025-07-14,EUR,7289.14
AR-DE01-202505-0067,DE01,C002,2025-05-12,2025-06-26,2025-06-09,EUR,6130.17
AR-DE01-202505-0068,DE01,C028,2025-05-31,2025-07-15,2025-07-27,EUR,6868.46
AR-DE01-202505-0069,DE01,C008,2025-05-03,2025-06-17,2025-05-24,EUR,8310.54
AR-DE01-202505-0070,DE01,C022,2025-05-12,2025-06-11,2025-07-21,EUR,93725.79
AR-DE01-202505-0071,DE01,C006,2025-05-27,2025-06-26,2025-07-08,EUR,12044.56
AR-DE01-202505-0072,DE01,C009,2025-05-08,2025-06-22,2025-05-29,EUR,1791.41
AR-DE01-202505-0073,DE01,C007,2025-05-06,2025-06-05,2025-07-23,EUR,18273.3
AR-DE01-202505-0074,DE01,C037,2025-05-17,2025-07-01,2025-06-27,EUR,6574.29
AR-DE01-202505-0075,DE01,C003,2025-05-20,2025-06-19,2025-06-21,EUR,3393.9
AR-DE01-202505-0076,DE01,C024,2025-05-06,2025-06-05,2025-05-30,EUR,7421.97
AR-DE01-202505-0077,DE01,C010,2025-05-09,2025-06-23,2025-07-05,EUR,5546.61
AR-DE01-202505-0078,DE01,C009,2025-05-24,2025-06-23,2025-07-14,EUR,7414.24
AR-DE01-202505-0079,DE01,C004,2025-05-30,2025-07-14,2025-07-04,EUR,5990.7
AR-DE01-202505-0080,DE01,C023,2025-05-18,2025-06-17,2025-07-07,EUR,4127.83
AR-DE01-202505-0081,DE01,C035,2025-05-03,2025-06-02,2025-06-18,EUR,38228.05
AR-DE01-202505-0082,DE01,C028,2025-05-01,2025-05-31,2025-06-20,EUR,9091.85
AR-DE01-202505-0083,DE01,C028,2025-05-24,2025-07-08,2025-07-13,EUR,4434.03
AR-DE01-202505-0084,DE01,C023,2025-05-02,2025-06-16,2025-06-15,EUR,2795.61
AR-DE01-202505-0085,DE01,C009,2025-05-04,2025-06-03,2025-06-01,EUR,9298.05
AR-DE01-202505-0086,DE01,C010,2025-05-01,2025-05-31,2025-06-01,EUR,3346.33
AR-DE01-202505-0087,DE01,C029,2025-05-24,2025-06-23,2025-07-03,EUR,4091.5
AR-DE01-202505-0088,DE01,C012,2025-05-04,2025-06-03,2025-05-28,EUR,5146.67
AR-DE01-202505-0089,DE01,C022,2025-05-21,2025-06-20,2025-07-03,EUR,8109.85
AR-DE01-202505-0090,DE01,C014,2025-05-21,2025-07-05,2025-06-25,EUR,5877.41
AR-DE01-202505-0091,DE01,C017,2025-05-12,2025-06-26,2025-06-17,EUR,11071.78
AR-DE01-202505-0092,DE01,C018,2025-05-16,2025-06-30,2025-07-18,EUR,22346.03
AR-DE01-202505-0093,DE01,C003,2025-05-01,2025-05-31,2025-06-09,EUR,3314.31
AR-DE01-202505-0094,DE01,C013,2025-05-31,2025-06-30,2025-07-03,EUR,17349.82
AR-DE01-202505-0095,DE01,C040,2025-05-06,2025-06-05,2025-06-30,EUR,12135.6
AR-DE01-202505-0096,DE01,C019,2025-05-05,2025-06-04,2025-06-01,EUR,3549.79
AR-DE01-202505-0097,DE01,C026,2025-05-06,2025-06-05,2025-05-29,EUR,6017.67
AR-DE01-202505-0098,DE01,C040,2025-05-31,2025-06-30,2025-07-15,EUR,23250.32
AR-DE01-202505-0099,DE01,C016,2025-05-16,2025-06-30,2025-06-13,EUR,8412.38
AR-DE01-202505-0100,DE01,C033,2025-05-27,2025-06-26,2025-07-15,EUR,16416.2
AR-DE01-202505-0101,DE01,C005,2025-05-01,2025-05-31,2025-06-16,EUR,16685.45
AR-DE01-202505-0102,DE01,C028,2025-05-03,2025-06-17,2025-05-31,EUR,8776.35
AR-DE01-202505-0103,DE01,C012,2025-05-11,2025-06-25,2025-07-09,EUR,39879.39
AR-DE01-202505-0104,DE01,C037,2025-05-07,2025-06-21,2025-06-15,EUR,16454.34
AR-DE01-202505-0105,DE01,C002,2025-05-26,2025-06-25,2025-07-05,EUR,6209.73
AR-DE01-202505-0106,DE01,C009,2025-05-16,2025-06-15,2025-06-27,EUR,5489.11
AR-DE01-202505-0107,DE01,C021,2025-05-25,2025-06-24,2025-07-11,EUR,2893.76
AR-DE01-202505-0108,DE01,C039,2025-05-20,2025-06-19,2025-06-23,EUR,11590.0
AR-DE01-202505-0109,DE01,C021,2025-05-01,2025-05-31,2025-06-03,EUR,16790.42
AR-DE01-202505-0110,DE01,C015,2025-05-27,2025-06-26,2025-07-08,EUR,17861.23
AR-DE01-202505-0111,DE01,C002,2025-05-22,2025-07-06,2025-07-04,EUR,4431.63
AR-DE01-202505-0112,DE01,C034,2025-05-08,2025-06-07,2025-07-09,EUR,23883.4
AR-DE01-202505-0113,DE01,C013,2025-05-09,2025-06-08,2025-06-30,EUR,3555.31
AR-DE01-202505-0114,DE01,C018,2025-05-26,2025-06-25,2025-07-27,EUR,12949.21
AR-DE01-202505-0115,DE01,C013,2025-05-10,2025-06-09,2025-06-29,EUR,1937.33
AR-DE01-202505-0116,DE01,C035,2025-05-17,2025-06-16,2025-07-25,EUR,33695.35
AR-DE01-202505-0117,DE01,C002,2025-05-16,2025-06-15,2025-06-19,EUR,4030.5
AR-DE01-202505-0118,DE01,C022,2025-05-18,2025-07-02,2025-06-21,EUR,24374.69
AR-DE01-202505-0119,DE01,C019,2025-05-26,2025-06-25,2025-06-29,EUR,3339.94
AR-DE01-202505-0120,DE01,C020,2025-05-20,2025-07-04,2025-07-09,EUR,9386.67
AR-DE01-202505-0121,DE01,C037,2025-05-30,2025-06-29,2025-07-22,EUR,8000.79
AR-DE01-202505-0122,DE01,C006,2025-05-18,2025-06-17,2025-06-18,EUR,11665.43
AR-DE01-202505-0123,DE01,C008,2025-05-11,2025-06-10,2025-06-06,EUR,3340.92
AR-DE01-202505-0124,DE01,C022,2025-05-16,2025-06-15,2025-07-01,EUR,2690.37
AR-DE01-202505-0125,DE01,C027,2025-05-16,2025-06-15,2025-06-11,EUR,2723.77
AR-DE01-202505-0126,DE01,C025,2025-05-01,2025-05-31,2025-05-28,EUR,2920.93
AR-DE01-202505-0127,DE01,C036,2025-05-24,2025-06-23,2025-06-26,EUR,5523.76
AR-DE01-202505-0128,DE01,C025,2025-05-05,2025-06-19,2025-07-02,EUR,2290.48
AR-DE01-202505-0129,DE01,C004,2025-05-29,2025-06-28,2025-06-23,EUR,8879.67
AR-DE01-202505-0130,DE01,C003,2025-05-19,2025-06-18,2025-07-22,EUR,11090.83
AR-DE01-202505-0131,DE01,C002,2025-05-15,2025-06-14,2025-06-30,EUR,5256.82
AR-DE01-202505-0132,DE01,C037,2025-05-23,2025-06-22,2025-06-17,EUR,13493.16
AR-DE01-202505-0133,DE01,C002,2025-05-24,2025-06-23,2025-07-15,EUR,11254.97
AR-DE01-202505-0134,DE01,C022,2025-05-06,2025-06-05,2025-06-01,EUR,8083.77
AR-DE01-202505-0135,DE01,C004,2025-05-26,2025-06-25,2025-06-26,EUR,13888.42
AR-DE01-202505-0136,DE01,C015,2025-05-20,2025-06-19,2025-07-24,EUR,5398.35
AR-DE01-202505-0137,DE01,C002,2025-05-09,2025-06-23,2025-06-26,EUR,3201.49
AR-DE01-202505-0138,DE01,C006,2025-05-13,2025-06-27,2025-06-17,EUR,10696.2
AR-DE01-202505-0139,DE01,C002,2025-05-02,2025-06-01,2025-05-30,EUR,5642.28
AR-DE01-202505-0140,DE01,C005,2025-05-28,2025-06-27,2025-07-17,EUR,44606.59
AR-DE01-202505-0141,DE01,C037,2025-05-12,2025-06-11,2025-07-10,EUR,34286.38
AR-DE01-202505-0142,DE01,C031,2025-05-16,2025-06-15,2025-06-21,EUR,3799.88
AR-DE01-202505-0143,DE01,C037,2025-05-12,2025-06-11,2025-07-10,EUR,7379.84
AR-DE01-202505-0144,DE01,C028,2025-05-26,2025-06-25,2025-06-21,EUR,8221.33
AR-DE01-202505-0145,DE01,C001,2025-05-18,2025-06-17,2025-06-16,EUR,3422.04
AR-DE01-202505-0146,DE01,C001,2025-05-22,2025-07-06,2025-06-17,EUR,2714.58
AR-DE01-202505-0147,DE01,C031,2025-05-13,2025-06-12,2025-06-09,EUR,16666.38
AR-DE01-202506-0001,DE01,C034,2025-06-14,2025-07-14,2025-07-21,EUR,25879.18
AR-DE01-202506-0002,DE01,C004,2025-06-25,2025-07-25,2025-07-26,EUR,6529.81
AR-DE01-202506-0003,DE01,C013,2025-06-18,2025-07-18,2025-07-27,EUR,4305.72
AR-DE01-202506-0004,DE01,C013,2025-06-26,2025-07-26,2025-08-19,EUR,6199.42
AR-DE01-202506-0005,DE01,C039,2025-06-08,2025-07-08,2025-07-01,EUR,10894.48
AR-DE01-202506-0006,DE01,C002,2025-06-10,2025-07-10,2025-07-19,EUR,22733.08
AR-DE01-202506-0007,DE01,C015,2025-06-23,2025-08-07,2025-08-21,EUR,24060.48
AR-DE01-202506-0008,DE01,C003,2025-06-04,2025-07-04,2025-07-02,EUR,7580.12
AR-DE01-202506-0009,DE01,C015,2025-06-06,2025-07-21,2025-08-04,EUR,15864.79
AR-DE01-202506-0010,DE01,C028,2025-06-30,2025-08-14,2025-08-07,EUR,29722.71
AR-DE01-202506-0011,DE01,C026,2025-06-27,2025-07-27,2025-07-23,EUR,10304.64
AR-DE01-202506-0012,DE01,C012,2025-06-19,2025-07-19,2025-07-30,EUR,9953.33
AR-DE01-202506-0013,DE01,C006,2025-06-16,2025-07-16,2025-08-11,EUR,5469.59
AR-DE01-202506-0014,DE01,C030,2025-06-15,2025-07-30,2025-07-17,EUR,28681.8
AR-DE01-202506-0015,DE01,C014,2025-06-05,2025-07-05,2025-07-19,EUR,17619.87
AR-DE01-202506-0016,DE01,C036,2025-06-04,2025-07-04,2025-07-09,EUR,25339.89
AR-DE01-202506-0017,DE01,C025,2025-06-17,2025-08-01,2025-07-24,EUR,40082.06
AR-DE01-202506-0018,DE01,C004,2025-06-02,2025-07-02,2025-07-04,EUR,5938.75
AR-DE01-202506-0019,DE01,C027,2025-06-10,2025-07-10,2025-09-12,EUR,2268.96
AR-DE01-202506-0020,DE01,C013,2025-06-15,2025-07-30,2025-07-06,EUR,5027.08
AR-DE01-202506-0021,DE01,C005,2025-06-28,2025-07-28,2025-08-18,EUR,6209.23
AR-DE01-202506-0022,DE01,C003,2025-06-03,2025-07-03,2025-08-02,EUR,5307.96
AR-DE01-202506-0023,DE01,C031,2025-06-05,2025-07-05,2025-07-19,EUR,10560.97
AR-DE01-202506-0024,DE01,C024,2025-06-03,2025-07-03,2025-07-09,EUR,10513.47
AR-DE01-202506-0025,DE01,C020,2025-06-10,2025-07-25,2025-07-13,EUR,13197.13
AR-DE01-202506-0026,DE01,C008,2025-06-22,2025-07-22,2025-07-31,EUR,7786.2
AR-DE01-202506-0027,DE01,C025,2025-06-07,2025-07-07,2025-07-07,EUR,11838.82
AR-DE01-202506-0028,DE01,C014,2025-06-25,2025-08-09,2025-07-20,EUR,21425.47
AR-DE01-202506-0029,DE01,C030,2025-06-26,2025-07-26,2025-07-19,EUR,4617.04
AR-DE01-202506-0030,DE01,C017,2025-06-03,2025-07-03,2025-08-03,EUR,3241.82
AR-DE01-202506-0031,DE01,C019,2025-06-26,2025-07-26,2025-08-10,EUR,32448.74
AR-DE01-202506-0032,DE01,C001,2025-06-12,2025-07-12,2025-07-05,EUR,4846.39
AR-DE01-202506-0033,DE01,C016,2025-06-08,2025-07-23,2025-07-17,EUR,23615.68
AR-DE01-202506-0034,DE01,C013,2025-06-30,2025-07-30,2025-08-04,EUR,3629.26
AR-DE01-202506-0035,DE01,C016,2025-06-12,2025-07-12,2025-08-03,EUR,4426.12
AR-DE01-202506-0036,DE01,C011,2025-06-06,2025-07-06,2025-07-14,EUR,2724.05
AR-DE01-202506-0037,DE01,C019,2025-06-16,2025-07-16,2025-07-23,EUR,10143.05
AR-DE01-202506-0038,DE01,C032,2025-06-21,2025-08-05,2025-08-15,EUR,12158.91
AR-DE01-202506-0039,DE01,C033,2025-06-29,2025-07-29,2025-08-02,EUR,19985.29
AR-DE01-202506-0040,DE01,C034,2025-06-05,2025-07-20,2025-07-25,EUR,91091.82
AR-DE01-202506-0041,DE01,C016,2025-06-11,2025-07-11,2025-08-10,EUR,7768.26
AR-DE01-202506-0042,DE01,C021,2025-06-10,2025-07-10,2025-07-22,EUR,19990.4
AR-DE01-202506-0043,DE01,C013,2025-06-07,2025-07-07,2025-08-06,EUR,3297.03
AR-DE01-202506-0044,DE01,C020,2025-06-14,2025-07-14,2025-07-22,EUR,5771.35
AR-DE01-202506-0045,DE01,C040,2025-06-03,2025-07-03,2025-07-29,EUR,4001.15
AR-DE01-202506-0046,DE01,C008,2025-06-17,2025-07-17,2025-09-06,EUR,11170.79
AR-DE01-202506-0047,DE01,C004,2025-06-15,2025-07-30,2025-07-14,EUR,587.53
AR-DE01-202506-0048,DE01,C014,2025-06-24,2025-08-08,2025-08-04,EUR,22474.12
AR-DE01-202506-0049,DE01,C032,2025-06-22,2025-08-06,2025-07-22,EUR,23554.03
AR-DE01-202506-0050,DE01,C021,2025-06-05,2025-07-20,2025-07-18,EUR,3506.57
AR-DE01-202506-0051,DE01,C034,2025-06-03,2025-07-18,2025-08-11,EUR,12478.07
AR-DE01-202506-0052,DE01,C004,2025-06-21,2025-07-21,2025-07-16,EUR,7557.79
AR-DE01-202506-0053,DE01,C036,2025-06-21,2025-08-05,2025-07-17,EUR,26606.56
AR-DE01-202506-0054,DE01,C034,2025-06-09,2025-07-24,2025-07-05,EUR,2024.39
AR-DE01-202506-0055,DE01,C017,2025-06-01,2025-07-16,2025-07-09,EUR,6570.19
AR-DE01-202506-0056,DE01,C010,2025-06-14,2025-07-29,2025-07-07,EUR,4199.2
AR-DE01-202506-0057,DE01,C031,2025-06-07,2025-07-07,2025-07-04,EUR,4807.52
AR-DE01-202506-0058,DE01,C003,2025-06-23,2025-07-23,2025-08-14,EUR,14700.56
AR-DE01-202506-0059,DE01,C008,2025-06-16,2025-07-16,2025-07-12,EUR,14369.53
AR-DE01-202506-0060,DE01,C021,2025-06-05,2025-07-05,2025-07-12,EUR,1791.63
AR-DE01-202506-0061,DE01,C002,2025-06-10,2025-07-25,2025-07-18,EUR,15161.01
AR-DE01-202506-0062,DE01,C002,2025-06-07,2025-07-07,2025-08-03,EUR,2894.4
AR-DE01-202506-0063,DE01,C022,2025-06-04,2025-07-19,2025-07-14,EUR,9648.86
AR-DE01-202506-0064,DE01,C004,2025-06-24,2025-07-24,2025-09-01,EUR,19111.09
AR-DE01-202506-0065,DE01,C023,2025-06-20,2025-08-04,2025-07-12,EUR,3345.75
AR-DE01-202506-0066,DE01,C014,2025-06-06,2025-07-06,2025-07-09,EUR,1273.79
AR-DE01-202506-0067,DE01,C014,2025-06-25,2025-07-25,2025-07-24,EUR,2656.95
AR-DE01-202506-0068,DE01,C024,2025-06-11,2025-07-26,2025-07-21,EUR,5578.37
AR-DE01-202506-0069,DE01,C013,2025-06-29,2025-07-29,2025-07-23,EUR,8766.15
AR-DE01-202506-0070,DE01,C031,2025-06-20,2025-07-20,2025-07-09,EUR,15299.48
AR-DE01-202506-0071,DE01,C004,2025-06-29,2025-07-29,2025-08-08,EUR,12144.41
AR-DE01-202506-0072,DE01,C010,2025-06-21,2025-07-21,2025-07-26,EUR,15786.63
AR-DE01-202506-0073,DE01,C035,2025-06-10,2025-07-25,2025-07-07,EUR,4766.34
AR-DE01-202506-0074,DE01,C017,2025-06-10,2025-07-25,2025-06-27,EUR,9333.33
AR-DE01-202506-0075,DE01,C013,2025-06-03,2025-07-03,2025-06-26,EUR,3948.56
AR-DE01-202506-0076,DE01,C035,2025-06-21,2025-07-21,2025-07-17,EUR,44326.17
AR-DE01-202506-0077,DE01,C024,2025-06-04,2025-07-04,2025-08-20,EUR,10996.12
AR-DE01-202506-0078,DE01,C036,2025-06-11,2025-07-11,2025-07-21,EUR,5678.55
AR-DE01-202506-0079,DE01,C014,2025-06-03,2025-07-18,2025-08-18,EUR,8272.16
AR-DE01-202506-0080,DE01,C033,2025-06-03,2025-07-03,2025-07-04,EUR,10770.05
AR-DE01-202506-0081,DE01,C032,2025-06-17,2025-07-17,2025-07-17,EUR,695.67
AR-DE01-202506-0082,DE01,C034,2025-06-07,2025-07-22,2025-07-05,EUR,8840.0
AR-DE01-202506-0083,DE01,C033,2025-06-21,2025-07-21,2025-08-05,EUR,32358.78
AR-DE01-202506-0084,DE01,C016,2025-06-15,2025-07-15,2025-07-27,EUR,16414.0
AR-DE01-202506-0085,DE01,C001,2025-06-02,2025-07-02,2025-07-13,EUR,17078.18
AR-DE01-202506-0086,DE01,C011,2025-06-26,2025-07-26,2025-07-19,EUR,4393.32
AR-DE01-202506-0087,DE01,C029,2025-06-02,2025-07-02,2025-07-11,EUR,19341.01
AR-DE01-202506-0088,DE01,C019,2025-06-07,2025-07-07,2025-07-20,EUR,9501.0
AR-DE01-202506-0089,DE01,C030,2025-06-14,2025-07-29,2025-07-23,EUR,2059.23
AR-DE01-202506-0090,DE01,C028,2025-06-20,2025-08-04,2025-07-20,EUR,4483.75
AR-DE01-202506-0091,DE01,C003,2025-06-15,2025-07-15,2025-08-14,EUR,11802.73
AR-DE01-202506-0092,DE01,C033,2025-06-24,2025-07-24,2025-08-09,EUR,14356.33
AR-DE01-202506-0093,DE01,C037,2025-06-05,2025-07-05,2025-07-05,EUR,39500.04
AR-DE01-202506-0094,DE01,C025,2025-06-28,2025-08-12,2025-07-28,EUR,6055.36
AR-DE01-202506-0095,DE01,C014,2025-06-03,2025-07-03,2025-07-19,EUR,3914.02
AR-DE01-202506-0096,DE01,C005,2025-06-18,2025-07-18,2025-07-30,EUR,4426.0
AR-DE01-202506-0097,DE01,C004,2025-06-01,2025-07-01,2025-07-08,EUR,8028.87
AR-DE01-202506-0098,DE01,C001,2025-06-02,2025-07-02,2025-07-06,EUR,11569.77
AR-DE01-202506-0099,DE01,C007,2025-06-07,2025-07-07,2025-07-06,EUR,2410.72
AR-DE01-202506-0100,DE01,C023,2025-06-24,2025-07-24,2025-07-27,EUR,8344.63
AR-DE01-202506-0101,DE01,C003,2025-06-17,2025-07-17,2025-07-23,EUR,8663.47
AR-DE01-202506-0102,DE01,C029,2025-06-26,2025-07-26,2025-07-22,EUR,795.1
AR-DE01-202506-0103,DE01,C031,2025-06-26,2025-07-26,2025-07-28,EUR,13812.69
AR-DE01-202506-0104,DE01,C033,2025-06-26,2025-08-10,2025-07-24,EUR,2554.17
AR-DE01-202506-0105,DE01,C033,2025-06-03,2025-07-03,2025-07-05,EUR,3191.9
AR-DE01-202506-0106,DE01,C034,2025-06-22,2025-08-06,2025-07-18,EUR,7216.66
AR-DE01-202506-0107,DE01,C021,2025-06-14,2025-07-14,2025-07-18,EUR,7320.0
AR-DE01-202506-0108,DE01,C016,2025-06-10,2025-07-25,2025-07-16,EUR,68140.02
AR-DE01-202506-0109,DE01,C023,2025-06-01,2025-07-01,2025-07-11,EUR,10902.34
AR-DE01-202506-0110,DE01,C002,2025-06-05,2025-07-05,2025-08-07,EUR,9741.34
AR-DE01-202506-0111,DE01,C014,2025-06-01,2025-07-16,2025-08-21,EUR,5090.33
AR-DE01-202506-0112,DE01,C021,2025-06-11,2025-07-11,2025-07-18,EUR,16216.67
AR-DE01-202506-0113,DE01,C024,2025-06-17,2025-08-01,2025-08-15,EUR,14091.51
AR-DE01-202506-0114,DE01,C008,2025-06-13,2025-07-28,2025-07-14,EUR,2199.83
AR-DE01-202506-0115,DE01,C033,2025-06-21,2025-07-21,2025-07-27,EUR,5137.92
AR-DE01-202506-0116,DE01,C021,2025-06-05,2025-07-05,2025-08-02,EUR,25450.94
AR-DE01-202506-0117,DE01,C024,2025-06-26,2025-08-10,2025-07-11,EUR,9867.57
AR-DE01-202506-0118,DE01,C030,2025-06-30,2025-07-30,2025-08-07,EUR,25373.65
AR-DE01-202506-0119,DE01,C007,2025-06-29,2025-07-29,2025-08-09,EUR,1576.53
AR-DE01-202506-0120,DE01,C016,2025-06-21,2025-07-21,2025-07-24,EUR,3121.83
AR-DE01-202506-0121,DE01,C010,2025-06-26,2025-08-10,2025-08-04,EUR,3685.54
AR-DE01-202506-0122,DE01,C023,2025-06-11,2025-07-11,2025-07-03,EUR,33029.81
AR-DE01-202506-0123,DE01,C010,2025-06-26,2025-07-26,2025-08-01,EUR,2819.26
AR-DE01-202506-0124,DE01,C017,2025-06-08,2025-07-08,2025-07-23,EUR,15933.54
AR-DE01-202506-0125,DE01,C027,2025-06-07,2025-07-07,2025-07-09,EUR,1888.47
AR-DE01-202506-0126,DE01,C017,2025-06-27,2025-07-27,2025-08-17,EUR,5673.14
AR-DE01-202506-0127,DE01,C028,2025-06-24,2025-08-08,2025-07-18,EUR,16725.49
AR-DE01-202506-0128,DE01,C019,2025-06-25,2025-07-25,2025-08-01,EUR,3476.49
AR-DE01-202506-0129,DE01,C002,2025-06-04,2025-07-19,2025-08-20,EUR,20868.52
AR-DE01-202506-0130,DE01,C029,2025-06-17,2025-07-17,2025-07-29,EUR,10099.63
AR-DE01-202506-0131,DE01,C031,2025-06-27,2025-08-11,2025-08-06,EUR,11853.76
AR-DE01-202506-0132,DE01,C027,2025-06-13,2025-07-28,2025-07-24,EUR,78771.75
AR-DE01-202506-0133,DE01,C037,2025-06-14,2025-07-14,2025-07-19,EUR,28910.15
AR-DE01-202506-0134,DE01,C030,2025-06-08,2025-07-08,2025-08-01,EUR,1808.95
AR-DE01-202506-0135,DE01,C006,2025-06-25,2025-07-25,2025-07-29,EUR,6087.42
AR-DE01-202506-0136,DE01,C015,2025-06-26,2025-07-26,2025-07-23,EUR,14252.24
AR-DE01-202506-0137,DE01,C002,2025-06-28,2025-08-12,2025-07-30,EUR,14709.2
AR-DE01-202506-0138,DE01,C002,2025-06-11,2025-07-11,2025-07-19,EUR,5469.68
AR-DE01-202506-0139,DE01,C036,2025-06-12,2025-07-27,2025-07-17,EUR,22786.24
AR-DE01-202506-0140,DE01,C006,2025-06-17,2025-07-17,2025-07-12,EUR,7512.92
AR-DE01-202506-0141,DE01,C021,2025-06-14,2025-07-14,2025-07-11,EUR,7361.97
AR-DE01-202506-0142,DE01,C003,2025-06-19,2025-07-19,2025-08-09,EUR,10706.16
AR-DE01-202506-0143,DE01,C009,2025-06-03,2025-07-03,2025-07-12,EUR,6031.73
AR-DE01-202506-0144,DE01,C001,2025-06-04,2025-07-04,2025-07-02,EUR,9109.3
AR-DE01-202506-0145,DE01,C020,2025-06-21,2025-07-21,2025-07-22,EUR,12029.97
AR-DE01-202506-0146,DE01,C028,2025-06-14,2025-07-14,2025-07-11,EUR,1602.54
AR-DE01-202506-0147,DE01,C032,2025-06-06,2025-07-06,2025-07-24,EUR,1826.93
AR-DE01-202506-0148,DE01,C014,2025-06-12,2025-07-12,2025-07-19,EUR,23339.77
AR-DE01-202506-0149,DE01,C032,2025-06-29,2025-07-29,2025-07-25,EUR,6509.79
AR-DE01-202506-0150,DE01,C040,2025-06-11,2025-07-11,2025-07-13,EUR,19360.44
AR-DE01-202506-0151,DE01,C001,2025-06-10,2025-07-25,2025-07-14,EUR,12569.84
AR-DE01-202506-0152,DE01,C019,2025-06-02,2025-07-02,2025-07-13,EUR,6682.13
AR-DE01-202506-0153,DE01,C037,2025-06-09,2025-07-24,2025-07-21,EUR,2280.37
AR-DE01-202506-0154,DE01,C038,2025-06-25,2025-08-09,2025-09-01,EUR,9480.61
AR-DE01-202506-0155,DE01,C031,2025-06-24,2025-07-24,2025-07-27,EUR,16211.75
AR-DE01-202506-0156,DE01,C009,2025-06-17,2025-07-17,2025-07-27,EUR,8260.19
AR-DE01-202506-0157,DE01,C003,2025-06-07,2025-07-07,2025-08-16,EUR,7198.8
AR-DE01-202507-0001,DE01,C008,2025-07-05,2025-08-04,2025-08-06,EUR,8609.99
AR-DE01-202507-0002,DE01,C009,2025-07-11,2025-08-10,2025-08-10,EUR,8822.83
AR-DE01-202507-0003,DE01,C010,2025-07-04,2025-08-18,2025-08-11,EUR,12142.53
AR-DE01-202507-0004,DE01,C016,2025-07-03,2025-08-02,2025-08-14,EUR,17687.35
AR-DE01-202507-0005,DE01,C015,2025-07-31,2025-08-30,2025-09-21,EUR,3560.58
AR-DE01-202507-0006,DE01,C035,2025-07-22,2025-09-05,2025-09-06,EUR,6474.17
AR-DE01-202507-0007,DE01,C021,2025-07-30,2025-09-13,2025-10-03,EUR,2978.13
AR-DE01-202507-0008,DE01,C007,2025-07-22,2025-09-05,2025-08-28,EUR,2530.7
AR-DE01-202507-0009,DE01,C004,2025-07-14,2025-08-28,2025-08-03,EUR,5101.91
AR-DE01-202507-0010,DE01,C035,2025-07-05,2025-08-04,2025-09-05,EUR,8125.63
AR-DE01-202507-0011,DE01,C028,2025-07-12,2025-08-11,2025-09-09,EUR,5100.26
AR-DE01-202507-0012,DE01,C013,2025-07-04,2025-08-03,2025-08-22,EUR,1439.69
AR-DE01-202507-0013,DE01,C001,2025-07-18,2025-08-17,2025-08-21,EUR,3663.6
AR-DE01-202507-0014,DE01,C035,2025-07-30,2025-09-13,2025-10-09,EUR,14206.55
AR-DE01-202507-0015,DE01,C009,2025-07-24,2025-09-07,2025-08-29,EUR,23743.91
AR-DE01-202507-0016,DE01,C024,2025-07-14,2025-08-28,2025-08-02,EUR,3900.63
AR-DE01-202507-0017,DE01,C036,2025-07-15,2025-08-14,2025-08-12,EUR,15865.01
AR-DE01-202507-0018,DE01,C029,2025-07-11,2025-08-10,2025-08-11,EUR,2943.57
AR-DE01-202507-0019,DE01,C026,2025-07-29,2025-08-28,2025-08-16,EUR,14588.89
AR-DE01-202507-0020,DE01,C038,2025-07-12,2025-08-26,2025-08-08,EUR,5468.74
AR-DE01-202507-0021,DE01,C005,2025-07-10,2025-08-24,2025-09-11,EUR,27478.96
AR-DE01-202507-0022,DE01,C001,2025-07-27,2025-09-10,2025-08-26,EUR,7672.37
AR-DE01-202507-0023,DE01,C001,2025-07-19,2025-08-18,2025-08-28,EUR,7431.66
AR-DE01-202507-0024,DE01,C018,2025-07-13,2025-08-12,2025-08-06,EUR,1996.57
AR-DE01-202507-0025,DE01,C002,2025-07-02,2025-08-01,2025-08-16,EUR,18875.22
AR-DE01-202507-0026,DE01,C012,2025-07-17,2025-08-16,2025-08-09,EUR,19207.67
AR-DE01-202507-0027,DE01,C009,2025-07-01,2025-07-31,2025-07-30,EUR,3108.19
AR-DE01-202507-0028,DE01,C026,2025-07-04,2025-08-03,2025-08-07,EUR,9793.51
AR-DE01-202507-0029,DE01,C007,2025-07-13,2025-08-27,2025-09-15,EUR,2141.9
AR-DE01-202507-0030,DE01,C021,2025-07-30,2025-08-29,2025-08-29,EUR,30862.54
AR-DE01-202507-0031,DE01,C032,2025-07-25,2025-08-24,2025-10-05,EUR,24008.24
AR-DE01-202507-0032,DE01,C005,2025-07-24,2025-08-23,2025-09-02,EUR,2911.06
AR-DE01-202507-0033,DE01,C023,2025-07-16,2025-08-15,2025-08-30,EUR,51569.85
AR-DE01-202507-0034,DE01,C004,2025-07-08,2025-08-07,2025-08-16,EUR,14748.3
AR-DE01-202507-0035,DE01,C020,2025-07-05,2025-08-04,2025-08-17,EUR,23790.12
AR-DE01-202507-0036,DE01,C012,2025-07-18,2025-09-01,2025-08-14,EUR,14464.7
AR-DE01-202507-0037,DE01,C007,2025-07-24,2025-08-23,2025-08-31,EUR,20208.54
AR-DE01-202507-0038,DE01,C002,2025-07-21,2025-09-04,2025-08-26,EUR,5955.9
AR-DE01-202507-0039,DE01,C024,2025-07-04,2025-08-18,2025-07-21,EUR,7435.69
AR-DE01-202507-0040,DE01,C031,2025-07-25,2025-08-24,2025-08-26,EUR,4060.49
AR-DE01-202507-0041,DE01,C026,2025-07-21,2025-08-20,2025-09-18,EUR,13034.03
AR-DE01-202507-0042,DE01,C007,2025-07-06,2025-08-05,2025-08-25,EUR,7379.97
AR-DE01-202507-0043,DE01,C008,2025-07-06,2025-08-20,2025-08-19,EUR,21683.46
AR-DE01-202507-0044,DE01,C037,2025-07-04,2025-08-03,2025-08-14,EUR,1617.23
AR-DE01-202507-0045,DE01,C039,2025-07-05,2025-08-19,2025-08-12,EUR,4402.99
AR-DE01-202507-0046,DE01,C031,2025-07-23,2025-09-06,2025-09-08,EUR,4373.2
AR-DE01-202507-0047,DE01,C001,2025-07-02,2025-08-16,2025-08-19,EUR,4715.29
AR-DE01-202507-0048,DE01,C003,2025-07-26,2025-08-25,2025-09-26,EUR,10508.44
AR-DE01-202507-0049,DE01,C021,2025-07-23,2025-09-06,2025-10-17,EUR,41777.39
AR-DE01-202507-0050,DE01,C008,2025-07-18,2025-09-01,2025-08-16,EUR,11263.04
AR-DE01-202507-0051,DE01,C038,2025-07-02,2025-08-01,2025-08-08,EUR,5403.73
AR-DE01-202507-0052,DE01,C018,2025-07-08,2025-08-07,2025-08-08,EUR,12499.01
AR-DE01-202507-0053,DE01,C002,2025-07-14,2025-08-28,2025-09-08,EUR,2791.66
AR-DE01-202507-0054,DE01,C034,2025-07-24,2025-08-23,2025-08-22,EUR,2916.62
AR-DE01-202507-0055,DE01,C005,2025-07-23,2025-08-22,2025-09-04,EUR,3995.1
AR-DE01-202507-0056,DE01,C040,2025-07-30,2025-09-13,2025-09-03,EUR,3779.98
AR-DE01-202507-0057,DE01,C003,2025-07-18,2025-09-01,2025-08-16,EUR,5892.35
AR-DE01-202507-0058,DE01,C007,2025-07-08,2025-08-07,2025-08-30,EUR,6575.14
AR-DE01-202507-0059,DE01,C034,2025-07-22,2025-09-05,2025-09-03,EUR,10502.66
AR-DE01-202507-0060,DE01,C037,2025-07-14,2025-08-13,2025-08-14,EUR,18416.24
AR-DE01-202507-0061,DE01,C001,2025-07-14,2025-08-28,2025-08-26,EUR,39432.9
AR-DE01-202507-0062,DE01,C034,2025-07-06,2025-08-20,2025-08-07,EUR,15844.71
AR-DE01-202507-0063,DE01,C008,2025-07-03,2025-08-02,2025-08-12,EUR,7793.3
AR-DE01-202507-0064,DE01,C019,2025-07-07,2025-08-06,2025-09-01,EUR,5609.51
AR-DE01-202507-0065,DE01,C020,2025-07-02,2025-08-16,2025-08-01,EUR,3586.8
AR-DE01-202507-0066,DE01,C039,2025-07-01,2025-08-15,2025-08-16,EUR,8388.03
AR-DE01-202507-0067,DE01,C026,2025-07-31,2025-09-14,2025-08-25,EUR,13754.98
AR-DE01-202507-0068,DE01,C027,2025-07-09,2025-08-08,2025-08-02,EUR,1692.18
AR-DE01-202507-0069,DE01,C027,2025-07-19,2025-08-18,2025-08-24,EUR,10239.87
AR-DE01-202507-0070,DE01,C014,2025-07-24,2025-08-23,2025-09-07,EUR,10275.58
AR-DE01-202507-0071,DE01,C004,2025-07-16,2025-08-30,2025-08-06,EUR,4198.18
AR-DE01-202507-0072,DE01,C023,2025-07-20,2025-08-19,2025-09-12,EUR,10889.42
AR-DE01-202507-0073,DE01,C039,2025-07-18,2025-09-01,2025-08-25,EUR,4448.75
AR-DE01-202507-0074,DE01,C038,2025-07-31,2025-08-30,2025-09-16,EUR,14922.49
AR-DE01-202507-0075,DE01,C039,2025-07-02,2025-08-01,2025-08-08,EUR,9949.31
AR-DE01-202507-0076,DE01,C017,2025-07-17,2025-08-16,2025-09-01,EUR,16237.71
AR-DE01-202507-0077,DE01,C033,2025-07-22,2025-08-21,2025-09-10,EUR,4430.81
AR-DE01-202507-0078,DE01,C036,2025-07-02,2025-08-01,2025-08-19,EUR,4161.55
AR-DE01-202507-0079,DE01,C027,2025-07-04,2025-08-03,2025-09-14,EUR,10192.04
AR-DE01-202507-0080,DE01,C009,2025-07-13,2025-08-12,2025-08-12,EUR,15192.46
AR-DE01-202507-0081,DE01,C025,2025-07-25,2025-08-24,2025-09-04,EUR,3775.72
AR-DE01-202507-0082,DE01,C038,2025-07-17,2025-08-31,2025-08-19,EUR,2065.24
AR-DE01-202507-0083,DE01,C034,2025-07-13,2025-08-27,2025-09-05,EUR,17935.39
AR-DE01-202507-0084,DE01,C033,2025-07-08,2025-08-07,2025-08-17,EUR,3978.17
AR-DE01-202507-0085,DE01,C006,2025-07-23,2025-08-22,2025-09-12,EUR,6734.57
AR-DE01-202507-0086,DE01,C039,2025-07-27,2025-08-26,2025-08-30,EUR,47790.09
AR-DE01-202507-0087,DE01,C036,2025-07-01,2025-07-31,2025-08-26,EUR,13823.19
AR-DE01-202507-0088,DE01,C002,2025-07-13,2025-08-12,2025-09-02,EUR,8353.71
AR-DE01-202507-0089,DE01,C008,2025-07-29,2025-08-28,2025-09-29,EUR,7658.16
AR-DE01-202507-0090,DE01,C003,2025-07-22,2025-09-05,2025-08-11,EUR,7260.2
AR-DE01-202507-0091,DE01,C034,2025-07-12,2025-08-11,2025-08-26,EUR,11586.57
AR-DE01-202507-0092,DE01,C035,2025-07-19,2025-08-18,2025-09-09,EUR,6278.14
AR-DE01-202507-0093,DE01,C006,2025-07-05,2025-08-04,2025-08-01,EUR,8154.46
AR-DE01-202507-0094,DE01,C023,2025-07-07,2025-08-06,2025-08-19,EUR,12547.65
AR-DE01-202507-0095,DE01,C028,2025-07-21,2025-09-04,2025-09-03,EUR,11937.28
AR-DE01-202507-0096,DE01,C020,2025-07-11,2025-08-25,2025-08-10,EUR,33756.05
AR-DE01-202507-0097,DE01,C039,2025-07-26,2025-08-25,2025-08-13,EUR,5459.14
AR-DE01-202507-0098,DE01,C024,2025-07-07,2025-08-06,2025-08-03,EUR,19845.45
AR-DE01-202507-0099,DE01,C039,2025-07-20,2025-08-19,2025-08-16,EUR,4174.44
AR-DE01-202507-0100,DE01,C023,2025-07-11,2025-08-25,2025-08-30,EUR,12059.58
AR-DE01-202507-0101,DE01,C039,2025-07-26,2025-08-25,2025-08-26,EUR,16199.77
AR-DE01-202507-0102,DE01,C027,2025-07-14,2025-08-13,2025-08-17,EUR,5252.62
AR-DE01-202507-0103,DE01,C025,2025-07-10,2025-08-09,2025-08-19,EUR,4752.18
AR-DE01-202507-0104,DE01,C020,2025-07-17,2025-08-16,2025-09-30,EUR,15489.06
AR-DE01-202507-0105,DE01,C036,2025-07-11,2025-08-10,2025-08-04,EUR,15384.1
AR-DE01-202507-0106,DE01,C001,2025-07-07,2025-08-06,2025-08-18,EUR,11702.22
AR-DE01-202507-0107,DE01,C035,2025-07-24,2025-08-23,2025-08-29,EUR,3966.06
AR-DE01-202507-0108,DE01,C018,2025-07-17,2025-08-16,2025-08-16,EUR,42570.96
AR-DE01-202507-0109,DE01,C028,2025-07-31,2025-08-30,2025-09-02,EUR,11380.14
AR-DE01-202507-0110,DE01,C018,2025-07-15,2025-08-14,2025-08-08,EUR,10518.67
AR-DE01-202507-0111,DE01,C022,2025-07-08,2025-08-22,2025-08-31,EUR,12002.51
AR-DE01-202507-0112,DE01,C034,2025-07-05,2025-08-04,2025-08-17,EUR,40954.65
AR-DE01-202507-0113,DE01,C014,2025-07-27,2025-08-26,2025-08-30,EUR,2643.94
AR-DE01-202507-0114,DE01,C014,2025-07-07,2025-08-06,2025-07-31,EUR,19250.88
AR-DE01-202507-0115,DE01,C005,2025-07-11,2025-08-10,2025-08-16,EUR,6814.33
AR-DE01-202507-0116,DE01,C005,2025-07-23,2025-09-06,2025-08-16,EUR,725.09
AR-DE01-202507-0117,DE01,C006,2025-07-19,2025-08-18,2025-08-09,EUR,14940.54
AR-DE01-202507-0118,DE01,C011,2025-07-26,2025-08-25,2025-09-16,EUR,18316.79
AR-DE01-202507-0119,DE01,C031,2025-07-27,2025-09-10,2025-08-27,EUR,7339.69
AR-DE01-202507-0120,DE01,C038,2025-07-23,2025-08-22,2025-09-04,EUR,12125.14
AR-DE01-202507-0121,DE01,C016,2025-07-14,2025-08-13,2025-08-15,EUR,5286.92
AR-DE01-202507-0122,DE01,C023,2025-07-30,2025-09-13,2025-09-12,EUR,59968.68
AR-DE01-202507-0123,DE01,C031,2025-07-19,2025-08-18,2025-08-23,EUR,10217.07
AR-DE01-202507-0124,DE01,C030,2025-07-20,2025-08-19,2025-08-14,EUR,2133.6
AR-DE01-202507-0125,DE01,C017,2025-07-30,2025-08-29,2025-08-31,EUR,8509.77
AR-DE01-202507-0126,DE01,C004,2025-07-10,2025-08-09,2025-08-14,EUR,7032.0
AR-DE01-202507-0127,DE01,C017,2025-07-19,2025-08-18,2025-09-07,EUR,2038.75
AR-DE01-202507-0128,DE01,C012,2025-07-03,2025-08-02,2025-08-28,EUR,16516.59
AR-DE01-202507-0129,DE01,C029,2025-07-04,2025-08-03,2025-08-26,EUR,7598.38
AR-DE01-202507-0130,DE01,C001,2025-07-05,2025-08-19,2025-07-29,EUR,4543.17
AR-DE01-202507-0131,DE01,C025,2025-07-20,2025-08-19,2025-09-02,EUR,6963.63
AR-DE01-202507-0132,DE01,C028,2025-07-16,2025-08-15,2025-08-16,EUR,3628.51
AR-DE01-202507-0133,DE01,C033,2025-07-11,2025-08-10,2025-08-26,EUR,60017.03
AR-DE01-202507-0134,DE01,C019,2025-07-22,2025-08-21,2025-09-02,EUR,7889.28
AR-DE01-202507-0135,DE01,C025,2025-07-03,2025-08-02,2025-08-15,EUR,6627.25
AR-DE01-202507-0136,DE01,C006,2025-07-22,2025-08-21,2025-09-20,EUR,2288.11
AR-DE01-202507-0137,DE01,C006,2025-07-12,2025-08-11,2025-09-21,EUR,4475.34
AR-DE01-202507-0138,DE01,C018,2025-07-17,2025-08-16,2025-08-13,EUR,45654.59
AR-DE01-202507-0139,DE01,C038,2025-07-16,2025-08-15,2025-09-12,EUR,4033.31
AR-DE01-202507-0140,DE01,C015,2025-07-29,2025-08-28,2025-08-28,EUR,6279.29
AR-DE01-202507-0141,DE01,C003,2025-07-14,2025-08-13,2025-09-26,EUR,9044.83
AR-DE01-202507-0142,DE01,C040,2025-07-16,2025-08-15,2025-09-21,EUR,12688.43
AR-DE01-202507-0143,DE01,C026,2025-07-13,2025-08-12,2025-08-12,EUR,2995.33
AR-DE01-202507-0144,DE01,C039,2025-07-15,2025-08-14,2025-08-08,EUR,1856.78
AR-DE01-202507-0145,DE01,C023,2025-07-29,2025-09-12,2025-09-05,EUR,2331.6
AR-DE01-202507-0146,DE01,C029,2025-07-03,2025-08-02,2025-09-01,EUR,22736.39
AR-DE01-202507-0147,DE01,C003,2025-07-08,2025-08-07,2025-08-18,EUR,69193.95
AR-DE01-202507-0148,DE01,C005,2025-07-18,2025-09-01,2025-08-12,EUR,3187.12
AR-DE01-202508-0001,DE01,C011,2025-08-19,2025-10-03,2025-09-23,EUR,2258.76
AR-DE01-202508-0002,DE01,C034,2025-08-25,2025-09-24,2025-09-19,EUR,4186.76
AR-DE01-202508-0003,DE01,C030,2025-08-08,2025-09-07,2025-09-21,EUR,2999.91
AR-DE01-202508-0004,DE01,C015,2025-08-25,2025-09-24,2025-09-22,EUR,6896.78
AR-DE01-202508-0005,DE01,C005,2025-08-29,2025-10-13,2025-10-02,EUR,11655.46
AR-DE01-202508-0006,DE01,C002,2025-08-05,2025-09-04,2025-09-23,EUR,12634.06
AR-DE01-202508-0007,DE01,C016,2025-08-07,2025-09-06,2025-09-08,EUR,1190.11
AR-DE01-202508-0008,DE01,C011,2025-08-18,2025-10-02,2025-10-30,EUR,7022.12
AR-DE01-202508-0009,DE01,C031,2025-08-25,2025-09-24,2025-10-05,EUR,5544.93
AR-DE01-202508-0010,DE01,C020,2025-08-18,2025-09-17,2025-09-26,EUR,3653.76
AR-DE01-202508-0011,DE01,C009,2025-08-10,2025-09-24,2025-09-21,EUR,28367.5
AR-DE01-202508-0012,DE01,C016,2025-08-02,2025-09-01,2025-09-08,EUR,11533.9
AR-DE01-202508-0013,DE01,C006,2025-08-05,2025-09-04,2025-10-17,EUR,9547.19
AR-DE01-202508-0014,DE01,C037,2025-08-20,2025-10-04,2025-10-06,EUR,22217.33
AR-DE01-202508-0015,DE01,C011,2025-08-20,2025-09-19,2025-09-23,EUR,15275.83
AR-DE01-202508-0016,DE01,C027,2025-08-11,2025-09-25,2025-10-17,EUR,11818.66
AR-DE01-202508-0017,DE01,C001,2025-08-11,2025-09-25,2025-09-14,EUR,2972.56
AR-DE01-202508-0018,DE01,C018,2025-08-29,2025-09-28,2025-10-30,EUR,8505.31
AR-DE01-202508-0019,DE01,C038,2025-08-16,2025-09-15,2025-11-10,EUR,1915.89
AR-DE01-202508-0020,DE01,C016,2025-08-28,2025-10-12,2025-10-17,EUR,3923.99
AR-DE01-202508-0021,DE01,C016,2025-08-19,2025-09-18,2025-09-17,EUR,7531.0
AR-DE01-202508-0022,DE01,C017,2025-08-02,2025-09-01,2025-09-26,EUR,28582.24
AR-DE01-202508-0023,DE01,C023,2025-08-16,2025-09-15,2025-10-03,EUR,18987.56
AR-DE01-202508-0024,DE01,C001,2025-08-19,2025-09-18,2025-09-19,EUR,8390.12
AR-DE01-202508-0025,DE01,C006,2025-08-26,2025-09-25,2025-09-29,EUR,19233.32
AR-DE01-202508-0026,DE01,C008,2025-08-11,2025-09-25,2025-09-08,EUR,7241.62
AR-DE01-202508-0027,DE01,C003,2025-08-05,2025-09-19,2025-09-21,EUR,12232.87
AR-DE01-202508-0028,DE01,C029,2025-08-31,2025-10-15,2025-10-24,EUR,5756.9
AR-DE01-202508-0029,DE01,C019,2025-08-11,2025-09-25,2025-09-18,EUR,8193.29
AR-DE01-202508-0030,DE01,C017,2025-08-20,2025-09-19,2025-09-12,EUR,9425.63
AR-DE01-202508-0031,DE01,C005,2025-08-20,2025-09-19,2025-09-14,EUR,4373.35
AR-DE01-202508-0032,DE01,C036,2025-08-29,2025-10-13,2025-09-26,EUR,7013.1
AR-DE01-202508-0033,DE01,C004,2025-08-06,2025-09-05,2025-09-29,EUR,8209.72
AR-DE01-202508-0034,DE01,C036,2025-08-23,2025-09-22,2025-10-08,EUR,15432.1
AR-DE01-202508-0035,DE01,C025,2025-08-08,2025-09-07,2025-08-28,EUR,4779.79
AR-DE01-202508-0036,DE01,C008,2025-08-24,2025-09-23,2025-09-21,EUR,15822.49
AR-DE01-202508-0037,DE01,C040,2025-08-11,2025-09-10,2025-09-07,EUR,3998.56
AR-DE01-202508-0038,DE01,C024,2025-08-16,2025-09-30,2025-09-15,EUR,21397.48
AR-DE01-202508-0039,DE01,C022,2025-08-12,2025-09-11,2025-09-10,EUR,2193.85
AR-DE01-202508-0040,DE01,C014,2025-08-01,2025-08-31,2025-09-28,EUR,5045.98
AR-DE01-202508-0041,DE01,C032,2025-08-03,2025-09-02,2025-09-14,EUR,941.3
AR-DE01-202508-0042,DE01,C011,2025-08-16,2025-09-15,2025-10-05,EUR,4414.91
AR-DE01-202508-0043,DE01,C008,2025-08-11,2025-09-25,2025-09-26,EUR,10408.48
AR-DE01-202508-0044,DE01,C017,2025-08-19,2025-10-03,2025-10-01,EUR,23775.69
AR-DE01-202508-0045,DE01,C019,2025-08-13,2025-09-27,2025-09-26,EUR,19505.67
AR-DE01-202508-0046,DE01,C011,2025-08-16,2025-09-15,2025-09-27,EUR,29580.43
AR-DE01-202508-0047,DE01,C008,2025-08-09,2025-09-08,2025-09-06,EUR,2331.65
AR-DE01-202508-0048,DE01,C033,2025-08-09,2025-09-08,2025-09-16,EUR,3592.01
AR-DE01-202508-0049,DE01,C033,2025-08-18,2025-09-17,2025-09-26,EUR,11160.36
AR-DE01-202508-0050,DE01,C038,2025-08-31,2025-09-30,2025-10-07,EUR,14956.02
AR-DE01-202508-0051,DE01,C032,2025-08-09,2025-09-08,2025-09-29,EUR,3165.5
AR-DE01-202508-0052,DE01,C003,2025-08-29,2025-09-28,2025-09-26,EUR,7036.79
AR-DE01-202508-0053,DE01,C009,2025-08-31,2025-10-15,2025-10-06,EUR,60981.78
AR-DE01-202508-0054,DE01,C017,2025-08-12,2025-09-11,2025-09-20,EUR,15439.8
AR-DE01-202508-0055,DE01,C035,2025-08-29,2025-09-28,2025-09-30,EUR,13942.55
AR-DE01-202508-0056,DE01,C018,2025-08-22,2025-09-21,2025-10-08,EUR,12374.48
AR-DE01-202508-0057,DE01,C022,2025-08-17,2025-10-01,2025-09-08,EUR,9009.24
AR-DE01-202508-0058,DE01,C011,2025-08-06,2025-09-05,2025-09-10,EUR,5779.45
AR-DE01-202508-0059,DE01,C027,2025-08-30,2025-09-29,2025-10-20,EUR,12988.73
AR-DE01-202508-0060,DE01,C034,2025-08-14,2025-09-13,2025-08-31,EUR,2694.04
AR-DE01-202508-0061,DE01,C036,2025-08-08,2025-09-07,2025-09-03,EUR,1013.08
AR-DE01-202508-0062,DE01,C009,2025-08-03,2025-09-02,2025-08-25,EUR,31754.99
AR-DE01-202508-0063,DE01,C012,2025-08-04,2025-09-03,2025-09-20,EUR,1087.73
AR-DE01-202508-0064,DE01,C024,2025-08-18,2025-09-17,2025-09-17,EUR,7535.89
AR-DE01-202508-0065,DE01,C022,2025-08-10,2025-09-09,2025-10-10,EUR,7744.82
AR-DE01-202508-0066,DE01,C030,2025-08-07,2025-09-21,2025-09-22,EUR,6715.18
AR-DE01-202508-0067,DE01,C029,2025-08-09,2025-09-08,2025-09-25,EUR,30990.37
AR-DE01-202508-0068,DE01,C002,2025-08-09,2025-09-08,2025-10-11,EUR,4830.16
AR-DE01-202508-0069,DE01,C025,2025-08-13,2025-09-12,2025-09-30,EUR,12852.7
AR-DE01-202508-0070,DE01,C020,2025-08-30,2025-09-29,2025-10-09,EUR,3917.69
AR-DE01-202508-0071,DE01,C038,2025-08-05,2025-09-04,2025-09-14,EUR,11830.67
AR-DE01-202508-0072,DE01,C013,2025-08-01,2025-09-15,2025-09-08,EUR,30579.32
AR-DE01-202508-0073,DE01,C008,2025-08-11,2025-09-25,2025-08-31,EUR,8733.15
AR-DE01-202508-0074,DE01,C005,2025-08-29,2025-09-28,2025-10-31,EUR,2016.67
AR-DE01-202508-0075,DE01,C021,2025-08-10,2025-09-09,2025-09-06,EUR,25384.14
AR-DE01-202508-0076,DE01,C015,2025-08-12,2025-09-11,2025-09-23,EUR,3520.79
AR-DE01-202508-0077,DE01,C019,2025-08-18,2025-10-02,2025-09-26,EUR,12101.94
AR-DE01-202508-0078,DE01,C005,2025-08-13,2025-09-12,2025-09-29,EUR,7967.22
AR-DE01-202508-0079,DE01,C022,2025-08-23,2025-09-22,2025-09-13,EUR,2905.31
AR-DE01-202508-0080,DE01,C034,2025-08-04,2025-09-03,2025-09-13,EUR,7885.22
AR-DE01-202508-0081,DE01,C017,2025-08-15,2025-09-14,2025-10-04,EUR,22109.17
AR-DE01-202508-0082,DE01,C027,2025-08-22,2025-09-21,2025-09-24,EUR,5541.77
AR-DE01-202508-0083,DE01,C002,2025-08-05,2025-09-19,2025-09-06,EUR,8954.34
AR-DE01-202508-0084,DE01,C009,2025-08-11,2025-09-10,2025-09-22,EUR,4781.61
AR-DE01-202508-0085,DE01,C021,2025-08-14,2025-09-13,2025-09-21,EUR,19539.42
AR-DE01-202508-0086,DE01,C025,2025-08-29,2025-09-28,2025-11-15,EUR,21808.04
AR-DE01-202508-0087,DE01,C015,2025-08-27,2025-10-11,2025-09-22,EUR,3961.68
AR-DE01-202508-0088,DE01,C018,2025-08-06,2025-09-20,2025-10-09,EUR,24002.47
AR-DE01-202508-0089,DE01,C029,2025-08-19,2025-09-18,2025-10-06,EUR,7344.37
AR-DE01-202508-0090,DE01,C001,2025-08-03,2025-09-02,2025-09-07,EUR,34683.2
AR-DE01-202508-0091,DE01,C038,2025-08-08,2025-09-07,2025-09-29,EUR,8831.92
AR-DE01-202508-0092,DE01,C013,2025-08-04,2025-09-03,2025-09-07,EUR,17177.65
AR-DE01-202508-0093,DE01,C028,2025-08-28,2025-09-27,2025-10-18,EUR,12900.26
AR-DE01-202508-0094,DE01,C012,2025-08-31,2025-09-30,2025-09-28,EUR,32070.44
AR-DE01-202508-0095,DE01,C003,2025-08-02,2025-09-01,2025-09-20,EUR,7893.13
AR-DE01-202508-0096,DE01,C007,2025-08-14,2025-09-13,2025-09-14,EUR,2727.89
AR-DE01-202508-0097,DE01,C027,2025-08-05,2025-09-04,2025-09-15,EUR,14873.1
AR-DE01-202508-0098,DE01,C015,2025-08-18,2025-10-02,2025-10-12,EUR,10649.02
AR-DE01-202508-0099,DE01,C032,2025-08-11,2025-09-10,2025-09-13,EUR,20166.28
AR-DE01-202508-0100,DE01,C039,2025-08-22,2025-09-21,2025-09-29,EUR,6421.31
AR-DE01-202508-0101,DE01,C033,2025-08-09,2025-09-08,2025-08-31,EUR,25976.16
AR-DE01-202508-0102,DE01,C017,2025-08-07,2025-09-06,2025-09-04,EUR,52882.85
AR-DE01-202508-0103,DE01,C028,2025-08-26,2025-10-10,2025-09-23,EUR,12555.64
AR-DE01-202508-0104,DE01,C040,2025-08-20,2025-09-19,2025-09-21,EUR,7728.55
AR-DE01-202508-0105,DE01,C012,2025-08-12,2025-09-26,2025-09-30,EUR,6453.18
AR-DE01-202508-0106,DE01,C038,2025-08-18,2025-09-17,2025-10-18,EUR,2350.96
AR-DE01-202508-0107,DE01,C020,2025-08-12,2025-09-11,2025-09-25,EUR,2570.52
AR-DE01-202508-0108,DE01,C014,2025-08-11,2025-09-10,2025-09-09,EUR,5688.4
AR-DE01-202508-0109,DE01,C013,2025-08-03,2025-09-02,2025-10-07,EUR,15750.43
AR-DE01-202508-0110,DE01,C037,2025-08-02,2025-09-16,2025-08-28,EUR,42005.46
AR-DE01-202508-0111,DE01,C034,2025-08-22,2025-10-06,2025-10-14,EUR,4751.86
AR-DE01-202508-0112,DE01,C023,2025-08-13,2025-09-12,2025-09-23,EUR,13830.81
AR-DE01-202508-0113,DE01,C023,2025-08-23,2025-09-22,2025-09-25,EUR,9003.45
AR-DE01-202508-0114,DE01,C039,2025-08-27,2025-10-11,2025-09-24,EUR,3007.0
AR-DE01-202508-0115,DE01,C025,2025-08-01,2025-08-31,2025-09-09,EUR,3338.69
AR-DE01-202508-0116,DE01,C005,2025-08-24,2025-09-23,2025-09-27,EUR,80134.05
AR-DE01-202508-0117,DE01,C035,2025-08-25,2025-09-24,2025-09-21,EUR,1203.07
AR-DE01-202508-0118,DE01,C017,2025-08-28,2025-10-12,2025-10-04,EUR,5708.28
AR-DE01-202508-0119,DE01,C028,2025-08-17,2025-09-16,2025-09-03,EUR,8957.36
AR-DE01-202508-0120,DE01,C034,2025-08-22,2025-09-21,2025-09-24,EUR,6658.23
AR-DE01-202508-0121,DE01,C024,2025-08-02,2025-09-01,2025-10-08,EUR,7066.53
AR-DE01-202508-0122,DE01,C009,2025-08-19,2025-10-03,2025-09-18,EUR,7425.39
AR-DE01-202508-0123,DE01,C031,2025-08-23,2025-09-22,2025-09-24,EUR,4922.81
AR-DE01-202508-0124,DE01,C009,2025-08-23,2025-09-22,2025-09-21,EUR,5013.45
AR-DE01-202508-0125,DE01,C039,2025-08-27,2025-09-26,2025-09-25,EUR,4915.42
AR-DE01-202508-0126,DE01,C010,2025-08-14,2025-09-13,2025-09-29,EUR,8327.3
AR-DE01-202508-0127,DE01,C011,2025-08-21,2025-09-20,2025-09-20,EUR,3624.58
AR-DE01-202508-0128,DE01,C029,2025-08-09,2025-09-08,2025-09-15,EUR,2443.69
AR-DE01-202508-0129,DE01,C014,2025-08-08,2025-09-07,2025-08-30,EUR,2909.46
AR-DE01-202508-0130,DE01,C034,2025-08-18,2025-10-02,2025-09-06,EUR,17906.08
AR-DE01-202508-0131,DE01,C038,2025-08-30,2025-10-14,2025-11-01,EUR,19658.59
AR-DE01-202508-0132,DE01,C019,2025-08-26,2025-09-25,2025-10-29,EUR,8321.46
AR-DE01-202508-0133,DE01,C019,2025-08-27,2025-10-11,2025-10-25,EUR,26376.83
AR-DE01-202508-0134,DE01,C001,2025-08-03,2025-09-02,2025-09-09,EUR,7260.88
AR-DE01-202508-0135,DE01,C005,2025-08-13,2025-09-12,2025-09-25,EUR,28780.77
AR-DE01-202508-0136,DE01,C033,2025-08-09,2025-09-08,2025-09-10,EUR,4193.12
AR-DE01-202508-0137,DE01,C028,2025-08-11,2025-09-10,2025-09-28,EUR,3977.42
AR-DE01-202508-0138,DE01,C017,2025-08-23,2025-10-07,2025-09-27,EUR,5737.17
AR-DE01-202508-0139,DE01,C002,2025-08-21,2025-09-20,2025-09-17,EUR,8145.15
AR-DE01-202508-0140,DE01,C001,2025-08-17,2025-10-01,2025-10-09,EUR,10081.52
AR-DE01-202508-0141,DE01,C009,2025-08-23,2025-09-22,2025-09-18,EUR,18141.34
AR-DE01-202508-0142,DE01,C019,2025-08-19,2025-09-18,2025-09-30,EUR,7890.46
AR-DE01-202508-0143,DE01,C001,2025-08-13,2025-09-12,2025-10-05,EUR,10747.44
AR-DE01-202508-0144,DE01,C022,2025-08-18,2025-09-17,2025-10-09,EUR,18301.26
AR-DE01-202509-0001,DE01,C025,2025-09-19,2025-11-03,2025-10-15,EUR,16646.93
AR-DE01-202509-0002,DE01,C024,2025-09-02,2025-10-02,2025-11-18,EUR,6685.0
AR-DE01-202509-0003,DE01,C037,2025-09-05,2025-10-20,2025-10-16,EUR,11753.79
AR-DE01-202509-0004,DE01,C016,2025-09-17,2025-10-17,2025-11-02,EUR,20838.08
AR-DE01-202509-0005,DE01,C011,2025-09-04,2025-10-04,2025-10-15,EUR,6098.46
AR-DE01-202509-0006,DE01,C039,2025-09-04,2025-10-19,2025-10-04,EUR,32830.41
AR-DE01-202509-0007,DE01,C022,2025-09-29,2025-10-29,2025-10-24,EUR,2258.87
AR-DE01-202509-0008,DE01,C019,2025-09-21,2025-10-21,2025-11-08,EUR,4514.5
AR-DE01-202509-0009,DE01,C040,2025-09-29,2025-11-13,2025-10-27,EUR,7800.07
AR-DE01-202509-0010,DE01,C037,2025-09-16,2025-10-16,2025-10-28,EUR,6054.78
AR-DE01-202509-0011,DE01,C002,2025-09-01,2025-10-01,2025-11-01,EUR,2957.23
AR-DE01-202509-0012,DE01,C016,2025-09-30,2025-11-14,2025-11-08,EUR,3214.53
AR-DE01-202509-0013,DE01,C020,2025-09-06,2025-10-06,2025-10-02,EUR,31449.59
AR-DE01-202509-0014,DE01,C005,2025-09-16,2025-10-31,2025-11-07,EUR,55909.37
AR-DE01-202509-0015,DE01,C027,2025-09-15,2025-10-30,2025-11-11,EUR,10292.71
AR-DE01-202509-0016,DE01,C002,2025-09-29,2025-11-13,2025-11-27,EUR,7303.38
AR-DE01-202509-0017,DE01,C026,2025-09-23,2025-11-07,2025-12-03,EUR,5891.22
AR-DE01-202509-0018,DE01,C025,2025-09-06,2025-10-06,2025-10-04,EUR,10135.87
AR-DE01-202509-0019,DE01,C038,2025-09-16,2025-10-16,2025-10-22,EUR,591.73
AR-DE01-202509-0020,DE01,C019,2025-09-29,2025-11-13,2025-11-20,EUR,7947.69
AR-DE01-202509-0021,DE01,C020,2025-09-03,2025-10-03,2025-10-11,EUR,21518.01
AR-DE01-202509-0022,DE01,C002,2025-09-26,2025-10-26,2025-11-07,EUR,1391.19
AR-DE01-202509-0023,DE01,C001,2025-09-22,2025-10-22,2025-10-29,EUR,21879.62
AR-DE01-202509-0024,DE01,C027,2025-09-10,2025-10-10,2025-10-19,EUR,7949.64
AR-DE01-202509-0025,DE01,C004,2025-09-24,2025-11-08,2025-11-07,EUR,4577.04
AR-DE01-202509-0026,DE01,C028,2025-09-26,2025-10-26,2025-11-10,EUR,41607.12
AR-DE01-202509-0027,DE01,C008,2025-09-18,2025-11-02,2025-10-31,EUR,16877.25
AR-DE01-202509-0028,DE01,C038,2025-09-01,2025-10-16,2025-10-23,EUR,8305.51
AR-DE01-202509-0029,DE01,C034,2025-09-23,2025-11-07,2025-10-25,EUR,11810.68
AR-DE01-202509-0030,DE01,C026,2025-09-19,2025-11-03,2025-10-23,EUR,12178.17
AR-DE01-202509-0031,DE01,C033,2025-09-19,2025-10-19,2025-10-24,EUR,1271.89
AR-DE01-202509-0032,DE01,C034,2025-09-28,2025-11-12,2025-11-06,EUR,4643.66
AR-DE01-202509-0033,DE01,C023,2025-09-15,2025-10-15,2025-10-31,EUR,2514.85
AR-DE01-202509-0034,DE01,C011,2025-09-14,2025-10-14,2025-10-21,EUR,19048.08
AR-DE01-202509-0035,DE01,C030,2025-09-06,2025-10-21,2025-10-13,EUR,5997.93
AR-DE01-202509-0036,DE01,C003,2025-09-29,2025-10-29,2025-11-12,EUR,11714.33
AR-DE01-202509-0037,DE01,C040,2025-09-17,2025-10-17,2025-11-02,EUR,5839.18
AR-DE01-202509-0038,DE01,C040,2025-09-20,2025-10-20,2025-12-13,EUR,9919.83
AR-DE01-202509-0039,DE01,C027,2025-09-29,2025-11-13,2025-11-05,EUR,8671.5
AR-DE01-202509-0040,DE01,C008,2025-09-20,2025-11-04,2025-10-16,EUR,15852.2
AR-DE01-202509-0041,DE01,C026,2025-09-30,2025-11-14,2025-11-11,EUR,35813.03
AR-DE01-202509-0042,DE01,C009,2025-09-28,2025-10-28,2025-10-30,EUR,41797.68
AR-DE01-202509-0043,DE01,C027,2025-09-12,2025-10-27,2025-10-14,EUR,5828.7
AR-DE01-202509-0044,DE01,C002,2025-09-12,2025-10-12,2025-11-01,EUR,12590.39
AR-DE01-202509-0045,DE01,C006,2025-09-23,2025-10-23,2025-10-29,EUR,2929.65
AR-DE01-202509-0046,DE01,C034,2025-09-05,2025-10-05,2025-10-04,EUR,45157.42
AR-DE01-202509-0047,DE01,C016,2025-09-19,2025-11-03,2025-11-09,EUR,10630.08
AR-DE01-202509-0048,DE01,C004,2025-09-11,2025-10-26,2025-10-08,EUR,7992.47
AR-DE01-202509-0049,DE01,C039,2025-09-29,2025-11-13,2025-10-28,EUR,27802.73
AR-DE01-202509-0050,DE01,C036,2025-09-11,2025-10-26,2025-11-04,EUR,2669.52
AR-DE01-202509-0051,DE01,C006,2025-09-14,2025-10-14,2025-10-21,EUR,26128.62
AR-DE01-202509-0052,DE01,C002,2025-09-13,2025-10-13,2025-11-03,EUR,12538.74
AR-DE01-202509-0053,DE01,C019,2025-09-22,2025-10-22,2025-11-08,EUR,5622.53
AR-DE01-202509-0054,DE01,C030,2025-09-17,2025-10-17,2025-10-31,EUR,15745.73
AR-DE01-202509-0055,DE01,C014,2025-09-01,2025-10-16,2025-11-09,EUR,8782.12
AR-DE01-202509-0056,DE01,C038,2025-09-03,2025-10-03,2025-10-11,EUR,22006.54
AR-DE01-202509-0057,DE01,C014,2025-09-28,2025-11-12,2025-11-22,EUR,10128.08
AR-DE01-202509-0058,DE01,C032,2025-09-15,2025-10-15,2025-10-18,EUR,4060.07
AR-DE01-202509-0059,DE01,C011,2025-09-12,2025-10-12,2025-10-28,EUR,14021.31
AR-DE01-202509-0060,DE01,C012,2025-09-04,2025-10-19,2025-10-27,EUR,13398.35
AR-DE01-202509-0061,DE01,C027,2025-09-09,2025-10-09,2025-10-04,EUR,11833.56
AR-DE01-202509-0062,DE01,C014,2025-09-26,2025-10-26,2025-11-07,EUR,1611.62
AR-DE01-202509-0063,DE01,C022,2025-09-25,2025-11-09,2025-11-15,EUR,26456.9
AR-DE01-202509-0064,DE01,C025,2025-09-02,2025-10-02,2025-10-17,EUR,5108.72
AR-DE01-202509-0065,DE01,C014,2025-09-24,2025-10-24,2026-01-02,EUR,11039.21
AR-DE01-202509-0066,DE01,C003,2025-09-12,2025-10-12,2025-11-27,EUR,8801.79
AR-DE01-202509-0067,DE01,C006,2025-09-17,2025-10-17,2025-10-18,EUR,6477.64
AR-DE01-202509-0068,DE01,C032,2025-09-14,2025-10-14,2025-11-11,EUR,25885.26
AR-DE01-202509-0069,DE01,C003,2025-09-07,2025-10-22,2025-10-22,EUR,15764.72
AR-DE01-202509-0070,DE01,C014,2025-09-04,2025-10-04,2025-10-26,EUR,2957.83
AR-DE01-202509-0071,DE01,C007,2025-09-28,2025-10-28,2025-11-13,EUR,3705.03
AR-DE01-202509-0072,DE01,C018,2025-09-02,2025-10-17,2025-11-07,EUR,18252.05
AR-DE01-202509-0073,DE01,C018,2025-09-15,2025-10-15,2025-10-22,EUR,2124.98
AR-DE01-202509-0074,DE01,C028,2025-09-13,2025-10-13,2025-10-31,EUR,29122.82
AR-DE01-202509-0075,DE01,C023,2025-09-09,2025-10-24,2025-10-21,EUR,2718.98
AR-DE01-202509-0076,DE01,C022,2025-09-24,2025-10-24,2025-11-13,EUR,7275.11
AR-DE01-202509-0077,DE01,C019,2025-09-25,2025-10-25,2025-11-06,EUR,6055.34
AR-DE01-202509-0078,DE01,C023,2025-09-16,2025-10-31,2025-11-11,EUR,5884.2
AR-DE01-202509-0079,DE01,C001,2025-09-16,2025-10-16,2025-10-17,EUR,13766.94
AR-DE01-202509-0080,DE01,C021,2025-09-06,2025-10-21,2025-10-13,EUR,3586.44
AR-DE01-202509-0081,DE01,C038,2025-09-29,2025-10-29,2025-11-06,EUR,14310.28
AR-DE01-202509-0082,DE01,C024,2025-09-16,2025-10-16,2025-10-12,EUR,6925.48
AR-DE01-202509-0083,DE01,C018,2025-09-13,2025-10-13,2025-10-23,EUR,2250.55
AR-DE01-202509-0084,DE01,C013,2025-09-02,2025-10-02,2025-09-25,EUR,11910.81
AR-DE01-202509-0085,DE01,C017,2025-09-18,2025-10-18,2025-11-05,EUR,27334.76
AR-DE01-202509-0086,DE01,C006,2025-09-29,2025-10-29,2025-11-19,EUR,6734.62
AR-DE01-202509-0087,DE01,C038,2025-09-27,2025-10-27,2025-11-01,EUR,28357.94
AR-DE01-202509-0088,DE01,C040,2025-09-06,2025-10-06,2025-10-01,EUR,9286.68
AR-DE01-202509-0089,DE01,C027,2025-09-26,2025-10-26,2025-10-31,EUR,18029.63
AR-DE01-202509-0090,DE01,C007,2025-09-13,2025-10-28,2025-10-18,EUR,52712.26
AR-DE01-202509-0091,DE01,C018,2025-09-21,2025-11-05,2025-11-04,EUR,9663.02
AR-DE01-202509-0092,DE01,C026,2025-09-09,2025-10-09,2025-10-16,EUR,6527.08
AR-DE01-202509-0093,DE01,C019,2025-09-29,2025-11-13,2025-11-30,EUR,18958.36
AR-DE01-202509-0094,DE01,C025,2025-09-18,2025-10-18,2025-10-30,EUR,2646.28
AR-DE01-202509-0095,DE01,C017,2025-09-15,2025-10-15,2025-11-25,EUR,7471.3
AR-DE01-202509-0096,DE01,C025,2025-09-21,2025-10-21,2025-11-19,EUR,11076.39
AR-DE01-202509-0097,DE01,C005,2025-09-16,2025-10-16,2025-10-07,EUR,45220.26
AR-DE01-202509-0098,DE01,C004,2025-09-15,2025-10-15,2025-10-25,EUR,9495.35
AR-DE01-202509-0099,DE01,C001,2025-09-21,2025-10-21,2025-10-26,EUR,15492.67
AR-DE01-202509-0100,DE01,C015,2025-09-21,2025-10-21,2025-12-17,EUR,6869.34
AR-DE01-202509-0101,DE01,C011,2025-09-20,2025-10-20,2025-12-22,EUR,12186.76
AR-DE01-202509-0102,DE01,C025,2025-09-12,2025-10-12,2025-11-10,EUR,11154.78
AR-DE01-202509-0103,DE01,C029,2025-09-02,2025-10-17,2025-09-30,EUR,30210.44
AR-DE01-202509-0104,DE01,C031,2025-09-21,2025-11-05,2025-10-23,EUR,68293.72
AR-DE01-202509-0105,DE01,C029,2025-09-27,2025-10-27,2025-11-01,EUR,13153.89
AR-DE01-202509-0106,DE01,C022,2025-09-17,2025-10-17,2025-10-14,EUR,4971.22
AR-DE01-202509-0107,DE01,C014,2025-09-08,2025-10-08,2025-10-26,EUR,15012.31
AR-DE01-202509-0108,DE01,C038,2025-09-26,2025-10-26,2025-11-02,EUR,8814.36
AR-DE01-202509-0109,DE01,C009,2025-09-03,2025-10-03,2025-09-24,EUR,8164.39
AR-DE01-202509-0110,DE01,C032,2025-09-09,2025-10-24,2025-10-09,EUR,55264.49
AR-DE01-202509-0111,DE01,C022,2025-09-19,2025-10-19,2025-11-04,EUR,5447.73
AR-DE01-202509-0112,DE01,C030,2025-09-16,2025-10-16,2025-10-24,EUR,6720.52
AR-DE01-202509-0113,DE01,C033,2025-09-08,2025-10-23,2025-10-22,EUR,48428.77
AR-DE01-202509-0114,DE01,C015,2025-09-26,2025-10-26,2025-11-05,EUR,4085.35
AR-DE01-202509-0115,DE01,C003,2025-09-25,2025-11-09,2025-10-17,EUR,6246.49
AR-DE01-202509-0116,DE01,C037,2025-09-13,2025-10-13,2025-10-11,EUR,17500.16
AR-DE01-202509-0117,DE01,C009,2025-09-16,2025-10-16,2025-11-09,EUR,2267.66
AR-DE01-202509-0118,DE01,C009,2025-09-21,2025-10-21,2025-11-25,EUR,21798.97
AR-DE01-202509-0119,DE01,C004,2025-09-04,2025-10-04,2025-10-19,EUR,5436.62
AR-DE01-202509-0120,DE01,C019,2025-09-01,2025-10-01,2025-10-09,EUR,4188.19
AR-DE01-202509-0121,DE01,C034,2025-09-25,2025-10-25,2025-11-28,EUR,9374.25
AR-DE01-202509-0122,DE01,C008,2025-09-26,2025-10-26,2025-11-28,EUR,12091.1
AR-DE01-202509-0123,DE01,C001,2025-09-26,2025-10-26,2025-10-17,EUR,3791.94
AR-DE01-202509-0124,DE01,C027,2025-09-09,2025-10-09,2025-11-10,EUR,8411.25
AR-DE01-202509-0125,DE01,C028,2025-09-13,2025-10-13,2025-10-10,EUR,18626.11
AR-DE01-202509-0126,DE01,C027,2025-09-12,2025-10-12,2025-10-01,EUR,22702.51
AR-DE01-202509-0127,DE01,C012,2025-09-28,2025-11-12,2025-12-04,EUR,20769.03
AR-DE01-202509-0128,DE01,C033,2025-09-06,2025-10-06,2025-10-16,EUR,9608.71
AR-DE01-202509-0129,DE01,C027,2025-09-11,2025-10-26,2025-11-28,EUR,4013.25
AR-DE01-202509-0130,DE01,C008,2025-09-06,2025-10-06,2025-10-14,EUR,14336.25
AR-DE01-202509-0131,DE01,C006,2025-09-19,2025-10-19,2025-12-06,EUR,10492.99
AR-DE01-202509-0132,DE01,C007,2025-09-19,2025-10-19,2025-10-28,EUR,1719.42
AR-DE01-202509-0133,DE01,C018,2025-09-12,2025-10-27,2025-11-18,EUR,3104.64
AR-DE01-202509-0134,DE01,C036,2025-09-26,2025-10-26,2025-10-31,EUR,23370.23
AR-DE01-202509-0135,DE01,C021,2025-09-08,2025-10-08,2025-10-09,EUR,3486.18
AR-DE01-202509-0136,DE01,C008,2025-09-13,2025-10-13,2025-10-31,EUR,5030.59
AR-DE01-202509-0137,DE01,C022,2025-09-12,2025-10-12,2025-11-01,EUR,18214.88
AR-DE01-202509-0138,DE01,C037,2025-09-23,2025-11-07,2025-10-22,EUR,8221.18
AR-DE01-202509-0139,DE01,C027,2025-09-17,2025-10-17,2025-10-18,EUR,6291.39
AR-DE01-202509-0140,DE01,C029,2025-09-07,2025-10-07,2025-10-19,EUR,849.5
AR-DE01-202509-0141,DE01,C040,2025-09-20,2025-11-04,2025-10-18,EUR,4151.53
AR-DE01-202509-0142,DE01,C031,2025-09-08,2025-10-08,2025-10-15,EUR,1879.2
AR-DE01-202509-0143,DE01,C023,2025-09-04,2025-10-04,2025-10-14,EUR,25350.99
AR-DE01-202509-0144,DE01,C002,2025-09-27,2025-11-11,2025-11-04,EUR,2010.16
AR-DE01-202509-0145,DE01,C018,2025-09-23,2025-10-23,2025-11-19,EUR,1723.0
AR-DE01-202509-0146,DE01,C028,2025-09-04,2025-10-19,2025-10-19,EUR,2172.62
AR-DE01-202509-0147,DE01,C003,2025-09-23,2025-10-23,2025-11-07,EUR,2743.45
AR-DE01-202509-0148,DE01,C039,2025-09-30,2025-10-30,2025-10-22,EUR,16564.51
AR-DE01-202509-0149,DE01,C009,2025-09-21,2025-11-05,2025-11-20,EUR,17396.53
AR-DE01-202509-0150,DE01,C007,2025-09-25,2025-10-25,2025-11-06,EUR,856.01
AR-DE01-202509-0151,DE01,C005,2025-09-16,2025-10-16,2025-11-18,EUR,6467.68
AR-DE01-202509-0152,DE01,C024,2025-09-21,2025-10-21,2025-11-12,EUR,12068.42
AR-DE01-202509-0153,DE01,C022,2025-09-03,2025-10-03,2025-09-20,EUR,9004.26
AR-DE01-202509-0154,DE01,C028,2025-09-26,2025-11-10,2025-11-01,EUR,2046.45
AR-DE01-202509-0155,DE01,C019,2025-09-27,2025-10-27,2025-10-19,EUR,6912.21
AR-DE01-202509-0156,DE01,C007,2025-09-03,2025-10-03,2025-10-16,EUR,3964.17
AR-DE01-202509-0157,DE01,C023,2025-09-24,2025-10-24,2025-11-16,EUR,34331.61
AR-DE01-202509-0158,DE01,C022,2025-09-28,2025-10-28,2025-10-28,EUR,4520.12
AR-DE01-202509-0159,DE01,C009,2025-09-12,2025-10-12,2025-10-06,EUR,6125.24
AR-DE01-202509-0160,DE01,C004,2025-09-12,2025-10-12,2025-10-27,EUR,5895.03
AR-DE01-202509-0161,DE01,C030,2025-09-21,2025-10-21,2025-11-04,EUR,7512.88
AR-DE01-202509-0162,DE01,C007,2025-09-10,2025-10-10,2025-11-06,EUR,5713.21
AR-DE01-202509-0163,DE01,C006,2025-09-11,2025-10-11,2025-10-27,EUR,6735.26
AR-DE01-202509-0164,DE01,C002,2025-09-09,2025-10-09,2025-10-02,EUR,27564.24
AR-DE01-202509-0165,DE01,C028,2025-09-30,2025-10-30,2025-11-19,EUR,13735.01
AR-DE01-202509-0166,DE01,C037,2025-09-25,2025-10-25,2025-11-01,EUR,1435.7
AR-DE01-202509-0167,DE01,C033,2025-09-27,2025-11-11,2025-11-14,EUR,5835.9
AR-DE01-202510-0001,DE01,C015,2025-10-17,2025-11-16,2025-12-02,EUR,5332.29
AR-DE01-202510-0002,DE01,C019,2025-10-16,2025-11-15,2025-12-11,EUR,4117.71
AR-DE01-202510-0003,DE01,C015,2025-10-28,2025-11-27,2025-12-06,EUR,3374.78
AR-DE01-202510-0004,DE01,C013,2025-10-11,2025-11-10,2025-12-11,EUR,6226.02
AR-DE01-202510-0005,DE01,C032,2025-10-02,2025-11-16,2025-11-24,EUR,26015.86
AR-DE01-202510-0006,DE01,C033,2025-10-16,2025-11-15,2025-11-15,EUR,1120.84
AR-DE01-202510-0007,DE01,C010,2025-10-27,2025-12-11,2025-12-08,EUR,14509.98
AR-DE01-202510-0008,DE01,C016,2025-10-16,2025-11-15,2025-12-21,EUR,3416.21
AR-DE01-202510-0009,DE01,C030,2025-10-31,2025-12-15,2025-12-07,EUR,8032.18
AR-DE01-202510-0010,DE01,C003,2025-10-17,2025-12-01,2026-01-10,EUR,7168.37
AR-DE01-202510-0011,DE01,C030,2025-10-22,2025-11-21,2025-12-15,EUR,75649.83
AR-DE01-202510-0012,DE01,C018,2025-10-27,2025-11-26,2025-12-04,EUR,33803.26
AR-DE01-202510-0013,DE01,C010,2025-10-05,2025-11-04,2025-12-26,EUR,10510.34
AR-DE01-202510-0014,DE01,C032,2025-10-31,2025-11-30,2025-11-16,EUR,19194.91
AR-DE01-202510-0015,DE01,C036,2025-10-18,2025-12-02,2025-11-15,EUR,27529.71
AR-DE01-202510-0016,DE01,C026,2025-10-01,2025-11-15,2025-11-13,EUR,14540.7
AR-DE01-202510-0017,DE01,C034,2025-10-04,2025-11-03,2025-11-15,EUR,9403.49
AR-DE01-202510-0018,DE01,C003,2025-10-04,2025-11-03,2025-11-27,EUR,3030.47
AR-DE01-202510-0019,DE01,C040,2025-10-30,2025-11-29,2025-12-10,EUR,55508.8
AR-DE01-202510-0020,DE01,C009,2025-10-13,2025-11-12,2025-12-13,EUR,30030.8
AR-DE01-202510-0021,DE01,C039,2025-10-04,2025-11-03,2025-11-09,EUR,5334.48
AR-DE01-202510-0022,DE01,C009,2025-10-20,2025-11-19,2025-11-26,EUR,1502.49
AR-DE01-202510-0023,DE01,C011,2025-10-07,2025-11-06,2025-12-18,EUR,4976.74
AR-DE01-202510-0024,DE01,C026,2025-10-26,2025-11-25,2025-12-24,EUR,1962.88
AR-DE01-202510-0025,DE01,C001,2025-10-04,2025-11-18,2025-12-09,EUR,1507.08
AR-DE01-202510-0026,DE01,C023,2025-10-22,2025-11-21,2025-12-28,EUR,13707.54
AR-DE01-202510-0027,DE01,C032,2025-10-09,2025-11-23,2025-11-06,EUR,3067.77
AR-DE01-202510-0028,DE01,C033,2025-10-02,2025-11-16,2025-11-28,EUR,6982.68
AR-DE01-202510-0029,DE01,C009,2025-10-05,2025-11-04,2025-11-09,EUR,6420.63
AR-DE01-202510-0030,DE01,C032,2025-10-05,2025-11-19,2025-11-20,EUR,10012.13
AR-DE01-202510-0031,DE01,C007,2025-10-20,2025-11-19,2025-11-18,EUR,5256.92
AR-DE01-202510-0032,DE01,C030,2025-10-04,2025-11-18,2025-11-07,EUR,15049.12
AR-DE01-202510-0033,DE01,C020,2025-10-16,2025-11-15,2025-12-01,EUR,7751.61
AR-DE01-202510-0034,DE01,C030,2025-10-04,2025-11-18,2025-11-12,EUR,2134.66
AR-DE01-202510-0035,DE01,C031,2025-10-13,2025-11-12,2025-12-11,EUR,29689.16
AR-DE01-202510-0036,DE01,C001,2025-10-21,2025-12-05,2025-11-29,EUR,4197.09
AR-DE01-202510-0037,DE01,C038,2025-10-18,2025-11-17,2025-11-22,EUR,7094.05
AR-DE01-202510-0038,DE01,C040,2025-10-08,2025-11-22,2025-11-11,EUR,8659.46
AR-DE01-202510-0039,DE01,C002,2025-10-06,2025-11-05,2025-11-29,EUR,10442.33
AR-DE01-202510-0040,DE01,C005,2025-10-31,2025-12-15,2025-11-17,EUR,4235.45
AR-DE01-202510-0041,DE01,C006,2025-10-30,2025-12-14,2025-12-09,EUR,33333.04
AR-DE01-202510-0042,DE01,C008,2025-10-07,2025-11-06,2025-11-13,EUR,15951.41
AR-DE01-202510-0043,DE01,C011,2025-10-23,2025-11-22,2025-11-28,EUR,5777.87
AR-DE01-202510-0044,DE01,C014,2025-10-10,2025-11-24,2025-11-15,EUR,35963.2
AR-DE01-202510-0045,DE01,C024,2025-10-09,2025-11-08,2025-12-06,EUR,77497.02
AR-DE01-202510-0046,DE01,C023,2025-10-28,2025-11-27,2025-11-15,EUR,6423.23
AR-DE01-202510-0047,DE01,C029,2025-10-11,2025-11-25,2025-12-06,EUR,7953.39
AR-DE01-202510-0048,DE01,C014,2025-10-19,2025-11-18,2025-11-16,EUR,3677.69
AR-DE01-202510-0049,DE01,C018,2025-10-20,2025-11-19,2025-11-22,EUR,21593.02
AR-DE01-202510-0050,DE01,C012,2025-10-25,2025-11-24,2026-01-01,EUR,13314.43
AR-DE01-202510-0051,DE01,C019,2025-10-26,2025-11-25,2026-01-25,EUR,3952.01
AR-DE01-202510-0052,DE01,C024,2025-10-20,2025-11-19,2025-11-18,EUR,5575.66
AR-DE01-202510-0053,DE01,C010,2025-10-06,2025-11-20,2025-11-06,EUR,14542.84
AR-DE01-202510-0054,DE01,C033,2025-10-27,2025-12-11,2026-01-03,EUR,23142.24
AR-DE01-202510-0055,DE01,C033,2025-10-21,2025-11-20,2025-12-04,EUR,14675.09
AR-DE01-202510-0056,DE01,C034,2025-10-30,2025-11-29,2025-12-30,EUR,2656.6
AR-DE01-202510-0057,DE01,C015,2025-10-20,2025-11-19,2025-12-07,EUR,11567.13
AR-DE01-202510-0058,DE01,C027,2025-10-06,2025-11-05,2025-11-15,EUR,12584.77
AR-DE01-202510-0059,DE01,C015,2025-10-01,2025-10-31,2025-10-28,EUR,5381.63
AR-DE01-202510-0060,DE01,C001,2025-10-17,2025-12-01,2026-01-29,EUR,13238.85
AR-DE01-202510-0061,DE01,C029,2025-10-14,2025-11-13,2025-11-25,EUR,3982.66
AR-DE01-202510-0062,DE01,C039,2025-10-23,2025-12-07,2025-12-22,EUR,25526.67
AR-DE01-202510-0063,DE01,C002,2025-10-02,2025-11-01,2025-11-28,EUR,1489.8
AR-DE01-202510-0064,DE01,C038,2025-10-01,2025-10-31,2025-11-13,EUR,2460.5
AR-DE01-202510-0065,DE01,C031,2025-10-19,2025-12-03,2025-12-10,EUR,3098.72
AR-DE01-202510-0066,DE01,C019,2025-10-03,2025-11-17,2025-12-06,EUR,4977.87
AR-DE01-202510-0067,DE01,C019,2025-10-19,2025-12-03,2025-11-22,EUR,10778.81
AR-DE01-202510-0068,DE01,C005,2025-10-17,2025-11-16,2026-01-26,EUR,7987.42
AR-DE01-202510-0069,DE01,C013,2025-10-15,2025-11-14,2025-11-22,EUR,1260.41
AR-DE01-202510-0070,DE01,C031,2025-10-10,2025-11-09,2025-11-14,EUR,1888.95
AR-DE01-202510-0071,DE01,C014,2025-10-04,2025-11-03,2025-11-05,EUR,37477.66
AR-DE01-202510-0072,DE01,C017,2025-10-16,2025-11-15,2025-12-03,EUR,32341.5
AR-DE01-202510-0073,DE01,C012,2025-10-20,2025-11-19,2025-12-29,EUR,6033.14
AR-DE01-202510-0074,DE01,C032,2025-10-26,2025-11-25,2025-11-30,EUR,8744.49
AR-DE01-202510-0075,DE01,C007,2025-10-09,2025-11-08,2025-12-13,EUR,5389.26
AR-DE01-202510-0076,DE01,C007,2025-10-22,2025-12-06,2025-12-03,EUR,8424.43
AR-DE01-202510-0077,DE01,C025,2025-10-31,2025-11-30,2025-12-02,EUR,5684.69
AR-DE01-202510-0078,DE01,C036,2025-10-24,2025-11-23,2025-11-19,EUR,9612.45
AR-DE01-202510-0079,DE01,C007,2025-10-31,2025-12-15,2026-02-11,EUR,468.99
AR-DE01-202510-0080,DE01,C034,2025-10-17,2025-11-16,2025-12-18,EUR,6852.04
AR-DE01-202510-0081,DE01,C011,2025-10-31,2025-11-30,2025-12-28,EUR,7105.36
AR-DE01-202510-0082,DE01,C004,2025-10-18,2025-11-17,2025-12-13,EUR,57245.16
AR-DE01-202510-0083,DE01,C021,2025-10-01,2025-10-31,2025-11-17,EUR,5349.95
AR-DE01-202510-0084,DE01,C012,2025-10-26,2025-11-25,2025-12-17,EUR,34953.09
AR-DE01-202510-0085,DE01,C038,2025-10-31,2025-12-15,2025-12-02,EUR,2947.04
AR-DE01-202510-0086,DE01,C027,2025-10-22,2025-11-21,2025-12-06,EUR,39104.77
AR-DE01-202510-0087,DE01,C030,2025-10-02,2025-11-16,2025-11-26,EUR,2470.75
AR-DE01-202510-0088,DE01,C023,2025-10-30,2025-11-29,2025-12-29,EUR,17094.08
AR-DE01-202510-0089,DE01,C037,2025-10-27,2025-12-11,2025-11-23,EUR,26148.62
AR-DE01-202510-0090,DE01,C013,2025-10-17,2025-12-01,2025-11-29,EUR,5034.67
AR-DE01-202510-0091,DE01,C040,2025-10-11,2025-11-10,2025-11-23,EUR,3687.31
AR-DE01-202510-0092,DE01,C014,2025-10-04,2025-11-18,2025-12-26,EUR,4953.14
AR-DE01-202510-0093,DE01,C018,2025-10-30,2025-11-29,2025-12-01,EUR,1774.19
AR-DE01-202510-0094,DE01,C008,2025-10-05,2025-11-04,2025-11-24,EUR,22330.29
AR-DE01-202510-0095,DE01,C026,2025-10-04,2025-11-03,2025-10-25,EUR,6911.33
AR-DE01-202510-0096,DE01,C001,2025-10-28,2025-11-27,2025-12-03,EUR,13534.52
AR-DE01-202510-0097,DE01,C031,2025-10-05,2025-11-04,2025-11-11,EUR,4071.08
AR-DE01-202510-0098,DE01,C025,2025-10-21,2025-11-20,2025-11-15,EUR,21298.66
AR-DE01-202510-0099,DE01,C004,2025-10-18,2025-11-17,2025-11-22,EUR,10218.14
AR-DE01-202510-0100,DE01,C019,2025-10-01,2025-11-15,2025-11-21,EUR,11005.14
AR-DE01-202510-0101,DE01,C038,2025-10-07,2025-11-06,2025-10-30,EUR,17725.88
AR-DE01-202510-0102,DE01,C005,2025-10-19,2025-11-18,2025-12-15,EUR,11790.86
AR-DE01-202510-0103,DE01,C019,2025-10-16,2025-11-15,2025-11-10,EUR,2684.6
AR-DE01-202510-0104,DE01,C012,2025-10-22,2025-12-06,2025-11-18,EUR,6052.58
AR-DE01-202510-0105,DE01,C009,2025-10-27,2025-11-26,2025-11-27,EUR,7926.48
AR-DE01-202510-0106,DE01,C035,2025-10-22,2025-12-06,2025-12-06,EUR,8956.45
AR-DE01-202510-0107,DE01,C026,2025-10-14,2025-11-28,2025-11-23,EUR,17279.57
AR-DE01-202510-0108,DE01,C018,2025-10-13,2025-11-12,2025-11-10,EUR,22079.13
AR-DE01-202510-0109,DE01,C016,2025-10-30,2025-12-14,2025-12-02,EUR,3662.71
AR-DE01-202510-0110,DE01,C018,2025-10-26,2025-12-10,2025-12-06,EUR,7839.16
AR-DE01-202510-0111,DE01,C037,2025-10-28,2025-11-27,2025-12-02,EUR,10974.43
AR-DE01-202510-0112,DE01,C012,2025-10-09,2025-11-08,2025-11-21,EUR,5239.68
AR-DE01-202510-0113,DE01,C016,2025-10-24,2025-12-08,2025-12-02,EUR,7524.25
AR-DE01-202510-0114,DE01,C012,2025-10-28,2025-11-27,2025-12-03,EUR,16484.68
AR-DE01-202510-0115,DE01,C003,2025-10-09,2025-11-08,2025-12-22,EUR,23520.24
AR-DE01-202510-0116,DE01,C007,2025-10-08,2025-11-07,2025-11-19,EUR,6863.55
AR-DE01-202510-0117,DE01,C032,2025-10-19,2025-12-03,2025-12-31,EUR,22795.8
AR-DE01-202510-0118,DE01,C006,2025-10-15,2025-11-14,2025-10-29,EUR,2094.92
AR-DE01-202510-0119,DE01,C017,2025-10-23,2025-11-22,2025-11-19,EUR,5469.64
AR-DE01-202510-0120,DE01,C026,2025-10-17,2025-11-16,2025-11-30,EUR,2076.92
AR-DE01-202510-0121,DE01,C002,2025-10-13,2025-11-12,2025-11-12,EUR,8949.61
AR-DE01-202510-0122,DE01,C040,2025-10-14,2025-11-28,2026-01-06,EUR,30621.79
AR-DE01-202510-0123,DE01,C026,2025-10-22,2025-11-21,2025-12-11,EUR,7356.49
AR-DE01-202510-0124,DE01,C010,2025-10-06,2025-11-05,2025-11-10,EUR,3782.82
AR-DE01-202510-0125,DE01,C028,2025-10-21,2025-11-20,2025-12-17,EUR,67236.99
AR-DE01-202510-0126,DE01,C033,2025-10-10,2025-11-24,2025-11-21,EUR,2508.35
AR-DE01-202510-0127,DE01,C017,2025-10-07,2025-11-06,2025-11-23,EUR,13450.15
AR-DE01-202510-0128,DE01,C025,2025-10-17,2025-11-16,2025-12-05,EUR,1981.14
AR-DE01-202510-0129,DE01,C014,2025-10-23,2025-11-22,2026-01-04,EUR,10787.9
AR-DE01-202510-0130,DE01,C039,2025-10-17,2025-11-16,2025-11-10,EUR,929.79
AR-DE01-202510-0131,DE01,C005,2025-10-27,2025-12-11,2025-12-30,EUR,5750.61
AR-DE01-202510-0132,DE01,C006,2025-10-20,2025-12-04,2025-11-05,EUR,3707.24
AR-DE01-202510-0133,DE01,C005,2025-10-16,2025-11-15,2025-12-12,EUR,7441.47
AR-DE01-202510-0134,DE01,C026,2025-10-14,2025-11-13,2025-11-19,EUR,14720.86
AR-DE01-202510-0135,DE01,C013,2025-10-14,2025-11-13,2025-11-16,EUR,17017.18
AR-DE01-202510-0136,DE01,C013,2025-10-28,2025-11-27,2025-11-29,EUR,6928.44
AR-DE01-202510-0137,DE01,C007,2025-10-11,2025-11-10,2025-11-16,EUR,7482.06
AR-DE01-202510-0138,DE01,C006,2025-10-31,2025-12-15,2025-11-23,EUR,19043.84
AR-DE01-202510-0139,DE01,C018,2025-10-19,2025-12-03,2025-12-21,EUR,6388.13
AR-DE01-202510-0140,DE01,C027,2025-10-26,2025-11-25,2025-12-10,EUR,2794.27
AR-DE01-202510-0141,DE01,C016,2025-10-30,2025-11-29,2025-11-30,EUR,6331.1
AR-DE01-202510-0142,DE01,C003,2025-10-27,2025-12-11,2025-12-07,EUR,15487.24
AR-DE01-202510-0143,DE01,C033,2025-10-05,2025-11-19,2025-11-11,EUR,2964.24
AR-DE01-202510-0144,DE01,C014,2025-10-09,2025-11-23,2025-11-20,EUR,12446.13
AR-DE01-202510-0145,DE01,C027,2025-10-02,2025-11-01,2025-11-27,EUR,3961.0
AR-DE01-202510-0146,DE01,C027,2025-10-15,2025-11-29,2026-01-23,EUR,6620.6
AR-DE01-202510-0147,DE01,C020,2025-10-06,2025-11-20,2025-11-29,EUR,1298.84
AR-DE01-202510-0148,DE01,C008,2025-10-02,2025-11-01,2025-11-23,EUR,2183.84
AR-DE01-202510-0149,DE01,C015,2025-10-01,2025-10-31,2025-11-29,EUR,5930.32
AR-DE01-202510-0150,DE01,C016,2025-10-20,2025-12-04,2025-12-04,EUR,65215.57
AR-DE01-202510-0151,DE01,C024,2025-10-03,2025-11-02,2025-11-19,EUR,11657.58
AR-DE01-202510-0152,DE01,C002,2025-10-23,2025-11-22,2025-12-13,EUR,5495.32
AR-DE01-202510-0153,DE01,C010,2025-10-16,2025-11-30,2025-11-16,EUR,10430.79
AR-DE01-202510-0154,DE01,C023,2025-10-23,2025-12-07,2025-12-13,EUR,13457.0
AR-DE01-202510-0155,DE01,C034,2025-10-01,2025-11-15,2025-11-06,EUR,10634.12
AR-DE01-202510-0156,DE01,C014,2025-10-13,2025-11-12,2025-12-26,EUR,4558.03
AR-DE01-202510-0157,DE01,C003,2025-10-14,2025-11-13,2025-11-18,EUR,8827.34
AR-DE01-202510-0158,DE01,C003,2025-10-27,2025-11-26,2025-12-22,EUR,5959.62
AR-DE01-202510-0159,DE01,C015,2025-10-13,2025-11-12,2025-11-17,EUR,9724.61
AR-DE01-202510-0160,DE01,C016,2025-10-24,2025-11-23,2025-12-11,EUR,5710.04
AR-DE01-202510-0161,DE01,C018,2025-10-30,2025-11-29,2025-11-27,EUR,7559.7
AR-DE01-202510-0162,DE01,C032,2025-10-13,2025-11-12,2025-11-23,EUR,3098.01
AR-DE01-202510-0163,DE01,C002,2025-10-08,2025-11-22,2025-12-05,EUR,2780.1
AR-DE01-202510-0164,DE01,C006,2025-10-20,2025-11-19,2025-12-06,EUR,8795.8
AR-DE01-202510-0165,DE01,C007,2025-10-01,2025-11-15,2025-11-12,EUR,12049.67
AR-DE01-202510-0166,DE01,C028,2025-10-09,2025-11-08,2025-11-27,EUR,25212.7
AR-DE01-202510-0167,DE01,C026,2025-10-07,2025-11-06,2025-10-21,EUR,14022.08
AR-DE01-202510-0168,DE01,C039,2025-10-30,2025-11-29,2025-12-06,EUR,4189.11
AR-DE01-202510-0169,DE01,C035,2025-10-22,2025-12-06,2025-12-17,EUR,10719.68
AR-DE01-202510-0170,DE01,C010,2025-10-18,2025-11-17,2025-12-06,EUR,7795.53
AR-DE01-202510-0171,DE01,C039,2025-10-04,2025-11-03,2025-10-26,EUR,15770.44
AR-DE01-202510-0172,DE01,C003,2025-10-06,2025-11-20,2025-12-06,EUR,2140.24
AR-DE01-202510-0173,DE01,C030,2025-10-04,2025-11-03,2025-11-02,EUR,6546.6
AR-DE01-202510-0174,DE01,C012,2025-10-20,2025-11-19,2025-12-18,EUR,37106.99
AR-DE01-202511-0001,DE01,C006,2025-11-08,2025-12-08,2026-01-03,EUR,2456.7
AR-DE01-202511-0002,DE01,C019,2025-11-28,2025-12-28,2026-01-05,EUR,8309.27
AR-DE01-202511-0003,DE01,C035,2025-11-10,2025-12-10,2025-12-27,EUR,17657.51
AR-DE01-202511-0004,DE01,C030,2025-11-10,2025-12-10,2026-01-30,EUR,10679.56
AR-DE01-202511-0005,DE01,C040,2025-11-20,2025-12-20,2026-02-06,EUR,16424.99
AR-DE01-202511-0006,DE01,C015,2025-11-13,2025-12-13,2026-01-10,EUR,4566.96
AR-DE01-202511-0007,DE01,C002,2025-11-06,2025-12-21,2025-12-15,EUR,39548.91
AR-DE01-202511-0008,DE01,C010,2025-11-29,2025-12-29,2025-12-28,EUR,8149.31
AR-DE01-202511-0009,DE01,C006,2025-11-20,2025-12-20,2026-01-11,EUR,5371.68
AR-DE01-202511-0010,DE01,C026,2025-11-27,2025-12-27,2025-12-22,EUR,138837.36
AR-DE01-202511-0011,DE01,C014,2025-11-08,2025-12-08,2026-01-21,EUR,2537.72
AR-DE01-202511-0012,DE01,C019,2025-11-08,2025-12-08,2026-01-01,EUR,3988.2
AR-DE01-202511-0013,DE01,C016,2025-11-14,2025-12-14,2025-12-18,EUR,20300.97
AR-DE01-202511-0014,DE01,C037,2025-11-12,2025-12-12,2025-12-27,EUR,16752.38
AR-DE01-202511-0015,DE01,C019,2025-11-12,2025-12-12,2026-01-02,EUR,5820.83
AR-DE01-202511-0016,DE01,C029,2025-11-28,2025-12-28,2026-02-04,EUR,8121.32
AR-DE01-202511-0017,DE01,C032,2025-11-19,2026-01-03,2026-01-09,EUR,9216.88
AR-DE01-202511-0018,DE01,C005,2025-11-22,2025-12-22,2025-12-17,EUR,12884.34
AR-DE01-202511-0019,DE01,C024,2025-11-30,2025-12-30,2026-01-11,EUR,4283.95
AR-DE01-202511-0020,DE01,C002,2025-11-19,2025-12-19,2025-12-15,EUR,12077.7
AR-DE01-202511-0021,DE01,C035,2025-11-08,2025-12-23,2026-01-07,EUR,3524.9
AR-DE01-202511-0022,DE01,C031,2025-11-04,2025-12-04,2025-12-17,EUR,6622.58
AR-DE01-202511-0023,DE01,C038,2025-11-29,2026-01-13,2026-01-31,EUR,7437.0
AR-DE01-202511-0024,DE01,C037,2025-11-20,2025-12-20,2026-01-05,EUR,10500.46
AR-DE01-202511-0025,DE01,C006,2025-11-01,2025-12-16,2025-12-04,EUR,18979.09
AR-DE01-202511-0026,DE01,C029,2025-11-13,2025-12-13,2025-12-25,EUR,8120.81
AR-DE01-202511-0027,DE01,C008,2025-11-25,2025-12-25,2026-01-17,EUR,34138.28
AR-DE01-202511-0028,DE01,C020,2025-11-08,2025-12-08,2025-12-15,EUR,25981.27
AR-DE01-202511-0029,DE01,C006,2025-11-25,2025-12-25,2025-12-18,EUR,7638.01
AR-DE01-202511-0030,DE01,C017,2025-11-19,2026-01-03,2025-12-18,EUR,3850.23
AR-DE01-202511-0031,DE01,C024,2025-11-17,2025-12-17,2026-01-24,EUR,10197.89
AR-DE01-202511-0032,DE01,C017,2025-11-20,2025-12-20,2026-01-01,EUR,34919.89
AR-DE01-202511-0033,DE01,C030,2025-11-13,2025-12-28,2026-01-01,EUR,8249.14
AR-DE01-202511-0034,DE01,C011,2025-11-18,2025-12-18,2025-12-15,EUR,1755.78
AR-DE01-202511-0035,DE01,C022,2025-11-17,2025-12-17,2025-12-14,EUR,18541.44
AR-DE01-202511-0036,DE01,C024,2025-11-27,2026-01-11,2025-12-24,EUR,5284.56
AR-DE01-202511-0037,DE01,C033,2025-11-15,2025-12-30,2025-12-27,EUR,17326.24
AR-DE01-202511-0038,DE01,C023,2025-11-10,2025-12-10,2025-12-20,EUR,4875.02
AR-DE01-202511-0039,DE01,C024,2025-11-22,2026-01-06,2025-12-23,EUR,42949.23
AR-DE01-202511-0040,DE01,C018,2025-11-08,2025-12-08,2025-12-26,EUR,8751.15
AR-DE01-202511-0041,DE01,C014,2025-11-27,2025-12-27,2025-12-30,EUR,5007.65
AR-DE01-202511-0042,DE01,C025,2025-11-11,2025-12-26,2026-01-12,EUR,8828.58
AR-DE01-202511-0043,DE01,C034,2025-11-27,2025-12-27,2025-12-30,EUR,9966.79
AR-DE01-202511-0044,DE01,C013,2025-11-06,2025-12-06,2025-12-11,EUR,5550.2
AR-DE01-202511-0045,DE01,C032,2025-11-22,2025-12-22,2025-12-14,EUR,44151.08
AR-DE01-202511-0046,DE01,C040,2025-11-01,2025-12-16,2025-12-02,EUR,8628.39
AR-DE01-202511-0047,DE01,C012,2025-11-23,2025-12-23,2025-12-21,EUR,12606.84
AR-DE01-202511-0048,DE01,C006,2025-11-06,2025-12-06,2025-12-23,EUR,11711.3
AR-DE01-202511-0049,DE01,C002,2025-11-25,2025-12-25,2026-01-17,EUR,17195.62
AR-DE01-202511-0050,DE01,C020,2025-11-20,2025-12-20,2025-12-30,EUR,4556.92
AR-DE01-202511-0051,DE01,C007,2025-11-17,2025-12-17,2026-01-08,EUR,16125.72
AR-DE01-202511-0052,DE01,C008,2025-11-20,2026-01-04,2026-01-10,EUR,3077.66
AR-DE01-202511-0053,DE01,C026,2025-11-17,2025-12-17,2025-12-31,EUR,5973.2
AR-DE01-202511-0054,DE01,C039,2025-11-17,2025-12-17,2025-12-25,EUR,45060.44
AR-DE01-202511-0055,DE01,C027,2025-11-24,2026-01-08,2025-12-19,EUR,6678.82
AR-DE01-202511-0056,DE01,C025,2025-11-01,2025-12-01,2026-01-22,EUR,57981.71
AR-DE01-202511-0057,DE01,C028,2025-11-10,2025-12-10,2026-01-17,EUR,47765.15
AR-DE01-202511-0058,DE01,C021,2025-11-09,2025-12-09,2025-12-24,EUR,10102.71
AR-DE01-202511-0059,DE01,C005,2025-11-19,2025-12-19,2026-01-03,EUR,8771.86
AR-DE01-202511-0060,DE01,C002,2025-11-23,2026-01-07,2025-12-23,EUR,1947.54
AR-DE01-202511-0061,DE01,C040,2025-11-09,2025-12-24,2025-12-22,EUR,5760.69
AR-DE01-202511-0062,DE01,C003,2025-11-13,2025-12-13,2026-01-06,EUR,1814.68
AR-DE01-202511-0063,DE01,C004,2025-11-20,2025-12-20,2025-12-25,EUR,4566.65
AR-DE01-202511-0064,DE01,C013,2025-11-10,2025-12-10,2026-01-11,EUR,4188.66
AR-DE01-202511-0065,DE01,C022,2025-11-20,2025-12-20,2025-12-14,EUR,16600.77
AR-DE01-202511-0066,DE01,C010,2025-11-24,2025-12-24,2026-01-20,EUR,2844.98
AR-DE01-202511-0067,DE01,C017,2025-11-09,2025-12-09,2025-12-26,EUR,3328.67
AR-DE01-202511-0068,DE01,C011,2025-11-18,2025-12-18,2026-01-04,EUR,11885.25
AR-DE01-202511-0069,DE01,C027,2025-11-26,2025-12-26,2026-01-18,EUR,23137.48
AR-DE01-202511-0070,DE01,C028,2025-11-10,2025-12-10,2026-01-03,EUR,5922.9
AR-DE01-202511-0071,DE01,C019,2025-11-27,2025-12-27,2026-01-21,EUR,7803.08
AR-DE01-202511-0072,DE01,C016,2025-11-26,2025-12-26,2026-01-07,EUR,7716.5
AR-DE01-202511-0073,DE01,C018,2025-11-11,2025-12-11,2026-01-23,EUR,2851.16
AR-DE01-202511-0074,DE01,C018,2025-11-25,2025-12-25,2026-01-05,EUR,35721.34
AR-DE01-202511-0075,DE01,C022,2025-11-27,2025-12-27,2026-01-31,EUR,68342.36
AR-DE01-202511-0076,DE01,C012,2025-11-28,2025-12-28,2026-02-06,EUR,7049.32
AR-DE01-202511-0077,DE01,C021,2025-11-02,2025-12-02,2025-12-06,EUR,6296.04
AR-DE01-202511-0078,DE01,C024,2025-11-26,2026-01-10,2026-01-14,EUR,11361.99
AR-DE01-202511-0079,DE01,C026,2025-11-09,2025-12-09,2025-12-31,EUR,1837.68
AR-DE01-202511-0080,DE01,C034,2025-11-26,2026-01-10,2026-01-06,EUR,6527.62
AR-DE01-202511-0081,DE01,C006,2025-11-08,2025-12-23,2026-01-09,EUR,1631.83
AR-DE01-202511-0082,DE01,C040,2025-11-11,2025-12-26,2025-12-05,EUR,3263.32
AR-DE01-202511-0083,DE01,C038,2025-11-09,2025-12-09,2025-12-15,EUR,12264.91
AR-DE01-202511-0084,DE01,C009,2025-11-22,2026-01-06,2025-12-18,EUR,7758.88
AR-DE01-202511-0085,DE01,C023,2025-11-16,2025-12-16,2025-12-23,EUR,2961.69
AR-DE01-202511-0086,DE01,C024,2025-11-13,2025-12-28,2025-12-15,EUR,16048.68
AR-DE01-202511-0087,DE01,C023,2025-11-12,2025-12-12,2025-12-11,EUR,4414.65
AR-DE01-202511-0088,DE01,C017,2025-11-07,2025-12-22,2025-12-06,EUR,797.76
AR-DE01-202511-0089,DE01,C009,2025-11-03,2025-12-03,2025-12-14,EUR,6618.97
AR-DE01-202511-0090,DE01,C022,2025-11-29,2026-01-13,2026-01-23,EUR,7650.34
AR-DE01-202511-0091,DE01,C005,2025-11-28,2025-12-28,2025-12-30,EUR,9469.49
AR-DE01-202511-0092,DE01,C018,2025-11-23,2025-12-23,2025-12-26,EUR,11372.0
AR-DE01-202511-0093,DE01,C017,2025-11-10,2025-12-25,2025-12-14,EUR,6820.04
AR-DE01-202511-0094,DE01,C031,2025-11-13,2025-12-13,2026-01-04,EUR,2160.89
AR-DE01-202511-0095,DE01,C031,2025-11-10,2025-12-10,2025-12-24,EUR,22602.67
AR-DE01-202511-0096,DE01,C001,2025-11-05,2025-12-05,2025-12-03,EUR,6524.78
AR-DE01-202511-0097,DE01,C002,2025-11-15,2025-12-15,2025-12-28,EUR,10561.18
AR-DE01-202511-0098,DE01,C001,2025-11-25,2025-12-25,2026-01-19,EUR,26622.65
AR-DE01-202511-0099,DE01,C018,2025-11-12,2025-12-12,2026-01-11,EUR,5840.82
AR-DE01-202511-0100,DE01,C021,2025-11-29,2026-01-13,2026-01-20,EUR,6211.16
AR-DE01-202511-0101,DE01,C038,2025-11-28,2026-01-12,2026-01-03,EUR,5423.81
AR-DE01-202511-0102,DE01,C006,2025-11-11,2025-12-11,2026-01-01,EUR,12626.37
AR-DE01-202511-0103,DE01,C021,2025-11-03,2025-12-18,2025-12-08,EUR,13105.43
AR-DE01-202511-0104,DE01,C034,2025-11-05,2025-12-05,2025-12-20,EUR,6000.58
AR-DE01-202511-0105,DE01,C024,2025-11-24,2025-12-24,2025-12-14,EUR,1242.84
AR-DE01-202511-0106,DE01,C003,2025-11-05,2025-12-20,2025-12-31,EUR,3431.72
AR-DE01-202511-0107,DE01,C022,2025-11-06,2025-12-21,2025-12-04,EUR,8333.74
AR-DE01-202511-0108,DE01,C004,2025-11-20,2026-01-04,2026-01-06,EUR,7383.91
AR-DE01-202511-0109,DE01,C025,2025-11-11,2025-12-26,2026-02-07,EUR,21133.54
AR-DE01-202511-0110,DE01,C019,2025-11-15,2025-12-30,2025-12-24,EUR,9768.32
AR-DE01-202511-0111,DE01,C015,2025-11-20,2025-12-20,2026-01-23,EUR,16003.21
AR-DE01-202511-0112,DE01,C032,2025-11-29,2026-01-13,2026-01-23,EUR,7520.62
AR-DE01-202511-0113,DE01,C040,2025-11-15,2025-12-15,2025-12-23,EUR,4575.56
AR-DE01-202511-0114,DE01,C020,2025-11-02,2025-12-02,2025-11-29,EUR,6231.73
AR-DE01-202511-0115,DE01,C034,2025-11-16,2025-12-16,2025-12-07,EUR,18052.5
AR-DE01-202511-0116,DE01,C034,2025-11-28,2026-01-12,2026-01-05,EUR,3146.17
AR-DE01-202511-0117,DE01,C030,2025-11-12,2025-12-12,2026-01-11,EUR,14013.56
AR-DE01-202511-0118,DE01,C037,2025-11-21,2026-01-05,2026-01-09,EUR,1324.29
AR-DE01-202511-0119,DE01,C029,2025-11-22,2025-12-22,2026-01-09,EUR,1194.28
AR-DE01-202511-0120,DE01,C005,2025-11-11,2025-12-11,2025-12-10,EUR,3048.64
AR-DE01-202511-0121,DE01,C036,2025-11-11,2025-12-26,2025-12-12,EUR,1411.41
AR-DE01-202511-0122,DE01,C014,2025-11-11,2025-12-11,2026-01-03,EUR,14229.67
AR-DE01-202511-0123,DE01,C004,2025-11-24,2025-12-24,2026-01-09,EUR,1286.24
AR-DE01-202511-0124,DE01,C009,2025-11-05,2025-12-20,2025-12-12,EUR,5247.99
AR-DE01-202511-0125,DE01,C038,2025-11-01,2025-12-01,2025-12-10,EUR,14622.57
AR-DE01-202511-0126,DE01,C034,2025-11-04,2025-12-04,2025-12-24,EUR,17826.95
AR-DE01-202511-0127,DE01,C034,2025-11-25,2025-12-25,2025-12-29,EUR,7320.44
AR-DE01-202511-0128,DE01,C028,2025-11-18,2025-12-18,2026-02-20,EUR,18872.83
AR-DE01-202511-0129,DE01,C028,2025-11-15,2025-12-15,2025-12-24,EUR,3194.67
AR-DE01-202511-0130,DE01,C006,2025-11-26,2025-12-26,2026-01-22,EUR,4987.98
AR-DE01-202511-0131,DE01,C014,2025-11-10,2025-12-10,2025-12-19,EUR,24238.33
AR-DE01-202511-0132,DE01,C025,2025-11-29,2025-12-29,2025-12-30,EUR,8690.88
AR-DE01-202511-0133,DE01,C030,2025-11-09,2025-12-09,2025-12-21,EUR,23504.23
AR-DE01-202511-0134,DE01,C010,2025-11-17,2025-12-17,2026-01-14,EUR,5228.94
AR-DE01-202511-0135,DE01,C020,2025-11-25,2025-12-25,2026-01-05,EUR,5382.84
AR-DE01-202511-0136,DE01,C023,2025-11-02,2025-12-02,2025-12-22,EUR,18813.83
AR-DE01-202511-0137,DE01,C012,2025-11-25,2026-01-09,2025-12-24,EUR,24510.85
AR-DE01-202511-0138,DE01,C018,2025-11-05,2025-12-05,2025-12-23,EUR,28846.2
AR-DE01-202511-0139,DE01,C012,2025-11-29,2025-12-29,2026-02-01,EUR,15812.1
AR-DE01-202511-0140,DE01,C040,2025-11-24,2025-12-24,2026-01-04,EUR,3571.81
AR-DE01-202511-0141,DE01,C032,2025-11-11,2025-12-11,2025-12-10,EUR,5535.91
AR-DE01-202511-0142,DE01,C016,2025-11-03,2025-12-18,2025-12-16,EUR,10401.49
AR-DE01-202511-0143,DE01,C035,2025-11-03,2025-12-18,2025-12-18,EUR,428.78
AR-DE01-202511-0144,DE01,C017,2025-11-25,2025-12-25,2026-02-02,EUR,9882.69
AR-DE01-202511-0145,DE01,C032,2025-11-07,2025-12-22,2025-12-27,EUR,10276.96
AR-DE01-202511-0146,DE01,C003,2025-11-28,2026-01-12,2026-01-11,EUR,4767.85
AR-DE01-202511-0147,DE01,C005,2025-11-07,2025-12-07,2026-01-08,EUR,2039.36
AR-DE01-202511-0148,DE01,C004,2025-11-28,2025-12-28,2026-01-08,EUR,2589.15
AR-DE01-202511-0149,DE01,C019,2025-11-24,2025-12-24,2025-12-30,EUR,8332.6
AR-DE01-202511-0150,DE01,C016,2025-11-09,2025-12-09,2025-12-15,EUR,41959.52
AR-DE01-202511-0151,DE01,C027,2025-11-18,2025-12-18,2025-12-22,EUR,2013.27
AR-DE01-202511-0152,DE01,C009,2025-11-06,2025-12-06,2025-12-21,EUR,4035.83
AR-DE01-202511-0153,DE01,C037,2025-11-23,2025-12-23,2026-01-01,EUR,7892.29
AR-DE01-202511-0154,DE01,C010,2025-11-07,2025-12-07,2026-01-19,EUR,23132.86
AR-DE01-202511-0155,DE01,C026,2025-11-05,2025-12-05,2026-02-05,EUR,9168.74
AR-DE01-202511-0156,DE01,C008,2025-11-09,2025-12-09,2025-12-06,EUR,8758.4
AR-DE01-202511-0157,DE01,C034,2025-11-12,2025-12-12,2026-01-16,EUR,23876.63
AR-DE01-202511-0158,DE01,C026,2025-11-08,2025-12-23,2025-12-21,EUR,5557.36
AR-DE01-202511-0159,DE01,C038,2025-11-05,2025-12-20,2025-12-25,EUR,20235.81
AR-DE01-202511-0160,DE01,C023,2025-11-02,2025-12-02,2025-12-31,EUR,4147.06
AR-DE01-202511-0161,DE01,C010,2025-11-29,2025-12-29,2026-01-22,EUR,26847.09
AR-DE01-202511-0162,DE01,C029,2025-11-28,2025-12-28,2025-12-23,EUR,2512.02
AR-DE01-202511-0163,DE01,C040,2025-11-21,2025-12-21,2025-12-20,EUR,7723.93
AR-DE01-202511-0164,DE01,C007,2025-11-07,2025-12-22,2025-12-18,EUR,2783.7
AR-DE01-202511-0165,DE01,C026,2025-11-28,2025-12-28,2026-01-27,EUR,10947.83
AR-DE01-202511-0166,DE01,C033,2025-11-17,2026-01-01,2026-01-09,EUR,8438.63
AR-DE01-202511-0167,DE01,C013,2025-11-04,2025-12-04,2025-12-08,EUR,8376.77
AR-DE01-202511-0168,DE01,C038,2025-11-15,2025-12-15,2025-12-14,EUR,1651.46
AR-DE01-202511-0169,DE01,C026,2025-11-21,2025-12-21,2026-02-01,EUR,9702.4
AR-DE01-202511-0170,DE01,C007,2025-11-13,2025-12-13,2026-01-23,EUR,7940.66
AR-DE01-202511-0171,DE01,C001,2025-11-14,2025-12-29,2025-12-26,EUR,8847.47
AR-DE01-202511-0172,DE01,C021,2025-11-06,2025-12-21,2026-01-07,EUR,1140.39
AR-DE01-202511-0173,DE01,C015,2025-11-26,2026-01-10,2025-12-31,EUR,11826.31
AR-DE01-202511-0174,DE01,C030,2025-11-22,2026-01-06,2025-12-25,EUR,8098.19
AR-DE01-202512-0001,DE01,C032,2025-12-28,2026-01-27,2026-02-14,EUR,1057408.86
AR-DE01-202512-0002,DE01,C011,2025-12-15,2026-01-29,2026-02-17,EUR,11112.14
AR-DE01-202512-0003,DE01,C034,2025-12-18,2026-01-17,2026-03-09,EUR,8992.68
AR-DE01-202512-0004,DE01,C002,2025-12-29,2026-01-28,2026-02-13,EUR,5259.7
AR-DE01-202512-0005,DE01,C006,2025-12-05,2026-01-04,2026-03-04,EUR,11443.28
AR-DE01-202512-0006,DE01,C026,2025-12-11,2026-01-10,2026-01-21,EUR,5182.34
AR-DE01-202512-0007,DE01,C021,2025-12-25,2026-02-08,2026-01-26,EUR,7743.82
AR-DE01-202512-0008,DE01,C012,2025-12-22,2026-01-21,2026-02-25,EUR,35459.87
AR-DE01-202512-0009,DE01,C022,2025-12-08,2026-01-07,2026-01-26,EUR,5783.58
AR-DE01-202512-0010,DE01,C024,2025-12-17,2026-01-16,2026-02-02,EUR,7480.91
AR-DE01-202512-0011,DE01,C035,2025-12-31,2026-02-14,2026-03-01,EUR,7594.05
AR-DE01-202512-0012,DE01,C004,2025-12-26,2026-02-09,2026-02-21,EUR,19509.41
AR-DE01-202512-0013,DE01,C007,2025-12-03,2026-01-02,2026-02-20,EUR,1656.22
AR-DE01-202512-0014,DE01,C004,2025-12-18,2026-01-17,2026-01-28,EUR,4977.09
AR-DE01-202512-0015,DE01,C026,2025-12-20,2026-01-19,2026-01-25,EUR,41353.67
AR-DE01-202512-0016,DE01,C028,2025-12-20,2026-01-19,2026-03-21,EUR,7489.2
AR-DE01-202512-0017,DE01,C039,2025-12-02,2026-01-01,2026-01-29,EUR,2464.63
AR-DE01-202512-0018,DE01,C004,2025-12-23,2026-02-06,2026-02-03,EUR,19875.34
AR-DE01-202512-0019,DE01,C039,2025-12-19,2026-01-18,2026-02-12,EUR,15100.25
AR-DE01-202512-0020,DE01,C013,2025-12-08,2026-01-07,2026-01-08,EUR,5860.89
AR-DE01-202512-0021,DE01,C025,2025-12-09,2026-01-08,2026-01-18,EUR,63936.59
AR-DE01-202512-0022,DE01,C001,2025-12-03,2026-01-02,2026-01-14,EUR,2711.96
AR-DE01-202512-0023,DE01,C004,2025-12-28,2026-01-27,2026-01-28,EUR,4459.35
AR-DE01-202512-0024,DE01,C016,2025-12-04,2026-01-03,2026-02-13,EUR,47772.68
AR-DE01-202512-0025,DE01,C040,2025-12-08,2026-01-22,2025-12-31,EUR,43869.55
AR-DE01-202512-0026,DE01,C011,2025-12-26,2026-02-09,2026-01-29,EUR,17010.49
AR-DE01-202512-0027,DE01,C014,2025-12-16,2026-01-15,2026-02-02,EUR,8523.42
AR-DE01-202512-0028,DE01,C014,2025-12-08,2026-01-22,2026-01-21,EUR,6380.49
AR-DE01-202512-0029,DE01,C027,2025-12-11,2026-01-25,2026-01-13,EUR,10145.33
AR-DE01-202512-0030,DE01,C032,2025-12-13,2026-01-12,2026-03-23,EUR,76502.87
AR-DE01-202512-0031,DE01,C038,2025-12-06,2026-01-20,2026-01-13,EUR,11218.72
AR-DE01-202512-0032,DE01,C012,2025-12-02,2026-01-16,2026-01-09,EUR,37218.7
AR-DE01-202512-0033,DE01,C025,2025-12-05,2026-01-19,2026-01-26,EUR,14219.0
AR-DE01-202512-0034,DE01,C010,2025-12-06,2026-01-05,2026-02-03,EUR,26266.59
AR-DE01-202512-0035,DE01,C025,2025-12-21,2026-01-20,2026-02-13,EUR,2851.7
AR-DE01-202512-0036,DE01,C026,2025-12-23,2026-01-22,2026-01-26,EUR,12503.35
AR-DE01-202512-0037,DE01,C019,2025-12-22,2026-01-21,2026-01-31,EUR,7427.11
AR-DE01-202512-0038,DE01,C014,2025-12-16,2026-01-15,2026-03-11,EUR,27370.95
AR-DE01-202512-0039,DE01,C006,2025-12-28,2026-02-11,2026-01-27,EUR,8341.79
AR-DE01-202512-0040,DE01,C038,2025-12-24,2026-02-07,2026-01-17,EUR,3315.78
AR-DE01-202512-0041,DE01,C004,2025-12-11,2026-01-10,2026-02-01,EUR,3108.13
AR-DE01-202512-0042,DE01,C022,2025-12-19,2026-02-02,2026-01-23,EUR,6016.07
AR-DE01-202512-0043,DE01,C023,2025-12-20,2026-01-19,2026-03-15,EUR,13343.36
AR-DE01-202512-0044,DE01,C035,2025-12-16,2026-01-15,2026-01-29,EUR,6093.38
AR-DE01-202512-0045,DE01,C020,2025-12-15,2026-01-14,2026-01-19,EUR,1414.16
AR-DE01-202512-0046,DE01,C012,2025-12-04,2026-01-03,2025-12-28,EUR,3800.25
AR-DE01-202512-0047,DE01,C004,2025-12-16,2026-01-15,2026-02-08,EUR,7566.73
AR-DE01-202512-0048,DE01,C005,2025-12-26,2026-01-25,2026-01-22,EUR,7625.88
AR-DE01-202512-0049,DE01,C030,2025-12-12,2026-01-11,2026-02-03,EUR,32930.75
AR-DE01-202512-0050,DE01,C003,2025-12-07,2026-01-06,2026-01-14,EUR,7590.05
AR-DE01-202512-0051,DE01,C012,2025-12-29,2026-02-12,2026-02-12,EUR,12050.53
AR-DE01-202512-0052,DE01,C026,2025-12-04,2026-01-03,2026-01-18,EUR,30787.89
AR-DE01-202512-0053,DE01,C016,2025-12-11,2026-01-10,2026-01-01,EUR,2929.77
AR-DE01-202512-0054,DE01,C026,2025-12-08,2026-01-07,2026-02-06,EUR,13519.65
AR-DE01-202512-0055,DE01,C019,2025-12-12,2026-01-11,2026-01-14,EUR,8453.35
AR-DE01-202512-0056,DE01,C008,2025-12-13,2026-01-12,2026-01-19,EUR,8895.54
AR-DE01-202512-0057,DE01,C033,2025-12-21,2026-02-04,2026-02-01,EUR,13102.21
AR-DE01-202512-0058,DE01,C023,2025-12-24,2026-01-23,2026-01-31,EUR,2077.53
AR-DE01-202512-0059,DE01,C023,2025-12-03,2026-01-02,2026-02-04,EUR,11334.7
AR-DE01-202512-0060,DE01,C036,2025-12-28,2026-01-27,2026-01-27,EUR,3497.44
AR-DE01-202512-0061,DE01,C015,2025-12-17,2026-01-31,2026-01-31,EUR,1983.04
AR-DE01-202512-0062,DE01,C020,2025-12-30,2026-01-29,2026-02-13,EUR,3161.16
AR-DE01-202512-0063,DE01,C006,2025-12-13,2026-01-12,2026-02-01,EUR,6134.56
AR-DE01-202512-0064,DE01,C011,2025-12-09,2026-01-08,2026-01-11,EUR,6418.91
AR-DE01-202512-0065,DE01,C016,2025-12-13,2026-01-12,2026-01-17,EUR,16468.09
AR-DE01-202512-0066,DE01,C002,2025-12-27,2026-01-26,2026-01-26,EUR,4041.95
AR-DE01-202512-0067,DE01,C016,2025-12-14,2026-01-13,2026-01-20,EUR,16324.02
AR-DE01-202512-0068,DE01,C029,2025-12-06,2026-01-20,2026-01-26,EUR,3179.32
AR-DE01-202512-0069,DE01,C010,2025-12-04,2026-01-03,2026-01-14,EUR,5498.66
AR-DE01-202512-0070,DE01,C018,2025-12-13,2026-01-12,2026-03-02,EUR,2922.71
AR-DE01-202512-0071,DE01,C032,2025-12-29,2026-01-28,2026-01-31,EUR,11181.68
AR-DE01-202512-0072,DE01,C010,2025-12-24,2026-02-07,2026-01-25,EUR,2067.22
AR-DE01-202512-0073,DE01,C015,2025-12-15,2026-01-29,2026-01-13,EUR,14714.18
AR-DE01-202512-0074,DE01,C001,2025-12-21,2026-02-04,2026-03-29,EUR,32193.94
AR-DE01-202512-0075,DE01,C036,2025-12-04,2026-01-18,2026-01-18,EUR,27947.22
AR-DE01-202512-0076,DE01,C020,2025-12-11,2026-01-25,2026-01-06,EUR,15247.71
AR-DE01-202512-0077,DE01,C037,2025-12-01,2025-12-31,2026-01-07,EUR,4965.08
AR-DE01-202512-0078,DE01,C040,2025-12-01,2025-12-31,2026-01-09,EUR,3195.21
AR-DE01-202512-0079,DE01,C005,2025-12-07,2026-01-06,2026-01-05,EUR,23099.4
AR-DE01-202512-0080,DE01,C005,2025-12-03,2026-01-17,2026-02-23,EUR,6248.08
AR-DE01-202512-0081,DE01,C018,2025-12-07,2026-01-06,2026-01-14,EUR,5692.91
AR-DE01-202512-0082,DE01,C008,2025-12-15,2026-01-14,2026-02-13,EUR,896.11
AR-DE01-202512-0083,DE01,C006,2025-12-09,2026-01-23,2026-01-14,EUR,43608.1
AR-DE01-202512-0084,DE01,C002,2025-12-24,2026-01-23,2026-02-02,EUR,16342.56
AR-DE01-202512-0085,DE01,C034,2025-12-27,2026-01-26,2026-02-11,EUR,14302.05
AR-DE01-202512-0086,DE01,C022,2025-12-17,2026-01-16,2026-01-19,EUR,20877.43
AR-DE01-202512-0087,DE01,C020,2025-12-06,2026-01-05,2026-01-06,EUR,4157.07
AR-DE01-202512-0088,DE01,C004,2025-12-21,2026-01-20,2026-02-07,EUR,3009.87
AR-DE01-202512-0089,DE01,C001,2025-12-03,2026-01-02,2026-02-06,EUR,6102.08
AR-DE01-202512-0090,DE01,C030,2025-12-25,2026-01-24,2026-02-17,EUR,10058.42
AR-DE01-202512-0091,DE01,C013,2025-12-12,2026-01-11,2026-01-17,EUR,3365.33
AR-DE01-202512-0092,DE01,C026,2025-12-19,2026-01-18,2026-01-23,EUR,5223.78
AR-DE01-202512-0093,DE01,C012,2025-12-06,2026-01-20,2026-01-01,EUR,18285.56
AR-DE01-202512-0094,DE01,C037,2025-12-30,2026-01-29,2026-02-13,EUR,4913.69
AR-DE01-202512-0095,DE01,C006,2025-12-04,2026-01-03,2026-01-15,EUR,2141.72
AR-DE01-202512-0096,DE01,C006,2025-12-01,2026-01-15,2026-01-16,EUR,21692.64
AR-DE01-202512-0097,DE01,C031,2025-12-31,2026-01-30,2026-02-11,EUR,18339.11
AR-DE01-202512-0098,DE01,C005,2025-12-23,2026-01-22,2026-02-10,EUR,4411.26
AR-DE01-202512-0099,DE01,C018,2025-12-06,2026-01-05,2026-01-15,EUR,19840.73
AR-DE01-202512-0100,DE01,C010,2025-12-31,2026-02-14,2026-02-04,EUR,5385.82
AR-DE01-202512-0101,DE01,C028,2025-12-29,2026-02-12,2026-02-05,EUR,8677.84
AR-DE01-202512-0102,DE01,C036,2025-12-18,2026-01-17,2026-02-11,EUR,6114.62
AR-DE01-202512-0103,DE01,C027,2025-12-24,2026-02-07,2026-02-11,EUR,18490.59
AR-DE01-202512-0104,DE01,C030,2025-12-15,2026-01-29,2026-01-09,EUR,1594.94
AR-DE01-202512-0105,DE01,C037,2025-12-15,2026-01-14,2026-01-13,EUR,13612.18
AR-DE01-202512-0106,DE01,C033,2025-12-18,2026-02-01,2026-01-21,EUR,8695.0
AR-DE01-202512-0107,DE01,C034,2025-12-16,2026-01-15,2026-01-12,EUR,3788.72
AR-DE01-202512-0108,DE01,C013,2025-12-12,2026-01-11,2026-01-17,EUR,16330.8
AR-DE01-202512-0109,DE01,C040,2025-12-25,2026-01-24,2026-02-04,EUR,4341.38
AR-DE01-202512-0110,DE01,C015,2025-12-20,2026-01-19,2026-02-07,EUR,7514.77
AR-DE01-202512-0111,DE01,C033,2025-12-13,2026-01-12,2026-01-24,EUR,4928.44
AR-DE01-202512-0112,DE01,C040,2025-12-31,2026-01-30,2026-02-26,EUR,6425.59
AR-DE01-202512-0113,DE01,C031,2025-12-15,2026-01-14,2026-02-07,EUR,28270.02
AR-DE01-202512-0114,DE01,C009,2025-12-16,2026-01-15,2026-01-27,EUR,6321.11
AR-DE01-202512-0115,DE01,C024,2025-12-26,2026-01-25,2026-03-05,EUR,16955.58
AR-DE01-202512-0116,DE01,C035,2025-12-09,2026-01-08,2026-01-24,EUR,1178.13
AR-DE01-202512-0117,DE01,C025,2025-12-26,2026-01-25,2026-01-21,EUR,11546.29
AR-DE01-202512-0118,DE01,C017,2025-12-04,2026-01-03,2026-01-08,EUR,6014.17
AR-DE01-202512-0119,DE01,C024,2025-12-03,2026-01-02,2026-03-09,EUR,2401.11
AR-DE01-202512-0120,DE01,C017,2025-12-11,2026-01-10,2026-01-16,EUR,17022.07
AR-DE01-202512-0121,DE01,C019,2025-12-30,2026-01-29,2026-02-19,EUR,6762.5
AR-DE01-202512-0122,DE01,C002,2025-12-11,2026-01-25,2026-01-21,EUR,3786.31
AR-DE01-202512-0123,DE01,C038,2025-12-22,2026-01-21,2026-02-03,EUR,13284.77
AR-DE01-202512-0124,DE01,C021,2025-12-21,2026-01-20,2026-01-25,EUR,15577.39
AR-DE01-202512-0125,DE01,C011,2025-12-04,2026-01-03,2026-01-04,EUR,11426.68
AR-DE01-202512-0126,DE01,C024,2025-12-19,2026-01-18,2026-03-22,EUR,25162.43
AR-DE01-202512-0127,DE01,C013,2025-12-10,2026-01-24,2026-03-07,EUR,7425.21
AR-DE01-202512-0128,DE01,C032,2025-12-12,2026-01-26,2026-01-20,EUR,7421.67
AR-DE01-202512-0129,DE01,C006,2025-12-31,2026-01-30,2026-01-20,EUR,3048.29
AR-DE01-202512-0130,DE01,C028,2025-12-29,2026-01-28,2026-02-16,EUR,10222.77
AR-DE01-202512-0131,DE01,C012,2025-12-11,2026-01-10,2026-02-03,EUR,7771.23
AR-DE01-202512-0132,DE01,C039,2025-12-14,2026-01-13,2026-01-11,EUR,3779.36
AR-DE01-202512-0133,DE01,C008,2025-12-03,2026-01-02,2026-02-02,EUR,7646.26
AR-DE01-202512-0134,DE01,C029,2025-12-24,2026-02-07,2026-02-12,EUR,19439.81
AR-DE01-202512-0135,DE01,C037,2025-12-11,2026-01-25,2026-02-12,EUR,4610.05
AR-DE01-202512-0136,DE01,C026,2025-12-06,2026-01-20,2026-01-18,EUR,6957.82
AR-DE01-202512-0137,DE01,C032,2025-12-25,2026-01-24,2026-02-06,EUR,46457.74
AR-DE01-202512-0138,DE01,C035,2025-12-18,2026-01-17,2026-02-27,EUR,14044.44
AR-DE01-202512-0139,DE01,C014,2025-12-13,2026-01-12,2026-01-16,EUR,4077.17
AR-DE01-202512-0140,DE01,C035,2025-12-26,2026-01-25,2026-02-06,EUR,3606.25
AR-DE01-202512-0141,DE01,C030,2025-12-17,2026-01-31,2026-02-28,EUR,9569.99
AR-DE01-202512-0142,DE01,C018,2025-12-03,2026-01-17,2026-01-06,EUR,4252.49
AR-DE01-202512-0143,DE01,C034,2025-12-12,2026-01-26,2026-03-03,EUR,4725.08
AR-DE01-202512-0144,DE01,C025,2025-12-12,2026-01-11,2026-02-06,EUR,8147.2
AR-DE01-202512-0145,DE01,C012,2025-12-16,2026-01-15,2026-02-20,EUR,28666.56
AR-DE01-202512-0146,DE01,C012,2025-12-01,2025-12-31,2025-12-24,EUR,5038.32
AR-DE01-202512-0147,DE01,C023,2025-12-31,2026-01-30,2026-01-26,EUR,39590.61
AR-DE01-202512-0148,DE01,C005,2025-12-24,2026-02-07,2026-03-02,EUR,9482.61
AR-DE01-202512-0149,DE01,C023,2025-12-14,2026-01-13,2026-01-30,EUR,13258.96
AR-DE01-202512-0150,DE01,C017,2025-12-09,2026-01-23,2026-01-23,EUR,27194.49
AR-DE01-202512-0151,DE01,C015,2025-12-02,2026-01-16,2026-01-18,EUR,3093.99
AR-DE01-202512-0152,DE01,C009,2025-12-15,2026-01-29,2026-02-11,EUR,14966.51
AR-DE01-202512-0153,DE01,C011,2025-12-05,2026-01-19,2026-01-25,EUR,1452.26
AR-DE01-202512-0154,DE01,C014,2025-12-08,2026-01-07,2026-01-13,EUR,6045.75
AR-DE01-202512-0155,DE01,C033,2025-12-26,2026-01-25,2026-03-18,EUR,3411.52
AR-DE01-202512-0156,DE01,C017,2025-12-31,2026-01-30,2026-02-11,EUR,12079.64
AR-DE01-202512-0157,DE01,C004,2025-12-08,2026-01-22,2026-01-14,EUR,8095.29
AR-DE01-202512-0158,DE01,C016,2025-12-27,2026-01-26,2026-02-18,EUR,13295.47
AR-DE01-202512-0159,DE01,C002,2025-12-09,2026-01-23,2026-01-21,EUR,11015.69
AR-DE01-202512-0160,DE01,C035,2025-12-23,2026-01-22,2026-02-08,EUR,6490.87
AR-DE01-202512-0161,DE01,C036,2025-12-14,2026-01-13,2026-02-06,EUR,7706.18
AR-DE01-202512-0162,DE01,C009,2025-12-01,2025-12-31,2026-01-16,EUR,3865.36
AR-DE01-202512-0163,DE01,C014,2025-12-10,2026-01-09,2026-01-31,EUR,2669.95
AR-DE01-202512-0164,DE01,C019,2025-12-23,2026-01-22,2026-01-27,EUR,4869.92
AR-DE01-202512-0165,DE01,C019,2025-12-12,2026-01-11,2026-02-05,EUR,4092.23
AR-DE01-202512-0166,DE01,C013,2025-12-20,2026-01-19,2026-02-16,EUR,5972.24
AR-DE01-202512-0167,DE01,C010,2025-12-21,2026-01-20,2026-02-01,EUR,30099.83
AR-DE01-202512-0168,DE01,C037,2025-12-16,2026-01-30,2025-12-31,EUR,11431.62
AR-DE01-202512-0169,DE01,C010,2025-12-31,2026-01-30,2026-01-23,EUR,6202.63
AR-DE01-202512-0170,DE01,C002,2025-12-27,2026-02-10,2026-01-30,EUR,6782.29
AR-DE01-202512-0171,DE01,C008,2025-12-02,2026-01-01,2026-01-25,EUR,11135.0
AR-DE01-202512-0172,DE01,C019,2025-12-19,2026-02-02,2026-02-01,EUR,7377.63
AR-DE01-202512-0173,DE01,C039,2025-12-03,2026-01-17,2026-01-03,EUR,4382.06
AR-DE01-202512-0174,DE01,C016,2025-12-13,2026-01-27,2026-01-25,EUR,6558.42
AR-DE01-202512-0175,DE01,C016,2025-12-11,2026-01-10,2026-01-03,EUR,20982.08
AR-DE01-202512-0176,DE01,C033,2025-12-07,2026-01-06,2026-01-24,EUR,21931.89
AR-DE01-202512-0177,DE01,C017,2025-12-17,2026-01-16,2026-02-10,EUR,10518.16
AR-DE01-202512-0178,DE01,C018,2025-12-18,2026-01-17,2026-01-11,EUR,7174.1
AR-DE01-202512-0179,DE01,C029,2025-12-18,2026-01-17,2026-01-21,EUR,22528.2
AR-DE01-202512-0180,DE01,C006,2025-12-18,2026-01-17,2026-02-19,EUR,6765.15
AR-DE01-202512-0181,DE01,C034,2025-12-24,2026-02-07,2026-02-19,EUR,16600.61
AR-DE01-202512-0182,DE01,C012,2025-12-21,2026-01-20,2026-02-08,EUR,11802.74
AR-DE01-202512-0183,DE01,C026,2025-12-01,2025-12-31,2026-01-14,EUR,47005.58
AR-DE01-202512-0184,DE01,C012,2025-12-16,2026-01-15,2026-02-06,EUR,4090.35
AR-DE01-202512-0185,DE01,C036,2025-12-15,2026-01-14,2026-01-13,EUR,6524.1
AR-DE01-202512-0186,DE01,C012,2025-12-12,2026-01-26,2026-02-04,EUR,16113.3
AR-DE01-202512-0187,DE01,C021,2025-12-07,2026-01-06,2026-01-22,EUR,15348.25
AR-DE01-202512-0188,DE01,C036,2025-12-02,2026-01-01,2026-01-24,EUR,2948.27
AR-DE01-202512-0189,DE01,C024,2025-12-05,2026-01-04,2026-03-20,EUR,10808.29
AR-DE01-202512-0190,DE01,C028,2025-12-09,2026-01-08,2026-01-13,EUR,10483.95
AR-DE01-202512-0191,DE01,C036,2025-12-03,2026-01-02,2026-01-11,EUR,6329.7
AR-NL01-202401-0001,NL01,C029,2024-01-06,2024-02-05,2024-02-01,EUR,6652.64
AR-NL01-202401-0002,NL01,C030,2024-01-07,2024-02-06,2024-02-07,EUR,8035.75
AR-NL01-202401-0003,NL01,C022,2024-01-02,2024-02-01,2024-01-22,EUR,14197.29
AR-NL01-202401-0004,NL01,C001,2024-01-24,2024-03-09,2024-02-16,EUR,9963.71
AR-NL01-202401-0005,NL01,C021,2024-01-29,2024-02-28,2024-03-14,EUR,3141.69
AR-NL01-202401-0006,NL01,C022,2024-01-02,2024-02-16,2024-01-22,EUR,9695.23
AR-NL01-202401-0007,NL01,C018,2024-01-02,2024-02-01,2024-02-04,EUR,21852.54
AR-NL01-202401-0008,NL01,C033,2024-01-08,2024-02-07,2024-02-16,EUR,21498.61
AR-NL01-202401-0009,NL01,C002,2024-01-29,2024-02-28,2024-03-07,EUR,1374.02
AR-NL01-202401-0010,NL01,C023,2024-01-28,2024-02-27,2024-02-19,EUR,4825.48
AR-NL01-202401-0011,NL01,C033,2024-01-31,2024-03-16,2024-02-16,EUR,3683.45
AR-NL01-202401-0012,NL01,C002,2024-01-29,2024-02-28,2024-02-29,EUR,16251.63
AR-NL01-202401-0013,NL01,C039,2024-01-31,2024-03-16,2024-02-24,EUR,8526.06
AR-NL01-202401-0014,NL01,C039,2024-01-20,2024-02-19,2024-03-16,EUR,2858.03
AR-NL01-202401-0015,NL01,C034,2024-01-16,2024-02-15,2024-03-02,EUR,4198.98
AR-NL01-202401-0016,NL01,C031,2024-01-21,2024-02-20,2024-02-12,EUR,4680.83
AR-NL01-202401-0017,NL01,C039,2024-01-13,2024-02-12,2024-02-04,EUR,5666.75
AR-NL01-202401-0018,NL01,C003,2024-01-24,2024-02-23,2024-03-07,EUR,2830.61
AR-NL01-202401-0019,NL01,C038,2024-01-28,2024-02-27,2024-03-21,EUR,6079.2
AR-NL01-202401-0020,NL01,C020,2024-01-11,2024-02-25,2024-02-21,EUR,12481.56
AR-NL01-202401-0021,NL01,C023,2024-01-23,2024-02-22,2024-03-15,EUR,4693.23
AR-NL01-202401-0022,NL01,C024,2024-01-24,2024-02-23,2024-02-05,EUR,4169.43
AR-NL01-202401-0023,NL01,C030,2024-01-01,2024-01-31,2024-01-25,EUR,3801.4
AR-NL01-202401-0024,NL01,C039,2024-01-28,2024-02-27,2024-02-19,EUR,10422.21
AR-NL01-202401-0025,NL01,C018,2024-01-07,2024-02-06,2024-02-11,EUR,1690.79
AR-NL01-202401-0026,NL01,C028,2024-01-04,2024-02-03,2024-01-28,EUR,15912.19
AR-NL01-202401-0027,NL01,C005,2024-01-05,2024-02-19,2024-02-04,EUR,6241.31
AR-NL01-202401-0028,NL01,C001,2024-01-04,2024-02-18,2024-01-28,EUR,630.69
AR-NL01-202401-0029,NL01,C005,2024-01-17,2024-02-16,2024-02-15,EUR,6444.77
AR-NL01-202401-0030,NL01,C002,2024-01-19,2024-03-04,2024-03-06,EUR,13608.8
AR-NL01-202401-0031,NL01,C023,2024-01-31,2024-03-16,2024-02-27,EUR,3391.94
AR-NL01-202401-0032,NL01,C008,2024-01-06,2024-02-05,2024-02-13,EUR,13792.1
AR-NL01-202401-0033,NL01,C031,2024-01-11,2024-02-10,2024-02-05,EUR,3034.84
AR-NL01-202401-0034,NL01,C003,2024-01-31,2024-03-01,2024-02-25,EUR,13366.66
AR-NL01-202401-0035,NL01,C023,2024-01-23,2024-03-08,2024-02-24,EUR,2473.14
AR-NL01-202401-0036,NL01,C023,2024-01-17,2024-03-02,2024-02-15,EUR,4855.61
AR-NL01-202401-0037,NL01,C032,2024-01-31,2024-03-01,2024-03-25,EUR,8727.67
AR-NL01-202401-0038,NL01,C005,2024-01-17,2024-02-16,2024-02-17,EUR,6075.58
AR-NL01-202401-0039,NL01,C021,2024-01-15,2024-02-29,2024-02-20,EUR,9218.08
AR-NL01-202401-0040,NL01,C033,2024-01-25,2024-03-10,2024-02-11,EUR,21411.82
AR-NL01-202401-0041,NL01,C016,2024-01-27,2024-03-12,2024-02-23,EUR,7623.28
AR-NL01-202401-0042,NL01,C031,2024-01-27,2024-02-26,2024-03-25,EUR,20525.21
AR-NL01-202401-0043,NL01,C033,2024-01-06,2024-02-20,2024-01-24,EUR,7612.93
AR-NL01-202401-0044,NL01,C020,2024-01-27,2024-03-12,2024-02-23,EUR,5491.56
AR-NL01-202401-0045,NL01,C024,2024-01-09,2024-02-08,2024-02-10,EUR,19297.98
AR-NL01-202401-0046,NL01,C039,2024-01-12,2024-02-11,2024-02-10,EUR,4799.19
AR-NL01-202401-0047,NL01,C017,2024-01-21,2024-03-06,2024-03-19,EUR,2254.92
AR-NL01-202401-0048,NL01,C014,2024-01-02,2024-02-16,2024-03-02,EUR,46258.01
AR-NL01-202401-0049,NL01,C027,2024-01-01,2024-01-31,2024-02-21,EUR,7308.35
AR-NL01-202401-0050,NL01,C014,2024-01-30,2024-02-29,2024-03-14,EUR,51116.94
AR-NL01-202401-0051,NL01,C037,2024-01-12,2024-02-11,2024-02-14,EUR,2663.4
AR-NL01-202401-0052,NL01,C003,2024-01-12,2024-02-11,2024-02-15,EUR,17434.83
AR-NL01-202401-0053,NL01,C020,2024-01-26,2024-02-25,2024-03-02,EUR,8159.78
AR-NL01-202401-0054,NL01,C022,2024-01-20,2024-03-05,2024-02-11,EUR,59477.56
AR-NL01-202401-0055,NL01,C022,2024-01-25,2024-02-24,2024-02-28,EUR,3163.36
AR-NL01-202401-0056,NL01,C031,2024-01-26,2024-02-25,2024-02-20,EUR,6389.45
AR-NL01-202401-0057,NL01,C021,2024-01-05,2024-02-04,2024-02-26,EUR,64305.49
AR-NL01-202401-0058,NL01,C016,2024-01-17,2024-02-16,2024-02-10,EUR,14189.53
AR-NL01-202401-0059,NL01,C001,2024-01-17,2024-02-16,2024-03-15,EUR,4079.81
AR-NL01-202401-0060,NL01,C007,2024-01-20,2024-02-19,2024-02-18,EUR,13060.61
AR-NL01-202401-0061,NL01,C019,2024-01-20,2024-03-05,2024-02-16,EUR,4024.57
AR-NL01-202401-0062,NL01,C002,2024-01-16,2024-02-15,2024-02-18,EUR,21923.73
AR-NL01-202401-0063,NL01,C024,2024-01-09,2024-02-23,2024-01-29,EUR,4746.59
AR-NL01-202401-0064,NL01,C015,2024-01-06,2024-02-05,2024-01-23,EUR,10445.84
AR-NL01-202401-0065,NL01,C001,2024-01-31,2024-03-01,2024-02-28,EUR,11923.35
AR-NL01-202401-0066,NL01,C026,2024-01-03,2024-02-02,2024-03-01,EUR,71275.6
AR-NL01-202401-0067,NL01,C024,2024-01-24,2024-02-23,2024-03-01,EUR,27318.27
AR-NL01-202401-0068,NL01,C022,2024-01-07,2024-02-06,2024-02-06,EUR,3685.86
AR-NL01-202401-0069,NL01,C024,2024-01-23,2024-02-22,2024-02-09,EUR,27882.4
AR-NL01-202401-0070,NL01,C022,2024-01-08,2024-02-22,2024-02-19,EUR,2210.53
AR-NL01-202401-0071,NL01,C016,2024-01-16,2024-02-15,2024-03-08,EUR,12639.46
AR-NL01-202401-0072,NL01,C002,2024-01-17,2024-03-02,2024-02-14,EUR,7057.46
AR-NL01-202401-0073,NL01,C033,2024-01-24,2024-02-23,2024-03-03,EUR,39555.22
AR-NL01-202401-0074,NL01,C018,2024-01-09,2024-02-23,2024-01-28,EUR,3182.26
AR-NL01-202401-0075,NL01,C004,2024-01-27,2024-02-26,2024-02-26,EUR,2199.03
AR-NL01-202401-0076,NL01,C023,2024-01-24,2024-02-23,2024-02-22,EUR,6253.61
AR-NL01-202401-0077,NL01,C040,2024-01-06,2024-02-05,2024-01-21,EUR,9517.72
AR-NL01-202401-0078,NL01,C020,2024-01-18,2024-02-17,2024-02-21,EUR,12293.37
AR-NL01-202402-0001,NL01,C022,2024-02-22,2024-04-07,2024-04-23,EUR,5019.94
AR-NL01-202402-0002,NL01,C027,2024-02-03,2024-03-04,2024-03-09,EUR,3537.49
AR-NL01-202402-0003,NL01,C013,2024-02-08,2024-03-09,2024-03-26,EUR,720.85
AR-NL01-202402-0004,NL01,C020,2024-02-11,2024-03-27,2024-02-24,EUR,4472.28
AR-NL01-202402-0005,NL01,C008,2024-02-24,2024-03-25,2024-03-27,EUR,9181.24
AR-NL01-202402-0006,NL01,C011,2024-02-27,2024-03-28,2024-03-22,EUR,2957.26
AR-NL01-202402-0007,NL01,C003,2024-02-08,2024-03-09,2024-03-18,EUR,28196.14
AR-NL01-202402-0008,NL01,C012,2024-02-23,2024-03-24,2024-03-23,EUR,12144.19
AR-NL01-202402-0009,NL01,C028,2024-02-27,2024-03-28,2024-03-19,EUR,15406.54
AR-NL01-202402-0010,NL01,C003,2024-02-04,2024-03-05,2024-03-09,EUR,74132.93
AR-NL01-202402-0011,NL01,C022,2024-02-21,2024-03-22,2024-03-24,EUR,9280.32
AR-NL01-202402-0012,NL01,C039,2024-02-08,2024-03-24,2024-03-05,EUR,6996.18
AR-NL01-202402-0013,NL01,C032,2024-02-28,2024-03-29,2024-04-12,EUR,22295.68
AR-NL01-202402-0014,NL01,C035,2024-02-01,2024-03-17,2024-03-05,EUR,4433.29
AR-NL01-202402-0015,NL01,C034,2024-02-12,2024-03-28,2024-03-09,EUR,3239.19
AR-NL01-202402-0016,NL01,C036,2024-02-12,2024-03-28,2024-03-29,EUR,40021.6
AR-NL01-202402-0017,NL01,C012,2024-02-11,2024-03-12,2024-03-13,EUR,1902.54
AR-NL01-202402-0018,NL01,C013,2024-02-13,2024-03-14,2024-03-14,EUR,9897.37
AR-NL01-202402-0019,NL01,C017,2024-02-01,2024-03-02,2024-02-27,EUR,4798.26
AR-NL01-202402-0020,NL01,C035,2024-02-08,2024-03-09,2024-03-05,EUR,2157.44
AR-NL01-202402-0021,NL01,C005,2024-02-24,2024-03-25,2024-03-23,EUR,9086.23
AR-NL01-202402-0022,NL01,C016,2024-02-04,2024-03-20,2024-03-04,EUR,6223.36
AR-NL01-202402-0023,NL01,C006,2024-02-10,2024-03-26,2024-03-26,EUR,33872.55
AR-NL01-202402-0024,NL01,C006,2024-02-25,2024-03-26,2024-03-22,EUR,16857.98
AR-NL01-202402-0025,NL01,C020,2024-02-19,2024-03-20,2024-03-16,EUR,4337.24
AR-NL01-202402-0026,NL01,C038,2024-02-26,2024-03-27,2024-04-02,EUR,18619.66
AR-NL01-202402-0027,NL01,C003,2024-02-16,2024-03-17,2024-04-06,EUR,5762.66
AR-NL01-202402-0028,NL01,C022,2024-02-29,2024-04-14,2024-03-21,EUR,3295.62
AR-NL01-202402-0029,NL01,C023,2024-02-04,2024-03-05,2024-03-04,EUR,3706.46
AR-NL01-202402-0030,NL01,C013,2024-02-29,2024-03-30,2024-03-26,EUR,9871.88
AR-NL01-202402-0031,NL01,C001,2024-02-11,2024-03-12,2024-03-02,EUR,15163.13
AR-NL01-202402-0032,NL01,C010,2024-02-08,2024-03-09,2024-03-16,EUR,2645.75
AR-NL01-202402-0033,NL01,C007,2024-02-04,2024-03-05,2024-03-22,EUR,8602.28
AR-NL01-202402-0034,NL01,C007,2024-02-28,2024-03-29,2024-03-22,EUR,10220.17
AR-NL01-202402-0035,NL01,C015,2024-02-01,2024-03-17,2024-02-17,EUR,11244.09
AR-NL01-202402-0036,NL01,C021,2024-02-07,2024-03-08,2024-03-08,EUR,7037.47
AR-NL01-202402-0037,NL01,C006,2024-02-26,2024-04-11,2024-03-26,EUR,7528.09
AR-NL01-202402-0038,NL01,C018,2024-02-18,2024-03-19,2024-03-20,EUR,5475.87
AR-NL01-202402-0039,NL01,C005,2024-02-02,2024-03-03,2024-03-18,EUR,8654.29
AR-NL01-202402-0040,NL01,C033,2024-02-28,2024-03-29,2024-03-27,EUR,1582.94
AR-NL01-202402-0041,NL01,C017,2024-02-25,2024-04-10,2024-03-18,EUR,2311.16
AR-NL01-202402-0042,NL01,C024,2024-02-09,2024-03-10,2024-03-20,EUR,11712.11
AR-NL01-202402-0043,NL01,C015,2024-02-27,2024-03-28,2024-03-26,EUR,4288.11
AR-NL01-202402-0044,NL01,C035,2024-02-20,2024-04-05,2024-03-30,EUR,16020.57
AR-NL01-202402-0045,NL01,C006,2024-02-22,2024-04-07,2024-04-04,EUR,20317.83
AR-NL01-202402-0046,NL01,C007,2024-02-16,2024-03-17,2024-03-19,EUR,4896.21
AR-NL01-202402-0047,NL01,C039,2024-02-21,2024-03-22,2024-04-02,EUR,14539.34
AR-NL01-202402-0048,NL01,C040,2024-02-01,2024-03-02,2024-03-10,EUR,6380.28
AR-NL01-202402-0049,NL01,C007,2024-02-13,2024-03-14,2024-03-29,EUR,29543.99
AR-NL01-202402-0050,NL01,C001,2024-02-08,2024-03-24,2024-04-11,EUR,6775.72
AR-NL01-202402-0051,NL01,C001,2024-02-24,2024-03-25,2024-03-30,EUR,48683.27
AR-NL01-202402-0052,NL01,C023,2024-02-19,2024-04-04,2024-03-28,EUR,5656.21
AR-NL01-202402-0053,NL01,C033,2024-02-28,2024-04-13,2024-03-30,EUR,9415.38
AR-NL01-202402-0054,NL01,C021,2024-02-15,2024-03-16,2024-03-11,EUR,10661.22
AR-NL01-202402-0055,NL01,C038,2024-02-16,2024-04-01,2024-03-15,EUR,3963.89
AR-NL01-202402-0056,NL01,C006,2024-02-16,2024-03-17,2024-03-26,EUR,1433.38
AR-NL01-202402-0057,NL01,C005,2024-02-27,2024-03-28,2024-04-08,EUR,35816.91
AR-NL01-202402-0058,NL01,C032,2024-02-08,2024-03-09,2024-03-12,EUR,4615.62
AR-NL01-202402-0059,NL01,C027,2024-02-23,2024-04-08,2024-03-20,EUR,6267.3
AR-NL01-202402-0060,NL01,C005,2024-02-06,2024-03-07,2024-03-17,EUR,9955.95
AR-NL01-202402-0061,NL01,C021,2024-02-08,2024-03-09,2024-03-14,EUR,5392.71
AR-NL01-202402-0062,NL01,C019,2024-02-02,2024-03-03,2024-02-21,EUR,5814.32
AR-NL01-202402-0063,NL01,C037,2024-02-06,2024-03-07,2024-03-14,EUR,6542.73
AR-NL01-202402-0064,NL01,C030,2024-02-10,2024-03-26,2024-03-14,EUR,4327.2
AR-NL01-202402-0065,NL01,C026,2024-02-24,2024-03-25,2024-04-16,EUR,58824.08
AR-NL01-202402-0066,NL01,C019,2024-02-01,2024-03-02,2024-02-28,EUR,6460.38
AR-NL01-202402-0067,NL01,C025,2024-02-21,2024-03-22,2024-04-05,EUR,23502.74
AR-NL01-202402-0068,NL01,C021,2024-02-12,2024-03-13,2024-03-26,EUR,58191.02
AR-NL01-202402-0069,NL01,C010,2024-02-02,2024-03-03,2024-03-03,EUR,13561.28
AR-NL01-202402-0070,NL01,C028,2024-02-23,2024-03-24,2024-03-16,EUR,11597.17
AR-NL01-202402-0071,NL01,C003,2024-02-04,2024-03-05,2024-03-16,EUR,4877.31
AR-NL01-202402-0072,NL01,C015,2024-02-29,2024-03-30,2024-04-18,EUR,29513.58
AR-NL01-202402-0073,NL01,C031,2024-02-01,2024-03-02,2024-02-25,EUR,7635.13
AR-NL01-202402-0074,NL01,C017,2024-02-24,2024-03-25,2024-04-01,EUR,14408.85
AR-NL01-202402-0075,NL01,C002,2024-02-11,2024-03-27,2024-03-14,EUR,6321.18
AR-NL01-202402-0076,NL01,C039,2024-02-27,2024-03-28,2024-04-03,EUR,14280.88
AR-NL01-202402-0077,NL01,C002,2024-02-27,2024-04-12,2024-03-16,EUR,2962.34
AR-NL01-202402-0078,NL01,C012,2024-02-18,2024-03-19,2024-03-17,EUR,1255.86
AR-NL01-202402-0079,NL01,C022,2024-02-16,2024-03-17,2024-04-03,EUR,15820.36
AR-NL01-202402-0080,NL01,C017,2024-02-07,2024-03-08,2024-03-02,EUR,2908.61
AR-NL01-202402-0081,NL01,C034,2024-02-24,2024-03-25,2024-03-31,EUR,11162.38
AR-NL01-202403-0001,NL01,C007,2024-03-20,2024-05-04,2024-04-29,EUR,46582.38
AR-NL01-202403-0002,NL01,C027,2024-03-11,2024-04-25,2024-04-15,EUR,9757.97
AR-NL01-202403-0003,NL01,C008,2024-03-15,2024-04-14,2024-04-17,EUR,21564.71
AR-NL01-202403-0004,NL01,C008,2024-03-23,2024-04-22,2024-04-28,EUR,8025.13
AR-NL01-202403-0005,NL01,C031,2024-03-13,2024-04-27,2024-04-06,EUR,10016.3
AR-NL01-202403-0006,NL01,C031,2024-03-22,2024-05-06,2024-04-11,EUR,16916.62
AR-NL01-202403-0007,NL01,C002,2024-03-11,2024-04-25,2024-03-31,EUR,5010.91
AR-NL01-202403-0008,NL01,C017,2024-03-16,2024-04-15,2024-05-03,EUR,8839.31
AR-NL01-202403-0009,NL01,C015,2024-03-12,2024-04-26,2024-04-06,EUR,1548.59
AR-NL01-202403-0010,NL01,C008,2024-03-24,2024-04-23,2024-04-24,EUR,14833.49
AR-NL01-202403-0011,NL01,C029,2024-03-20,2024-04-19,2024-04-17,EUR,12997.88
AR-NL01-202403-0012,NL01,C039,2024-03-14,2024-04-13,2024-04-20,EUR,6280.52
AR-NL01-202403-0013,NL01,C014,2024-03-08,2024-04-07,2024-04-25,EUR,10021.35
AR-NL01-202403-0014,NL01,C024,2024-03-21,2024-04-20,2024-04-05,EUR,2579.59
AR-NL01-202403-0015,NL01,C037,2024-03-17,2024-04-16,2024-04-10,EUR,21833.63
AR-NL01-202403-0016,NL01,C027,2024-03-28,2024-04-27,2024-05-18,EUR,5434.63
AR-NL01-202403-0017,NL01,C040,2024-03-19,2024-04-18,2024-04-14,EUR,4647.31
AR-NL01-202403-0018,NL01,C025,2024-03-15,2024-04-14,2024-05-01,EUR,17311.49
AR-NL01-202403-0019,NL01,C003,2024-03-14,2024-04-28,2024-04-08,EUR,6084.59
AR-NL01-202403-0020,NL01,C004,2024-03-19,2024-04-18,2024-04-13,EUR,2719.94
AR-NL01-202403-0021,NL01,C009,2024-03-14,2024-04-13,2024-04-06,EUR,18134.63
AR-NL01-202403-0022,NL01,C010,2024-03-03,2024-04-02,2024-04-22,EUR,1582.8
AR-NL01-202403-0023,NL01,C005,2024-03-13,2024-04-12,2024-04-14,EUR,3240.92
AR-NL01-202403-0024,NL01,C022,2024-03-16,2024-04-15,2024-05-01,EUR,20809.98
AR-NL01-202403-0025,NL01,C016,2024-03-03,2024-04-17,2024-03-20,EUR,83220.83
AR-NL01-202403-0026,NL01,C040,2024-03-26,2024-04-25,2024-04-28,EUR,28870.95
AR-NL01-202403-0027,NL01,C021,2024-03-31,2024-04-30,2024-04-26,EUR,5190.73
AR-NL01-202403-0028,NL01,C019,2024-03-02,2024-04-16,2024-04-04,EUR,47779.47
AR-NL01-202403-0029,NL01,C003,2024-03-12,2024-04-11,2024-05-05,EUR,6859.24
AR-NL01-202403-0030,NL01,C037,2024-03-04,2024-04-03,2024-04-22,EUR,14984.49
AR-NL01-202403-0031,NL01,C002,2024-03-30,2024-04-29,2024-04-30,EUR,3671.43
AR-NL01-202403-0032,NL01,C031,2024-03-19,2024-04-18,2024-05-01,EUR,5136.23
AR-NL01-202403-0033,NL01,C003,2024-03-23,2024-04-22,2024-04-25,EUR,8192.81
AR-NL01-202403-0034,NL01,C013,2024-03-12,2024-04-26,2024-04-25,EUR,10778.65
AR-NL01-202403-0035,NL01,C011,2024-03-25,2024-04-24,2024-04-19,EUR,23711.71
AR-NL01-202403-0036,NL01,C006,2024-03-17,2024-04-16,2024-03-30,EUR,8685.84
AR-NL01-202403-0037,NL01,C032,2024-03-09,2024-04-08,2024-04-05,EUR,4177.17
AR-NL01-202403-0038,NL01,C015,2024-03-05,2024-04-19,2024-03-21,EUR,1969.56
AR-NL01-202403-0039,NL01,C021,2024-03-01,2024-03-31,2024-04-01,EUR,4377.2
AR-NL01-202403-0040,NL01,C028,2024-03-27,2024-05-11,2024-04-12,EUR,7182.26
AR-NL01-202403-0041,NL01,C028,2024-03-12,2024-04-11,2024-04-15,EUR,5899.6
AR-NL01-202403-0042,NL01,C036,2024-03-09,2024-04-08,2024-03-29,EUR,9318.36
AR-NL01-202403-0043,NL01,C033,2024-03-29,2024-05-13,2024-05-16,EUR,3681.92
AR-NL01-202403-0044,NL01,C010,2024-03-27,2024-04-26,2024-05-11,EUR,1132.61
AR-NL01-202403-0045,NL01,C016,2024-03-02,2024-04-01,2024-03-22,EUR,42050.36
AR-NL01-202403-0046,NL01,C002,2024-03-15,2024-04-14,2024-04-16,EUR,5284.32
AR-NL01-202403-0047,NL01,C025,2024-03-03,2024-04-17,2024-03-29,EUR,10391.42
AR-NL01-202403-0048,NL01,C012,2024-03-25,2024-04-24,2024-05-13,EUR,13178.65
AR-NL01-202403-0049,NL01,C010,2024-03-06,2024-04-05,2024-04-02,EUR,44040.59
AR-NL01-202403-0050,NL01,C001,2024-03-23,2024-04-22,2024-04-24,EUR,1257.51
AR-NL01-202403-0051,NL01,C014,2024-03-03,2024-04-17,2024-04-02,EUR,45231.51
AR-NL01-202403-0052,NL01,C037,2024-03-08,2024-04-07,2024-04-09,EUR,905.42
AR-NL01-202403-0053,NL01,C017,2024-03-18,2024-04-17,2024-04-21,EUR,7646.41
AR-NL01-202403-0054,NL01,C026,2024-03-01,2024-03-31,2024-03-28,EUR,3622.95
AR-NL01-202403-0055,NL01,C013,2024-03-25,2024-04-24,2024-05-16,EUR,6442.18
AR-NL01-202403-0056,NL01,C009,2024-03-20,2024-04-19,2024-04-06,EUR,5205.63
AR-NL01-202403-0057,NL01,C012,2024-03-27,2024-05-11,2024-04-15,EUR,24754.38
AR-NL01-202403-0058,NL01,C034,2024-03-18,2024-05-02,2024-04-30,EUR,4937.53
AR-NL01-202403-0059,NL01,C002,2024-03-25,2024-05-09,2024-04-22,EUR,5380.3
AR-NL01-202403-0060,NL01,C034,2024-03-03,2024-04-02,2024-04-03,EUR,2904.3
AR-NL01-202403-0061,NL01,C039,2024-03-28,2024-04-27,2024-04-30,EUR,7588.85
AR-NL01-202403-0062,NL01,C019,2024-03-21,2024-05-05,2024-04-14,EUR,8106.3
AR-NL01-202403-0063,NL01,C021,2024-03-05,2024-04-04,2024-04-06,EUR,15428.76
AR-NL01-202403-0064,NL01,C039,2024-03-05,2024-04-19,2024-04-20,EUR,2010.6
AR-NL01-202403-0065,NL01,C004,2024-03-30,2024-05-14,2024-04-26,EUR,26654.61
AR-NL01-202403-0066,NL01,C005,2024-03-05,2024-04-04,2024-04-01,EUR,31616.0
AR-NL01-202403-0067,NL01,C010,2024-03-04,2024-04-03,2024-04-29,EUR,9413.47
AR-NL01-202403-0068,NL01,C032,2024-03-08,2024-04-22,2024-04-03,EUR,9166.74
AR-NL01-202403-0069,NL01,C009,2024-03-06,2024-04-05,2024-04-16,EUR,6488.09
AR-NL01-202403-0070,NL01,C017,2024-03-19,2024-04-18,2024-04-17,EUR,21522.29
AR-NL01-202403-0071,NL01,C040,2024-03-27,2024-04-26,2024-05-01,EUR,1817.41
AR-NL01-202403-0072,NL01,C021,2024-03-22,2024-04-21,2024-04-21,EUR,7650.66
AR-NL01-202403-0073,NL01,C004,2024-03-27,2024-04-26,2024-05-31,EUR,7969.23
AR-NL01-202403-0074,NL01,C022,2024-03-20,2024-04-19,2024-04-13,EUR,18034.73
AR-NL01-202403-0075,NL01,C001,2024-03-06,2024-04-20,2024-04-14,EUR,3545.4
AR-NL01-202403-0076,NL01,C012,2024-03-21,2024-05-05,2024-04-12,EUR,4399.51
AR-NL01-202403-0077,NL01,C032,2024-03-27,2024-05-11,2024-04-26,EUR,7010.94
AR-NL01-202403-0078,NL01,C027,2024-03-05,2024-04-04,2024-04-21,EUR,20005.04
AR-NL01-202403-0079,NL01,C012,2024-03-02,2024-04-01,2024-03-26,EUR,6620.59
AR-NL01-202403-0080,NL01,C028,2024-03-21,2024-05-05,2024-04-29,EUR,17875.83
AR-NL01-202403-0081,NL01,C038,2024-03-07,2024-04-06,2024-05-01,EUR,19653.95
AR-NL01-202403-0082,NL01,C032,2024-03-31,2024-04-30,2024-04-22,EUR,3958.87
AR-NL01-202403-0083,NL01,C032,2024-03-31,2024-04-30,2024-05-10,EUR,12416.06
AR-NL01-202403-0084,NL01,C008,2024-03-15,2024-04-14,2024-04-06,EUR,3951.99
AR-NL01-202403-0085,NL01,C038,2024-03-20,2024-04-19,2024-05-11,EUR,948.86
AR-NL01-202403-0086,NL01,C007,2024-03-26,2024-04-25,2024-04-26,EUR,5065.03
AR-NL01-202404-0001,NL01,C003,2024-04-24,2024-06-08,2024-06-09,EUR,2994.16
AR-NL01-202404-0002,NL01,C029,2024-04-07,2024-05-22,2024-05-16,EUR,28149.61
AR-NL01-202404-0003,NL01,C009,2024-04-22,2024-05-22,2024-06-01,EUR,2795.83
AR-NL01-202404-0004,NL01,C036,2024-04-18,2024-05-18,2024-05-04,EUR,5777.01
AR-NL01-202404-0005,NL01,C026,2024-04-24,2024-05-24,2024-05-18,EUR,9492.6
AR-NL01-202404-0006,NL01,C037,2024-04-04,2024-05-19,2024-05-02,EUR,14381.24
AR-NL01-202404-0007,NL01,C011,2024-04-27,2024-05-27,2024-05-19,EUR,10316.67
AR-NL01-202404-0008,NL01,C032,2024-04-15,2024-05-15,2024-05-10,EUR,2930.45
AR-NL01-202404-0009,NL01,C028,2024-04-14,2024-05-14,2024-06-11,EUR,11125.33
AR-NL01-202404-0010,NL01,C019,2024-04-27,2024-05-27,2024-06-01,EUR,10299.82
AR-NL01-202404-0011,NL01,C036,2024-04-01,2024-05-01,2024-05-08,EUR,14887.29
AR-NL01-202404-0012,NL01,C002,2024-04-09,2024-05-24,2024-05-03,EUR,18565.4
AR-NL01-202404-0013,NL01,C031,2024-04-09,2024-05-24,2024-05-08,EUR,8268.88
AR-NL01-202404-0014,NL01,C005,2024-04-11,2024-05-11,2024-05-09,EUR,4002.97
AR-NL01-202404-0015,NL01,C012,2024-04-13,2024-05-13,2024-05-30,EUR,21714.25
AR-NL01-202404-0016,NL01,C013,2024-04-13,2024-05-13,2024-06-01,EUR,11997.21
AR-NL01-202404-0017,NL01,C006,2024-04-27,2024-06-11,2024-06-08,EUR,2984.17
AR-NL01-202404-0018,NL01,C005,2024-04-07,2024-05-07,2024-04-29,EUR,11274.22
AR-NL01-202404-0019,NL01,C019,2024-04-18,2024-06-02,2024-06-11,EUR,1882.11
AR-NL01-202404-0020,NL01,C009,2024-04-27,2024-05-27,2024-06-18,EUR,4570.08
AR-NL01-202404-0021,NL01,C016,2024-04-24,2024-05-24,2024-05-27,EUR,8876.16
AR-NL01-202404-0022,NL01,C014,2024-04-19,2024-05-19,2024-05-31,EUR,5776.52
AR-NL01-202404-0023,NL01,C017,2024-04-12,2024-05-27,2024-05-24,EUR,7492.22
AR-NL01-202404-0024,NL01,C030,2024-04-07,2024-05-07,2024-04-30,EUR,2715.06
AR-NL01-202404-0025,NL01,C011,2024-04-02,2024-05-02,2024-05-21,EUR,2198.84
AR-NL01-202404-0026,NL01,C040,2024-04-01,2024-05-16,2024-04-20,EUR,3264.82
AR-NL01-202404-0027,NL01,C030,2024-04-12,2024-05-27,2024-05-01,EUR,31460.9
AR-NL01-202404-0028,NL01,C007,2024-04-17,2024-06-01,2024-05-03,EUR,12785.79
AR-NL01-202404-0029,NL01,C013,2024-04-21,2024-05-21,2024-05-28,EUR,23063.53
AR-NL01-202404-0030,NL01,C001,2024-04-20,2024-05-20,2024-06-24,EUR,36050.63
AR-NL01-202404-0031,NL01,C027,2024-04-13,2024-05-28,2024-05-19,EUR,23331.24
AR-NL01-202404-0032,NL01,C023,2024-04-15,2024-05-15,2024-05-17,EUR,14615.77
AR-NL01-202404-0033,NL01,C032,2024-04-15,2024-05-15,2024-05-29,EUR,7955.51
AR-NL01-202404-0034,NL01,C002,2024-04-10,2024-05-10,2024-05-05,EUR,6758.45
AR-NL01-202404-0035,NL01,C010,2024-04-30,2024-05-30,2024-07-06,EUR,39948.94
AR-NL01-202404-0036,NL01,C024,2024-04-04,2024-05-04,2024-05-16,EUR,11308.28
AR-NL01-202404-0037,NL01,C013,2024-04-16,2024-05-31,2024-05-03,EUR,49131.3
AR-NL01-202404-0038,NL01,C022,2024-04-08,2024-05-08,2024-05-10,EUR,3957.41
AR-NL01-202404-0039,NL01,C027,2024-04-29,2024-05-29,2024-06-27,EUR,18102.57
AR-NL01-202404-0040,NL01,C001,2024-04-12,2024-05-12,2024-05-04,EUR,4018.46
AR-NL01-202404-0041,NL01,C011,2024-04-04,2024-05-19,2024-05-06,EUR,5699.93
AR-NL01-202404-0042,NL01,C010,2024-04-12,2024-05-12,2024-06-05,EUR,5216.33
AR-NL01-202404-0043,NL01,C029,2024-04-22,2024-05-22,2024-05-27,EUR,15695.35
AR-NL01-202404-0044,NL01,C040,2024-04-04,2024-05-04,2024-05-06,EUR,16646.79
AR-NL01-202404-0045,NL01,C009,2024-04-22,2024-05-22,2024-05-25,EUR,16765.92
AR-NL01-202404-0046,NL01,C010,2024-04-09,2024-05-09,2024-05-20,EUR,10919.21
AR-NL01-202404-0047,NL01,C008,2024-04-27,2024-06-11,2024-05-14,EUR,5445.58
AR-NL01-202404-0048,NL01,C022,2024-04-02,2024-05-02,2024-04-23,EUR,6853.36
AR-NL01-202404-0049,NL01,C030,2024-04-29,2024-06-13,2024-06-01,EUR,5962.55
AR-NL01-202404-0050,NL01,C010,2024-04-06,2024-05-06,2024-05-11,EUR,17715.5
AR-NL01-202404-0051,NL01,C036,2024-04-30,2024-06-14,2024-06-09,EUR,18652.66
AR-NL01-202404-0052,NL01,C034,2024-04-11,2024-05-11,2024-05-01,EUR,9037.11
AR-NL01-202404-0053,NL01,C002,2024-04-03,2024-05-03,2024-05-14,EUR,11312.43
AR-NL01-202404-0054,NL01,C038,2024-04-09,2024-05-09,2024-05-15,EUR,1901.16
AR-NL01-202404-0055,NL01,C035,2024-04-28,2024-05-28,2024-06-04,EUR,2876.75
AR-NL01-202404-0056,NL01,C004,2024-04-01,2024-05-01,2024-05-20,EUR,26591.41
AR-NL01-202404-0057,NL01,C034,2024-04-17,2024-05-17,2024-05-12,EUR,5926.46
AR-NL01-202404-0058,NL01,C036,2024-04-09,2024-05-09,2024-05-16,EUR,15091.24
AR-NL01-202404-0059,NL01,C032,2024-04-20,2024-05-20,2024-05-08,EUR,12809.26
AR-NL01-202404-0060,NL01,C003,2024-04-11,2024-05-11,2024-06-06,EUR,9799.32
AR-NL01-202404-0061,NL01,C035,2024-04-30,2024-06-14,2024-05-21,EUR,7614.29
AR-NL01-202404-0062,NL01,C033,2024-04-08,2024-05-08,2024-05-08,EUR,20178.72
AR-NL01-202404-0063,NL01,C039,2024-04-19,2024-05-19,2024-05-16,EUR,7849.04
AR-NL01-202404-0064,NL01,C026,2024-04-29,2024-06-13,2024-06-08,EUR,5624.01
AR-NL01-202404-0065,NL01,C012,2024-04-18,2024-05-18,2024-05-06,EUR,8440.36
AR-NL01-202404-0066,NL01,C034,2024-04-30,2024-05-30,2024-05-30,EUR,2229.67
AR-NL01-202404-0067,NL01,C016,2024-04-16,2024-05-31,2024-05-19,EUR,16494.82
AR-NL01-202404-0068,NL01,C028,2024-04-10,2024-05-10,2024-04-29,EUR,4682.21
AR-NL01-202404-0069,NL01,C027,2024-04-01,2024-05-01,2024-04-27,EUR,11156.78
AR-NL01-202404-0070,NL01,C016,2024-04-23,2024-05-23,2024-06-09,EUR,5077.96
AR-NL01-202404-0071,NL01,C019,2024-04-16,2024-05-31,2024-05-11,EUR,23118.81
AR-NL01-202404-0072,NL01,C013,2024-04-17,2024-05-17,2024-05-10,EUR,2957.43
AR-NL01-202404-0073,NL01,C003,2024-04-10,2024-05-10,2024-05-03,EUR,10307.3
AR-NL01-202404-0074,NL01,C022,2024-04-21,2024-06-05,2024-05-29,EUR,6389.24
AR-NL01-202404-0075,NL01,C028,2024-04-10,2024-05-10,2024-05-15,EUR,6146.46
AR-NL01-202404-0076,NL01,C012,2024-04-08,2024-05-08,2024-04-30,EUR,12153.57
AR-NL01-202404-0077,NL01,C015,2024-04-26,2024-05-26,2024-05-18,EUR,17623.02
AR-NL01-202404-0078,NL01,C007,2024-04-30,2024-06-14,2024-07-02,EUR,17464.09
AR-NL01-202404-0079,NL01,C020,2024-04-30,2024-06-14,2024-05-20,EUR,17431.5
AR-NL01-202404-0080,NL01,C027,2024-04-06,2024-05-06,2024-05-05,EUR,10967.22
AR-NL01-202404-0081,NL01,C029,2024-04-05,2024-05-20,2024-04-25,EUR,4827.16
AR-NL01-202404-0082,NL01,C028,2024-04-25,2024-06-09,2024-05-25,EUR,49253.42
AR-NL01-202404-0083,NL01,C035,2024-04-18,2024-05-18,2024-05-08,EUR,14134.16
AR-NL01-202404-0084,NL01,C009,2024-04-02,2024-05-17,2024-05-02,EUR,4471.79
AR-NL01-202404-0085,NL01,C020,2024-04-20,2024-05-20,2024-05-09,EUR,19330.83
AR-NL01-202404-0086,NL01,C004,2024-04-15,2024-05-30,2024-05-01,EUR,1852.8
AR-NL01-202405-0001,NL01,C030,2024-05-08,2024-06-07,2024-06-03,EUR,15075.3
AR-NL01-202405-0002,NL01,C029,2024-05-26,2024-06-25,2024-06-27,EUR,3750.06
AR-NL01-202405-0003,NL01,C011,2024-05-21,2024-06-20,2024-06-27,EUR,17388.26
AR-NL01-202405-0004,NL01,C024,2024-05-18,2024-07-02,2024-06-23,EUR,9446.37
AR-NL01-202405-0005,NL01,C002,2024-05-20,2024-07-04,2024-07-01,EUR,2626.07
AR-NL01-202405-0006,NL01,C024,2024-05-23,2024-06-22,2024-06-15,EUR,3284.42
AR-NL01-202405-0007,NL01,C024,2024-05-30,2024-06-29,2024-07-01,EUR,8748.25
AR-NL01-202405-0008,NL01,C013,2024-05-05,2024-06-04,2024-06-02,EUR,6884.36
AR-NL01-202405-0009,NL01,C007,2024-05-19,2024-06-18,2024-06-30,EUR,20585.26
AR-NL01-202405-0010,NL01,C007,2024-05-30,2024-07-14,2024-07-13,EUR,6976.76
AR-NL01-202405-0011,NL01,C014,2024-05-27,2024-07-11,2024-06-16,EUR,17079.46
AR-NL01-202405-0012,NL01,C037,2024-05-10,2024-06-09,2024-06-07,EUR,17045.68
AR-NL01-202405-0013,NL01,C013,2024-05-07,2024-06-06,2024-06-06,EUR,66063.07
AR-NL01-202405-0014,NL01,C007,2024-05-18,2024-07-02,2024-06-12,EUR,22809.64
AR-NL01-202405-0015,NL01,C031,2024-05-21,2024-07-05,2024-06-15,EUR,11351.48
AR-NL01-202405-0016,NL01,C036,2024-05-13,2024-06-12,2024-06-07,EUR,15082.22
AR-NL01-202405-0017,NL01,C006,2024-05-09,2024-06-08,2024-06-09,EUR,1185.67
AR-NL01-202405-0018,NL01,C025,2024-05-30,2024-07-14,2024-07-17,EUR,3615.59
AR-NL01-202405-0019,NL01,C033,2024-05-31,2024-07-15,2024-07-07,EUR,10720.17
AR-NL01-202405-0020,NL01,C016,2024-05-06,2024-06-05,2024-05-30,EUR,5390.32
AR-NL01-202405-0021,NL01,C009,2024-05-08,2024-06-07,2024-06-03,EUR,9865.91
AR-NL01-202405-0022,NL01,C022,2024-05-28,2024-06-27,2024-07-07,EUR,6442.47
AR-NL01-202405-0023,NL01,C022,2024-05-12,2024-06-26,2024-05-31,EUR,15767.51
AR-NL01-202405-0024,NL01,C031,2024-05-10,2024-06-09,2024-06-28,EUR,5750.97
AR-NL01-202405-0025,NL01,C030,2024-05-28,2024-07-12,2024-07-03,EUR,20624.03
AR-NL01-202405-0026,NL01,C010,2024-05-29,2024-07-13,2024-07-07,EUR,6897.67
AR-NL01-202405-0027,NL01,C025,2024-05-17,2024-06-16,2024-06-06,EUR,6025.41
AR-NL01-202405-0028,NL01,C030,2024-05-03,2024-06-02,2024-05-25,EUR,6376.52
AR-NL01-202405-0029,NL01,C034,2024-05-29,2024-07-13,2024-07-18,EUR,6372.81
AR-NL01-202405-0030,NL01,C032,2024-05-02,2024-06-01,2024-05-25,EUR,10404.03
AR-NL01-202405-0031,NL01,C005,2024-05-08,2024-06-07,2024-06-25,EUR,15264.48
AR-NL01-202405-0032,NL01,C039,2024-05-16,2024-06-30,2024-06-23,EUR,40405.98
AR-NL01-202405-0033,NL01,C004,2024-05-23,2024-06-22,2024-06-26,EUR,26365.96
AR-NL01-202405-0034,NL01,C036,2024-05-16,2024-06-30,2024-06-16,EUR,7016.81
AR-NL01-202405-0035,NL01,C035,2024-05-21,2024-07-05,2024-06-15,EUR,9095.83
AR-NL01-202405-0036,NL01,C033,2024-05-23,2024-06-22,2024-07-02,EUR,8275.26
AR-NL01-202405-0037,NL01,C002,2024-05-20,2024-07-04,2024-06-24,EUR,3895.99
AR-NL01-202405-0038,NL01,C031,2024-05-26,2024-06-25,2024-06-24,EUR,61103.41
AR-NL01-202405-0039,NL01,C022,2024-05-20,2024-07-04,2024-06-14,EUR,8908.01
AR-NL01-202405-0040,NL01,C035,2024-05-28,2024-07-12,2024-06-24,EUR,1571.14
AR-NL01-202405-0041,NL01,C020,2024-05-07,2024-06-21,2024-06-29,EUR,10901.84
AR-NL01-202405-0042,NL01,C037,2024-05-08,2024-06-07,2024-05-29,EUR,16476.25
AR-NL01-202405-0043,NL01,C024,2024-05-22,2024-06-21,2024-07-05,EUR,6568.16
AR-NL01-202405-0044,NL01,C038,2024-05-01,2024-05-31,2024-05-29,EUR,3068.92
AR-NL01-202405-0045,NL01,C020,2024-05-23,2024-06-22,2024-06-22,EUR,10433.15
AR-NL01-202405-0046,NL01,C015,2024-05-06,2024-06-05,2024-05-30,EUR,16913.17
AR-NL01-202405-0047,NL01,C037,2024-05-09,2024-06-23,2024-06-15,EUR,4304.39
AR-NL01-202405-0048,NL01,C001,2024-05-12,2024-06-26,2024-06-22,EUR,9952.7
AR-NL01-202405-0049,NL01,C017,2024-05-30,2024-06-29,2024-07-06,EUR,3634.47
AR-NL01-202405-0050,NL01,C038,2024-05-22,2024-07-06,2024-06-13,EUR,4389.24
AR-NL01-202405-0051,NL01,C018,2024-05-17,2024-07-01,2024-06-14,EUR,6809.08
AR-NL01-202405-0052,NL01,C032,2024-05-29,2024-07-13,2024-07-05,EUR,5081.34
AR-NL01-202405-0053,NL01,C030,2024-05-26,2024-06-25,2024-07-03,EUR,13907.38
AR-NL01-202405-0054,NL01,C013,2024-05-07,2024-06-06,2024-06-19,EUR,9400.76
AR-NL01-202405-0055,NL01,C030,2024-05-12,2024-06-11,2024-06-06,EUR,4237.36
AR-NL01-202405-0056,NL01,C010,2024-05-19,2024-06-18,2024-06-17,EUR,11857.56
AR-NL01-202405-0057,NL01,C022,2024-05-08,2024-06-07,2024-06-02,EUR,3166.06
AR-NL01-202405-0058,NL01,C016,2024-05-02,2024-06-01,2024-06-08,EUR,15311.21
AR-NL01-202405-0059,NL01,C020,2024-05-11,2024-06-25,2024-06-04,EUR,5674.47
AR-NL01-202405-0060,NL01,C025,2024-05-23,2024-06-22,2024-07-15,EUR,5068.77
AR-NL01-202405-0061,NL01,C036,2024-05-23,2024-06-22,2024-06-14,EUR,4916.5
AR-NL01-202405-0062,NL01,C012,2024-05-20,2024-07-04,2024-07-14,EUR,4027.75
AR-NL01-202405-0063,NL01,C025,2024-05-31,2024-06-30,2024-06-21,EUR,11635.39
AR-NL01-202405-0064,NL01,C018,2024-05-25,2024-07-09,2024-06-25,EUR,5509.92
AR-NL01-202405-0065,NL01,C010,2024-05-26,2024-06-25,2024-06-17,EUR,31401.1
AR-NL01-202405-0066,NL01,C002,2024-05-21,2024-07-05,2024-06-07,EUR,4973.65
AR-NL01-202405-0067,NL01,C024,2024-05-10,2024-06-24,2024-06-28,EUR,8976.5
AR-NL01-202405-0068,NL01,C025,2024-05-17,2024-06-16,2024-06-21,EUR,2844.39
AR-NL01-202405-0069,NL01,C031,2024-05-16,2024-06-15,2024-06-12,EUR,6220.72
AR-NL01-202405-0070,NL01,C002,2024-05-20,2024-06-19,2024-06-10,EUR,27429.67
AR-NL01-202405-0071,NL01,C037,2024-05-30,2024-07-14,2024-07-15,EUR,10546.48
AR-NL01-202405-0072,NL01,C013,2024-05-21,2024-06-20,2024-07-06,EUR,6824.4
AR-NL01-202405-0073,NL01,C034,2024-05-28,2024-06-27,2024-06-24,EUR,4727.46
AR-NL01-202405-0074,NL01,C018,2024-05-22,2024-06-21,2024-07-08,EUR,8273.37
AR-NL01-202405-0075,NL01,C039,2024-05-28,2024-06-27,2024-06-30,EUR,15217.95
AR-NL01-202405-0076,NL01,C039,2024-05-24,2024-06-23,2024-06-23,EUR,1181.1
AR-NL01-202405-0077,NL01,C004,2024-05-30,2024-06-29,2024-07-26,EUR,41510.47
AR-NL01-202405-0078,NL01,C008,2024-05-05,2024-06-04,2024-05-20,EUR,9917.76
AR-NL01-202405-0079,NL01,C016,2024-05-08,2024-06-07,2024-06-18,EUR,7447.17
AR-NL01-202405-0080,NL01,C027,2024-05-23,2024-07-07,2024-06-20,EUR,13683.28
AR-NL01-202405-0081,NL01,C033,2024-05-01,2024-05-31,2024-05-23,EUR,36623.87
AR-NL01-202405-0082,NL01,C005,2024-05-30,2024-07-14,2024-08-28,EUR,48732.61
AR-NL01-202405-0083,NL01,C018,2024-05-17,2024-07-01,2024-06-08,EUR,9794.77
AR-NL01-202405-0084,NL01,C028,2024-05-17,2024-06-16,2024-06-13,EUR,4742.51
AR-NL01-202405-0085,NL01,C004,2024-05-15,2024-06-14,2024-06-30,EUR,42050.78
AR-NL01-202406-0001,NL01,C001,2024-06-15,2024-07-15,2024-07-30,EUR,5703.39
AR-NL01-202406-0002,NL01,C004,2024-06-17,2024-07-17,2024-07-15,EUR,4094.21
AR-NL01-202406-0003,NL01,C038,2024-06-29,2024-07-29,2024-08-31,EUR,2027.06
AR-NL01-202406-0004,NL01,C002,2024-06-16,2024-07-31,2024-07-23,EUR,7156.09
AR-NL01-202406-0005,NL01,C019,2024-06-24,2024-07-24,2024-07-17,EUR,8162.21
AR-NL01-202406-0006,NL01,C024,2024-06-20,2024-07-20,2024-07-03,EUR,23836.24
AR-NL01-202406-0007,NL01,C036,2024-06-07,2024-07-07,2024-07-15,EUR,2741.99
AR-NL01-202406-0008,NL01,C001,2024-06-03,2024-07-03,2024-07-09,EUR,4497.37
AR-NL01-202406-0009,NL01,C013,2024-06-05,2024-07-20,2024-06-23,EUR,11148.78
AR-NL01-202406-0010,NL01,C015,2024-06-02,2024-07-17,2024-06-29,EUR,4891.34
AR-NL01-202406-0011,NL01,C039,2024-06-06,2024-07-21,2024-07-16,EUR,24226.0
AR-NL01-202406-0012,NL01,C018,2024-06-05,2024-07-05,2024-07-20,EUR,1711.38
AR-NL01-202406-0013,NL01,C024,2024-06-10,2024-07-10,2024-07-21,EUR,5883.37
AR-NL01-202406-0014,NL01,C002,2024-06-25,2024-07-25,2024-07-09,EUR,3342.17
AR-NL01-202406-0015,NL01,C009,2024-06-29,2024-07-29,2024-07-28,EUR,3676.79
AR-NL01-202406-0016,NL01,C034,2024-06-11,2024-07-11,2024-07-30,EUR,14649.41
AR-NL01-202406-0017,NL01,C025,2024-06-11,2024-07-11,2024-07-22,EUR,2373.92
AR-NL01-202406-0018,NL01,C019,2024-06-18,2024-07-18,2024-07-03,EUR,66239.86
AR-NL01-202406-0019,NL01,C017,2024-06-21,2024-07-21,2024-07-23,EUR,5960.47
AR-NL01-202406-0020,NL01,C009,2024-06-09,2024-07-24,2024-08-14,EUR,8381.24
AR-NL01-202406-0021,NL01,C035,2024-06-11,2024-07-11,2024-07-23,EUR,13989.4
AR-NL01-202406-0022,NL01,C020,2024-06-25,2024-07-25,2024-07-27,EUR,20368.36
AR-NL01-202406-0023,NL01,C037,2024-06-13,2024-07-13,2024-07-09,EUR,21914.63
AR-NL01-202406-0024,NL01,C039,2024-06-28,2024-07-28,2024-08-11,EUR,9697.03
AR-NL01-202406-0025,NL01,C004,2024-06-19,2024-08-03,2024-07-30,EUR,5469.15
AR-NL01-202406-0026,NL01,C024,2024-06-14,2024-07-14,2024-08-12,EUR,11302.17
AR-NL01-202406-0027,NL01,C020,2024-06-01,2024-07-01,2024-07-21,EUR,6745.05
AR-NL01-202406-0028,NL01,C009,2024-06-07,2024-07-07,2024-08-16,EUR,2290.2
AR-NL01-202406-0029,NL01,C033,2024-06-13,2024-07-13,2024-07-17,EUR,13211.83
AR-NL01-202406-0030,NL01,C038,2024-06-04,2024-07-04,2024-08-03,EUR,10110.0
AR-NL01-202406-0031,NL01,C010,2024-06-27,2024-07-27,2024-08-10,EUR,5475.58
AR-NL01-202406-0032,NL01,C008,2024-06-26,2024-07-26,2024-07-18,EUR,15809.67
AR-NL01-202406-0033,NL01,C031,2024-06-26,2024-07-26,2024-08-04,EUR,36549.44
AR-NL01-202406-0034,NL01,C019,2024-06-12,2024-07-12,2024-07-03,EUR,2772.1
AR-NL01-202406-0035,NL01,C021,2024-06-07,2024-07-22,2024-07-15,EUR,1958.56
AR-NL01-202406-0036,NL01,C009,2024-06-05,2024-07-05,2024-06-30,EUR,9946.09
AR-NL01-202406-0037,NL01,C028,2024-06-22,2024-07-22,2024-08-12,EUR,15051.14
AR-NL01-202406-0038,NL01,C014,2024-06-30,2024-07-30,2024-08-04,EUR,19377.48
AR-NL01-202406-0039,NL01,C026,2024-06-14,2024-07-29,2024-07-12,EUR,7547.65
AR-NL01-202406-0040,NL01,C035,2024-06-07,2024-07-07,2024-06-27,EUR,12749.63
AR-NL01-202406-0041,NL01,C011,2024-06-20,2024-07-20,2024-08-11,EUR,5273.61
AR-NL01-202406-0042,NL01,C033,2024-06-20,2024-07-20,2024-08-12,EUR,7949.86
AR-NL01-202406-0043,NL01,C016,2024-06-25,2024-07-25,2024-07-19,EUR,13513.94
AR-NL01-202406-0044,NL01,C009,2024-06-04,2024-07-19,2024-07-27,EUR,4001.41
AR-NL01-202406-0045,NL01,C027,2024-06-08,2024-07-08,2024-06-27,EUR,7896.86
AR-NL01-202406-0046,NL01,C021,2024-06-23,2024-07-23,2024-07-23,EUR,6845.02
AR-NL01-202406-0047,NL01,C006,2024-06-06,2024-07-21,2024-06-21,EUR,24474.17
AR-NL01-202406-0048,NL01,C013,2024-06-24,2024-07-24,2024-08-15,EUR,26421.25
AR-NL01-202406-0049,NL01,C034,2024-06-07,2024-07-07,2024-06-30,EUR,7797.81
AR-NL01-202406-0050,NL01,C013,2024-06-18,2024-08-02,2024-08-03,EUR,2818.97
AR-NL01-202406-0051,NL01,C029,2024-06-12,2024-07-12,2024-07-08,EUR,3695.98
AR-NL01-202406-0052,NL01,C012,2024-06-01,2024-07-16,2024-07-13,EUR,6691.87
AR-NL01-202406-0053,NL01,C034,2024-06-03,2024-07-03,2024-06-25,EUR,7280.21
AR-NL01-202406-0054,NL01,C032,2024-06-17,2024-08-01,2024-07-18,EUR,7098.51
AR-NL01-202406-0055,NL01,C026,2024-06-27,2024-07-27,2024-08-13,EUR,21690.64
AR-NL01-202406-0056,NL01,C025,2024-06-10,2024-07-10,2024-08-02,EUR,2107.13
AR-NL01-202406-0057,NL01,C011,2024-06-20,2024-07-20,2024-07-28,EUR,5441.82
AR-NL01-202406-0058,NL01,C009,2024-06-11,2024-07-11,2024-07-08,EUR,9583.89
AR-NL01-202406-0059,NL01,C038,2024-06-23,2024-07-23,2024-07-23,EUR,6710.98
AR-NL01-202406-0060,NL01,C032,2024-06-07,2024-07-07,2024-07-19,EUR,18348.54
AR-NL01-202406-0061,NL01,C037,2024-06-07,2024-07-22,2024-07-01,EUR,7663.97
AR-NL01-202406-0062,NL01,C021,2024-06-04,2024-07-04,2024-08-01,EUR,6637.63
AR-NL01-202406-0063,NL01,C039,2024-06-02,2024-07-17,2024-07-01,EUR,9551.15
AR-NL01-202406-0064,NL01,C027,2024-06-09,2024-07-09,2024-06-29,EUR,12737.67
AR-NL01-202406-0065,NL01,C012,2024-06-06,2024-07-06,2024-07-11,EUR,1265.88
AR-NL01-202406-0066,NL01,C040,2024-06-12,2024-07-27,2024-07-21,EUR,1712.63
AR-NL01-202406-0067,NL01,C036,2024-06-26,2024-08-10,2024-07-31,EUR,3756.1
AR-NL01-202406-0068,NL01,C022,2024-06-21,2024-08-05,2024-08-08,EUR,2741.85
AR-NL01-202406-0069,NL01,C023,2024-06-04,2024-07-19,2024-07-14,EUR,8589.19
AR-NL01-202406-0070,NL01,C037,2024-06-27,2024-07-27,2024-07-20,EUR,11210.44
AR-NL01-202406-0071,NL01,C006,2024-06-12,2024-07-12,2024-07-31,EUR,17149.81
AR-NL01-202406-0072,NL01,C002,2024-06-06,2024-07-21,2024-06-30,EUR,26955.47
AR-NL01-202406-0073,NL01,C003,2024-06-21,2024-08-05,2024-07-29,EUR,31496.39
AR-NL01-202406-0074,NL01,C031,2024-06-26,2024-07-26,2024-07-12,EUR,2416.97
AR-NL01-202406-0075,NL01,C007,2024-06-13,2024-07-28,2024-07-19,EUR,21727.98
AR-NL01-202406-0076,NL01,C040,2024-06-18,2024-07-18,2024-07-09,EUR,3364.95
AR-NL01-202406-0077,NL01,C002,2024-06-03,2024-07-18,2024-06-29,EUR,5047.0
AR-NL01-202406-0078,NL01,C015,2024-06-01,2024-07-16,2024-06-28,EUR,13946.88
AR-NL01-202406-0079,NL01,C001,2024-06-16,2024-07-16,2024-08-09,EUR,70548.96
AR-NL01-202406-0080,NL01,C026,2024-06-10,2024-07-10,2024-07-01,EUR,7671.42
AR-NL01-202406-0081,NL01,C033,2024-06-09,2024-07-24,2024-07-23,EUR,9571.22
AR-NL01-202406-0082,NL01,C040,2024-06-25,2024-07-25,2024-07-21,EUR,43403.01
AR-NL01-202406-0083,NL01,C034,2024-06-26,2024-07-26,2024-07-25,EUR,3153.97
AR-NL01-202406-0084,NL01,C039,2024-06-21,2024-08-05,2024-07-24,EUR,14098.94
AR-NL01-202406-0085,NL01,C034,2024-06-09,2024-07-09,2024-07-10,EUR,7803.85
AR-NL01-202406-0086,NL01,C018,2024-06-02,2024-07-02,2024-07-14,EUR,51651.38
AR-NL01-202406-0087,NL01,C008,2024-06-18,2024-07-18,2024-07-21,EUR,18256.62
AR-NL01-202406-0088,NL01,C032,2024-06-14,2024-07-14,2024-07-12,EUR,5585.88
AR-NL01-202406-0089,NL01,C018,2024-06-30,2024-07-30,2024-07-14,EUR,36611.86
AR-NL01-202406-0090,NL01,C024,2024-06-25,2024-07-25,2024-08-07,EUR,2161.83
AR-NL01-202406-0091,NL01,C031,2024-06-14,2024-07-14,2024-07-16,EUR,5222.1
AR-NL01-202407-0001,NL01,C027,2024-07-13,2024-08-12,2024-08-12,EUR,2330.01
AR-NL01-202407-0002,NL01,C038,2024-07-29,2024-08-28,2024-08-13,EUR,3418.27
AR-NL01-202407-0003,NL01,C018,2024-07-30,2024-08-29,2024-09-02,EUR,61055.53
AR-NL01-202407-0004,NL01,C038,2024-07-16,2024-08-15,2024-10-03,EUR,14225.19
AR-NL01-202407-0005,NL01,C007,2024-07-03,2024-08-17,2024-09-06,EUR,28469.13
AR-NL01-202407-0006,NL01,C006,2024-07-11,2024-08-25,2024-08-06,EUR,8884.72
AR-NL01-202407-0007,NL01,C024,2024-07-01,2024-08-15,2024-07-31,EUR,6962.71
AR-NL01-202407-0008,NL01,C026,2024-07-10,2024-08-24,2024-08-21,EUR,9830.03
AR-NL01-202407-0009,NL01,C032,2024-07-13,2024-08-27,2024-08-17,EUR,9156.13
AR-NL01-202407-0010,NL01,C017,2024-07-13,2024-08-12,2024-08-07,EUR,752.77
AR-NL01-202407-0011,NL01,C036,2024-07-05,2024-08-19,2024-08-18,EUR,5136.01
AR-NL01-202407-0012,NL01,C017,2024-07-31,2024-08-30,2024-08-30,EUR,5552.3
AR-NL01-202407-0013,NL01,C019,2024-07-12,2024-08-11,2024-08-14,EUR,15378.77
AR-NL01-202407-0014,NL01,C008,2024-07-30,2024-08-29,2024-09-27,EUR,11514.01
AR-NL01-202407-0015,NL01,C002,2024-07-23,2024-08-22,2024-08-24,EUR,2605.36
AR-NL01-202407-0016,NL01,C021,2024-07-09,2024-08-23,2024-08-28,EUR,11995.59
AR-NL01-202407-0017,NL01,C027,2024-07-22,2024-08-21,2024-08-16,EUR,3223.18
AR-NL01-202407-0018,NL01,C022,2024-07-14,2024-08-13,2024-08-16,EUR,5837.78
AR-NL01-202407-0019,NL01,C004,2024-07-13,2024-08-27,2024-08-21,EUR,5810.32
AR-NL01-202407-0020,NL01,C029,2024-07-17,2024-08-31,2024-08-22,EUR,4226.69
AR-NL01-202407-0021,NL01,C021,2024-07-11,2024-08-10,2024-08-05,EUR,14481.82
AR-NL01-202407-0022,NL01,C001,2024-07-17,2024-08-16,2024-08-15,EUR,6029.17
AR-NL01-202407-0023,NL01,C026,2024-07-10,2024-08-09,2024-08-01,EUR,25045.94
AR-NL01-202407-0024,NL01,C010,2024-07-12,2024-08-11,2024-08-16,EUR,19588.34
AR-NL01-202407-0025,NL01,C039,2024-07-20,2024-08-19,2024-08-03,EUR,24040.83
AR-NL01-202407-0026,NL01,C020,2024-07-27,2024-08-26,2024-08-21,EUR,3721.74
AR-NL01-202407-0027,NL01,C034,2024-07-30,2024-08-29,2024-09-19,EUR,6579.31
AR-NL01-202407-0028,NL01,C013,2024-07-20,2024-08-19,2024-08-28,EUR,1919.32
AR-NL01-202407-0029,NL01,C027,2024-07-18,2024-08-17,2024-10-23,EUR,2216.96
AR-NL01-202407-0030,NL01,C008,2024-07-24,2024-08-23,2024-08-26,EUR,17931.37
AR-NL01-202407-0031,NL01,C015,2024-07-24,2024-09-07,2024-08-29,EUR,22554.72
AR-NL01-202407-0032,NL01,C035,2024-07-07,2024-08-06,2024-08-13,EUR,5885.47
AR-NL01-202407-0033,NL01,C040,2024-07-07,2024-08-06,2024-07-24,EUR,4310.03
AR-NL01-202407-0034,NL01,C011,2024-07-21,2024-09-04,2024-08-31,EUR,9843.7
AR-NL01-202407-0035,NL01,C012,2024-07-26,2024-08-25,2024-08-16,EUR,11612.19
AR-NL01-202407-0036,NL01,C012,2024-07-24,2024-09-07,2024-09-09,EUR,14792.88
AR-NL01-202407-0037,NL01,C016,2024-07-28,2024-08-27,2024-08-31,EUR,6348.58
AR-NL01-202407-0038,NL01,C002,2024-07-29,2024-08-28,2024-08-19,EUR,37100.66
AR-NL01-202407-0039,NL01,C006,2024-07-24,2024-08-23,2024-08-13,EUR,3952.26
AR-NL01-202407-0040,NL01,C006,2024-07-06,2024-08-20,2024-07-28,EUR,1027.85
AR-NL01-202407-0041,NL01,C006,2024-07-14,2024-08-13,2024-08-18,EUR,59783.78
AR-NL01-202407-0042,NL01,C012,2024-07-09,2024-08-23,2024-08-08,EUR,6243.55
AR-NL01-202407-0043,NL01,C003,2024-07-01,2024-08-15,2024-09-10,EUR,25284.23
AR-NL01-202407-0044,NL01,C004,2024-07-30,2024-08-29,2024-08-22,EUR,6292.92
AR-NL01-202407-0045,NL01,C003,2024-07-03,2024-08-02,2024-07-29,EUR,25338.08
AR-NL01-202407-0046,NL01,C004,2024-07-16,2024-08-30,2024-08-01,EUR,19750.2
AR-NL01-202407-0047,NL01,C029,2024-07-09,2024-08-08,2024-08-01,EUR,11248.91
AR-NL01-202407-0048,NL01,C032,2024-07-10,2024-08-09,2024-08-02,EUR,1397.78
AR-NL01-202407-0049,NL01,C032,2024-07-05,2024-08-04,2024-08-23,EUR,6840.52
AR-NL01-202407-0050,NL01,C038,2024-07-08,2024-08-07,2024-08-13,EUR,7646.51
AR-NL01-202407-0051,NL01,C015,2024-07-23,2024-09-06,2024-08-23,EUR,24511.11
AR-NL01-202407-0052,NL01,C013,2024-07-04,2024-08-03,2024-08-12,EUR,2988.41
AR-NL01-202407-0053,NL01,C003,2024-07-25,2024-09-08,2024-09-02,EUR,42705.7
AR-NL01-202407-0054,NL01,C025,2024-07-26,2024-08-25,2024-09-01,EUR,52353.01
AR-NL01-202407-0055,NL01,C031,2024-07-18,2024-09-01,2024-08-11,EUR,3979.17
AR-NL01-202407-0056,NL01,C012,2024-07-28,2024-09-11,2024-08-24,EUR,10485.2
AR-NL01-202407-0057,NL01,C030,2024-07-05,2024-08-04,2024-08-25,EUR,13245.49
AR-NL01-202407-0058,NL01,C022,2024-07-31,2024-08-30,2024-09-06,EUR,9502.47
AR-NL01-202407-0059,NL01,C030,2024-07-30,2024-08-29,2024-08-18,EUR,4043.45
AR-NL01-202407-0060,NL01,C011,2024-07-19,2024-08-18,2024-08-13,EUR,14275.36
AR-NL01-202407-0061,NL01,C022,2024-07-09,2024-08-23,2024-08-30,EUR,7716.08
AR-NL01-202407-0062,NL01,C027,2024-07-24,2024-08-23,2024-08-28,EUR,9458.41
AR-NL01-202407-0063,NL01,C032,2024-07-19,2024-08-18,2024-08-15,EUR,8747.23
AR-NL01-202407-0064,NL01,C034,2024-07-22,2024-09-05,2024-08-28,EUR,7020.17
AR-NL01-202407-0065,NL01,C020,2024-07-19,2024-09-02,2024-09-24,EUR,13168.3
AR-NL01-202407-0066,NL01,C034,2024-07-22,2024-08-21,2024-09-07,EUR,8092.79
AR-NL01-202407-0067,NL01,C028,2024-07-25,2024-09-08,2024-08-12,EUR,9428.13
AR-NL01-202407-0068,NL01,C017,2024-07-10,2024-08-09,2024-08-03,EUR,8814.92
AR-NL01-202407-0069,NL01,C020,2024-07-15,2024-08-14,2024-08-16,EUR,5300.85
AR-NL01-202407-0070,NL01,C012,2024-07-09,2024-08-08,2024-07-28,EUR,3630.06
AR-NL01-202407-0071,NL01,C012,2024-07-26,2024-08-25,2024-08-29,EUR,8929.53
AR-NL01-202407-0072,NL01,C040,2024-07-04,2024-08-03,2024-07-31,EUR,6480.64
AR-NL01-202407-0073,NL01,C037,2024-07-10,2024-08-09,2024-08-08,EUR,2973.28
AR-NL01-202407-0074,NL01,C035,2024-07-17,2024-08-16,2024-08-05,EUR,43754.35
AR-NL01-202407-0075,NL01,C010,2024-07-23,2024-09-06,2024-08-19,EUR,18798.11
AR-NL01-202407-0076,NL01,C033,2024-07-10,2024-08-09,2024-08-07,EUR,16116.03
AR-NL01-202407-0077,NL01,C026,2024-07-09,2024-08-08,2024-08-28,EUR,7397.35
AR-NL01-202407-0078,NL01,C030,2024-07-26,2024-09-09,2024-09-06,EUR,7765.11
AR-NL01-202407-0079,NL01,C021,2024-07-28,2024-08-27,2024-08-22,EUR,6855.6
AR-NL01-202407-0080,NL01,C027,2024-07-07,2024-08-21,2024-08-13,EUR,7141.97
AR-NL01-202407-0081,NL01,C037,2024-07-08,2024-08-22,2024-07-25,EUR,5588.62
AR-NL01-202407-0082,NL01,C003,2024-07-29,2024-08-28,2024-08-29,EUR,33879.1
AR-NL01-202407-0083,NL01,C034,2024-07-19,2024-08-18,2024-08-24,EUR,4504.14
AR-NL01-202407-0084,NL01,C011,2024-07-19,2024-08-18,2024-08-15,EUR,5112.19
AR-NL01-202407-0085,NL01,C039,2024-07-17,2024-08-31,2024-08-25,EUR,5809.87
AR-NL01-202407-0086,NL01,C021,2024-07-29,2024-08-28,2024-09-03,EUR,9608.44
AR-NL01-202408-0001,NL01,C037,2024-08-10,2024-09-09,2024-09-21,EUR,18052.61
AR-NL01-202408-0002,NL01,C016,2024-08-21,2024-09-20,2024-09-20,EUR,17864.04
AR-NL01-202408-0003,NL01,C021,2024-08-08,2024-09-07,2024-08-22,EUR,2017.32
AR-NL01-202408-0004,NL01,C033,2024-08-22,2024-09-21,2024-09-18,EUR,4803.45
AR-NL01-202408-0005,NL01,C014,2024-08-01,2024-08-31,2024-09-07,EUR,22951.51
AR-NL01-202408-0006,NL01,C037,2024-08-26,2024-10-10,2024-09-26,EUR,23268.02
AR-NL01-202408-0007,NL01,C038,2024-08-07,2024-09-06,2024-09-22,EUR,6120.66
AR-NL01-202408-0008,NL01,C004,2024-08-21,2024-10-05,2024-09-24,EUR,25411.38
AR-NL01-202408-0009,NL01,C040,2024-08-24,2024-10-08,2024-09-07,EUR,23537.25
AR-NL01-202408-0010,NL01,C021,2024-08-05,2024-09-19,2024-09-08,EUR,10704.65
AR-NL01-202408-0011,NL01,C010,2024-08-15,2024-09-29,2024-10-09,EUR,13815.59
AR-NL01-202408-0012,NL01,C025,2024-08-10,2024-09-09,2024-08-28,EUR,14870.66
AR-NL01-202408-0013,NL01,C020,2024-08-17,2024-09-16,2024-10-04,EUR,4605.07
AR-NL01-202408-0014,NL01,C012,2024-08-06,2024-09-05,2024-09-05,EUR,6367.88
AR-NL01-202408-0015,NL01,C038,2024-08-11,2024-09-10,2024-10-26,EUR,4259.88
AR-NL01-202408-0016,NL01,C025,2024-08-17,2024-10-01,2024-09-15,EUR,19972.1
AR-NL01-202408-0017,NL01,C039,2024-08-06,2024-09-05,2024-08-24,EUR,30535.73
AR-NL01-202408-0018,NL01,C039,2024-08-18,2024-09-17,2024-09-25,EUR,1783.43
AR-NL01-202408-0019,NL01,C012,2024-08-20,2024-09-19,2024-10-05,EUR,2254.5
AR-NL01-202408-0020,NL01,C026,2024-08-29,2024-09-28,2024-10-04,EUR,1256.87
AR-NL01-202408-0021,NL01,C025,2024-08-13,2024-09-12,2024-09-11,EUR,2811.93
AR-NL01-202408-0022,NL01,C024,2024-08-24,2024-09-23,2024-09-30,EUR,24640.95
AR-NL01-202408-0023,NL01,C029,2024-08-11,2024-09-10,2024-09-28,EUR,29779.21
AR-NL01-202408-0024,NL01,C005,2024-08-16,2024-09-30,2024-09-24,EUR,19877.64
AR-NL01-202408-0025,NL01,C014,2024-08-01,2024-08-31,2024-09-02,EUR,7172.67
AR-NL01-202408-0026,NL01,C037,2024-08-02,2024-09-16,2024-09-19,EUR,2571.19
AR-NL01-202408-0027,NL01,C022,2024-08-02,2024-09-01,2024-08-27,EUR,6098.14
AR-NL01-202408-0028,NL01,C024,2024-08-27,2024-09-26,2024-09-23,EUR,1723.07
AR-NL01-202408-0029,NL01,C037,2024-08-03,2024-09-17,2024-09-19,EUR,7330.26
AR-NL01-202408-0030,NL01,C029,2024-08-28,2024-09-27,2024-10-05,EUR,15272.18
AR-NL01-202408-0031,NL01,C013,2024-08-20,2024-09-19,2024-09-06,EUR,37713.81
AR-NL01-202408-0032,NL01,C010,2024-08-24,2024-09-23,2024-10-20,EUR,21285.44
AR-NL01-202408-0033,NL01,C029,2024-08-14,2024-09-13,2024-09-13,EUR,2499.53
AR-NL01-202408-0034,NL01,C011,2024-08-12,2024-09-26,2024-09-17,EUR,5283.89
AR-NL01-202408-0035,NL01,C003,2024-08-08,2024-09-07,2024-10-28,EUR,65301.13
AR-NL01-202408-0036,NL01,C040,2024-08-12,2024-09-26,2024-09-07,EUR,4581.45
AR-NL01-202408-0037,NL01,C020,2024-08-18,2024-09-17,2024-09-10,EUR,2844.53
AR-NL01-202408-0038,NL01,C025,2024-08-13,2024-09-12,2024-09-02,EUR,3353.56
AR-NL01-202408-0039,NL01,C014,2024-08-01,2024-09-15,2024-09-08,EUR,15471.69
AR-NL01-202408-0040,NL01,C011,2024-08-16,2024-09-30,2024-09-17,EUR,13351.65
AR-NL01-202408-0041,NL01,C023,2024-08-06,2024-09-05,2024-10-07,EUR,16240.74
AR-NL01-202408-0042,NL01,C020,2024-08-16,2024-09-15,2024-09-19,EUR,6168.61
AR-NL01-202408-0043,NL01,C025,2024-08-21,2024-09-20,2024-09-12,EUR,5600.71
AR-NL01-202408-0044,NL01,C027,2024-08-11,2024-09-25,2024-09-08,EUR,5200.17
AR-NL01-202408-0045,NL01,C040,2024-08-05,2024-09-04,2024-09-11,EUR,6048.31
AR-NL01-202408-0046,NL01,C004,2024-08-26,2024-09-25,2024-10-06,EUR,5018.61
AR-NL01-202408-0047,NL01,C012,2024-08-22,2024-09-21,2024-09-25,EUR,17395.48
AR-NL01-202408-0048,NL01,C029,2024-08-29,2024-09-28,2024-10-12,EUR,18658.62
AR-NL01-202408-0049,NL01,C010,2024-08-15,2024-09-29,2024-10-03,EUR,7494.75
AR-NL01-202408-0050,NL01,C026,2024-08-13,2024-09-12,2024-09-18,EUR,7798.27
AR-NL01-202408-0051,NL01,C008,2024-08-31,2024-10-15,2024-09-27,EUR,10485.34
AR-NL01-202408-0052,NL01,C026,2024-08-08,2024-09-07,2024-09-04,EUR,3246.18
AR-NL01-202408-0053,NL01,C030,2024-08-23,2024-10-07,2024-09-30,EUR,27933.21
AR-NL01-202408-0054,NL01,C035,2024-08-17,2024-10-01,2024-09-10,EUR,4176.21
AR-NL01-202408-0055,NL01,C034,2024-08-13,2024-09-12,2024-09-15,EUR,838.34
AR-NL01-202408-0056,NL01,C023,2024-08-26,2024-09-25,2024-09-20,EUR,5095.48
AR-NL01-202408-0057,NL01,C003,2024-08-27,2024-09-26,2024-09-15,EUR,32109.87
AR-NL01-202408-0058,NL01,C001,2024-08-12,2024-09-26,2024-08-29,EUR,12316.56
AR-NL01-202408-0059,NL01,C028,2024-08-09,2024-09-23,2024-09-05,EUR,3948.51
AR-NL01-202408-0060,NL01,C013,2024-08-22,2024-09-21,2024-09-21,EUR,13485.7
AR-NL01-202408-0061,NL01,C007,2024-08-21,2024-09-20,2024-09-09,EUR,19726.87
AR-NL01-202408-0062,NL01,C033,2024-08-06,2024-09-05,2024-09-11,EUR,12562.95
AR-NL01-202408-0063,NL01,C014,2024-08-20,2024-10-04,2024-09-21,EUR,10504.59
AR-NL01-202408-0064,NL01,C039,2024-08-19,2024-09-18,2024-09-16,EUR,2790.67
AR-NL01-202408-0065,NL01,C036,2024-08-10,2024-09-09,2024-08-25,EUR,4480.32
AR-NL01-202408-0066,NL01,C018,2024-08-04,2024-09-18,2024-09-04,EUR,7824.49
AR-NL01-202408-0067,NL01,C033,2024-08-01,2024-08-31,2024-08-20,EUR,12093.51
AR-NL01-202408-0068,NL01,C018,2024-08-25,2024-09-24,2024-09-25,EUR,11216.11
AR-NL01-202408-0069,NL01,C040,2024-08-16,2024-09-15,2024-09-10,EUR,8402.99
AR-NL01-202408-0070,NL01,C012,2024-08-03,2024-09-02,2024-09-14,EUR,38038.74
AR-NL01-202408-0071,NL01,C032,2024-08-18,2024-09-17,2024-09-14,EUR,11503.55
AR-NL01-202408-0072,NL01,C024,2024-08-13,2024-09-12,2024-09-01,EUR,5614.42
AR-NL01-202408-0073,NL01,C027,2024-08-26,2024-09-25,2024-09-20,EUR,22805.01
AR-NL01-202408-0074,NL01,C029,2024-08-11,2024-09-25,2024-09-09,EUR,14744.77
AR-NL01-202408-0075,NL01,C004,2024-08-17,2024-09-16,2024-09-28,EUR,9294.03
AR-NL01-202408-0076,NL01,C037,2024-08-29,2024-09-28,2024-10-31,EUR,8953.39
AR-NL01-202408-0077,NL01,C033,2024-08-27,2024-09-26,2024-10-16,EUR,4894.03
AR-NL01-202408-0078,NL01,C019,2024-08-12,2024-09-11,2024-09-10,EUR,32808.08
AR-NL01-202408-0079,NL01,C030,2024-08-02,2024-09-01,2024-09-24,EUR,7641.81
AR-NL01-202408-0080,NL01,C014,2024-08-21,2024-10-05,2024-10-14,EUR,13775.4
AR-NL01-202408-0081,NL01,C040,2024-08-18,2024-09-17,2024-09-02,EUR,5114.85
AR-NL01-202408-0082,NL01,C004,2024-08-16,2024-09-15,2024-09-11,EUR,1541.5
AR-NL01-202408-0083,NL01,C001,2024-08-25,2024-09-24,2024-09-13,EUR,3826.39
AR-NL01-202408-0084,NL01,C019,2024-08-07,2024-09-21,2024-09-19,EUR,25853.41
AR-NL01-202409-0001,NL01,C021,2024-09-04,2024-10-04,2024-09-21,EUR,14650.29
AR-NL01-202409-0002,NL01,C031,2024-09-14,2024-10-14,2024-10-08,EUR,10679.4
AR-NL01-202409-0003,NL01,C030,2024-09-16,2024-10-31,2024-10-22,EUR,7972.11
AR-NL01-202409-0004,NL01,C003,2024-09-23,2024-10-23,2024-10-13,EUR,7544.64
AR-NL01-202409-0005,NL01,C007,2024-09-08,2024-10-08,2024-10-15,EUR,18023.66
AR-NL01-202409-0006,NL01,C027,2024-09-15,2024-10-15,2024-10-10,EUR,6333.56
AR-NL01-202409-0007,NL01,C003,2024-09-21,2024-11-05,2024-11-03,EUR,28462.89
AR-NL01-202409-0008,NL01,C018,2024-09-28,2024-10-28,2024-10-24,EUR,11876.95
AR-NL01-202409-0009,NL01,C012,2024-09-25,2024-10-25,2024-10-11,EUR,3877.59
AR-NL01-202409-0010,NL01,C015,2024-09-19,2024-10-19,2024-10-30,EUR,1665.28
AR-NL01-202409-0011,NL01,C012,2024-09-28,2024-10-28,2024-12-30,EUR,6876.43
AR-NL01-202409-0012,NL01,C016,2024-09-05,2024-10-20,2024-10-19,EUR,17134.48
AR-NL01-202409-0013,NL01,C002,2024-09-02,2024-10-02,2024-10-08,EUR,12038.21
AR-NL01-202409-0014,NL01,C003,2024-09-03,2024-10-03,2024-10-13,EUR,22615.63
AR-NL01-202409-0015,NL01,C003,2024-09-29,2024-10-29,2024-10-24,EUR,11545.99
AR-NL01-202409-0016,NL01,C027,2024-09-02,2024-10-02,2024-09-28,EUR,15289.36
AR-NL01-202409-0017,NL01,C034,2024-09-18,2024-11-02,2024-10-14,EUR,8516.99
AR-NL01-202409-0018,NL01,C018,2024-09-13,2024-10-28,2024-10-08,EUR,3445.45
AR-NL01-202409-0019,NL01,C018,2024-09-19,2024-10-19,2024-10-15,EUR,8977.5
AR-NL01-202409-0020,NL01,C030,2024-09-24,2024-10-24,2024-12-08,EUR,38133.21
AR-NL01-202409-0021,NL01,C025,2024-09-10,2024-10-10,2024-10-17,EUR,6479.68
AR-NL01-202409-0022,NL01,C038,2024-09-06,2024-10-06,2024-10-17,EUR,6462.49
AR-NL01-202409-0023,NL01,C021,2024-09-17,2024-11-01,2024-10-17,EUR,8104.51
AR-NL01-202409-0024,NL01,C032,2024-09-30,2024-10-30,2024-11-01,EUR,37136.75
AR-NL01-202409-0025,NL01,C038,2024-09-16,2024-10-31,2024-10-27,EUR,8389.97
AR-NL01-202409-0026,NL01,C019,2024-09-23,2024-11-07,2024-10-21,EUR,7608.76
AR-NL01-202409-0027,NL01,C030,2024-09-10,2024-10-10,2024-10-06,EUR,6440.29
AR-NL01-202409-0028,NL01,C022,2024-09-28,2024-10-28,2024-10-24,EUR,8271.93
AR-NL01-202409-0029,NL01,C011,2024-09-12,2024-10-12,2024-10-05,EUR,539.82
AR-NL01-202409-0030,NL01,C012,2024-09-10,2024-10-10,2024-10-10,EUR,6154.99
AR-NL01-202409-0031,NL01,C029,2024-09-20,2024-10-20,2024-11-01,EUR,3613.89
AR-NL01-202409-0032,NL01,C018,2024-09-29,2024-10-29,2024-11-03,EUR,3922.04
AR-NL01-202409-0033,NL01,C030,2024-09-20,2024-10-20,2024-11-13,EUR,25299.04
AR-NL01-202409-0034,NL01,C026,2024-09-20,2024-10-20,2024-11-09,EUR,55222.98
AR-NL01-202409-0035,NL01,C029,2024-09-18,2024-10-18,2024-10-25,EUR,21653.15
AR-NL01-202409-0036,NL01,C007,2024-09-14,2024-10-14,2024-10-10,EUR,23747.35
AR-NL01-202409-0037,NL01,C029,2024-09-15,2024-10-15,2024-10-11,EUR,7657.65
AR-NL01-202409-0038,NL01,C032,2024-09-27,2024-10-27,2024-10-31,EUR,17398.98
AR-NL01-202409-0039,NL01,C001,2024-09-02,2024-10-02,2024-10-01,EUR,3329.01
AR-NL01-202409-0040,NL01,C035,2024-09-01,2024-10-16,2024-09-20,EUR,12264.8
AR-NL01-202409-0041,NL01,C006,2024-09-18,2024-11-02,2024-10-12,EUR,3620.14
AR-NL01-202409-0042,NL01,C034,2024-09-06,2024-10-06,2024-09-28,EUR,38579.14
AR-NL01-202409-0043,NL01,C015,2024-09-30,2024-11-14,2024-11-04,EUR,22092.96
AR-NL01-202409-0044,NL01,C022,2024-09-01,2024-10-01,2024-09-30,EUR,2769.27
AR-NL01-202409-0045,NL01,C037,2024-09-21,2024-10-21,2024-11-23,EUR,3904.78
AR-NL01-202409-0046,NL01,C040,2024-09-11,2024-10-26,2024-10-04,EUR,2995.1
AR-NL01-202409-0047,NL01,C021,2024-09-18,2024-10-18,2024-10-12,EUR,4448.23
AR-NL01-202409-0048,NL01,C015,2024-09-08,2024-10-08,2024-10-20,EUR,10427.83
AR-NL01-202409-0049,NL01,C026,2024-09-17,2024-11-01,2024-10-12,EUR,1831.74
AR-NL01-202409-0050,NL01,C027,2024-09-08,2024-10-08,2024-11-02,EUR,4337.1
AR-NL01-202409-0051,NL01,C002,2024-09-11,2024-10-11,2024-10-19,EUR,19160.62
AR-NL01-202409-0052,NL01,C006,2024-09-01,2024-10-01,2024-09-30,EUR,7139.64
AR-NL01-202409-0053,NL01,C001,2024-09-06,2024-10-06,2024-10-26,EUR,5192.85
AR-NL01-202409-0054,NL01,C006,2024-09-22,2024-10-22,2024-10-20,EUR,6461.52
AR-NL01-202409-0055,NL01,C011,2024-09-24,2024-11-08,2024-10-18,EUR,5299.97
AR-NL01-202409-0056,NL01,C037,2024-09-10,2024-10-10,2024-10-01,EUR,13280.92
AR-NL01-202409-0057,NL01,C009,2024-09-04,2024-10-04,2024-09-19,EUR,4633.42
AR-NL01-202409-0058,NL01,C024,2024-09-19,2024-11-03,2024-11-09,EUR,16503.73
AR-NL01-202409-0059,NL01,C009,2024-09-19,2024-10-19,2024-10-05,EUR,2515.52
AR-NL01-202409-0060,NL01,C018,2024-09-14,2024-10-29,2024-10-16,EUR,47391.01
AR-NL01-202409-0061,NL01,C027,2024-09-07,2024-10-22,2024-11-17,EUR,8356.07
AR-NL01-202409-0062,NL01,C035,2024-09-30,2024-10-30,2024-11-03,EUR,5602.37
AR-NL01-202409-0063,NL01,C019,2024-09-12,2024-10-27,2024-11-16,EUR,17482.43
AR-NL01-202409-0064,NL01,C012,2024-09-01,2024-10-01,2024-10-11,EUR,24578.84
AR-NL01-202409-0065,NL01,C009,2024-09-13,2024-10-28,2024-10-05,EUR,5717.83
AR-NL01-202409-0066,NL01,C029,2024-09-15,2024-10-15,2024-11-03,EUR,8153.63
AR-NL01-202409-0067,NL01,C006,2024-09-02,2024-10-17,2024-10-07,EUR,7289.74
AR-NL01-202409-0068,NL01,C004,2024-09-29,2024-10-29,2024-11-23,EUR,24737.09
AR-NL01-202409-0069,NL01,C037,2024-09-10,2024-10-10,2024-10-24,EUR,11252.8
AR-NL01-202409-0070,NL01,C032,2024-09-18,2024-11-02,2024-10-22,EUR,9825.76
AR-NL01-202409-0071,NL01,C017,2024-09-12,2024-10-27,2024-10-20,EUR,20103.22
AR-NL01-202409-0072,NL01,C023,2024-09-21,2024-10-21,2024-10-20,EUR,34255.06
AR-NL01-202409-0073,NL01,C032,2024-09-13,2024-10-13,2024-10-11,EUR,33483.12
AR-NL01-202409-0074,NL01,C017,2024-09-05,2024-10-20,2024-09-26,EUR,9238.27
AR-NL01-202409-0075,NL01,C021,2024-09-04,2024-10-19,2024-10-18,EUR,16757.35
AR-NL01-202409-0076,NL01,C016,2024-09-19,2024-10-19,2024-10-16,EUR,9759.95
AR-NL01-202409-0077,NL01,C009,2024-09-14,2024-10-14,2024-09-29,EUR,12067.56
AR-NL01-202409-0078,NL01,C016,2024-09-06,2024-10-06,2024-09-29,EUR,15938.55
AR-NL01-202409-0079,NL01,C005,2024-09-02,2024-10-02,2024-10-10,EUR,11533.73
AR-NL01-202409-0080,NL01,C022,2024-09-03,2024-10-18,2024-10-21,EUR,22188.23
AR-NL01-202409-0081,NL01,C032,2024-09-23,2024-10-23,2024-10-22,EUR,6827.3
AR-NL01-202409-0082,NL01,C022,2024-09-29,2024-10-29,2024-11-11,EUR,6606.2
AR-NL01-202409-0083,NL01,C024,2024-09-04,2024-10-04,2024-09-26,EUR,6826.8
AR-NL01-202409-0084,NL01,C028,2024-09-19,2024-10-19,2024-10-19,EUR,22552.81
AR-NL01-202409-0085,NL01,C034,2024-09-19,2024-11-03,2024-10-13,EUR,23941.36
AR-NL01-202409-0086,NL01,C011,2024-09-10,2024-10-10,2024-10-02,EUR,13945.96
AR-NL01-202409-0087,NL01,C040,2024-09-07,2024-10-07,2024-10-13,EUR,11520.71
AR-NL01-202409-0088,NL01,C021,2024-09-04,2024-10-04,2024-10-29,EUR,3304.52
AR-NL01-202409-0089,NL01,C037,2024-09-02,2024-10-02,2024-09-21,EUR,2459.6
AR-NL01-202409-0090,NL01,C009,2024-09-17,2024-10-17,2024-10-20,EUR,24208.29
AR-NL01-202409-0091,NL01,C001,2024-09-11,2024-10-11,2024-10-20,EUR,4327.28
AR-NL01-202409-0092,NL01,C019,2024-09-18,2024-10-18,2024-11-01,EUR,8839.44
AR-NL01-202409-0093,NL01,C009,2024-09-30,2024-11-14,2024-10-28,EUR,2416.81
AR-NL01-202409-0094,NL01,C040,2024-09-10,2024-10-10,2024-10-14,EUR,3756.65
AR-NL01-202409-0095,NL01,C015,2024-09-03,2024-10-03,2024-10-29,EUR,7462.03
AR-NL01-202409-0096,NL01,C025,2024-09-08,2024-10-23,2024-10-12,EUR,10100.45
AR-NL01-202409-0097,NL01,C037,2024-09-03,2024-10-03,2024-10-16,EUR,6888.68
AR-NL01-202410-0001,NL01,C028,2024-10-11,2024-11-10,2024-11-21,EUR,31620.52
AR-NL01-202410-0002,NL01,C019,2024-10-19,2024-12-03,2024-11-15,EUR,11671.9
AR-NL01-202410-0003,NL01,C012,2024-10-17,2024-11-16,2024-11-20,EUR,3811.83
AR-NL01-202410-0004,NL01,C039,2024-10-11,2024-11-10,2024-11-11,EUR,12181.69
AR-NL01-202410-0005,NL01,C035,2024-10-06,2024-11-05,2024-11-10,EUR,2568.67
AR-NL01-202410-0006,NL01,C039,2024-10-31,2024-12-15,2024-12-17,EUR,5006.28
AR-NL01-202410-0007,NL01,C006,2024-10-18,2024-11-17,2024-11-02,EUR,9781.97
AR-NL01-202410-0008,NL01,C002,2024-10-20,2024-11-19,2024-11-26,EUR,8554.72
AR-NL01-202410-0009,NL01,C004,2024-10-14,2024-11-13,2024-11-12,EUR,1842.16
AR-NL01-202410-0010,NL01,C033,2024-10-14,2024-11-28,2024-11-17,EUR,67752.02
AR-NL01-202410-0011,NL01,C002,2024-10-24,2024-11-23,2024-11-15,EUR,29241.06
AR-NL01-202410-0012,NL01,C040,2024-10-17,2024-11-16,2024-12-06,EUR,3762.87
AR-NL01-202410-0013,NL01,C029,2024-10-07,2024-11-21,2024-10-30,EUR,83952.22
AR-NL01-202410-0014,NL01,C032,2024-10-20,2024-11-19,2024-11-16,EUR,16585.11
AR-NL01-202410-0015,NL01,C032,2024-10-26,2024-12-10,2024-11-23,EUR,11651.12
AR-NL01-202410-0016,NL01,C011,2024-10-24,2024-11-23,2024-12-14,EUR,8608.99
AR-NL01-202410-0017,NL01,C003,2024-10-02,2024-11-01,2024-10-24,EUR,7843.0
AR-NL01-202410-0018,NL01,C025,2024-10-23,2024-11-22,2024-11-22,EUR,7016.19
AR-NL01-202410-0019,NL01,C026,2024-10-21,2024-11-20,2024-11-22,EUR,38246.61
AR-NL01-202410-0020,NL01,C014,2024-10-02,2024-11-01,2024-11-09,EUR,17385.75
AR-NL01-202410-0021,NL01,C039,2024-10-03,2024-11-17,2024-10-30,EUR,7338.08
AR-NL01-202410-0022,NL01,C007,2024-10-02,2024-11-01,2024-11-16,EUR,3471.25
AR-NL01-202410-0023,NL01,C038,2024-10-08,2024-11-22,2024-11-11,EUR,3585.0
AR-NL01-202410-0024,NL01,C027,2024-10-16,2024-11-30,2024-11-11,EUR,11673.97
AR-NL01-202410-0025,NL01,C021,2024-10-27,2024-12-11,2024-11-18,EUR,7731.69
AR-NL01-202410-0026,NL01,C002,2024-10-03,2024-11-02,2024-10-25,EUR,19036.83
AR-NL01-202410-0027,NL01,C009,2024-10-03,2024-11-02,2024-11-05,EUR,23591.15
AR-NL01-202410-0028,NL01,C008,2024-10-18,2024-12-02,2024-11-19,EUR,4371.3
AR-NL01-202410-0029,NL01,C013,2024-10-14,2024-11-13,2024-11-24,EUR,2600.46
AR-NL01-202410-0030,NL01,C027,2024-10-15,2024-11-14,2024-11-03,EUR,17419.05
AR-NL01-202410-0031,NL01,C029,2024-10-07,2024-11-21,2024-10-31,EUR,15109.29
AR-NL01-202410-0032,NL01,C038,2024-10-28,2024-11-27,2024-12-02,EUR,5853.1
AR-NL01-202410-0033,NL01,C010,2024-10-24,2024-11-23,2024-11-14,EUR,1975.36
AR-NL01-202410-0034,NL01,C014,2024-10-30,2024-11-29,2024-12-04,EUR,4343.23
AR-NL01-202410-0035,NL01,C015,2024-10-11,2024-11-10,2024-11-15,EUR,27961.02
AR-NL01-202410-0036,NL01,C027,2024-10-31,2024-11-30,2024-12-11,EUR,4727.58
AR-NL01-202410-0037,NL01,C002,2024-10-15,2024-11-14,2024-11-23,EUR,27001.55
AR-NL01-202410-0038,NL01,C036,2024-10-07,2024-11-06,2024-11-30,EUR,6211.42
AR-NL01-202410-0039,NL01,C027,2024-10-11,2024-11-10,2024-11-10,EUR,12045.42
AR-NL01-202410-0040,NL01,C006,2024-10-06,2024-11-20,2024-11-12,EUR,29089.58
AR-NL01-202410-0041,NL01,C034,2024-10-30,2024-11-29,2024-11-22,EUR,12124.35
AR-NL01-202410-0042,NL01,C005,2024-10-15,2024-11-29,2024-11-05,EUR,3002.51
AR-NL01-202410-0043,NL01,C028,2024-10-31,2024-12-15,2024-11-23,EUR,2597.39
AR-NL01-202410-0044,NL01,C040,2024-10-29,2024-12-13,2024-11-26,EUR,11211.7
AR-NL01-202410-0045,NL01,C040,2024-10-13,2024-11-27,2024-11-18,EUR,2024.22
AR-NL01-202410-0046,NL01,C030,2024-10-05,2024-11-04,2024-11-15,EUR,19689.63
AR-NL01-202410-0047,NL01,C011,2024-10-18,2024-11-17,2024-11-14,EUR,2106.66
AR-NL01-202410-0048,NL01,C040,2024-10-17,2024-11-16,2024-11-16,EUR,5343.5
AR-NL01-202410-0049,NL01,C037,2024-10-15,2024-11-29,2024-11-07,EUR,8629.57
AR-NL01-202410-0050,NL01,C017,2024-10-10,2024-11-09,2024-11-13,EUR,9309.89
AR-NL01-202410-0051,NL01,C020,2024-10-20,2024-11-19,2024-12-18,EUR,1023.72
AR-NL01-202410-0052,NL01,C007,2024-10-06,2024-11-05,2024-11-02,EUR,3852.76
AR-NL01-202410-0053,NL01,C040,2024-10-02,2024-11-01,2024-11-20,EUR,12274.82
AR-NL01-202410-0054,NL01,C012,2024-10-13,2024-11-12,2024-11-20,EUR,3229.55
AR-NL01-202410-0055,NL01,C007,2024-10-28,2024-11-27,2024-12-03,EUR,3675.95
AR-NL01-202410-0056,NL01,C021,2024-10-07,2024-11-06,2024-12-14,EUR,24124.8
AR-NL01-202410-0057,NL01,C009,2024-10-12,2024-11-11,2024-10-30,EUR,3597.51
AR-NL01-202410-0058,NL01,C037,2024-10-30,2024-11-29,2024-12-09,EUR,10032.13
AR-NL01-202410-0059,NL01,C028,2024-10-23,2024-11-22,2024-11-12,EUR,35814.36
AR-NL01-202410-0060,NL01,C037,2024-10-11,2024-11-10,2024-11-12,EUR,24464.74
AR-NL01-202410-0061,NL01,C012,2024-10-16,2024-11-15,2024-11-09,EUR,10272.71
AR-NL01-202410-0062,NL01,C014,2024-10-18,2024-12-02,2024-11-18,EUR,9093.1
AR-NL01-202410-0063,NL01,C039,2024-10-30,2024-11-29,2024-11-23,EUR,23298.7
AR-NL01-202410-0064,NL01,C023,2024-10-10,2024-11-24,2024-11-26,EUR,19182.97
AR-NL01-202410-0065,NL01,C002,2024-10-22,2024-12-06,2024-11-18,EUR,5464.85
AR-NL01-202410-0066,NL01,C012,2024-10-19,2024-11-18,2024-11-26,EUR,1741.58
AR-NL01-202410-0067,NL01,C013,2024-10-26,2024-12-10,2024-11-20,EUR,8423.71
AR-NL01-202410-0068,NL01,C036,2024-10-13,2024-11-12,2024-11-11,EUR,4311.65
AR-NL01-202410-0069,NL01,C037,2024-10-11,2024-11-10,2024-11-23,EUR,12723.55
AR-NL01-202410-0070,NL01,C021,2024-10-21,2024-11-20,2024-11-05,EUR,11791.45
AR-NL01-202410-0071,NL01,C015,2024-10-07,2024-11-06,2024-11-26,EUR,2708.41
AR-NL01-202410-0072,NL01,C022,2024-10-16,2024-11-15,2024-11-15,EUR,12211.36
AR-NL01-202410-0073,NL01,C012,2024-10-08,2024-11-22,2024-10-30,EUR,3598.75
AR-NL01-202410-0074,NL01,C003,2024-10-20,2024-12-04,2024-11-02,EUR,12965.69
AR-NL01-202410-0075,NL01,C017,2024-10-24,2024-11-23,2024-11-20,EUR,7692.32
AR-NL01-202410-0076,NL01,C039,2024-10-25,2024-12-09,2024-11-18,EUR,4133.17
AR-NL01-202410-0077,NL01,C023,2024-10-08,2024-11-07,2024-11-24,EUR,13878.24
AR-NL01-202410-0078,NL01,C003,2024-10-24,2024-12-08,2024-11-10,EUR,16256.19
AR-NL01-202410-0079,NL01,C028,2024-10-24,2024-11-23,2024-12-16,EUR,3127.37
AR-NL01-202410-0080,NL01,C026,2024-10-23,2024-11-22,2024-11-10,EUR,7283.88
AR-NL01-202410-0081,NL01,C019,2024-10-20,2024-12-04,2024-11-13,EUR,32579.83
AR-NL01-202410-0082,NL01,C015,2024-10-21,2024-11-20,2024-12-05,EUR,4105.28
AR-NL01-202410-0083,NL01,C025,2024-10-26,2024-12-10,2024-11-28,EUR,6894.88
AR-NL01-202410-0084,NL01,C029,2024-10-19,2024-11-18,2024-11-22,EUR,3257.5
AR-NL01-202410-0085,NL01,C028,2024-10-09,2024-11-08,2024-12-10,EUR,3166.88
AR-NL01-202410-0086,NL01,C006,2024-10-25,2024-11-24,2024-12-22,EUR,43748.4
AR-NL01-202410-0087,NL01,C019,2024-10-03,2024-11-02,2024-11-02,EUR,5648.34
AR-NL01-202410-0088,NL01,C029,2024-10-16,2024-11-15,2024-11-30,EUR,6847.22
AR-NL01-202410-0089,NL01,C016,2024-10-22,2024-11-21,2024-11-10,EUR,11625.29
AR-NL01-202410-0090,NL01,C023,2024-10-25,2024-12-09,2025-01-13,EUR,21325.4
AR-NL01-202410-0091,NL01,C008,2024-10-25,2024-12-09,2024-12-01,EUR,3648.61
AR-NL01-202410-0092,NL01,C040,2024-10-21,2024-11-20,2024-11-28,EUR,2962.65
AR-NL01-202410-0093,NL01,C008,2024-10-29,2024-11-28,2024-12-15,EUR,13414.97
AR-NL01-202410-0094,NL01,C004,2024-10-24,2024-12-08,2024-11-30,EUR,31377.58
AR-NL01-202410-0095,NL01,C010,2024-10-24,2024-11-23,2024-12-11,EUR,5212.9
AR-NL01-202410-0096,NL01,C033,2024-10-24,2024-12-08,2024-11-23,EUR,22400.26
AR-NL01-202410-0097,NL01,C030,2024-10-03,2024-11-17,2024-11-11,EUR,5677.03
AR-NL01-202410-0098,NL01,C022,2024-10-07,2024-11-06,2024-10-24,EUR,6852.76
AR-NL01-202410-0099,NL01,C027,2024-10-13,2024-11-12,2024-11-03,EUR,38054.28
AR-NL01-202410-0100,NL01,C001,2024-10-11,2024-11-10,2024-11-24,EUR,8037.69
AR-NL01-202410-0101,NL01,C002,2024-10-17,2024-11-16,2024-11-20,EUR,6552.22
AR-NL01-202411-0001,NL01,C030,2024-11-17,2024-12-17,2024-12-08,EUR,15476.83
AR-NL01-202411-0002,NL01,C029,2024-11-06,2024-12-21,2024-12-11,EUR,72333.56
AR-NL01-202411-0003,NL01,C040,2024-11-20,2024-12-20,2024-12-16,EUR,5261.95
AR-NL01-202411-0004,NL01,C007,2024-11-24,2024-12-24,2024-12-27,EUR,8767.93
AR-NL01-202411-0005,NL01,C003,2024-11-09,2024-12-09,2024-12-01,EUR,2099.93
AR-NL01-202411-0006,NL01,C020,2024-11-03,2024-12-03,2025-01-03,EUR,54611.01
AR-NL01-202411-0007,NL01,C004,2024-11-17,2024-12-17,2024-12-10,EUR,5695.88
AR-NL01-202411-0008,NL01,C035,2024-11-21,2024-12-21,2024-12-21,EUR,8819.24
AR-NL01-202411-0009,NL01,C037,2024-11-20,2025-01-04,2024-12-14,EUR,3424.39
AR-NL01-202411-0010,NL01,C032,2024-11-21,2025-01-05,2025-01-27,EUR,21658.45
AR-NL01-202411-0011,NL01,C019,2024-11-08,2024-12-08,2024-12-03,EUR,15552.86
AR-NL01-202411-0012,NL01,C001,2024-11-12,2024-12-12,2024-12-15,EUR,8530.07
AR-NL01-202411-0013,NL01,C038,2024-11-18,2024-12-18,2024-12-21,EUR,37465.7
AR-NL01-202411-0014,NL01,C014,2024-11-04,2024-12-19,2024-12-08,EUR,2392.85
AR-NL01-202411-0015,NL01,C034,2024-11-10,2024-12-25,2024-12-05,EUR,4982.83
AR-NL01-202411-0016,NL01,C006,2024-11-21,2024-12-21,2024-12-30,EUR,5572.57
AR-NL01-202411-0017,NL01,C001,2024-11-18,2024-12-18,2025-01-03,EUR,17508.19
AR-NL01-202411-0018,NL01,C026,2024-11-04,2024-12-19,2024-12-04,EUR,6309.76
AR-NL01-202411-0019,NL01,C037,2024-11-12,2024-12-12,2024-12-05,EUR,6334.0
AR-NL01-202411-0020,NL01,C037,2024-11-21,2024-12-21,2025-01-03,EUR,8528.22
AR-NL01-202411-0021,NL01,C040,2024-11-26,2025-01-10,2024-12-21,EUR,7055.96
AR-NL01-202411-0022,NL01,C009,2024-11-03,2024-12-03,2024-11-26,EUR,1950.89
AR-NL01-202411-0023,NL01,C028,2024-11-22,2024-12-22,2024-12-31,EUR,6731.63
AR-NL01-202411-0024,NL01,C003,2024-11-14,2024-12-14,2024-12-14,EUR,8080.08
AR-NL01-202411-0025,NL01,C018,2024-11-07,2024-12-07,2024-12-01,EUR,32987.15
AR-NL01-202411-0026,NL01,C035,2024-11-24,2024-12-24,2024-12-12,EUR,6711.56
AR-NL01-202411-0027,NL01,C014,2024-11-07,2024-12-07,2024-12-13,EUR,2234.98
AR-NL01-202411-0028,NL01,C029,2024-11-11,2024-12-26,2024-12-12,EUR,16271.39
AR-NL01-202411-0029,NL01,C025,2024-11-22,2024-12-22,2024-12-22,EUR,8073.62
AR-NL01-202411-0030,NL01,C010,2024-11-28,2024-12-28,2025-01-10,EUR,2311.47
AR-NL01-202411-0031,NL01,C026,2024-11-04,2024-12-04,2024-12-02,EUR,51294.94
AR-NL01-202411-0032,NL01,C024,2024-11-28,2024-12-28,2025-01-05,EUR,11716.51
AR-NL01-202411-0033,NL01,C029,2024-11-09,2024-12-09,2024-11-29,EUR,4097.32
AR-NL01-202411-0034,NL01,C025,2024-11-25,2025-01-09,2025-01-05,EUR,28514.16
AR-NL01-202411-0035,NL01,C010,2024-11-10,2024-12-25,2025-01-03,EUR,4496.67
AR-NL01-202411-0036,NL01,C007,2024-11-24,2024-12-24,2024-12-09,EUR,2592.99
AR-NL01-202411-0037,NL01,C026,2024-11-19,2024-12-19,2024-12-06,EUR,10286.51
AR-NL01-202411-0038,NL01,C023,2024-11-22,2024-12-22,2025-01-09,EUR,9083.81
AR-NL01-202411-0039,NL01,C022,2024-11-04,2024-12-04,2024-12-01,EUR,12917.65
AR-NL01-202411-0040,NL01,C028,2024-11-20,2024-12-20,2024-12-17,EUR,37578.91
AR-NL01-202411-0041,NL01,C033,2024-11-13,2024-12-13,2024-12-07,EUR,4028.67
AR-NL01-202411-0042,NL01,C022,2024-11-11,2024-12-11,2025-01-22,EUR,4971.76
AR-NL01-202411-0043,NL01,C001,2024-11-21,2025-01-05,2025-01-03,EUR,7200.14
AR-NL01-202411-0044,NL01,C017,2024-11-12,2024-12-27,2024-12-12,EUR,8193.61
AR-NL01-202411-0045,NL01,C008,2024-11-18,2024-12-18,2024-12-23,EUR,3604.65
AR-NL01-202411-0046,NL01,C025,2024-11-28,2024-12-28,2024-12-24,EUR,21999.86
AR-NL01-202411-0047,NL01,C004,2024-11-25,2025-01-09,2024-12-27,EUR,32765.96
AR-NL01-202411-0048,NL01,C005,2024-11-11,2024-12-11,2024-12-11,EUR,3048.33
AR-NL01-202411-0049,NL01,C010,2024-11-19,2025-01-03,2025-01-12,EUR,4683.13
AR-NL01-202411-0050,NL01,C037,2024-11-11,2024-12-11,2024-12-08,EUR,21078.76
AR-NL01-202411-0051,NL01,C017,2024-11-21,2024-12-21,2025-01-26,EUR,91921.5
AR-NL01-202411-0052,NL01,C022,2024-11-12,2024-12-12,2024-12-13,EUR,9896.23
AR-NL01-202411-0053,NL01,C007,2024-11-07,2024-12-22,2024-11-26,EUR,6543.9
AR-NL01-202411-0054,NL01,C016,2024-11-01,2024-12-16,2024-11-27,EUR,8129.12
AR-NL01-202411-0055,NL01,C008,2024-11-06,2024-12-06,2024-12-20,EUR,1975.17
AR-NL01-202411-0056,NL01,C035,2024-11-27,2024-12-27,2024-12-26,EUR,3707.08
AR-NL01-202411-0057,NL01,C018,2024-11-15,2024-12-30,2025-01-09,EUR,10223.11
AR-NL01-202411-0058,NL01,C025,2024-11-20,2025-01-04,2024-12-24,EUR,2624.89
AR-NL01-202411-0059,NL01,C031,2024-11-07,2024-12-07,2024-12-01,EUR,7604.37
AR-NL01-202411-0060,NL01,C015,2024-11-29,2025-01-13,2025-01-27,EUR,14729.85
AR-NL01-202411-0061,NL01,C019,2024-11-21,2024-12-21,2024-12-19,EUR,2484.35
AR-NL01-202411-0062,NL01,C026,2024-11-16,2024-12-16,2024-12-06,EUR,19050.44
AR-NL01-202411-0063,NL01,C023,2024-11-18,2024-12-18,2024-12-22,EUR,6165.44
AR-NL01-202411-0064,NL01,C015,2024-11-07,2024-12-22,2024-12-18,EUR,5143.74
AR-NL01-202411-0065,NL01,C034,2024-11-30,2025-01-14,2024-12-18,EUR,1937.73
AR-NL01-202411-0066,NL01,C022,2024-11-07,2024-12-07,2024-12-17,EUR,10358.0
AR-NL01-202411-0067,NL01,C036,2024-11-12,2024-12-12,2024-12-04,EUR,12959.53
AR-NL01-202411-0068,NL01,C014,2024-11-12,2024-12-27,2024-12-14,EUR,3682.59
AR-NL01-202411-0069,NL01,C016,2024-11-29,2024-12-29,2025-02-02,EUR,15852.46
AR-NL01-202411-0070,NL01,C024,2024-11-29,2024-12-29,2024-12-20,EUR,7851.69
AR-NL01-202411-0071,NL01,C007,2024-11-01,2024-12-01,2024-12-16,EUR,8741.46
AR-NL01-202411-0072,NL01,C023,2024-11-12,2024-12-27,2024-12-29,EUR,8635.97
AR-NL01-202411-0073,NL01,C015,2024-11-19,2024-12-19,2025-01-01,EUR,3893.95
AR-NL01-202411-0074,NL01,C040,2024-11-07,2024-12-07,2024-12-04,EUR,12865.94
AR-NL01-202411-0075,NL01,C035,2024-11-08,2024-12-08,2024-12-08,EUR,4700.75
AR-NL01-202411-0076,NL01,C026,2024-11-25,2025-01-09,2024-12-31,EUR,46606.08
AR-NL01-202411-0077,NL01,C030,2024-11-20,2025-01-04,2024-12-09,EUR,5156.22
AR-NL01-202411-0078,NL01,C017,2024-11-06,2024-12-21,2024-12-24,EUR,8808.2
AR-NL01-202411-0079,NL01,C022,2024-11-28,2024-12-28,2024-12-29,EUR,2044.95
AR-NL01-202411-0080,NL01,C014,2024-11-17,2025-01-01,2024-12-20,EUR,20215.89
AR-NL01-202411-0081,NL01,C034,2024-11-12,2024-12-12,2024-12-30,EUR,1619.87
AR-NL01-202411-0082,NL01,C005,2024-11-07,2024-12-07,2024-12-01,EUR,10270.96
AR-NL01-202411-0083,NL01,C027,2024-11-11,2024-12-26,2024-11-30,EUR,26784.52
AR-NL01-202411-0084,NL01,C011,2024-11-03,2024-12-03,2024-12-12,EUR,6593.93
AR-NL01-202411-0085,NL01,C033,2024-11-15,2024-12-15,2024-12-26,EUR,3121.54
AR-NL01-202411-0086,NL01,C019,2024-11-17,2025-01-01,2024-12-05,EUR,2711.3
AR-NL01-202411-0087,NL01,C026,2024-11-22,2025-01-06,2024-12-07,EUR,17759.28
AR-NL01-202411-0088,NL01,C040,2024-11-04,2024-12-04,2024-11-21,EUR,4687.51
AR-NL01-202411-0089,NL01,C012,2024-11-17,2024-12-17,2024-12-26,EUR,26318.76
AR-NL01-202411-0090,NL01,C033,2024-11-18,2024-12-18,2024-12-17,EUR,2232.95
AR-NL01-202411-0091,NL01,C033,2024-11-03,2024-12-03,2024-12-08,EUR,6514.14
AR-NL01-202411-0092,NL01,C038,2024-11-08,2024-12-08,2024-11-28,EUR,32757.17
AR-NL01-202411-0093,NL01,C039,2024-11-16,2024-12-31,2024-12-28,EUR,9218.69
AR-NL01-202411-0094,NL01,C019,2024-11-25,2024-12-25,2024-12-23,EUR,6144.22
AR-NL01-202411-0095,NL01,C013,2024-11-16,2024-12-16,2024-12-21,EUR,11423.5
AR-NL01-202411-0096,NL01,C016,2024-11-02,2024-12-17,2025-01-23,EUR,11528.66
AR-NL01-202411-0097,NL01,C032,2024-11-06,2024-12-06,2024-12-21,EUR,14240.64
AR-NL01-202411-0098,NL01,C031,2024-11-01,2024-12-01,2024-12-07,EUR,1159.54
AR-NL01-202411-0099,NL01,C026,2024-11-29,2025-01-13,2024-12-24,EUR,18539.01
AR-NL01-202411-0100,NL01,C021,2024-11-15,2024-12-30,2024-12-13,EUR,10818.39
AR-NL01-202411-0101,NL01,C037,2024-11-12,2024-12-12,2024-12-25,EUR,6629.63
AR-NL01-202412-0001,NL01,C025,2024-12-01,2024-12-31,2024-12-23,EUR,21549.63
AR-NL01-202412-0002,NL01,C034,2024-12-30,2025-02-13,2025-02-03,EUR,8391.98
AR-NL01-202412-0003,NL01,C012,2024-12-24,2025-01-23,2025-01-13,EUR,30055.63
AR-NL01-202412-0004,NL01,C008,2024-12-31,2025-02-14,2025-02-08,EUR,1842.0
AR-NL01-202412-0005,NL01,C037,2024-12-08,2025-01-07,2025-01-06,EUR,11883.48
AR-NL01-202412-0006,NL01,C004,2024-12-27,2025-01-26,2025-01-24,EUR,4451.18
AR-NL01-202412-0007,NL01,C027,2024-12-01,2025-01-15,2024-12-30,EUR,2199.65
AR-NL01-202412-0008,NL01,C032,2024-12-29,2025-01-28,2025-02-02,EUR,3625.41
AR-NL01-202412-0009,NL01,C032,2024-12-21,2025-01-20,2025-01-12,EUR,1911.81
AR-NL01-202412-0010,NL01,C019,2024-12-26,2025-01-25,2025-01-23,EUR,17946.39
AR-NL01-202412-0011,NL01,C034,2024-12-15,2025-01-29,2025-01-12,EUR,6801.05
AR-NL01-202412-0012,NL01,C002,2024-12-28,2025-01-27,2025-02-11,EUR,11185.01
AR-NL01-202412-0013,NL01,C011,2024-12-30,2025-01-29,2025-02-04,EUR,1768.2
AR-NL01-202412-0014,NL01,C008,2024-12-18,2025-01-17,2025-01-22,EUR,15170.2
AR-NL01-202412-0015,NL01,C035,2024-12-01,2025-01-15,2025-02-07,EUR,4623.49
AR-NL01-202412-0016,NL01,C007,2024-12-19,2025-01-18,2025-01-24,EUR,10786.59
AR-NL01-202412-0017,NL01,C025,2024-12-06,2025-01-20,2025-01-06,EUR,5816.79
AR-NL01-202412-0018,NL01,C024,2024-12-29,2025-01-28,2025-02-13,EUR,14278.91
AR-NL01-202412-0019,NL01,C031,2024-12-10,2025-01-09,2025-01-07,EUR,2423.99
AR-NL01-202412-0020,NL01,C018,2024-12-07,2025-01-06,2024-12-28,EUR,1883.91
AR-NL01-202412-0021,NL01,C025,2024-12-12,2025-01-11,2025-01-06,EUR,19622.6
AR-NL01-202412-0022,NL01,C005,2024-12-03,2025-01-17,2025-01-03,EUR,28958.62
AR-NL01-202412-0023,NL01,C004,2024-12-04,2025-01-03,2025-01-08,EUR,15825.85
AR-NL01-202412-0024,NL01,C037,2024-12-16,2025-01-15,2025-01-25,EUR,11987.45
AR-NL01-202412-0025,NL01,C012,2024-12-29,2025-02-12,2025-02-01,EUR,8317.67
AR-NL01-202412-0026,NL01,C001,2024-12-04,2025-01-18,2024-12-28,EUR,17732.39
AR-NL01-202412-0027,NL01,C031,2024-12-31,2025-01-30,2025-02-07,EUR,36099.37
AR-NL01-202412-0028,NL01,C014,2024-12-31,2025-01-30,2025-02-08,EUR,3376.58
AR-NL01-202412-0029,NL01,C004,2024-12-23,2025-01-22,2025-01-21,EUR,5690.37
AR-NL01-202412-0030,NL01,C022,2024-12-06,2025-01-05,2025-01-01,EUR,7672.06
AR-NL01-202412-0031,NL01,C028,2024-12-17,2025-01-16,2025-01-18,EUR,41132.39
AR-NL01-202412-0032,NL01,C019,2024-12-14,2025-01-13,2025-01-14,EUR,7446.26
AR-NL01-202412-0033,NL01,C001,2024-12-13,2025-01-12,2024-12-30,EUR,9956.04
AR-NL01-202412-0034,NL01,C003,2024-12-07,2025-01-06,2024-12-27,EUR,28769.02
AR-NL01-202412-0035,NL01,C012,2024-12-15,2025-01-14,2025-02-06,EUR,9956.14
AR-NL01-202412-0036,NL01,C003,2024-12-28,2025-01-27,2025-01-26,EUR,12029.07
AR-NL01-202412-0037,NL01,C016,2024-12-08,2025-01-07,2025-01-14,EUR,8977.83
AR-NL01-202412-0038,NL01,C007,2024-12-01,2024-12-31,2024-12-17,EUR,10255.88
AR-NL01-202412-0039,NL01,C026,2024-12-31,2025-02-14,2025-01-26,EUR,6669.57
AR-NL01-202412-0040,NL01,C025,2024-12-19,2025-02-02,2025-01-14,EUR,2883.41
AR-NL01-202412-0041,NL01,C028,2024-12-09,2025-01-08,2025-01-12,EUR,4443.54
AR-NL01-202412-0042,NL01,C035,2024-12-04,2025-01-03,2025-01-06,EUR,4818.92
AR-NL01-202412-0043,NL01,C005,2024-12-15,2025-01-14,2025-02-17,EUR,7832.82
AR-NL01-202412-0044,NL01,C017,2024-12-29,2025-01-28,2025-02-24,EUR,3544.13
AR-NL01-202412-0045,NL01,C010,2024-12-19,2025-01-18,2025-01-27,EUR,16298.99
AR-NL01-202412-0046,NL01,C015,2024-12-07,2025-01-06,2025-02-09,EUR,6275.92
AR-NL01-202412-0047,NL01,C023,2024-12-21,2025-01-20,2025-03-03,EUR,6612.65
AR-NL01-202412-0048,NL01,C019,2024-12-29,2025-01-28,2025-01-21,EUR,23219.17
AR-NL01-202412-0049,NL01,C036,2024-12-31,2025-02-14,2025-02-16,EUR,7356.8
AR-NL01-202412-0050,NL01,C031,2024-12-13,2025-01-12,2025-01-23,EUR,1794.14
AR-NL01-202412-0051,NL01,C011,2024-12-02,2025-01-16,2025-01-04,EUR,12474.68
AR-NL01-202412-0052,NL01,C021,2024-12-05,2025-01-04,2025-01-07,EUR,1111.33
AR-NL01-202412-0053,NL01,C007,2024-12-20,2025-02-03,2025-01-15,EUR,6243.95
AR-NL01-202412-0054,NL01,C035,2024-12-16,2025-01-15,2025-01-27,EUR,12419.8
AR-NL01-202412-0055,NL01,C023,2024-12-15,2025-01-29,2025-01-14,EUR,5661.12
AR-NL01-202412-0056,NL01,C015,2024-12-20,2025-01-19,2025-01-30,EUR,5722.09
AR-NL01-202412-0057,NL01,C010,2024-12-18,2025-02-01,2025-01-24,EUR,4579.24
AR-NL01-202412-0058,NL01,C013,2024-12-10,2025-01-09,2025-01-11,EUR,56975.12
AR-NL01-202412-0059,NL01,C021,2024-12-13,2025-01-12,2025-01-11,EUR,7749.58
AR-NL01-202412-0060,NL01,C016,2024-12-29,2025-01-28,2025-02-05,EUR,10061.53
AR-NL01-202412-0061,NL01,C035,2024-12-29,2025-01-28,2025-02-10,EUR,2948.47
AR-NL01-202412-0062,NL01,C019,2024-12-13,2025-01-12,2025-01-12,EUR,15021.56
AR-NL01-202412-0063,NL01,C002,2024-12-09,2025-01-23,2025-01-06,EUR,13692.13
AR-NL01-202412-0064,NL01,C033,2024-12-02,2025-01-01,2024-12-26,EUR,18374.16
AR-NL01-202412-0065,NL01,C007,2024-12-18,2025-01-17,2025-02-03,EUR,3998.6
AR-NL01-202412-0066,NL01,C015,2024-12-25,2025-01-24,2025-01-24,EUR,9855.4
AR-NL01-202412-0067,NL01,C011,2024-12-22,2025-01-21,2025-01-19,EUR,5906.34
AR-NL01-202412-0068,NL01,C019,2024-12-02,2025-01-01,2025-01-20,EUR,1658.31
AR-NL01-202412-0069,NL01,C005,2024-12-03,2025-01-02,2025-01-10,EUR,4255.92
AR-NL01-202412-0070,NL01,C022,2024-12-14,2025-01-13,2025-01-04,EUR,40129.35
AR-NL01-202412-0071,NL01,C021,2024-12-21,2025-01-20,2025-01-03,EUR,15324.17
AR-NL01-202412-0072,NL01,C007,2024-12-12,2025-01-11,2025-01-09,EUR,14198.9
AR-NL01-202412-0073,NL01,C001,2024-12-21,2025-01-20,2025-01-17,EUR,7929.73
AR-NL01-202412-0074,NL01,C020,2024-12-12,2025-01-11,2025-01-11,EUR,33296.3
AR-NL01-202412-0075,NL01,C002,2024-12-26,2025-02-09,2025-02-09,EUR,17590.46
AR-NL01-202412-0076,NL01,C002,2024-12-16,2025-01-30,2025-01-25,EUR,8216.23
AR-NL01-202412-0077,NL01,C014,2024-12-28,2025-02-11,2025-02-03,EUR,5604.79
AR-NL01-202412-0078,NL01,C030,2024-12-21,2025-01-20,2025-01-19,EUR,39118.04
AR-NL01-202412-0079,NL01,C031,2024-12-21,2025-02-04,2025-01-16,EUR,4390.38
AR-NL01-202412-0080,NL01,C039,2024-12-28,2025-01-27,2025-02-02,EUR,2908.36
AR-NL01-202412-0081,NL01,C017,2024-12-03,2025-01-02,2024-12-26,EUR,2683.82
AR-NL01-202412-0082,NL01,C028,2024-12-16,2025-01-15,2025-01-17,EUR,12509.56
AR-NL01-202412-0083,NL01,C016,2024-12-21,2025-01-20,2025-01-13,EUR,10398.6
AR-NL01-202412-0084,NL01,C023,2024-12-06,2025-01-05,2024-12-31,EUR,2379.21
AR-NL01-202412-0085,NL01,C031,2024-12-04,2025-01-03,2025-01-19,EUR,3000.4
AR-NL01-202412-0086,NL01,C023,2024-12-31,2025-01-30,2025-01-24,EUR,3272.34
AR-NL01-202412-0087,NL01,C016,2024-12-16,2025-01-30,2025-01-09,EUR,5364.09
AR-NL01-202412-0088,NL01,C032,2024-12-26,2025-01-25,2025-01-19,EUR,2894.28
AR-NL01-202412-0089,NL01,C028,2024-12-01,2024-12-31,2025-01-09,EUR,8133.87
AR-NL01-202412-0090,NL01,C009,2024-12-26,2025-01-25,2025-02-17,EUR,18041.81
AR-NL01-202412-0091,NL01,C036,2024-12-12,2025-01-11,2025-01-23,EUR,12099.67
AR-NL01-202412-0092,NL01,C021,2024-12-31,2025-01-30,2025-01-27,EUR,44574.01
AR-NL01-202412-0093,NL01,C009,2024-12-13,2025-01-12,2025-01-09,EUR,40605.97
AR-NL01-202412-0094,NL01,C033,2024-12-24,2025-02-07,2025-01-13,EUR,12220.5
AR-NL01-202412-0095,NL01,C023,2024-12-27,2025-01-26,2025-01-30,EUR,15254.19
AR-NL01-202412-0096,NL01,C003,2024-12-18,2025-02-01,2025-02-06,EUR,13353.91
AR-NL01-202412-0097,NL01,C013,2024-12-13,2025-01-12,2025-02-01,EUR,4599.9
AR-NL01-202412-0098,NL01,C021,2024-12-05,2025-01-04,2025-01-08,EUR,2455.29
AR-NL01-202412-0099,NL01,C020,2024-12-07,2025-01-06,2025-01-27,EUR,3623.67
AR-NL01-202412-0100,NL01,C026,2024-12-16,2025-01-15,2025-02-16,EUR,21363.02
AR-NL01-202412-0101,NL01,C034,2024-12-16,2025-01-15,2025-01-15,EUR,8822.68
AR-NL01-202412-0102,NL01,C002,2024-12-01,2024-12-31,2024-12-19,EUR,3771.06
AR-NL01-202412-0103,NL01,C039,2024-12-07,2025-01-21,2025-01-04,EUR,5566.46
AR-NL01-202412-0104,NL01,C010,2024-12-23,2025-02-06,2025-02-04,EUR,5575.99
AR-NL01-202412-0105,NL01,C032,2024-12-05,2025-01-04,2025-01-04,EUR,14517.58
AR-NL01-202412-0106,NL01,C035,2024-12-28,2025-01-27,2025-01-16,EUR,65371.51
AR-NL01-202412-0107,NL01,C039,2024-12-01,2024-12-31,2024-12-25,EUR,10459.21
AR-NL01-202412-0108,NL01,C007,2024-12-16,2025-01-15,2025-01-07,EUR,18247.65
AR-NL01-202412-0109,NL01,C014,2024-12-05,2025-01-04,2025-01-17,EUR,4818.05
AR-NL01-202412-0110,NL01,C008,2024-12-13,2025-01-12,2025-01-10,EUR,53463.66
AR-NL01-202412-0111,NL01,C012,2024-12-25,2025-01-24,2025-01-28,EUR,1912.96
AR-NL01-202501-0001,NL01,C030,2025-01-19,2025-03-05,2025-01-31,EUR,8785.31
AR-NL01-202501-0002,NL01,C022,2025-01-21,2025-02-20,2025-02-22,EUR,12956.85
AR-NL01-202501-0003,NL01,C008,2025-01-18,2025-02-17,2025-02-21,EUR,5036.29
AR-NL01-202501-0004,NL01,C016,2025-01-07,2025-02-06,2025-02-03,EUR,17770.3
AR-NL01-202501-0005,NL01,C019,2025-01-01,2025-01-31,2025-01-29,EUR,22256.92
AR-NL01-202501-0006,NL01,C013,2025-01-06,2025-02-20,2025-02-04,EUR,11527.48
AR-NL01-202501-0007,NL01,C027,2025-01-22,2025-02-21,2025-02-17,EUR,14317.49
AR-NL01-202501-0008,NL01,C028,2025-01-18,2025-03-04,2025-02-11,EUR,4286.87
AR-NL01-202501-0009,NL01,C004,2025-01-07,2025-02-06,2025-02-07,EUR,8379.8
AR-NL01-202501-0010,NL01,C016,2025-01-02,2025-02-01,2025-01-27,EUR,3038.79
AR-NL01-202501-0011,NL01,C019,2025-01-10,2025-02-09,2025-01-26,EUR,4359.7
AR-NL01-202501-0012,NL01,C017,2025-01-10,2025-02-09,2025-02-02,EUR,8984.04
AR-NL01-202501-0013,NL01,C018,2025-01-27,2025-02-26,2025-03-19,EUR,4664.93
AR-NL01-202501-0014,NL01,C040,2025-01-14,2025-02-13,2025-03-06,EUR,5593.01
AR-NL01-202501-0015,NL01,C039,2025-01-08,2025-02-07,2025-02-11,EUR,4777.08
AR-NL01-202501-0016,NL01,C010,2025-01-25,2025-03-11,2025-02-19,EUR,2427.62
AR-NL01-202501-0017,NL01,C019,2025-01-16,2025-03-02,2025-02-13,EUR,4413.64
AR-NL01-202501-0018,NL01,C017,2025-01-01,2025-01-31,2025-02-03,EUR,1591.26
AR-NL01-202501-0019,NL01,C018,2025-01-16,2025-03-02,2025-02-23,EUR,4323.47
AR-NL01-202501-0020,NL01,C031,2025-01-19,2025-02-18,2025-03-27,EUR,11110.76
AR-NL01-202501-0021,NL01,C008,2025-01-05,2025-02-19,2025-02-05,EUR,8877.08
AR-NL01-202501-0022,NL01,C007,2025-01-12,2025-02-11,2025-02-17,EUR,6051.06
AR-NL01-202501-0023,NL01,C037,2025-01-25,2025-02-24,2025-03-25,EUR,5361.49
AR-NL01-202501-0024,NL01,C014,2025-01-18,2025-02-17,2025-02-08,EUR,5813.49
AR-NL01-202501-0025,NL01,C018,2025-01-15,2025-03-01,2025-02-10,EUR,7579.82
AR-NL01-202501-0026,NL01,C029,2025-01-22,2025-03-08,2025-03-10,EUR,37748.21
AR-NL01-202501-0027,NL01,C023,2025-01-27,2025-02-26,2025-02-25,EUR,6266.38
AR-NL01-202501-0028,NL01,C019,2025-01-14,2025-02-13,2025-03-06,EUR,10722.75
AR-NL01-202501-0029,NL01,C008,2025-01-01,2025-01-31,2025-01-18,EUR,13560.29
AR-NL01-202501-0030,NL01,C013,2025-01-15,2025-02-14,2025-02-17,EUR,52121.54
AR-NL01-202501-0031,NL01,C018,2025-01-08,2025-02-07,2025-03-12,EUR,3476.09
AR-NL01-202501-0032,NL01,C002,2025-01-28,2025-02-27,2025-03-08,EUR,12375.48
AR-NL01-202501-0033,NL01,C025,2025-01-22,2025-02-21,2025-02-27,EUR,19180.24
AR-NL01-202501-0034,NL01,C027,2025-01-24,2025-02-23,2025-02-15,EUR,1400.2
AR-NL01-202501-0035,NL01,C026,2025-01-28,2025-03-14,2025-02-19,EUR,3748.79
AR-NL01-202501-0036,NL01,C038,2025-01-22,2025-02-21,2025-02-16,EUR,10764.44
AR-NL01-202501-0037,NL01,C010,2025-01-12,2025-02-26,2025-02-23,EUR,2020.14
AR-NL01-202501-0038,NL01,C033,2025-01-07,2025-02-21,2025-02-28,EUR,13007.46
AR-NL01-202501-0039,NL01,C011,2025-01-15,2025-02-14,2025-03-04,EUR,7392.84
AR-NL01-202501-0040,NL01,C036,2025-01-10,2025-02-09,2025-02-18,EUR,6720.65
AR-NL01-202501-0041,NL01,C030,2025-01-22,2025-03-08,2025-02-15,EUR,12178.26
AR-NL01-202501-0042,NL01,C004,2025-01-08,2025-02-22,2025-02-11,EUR,18476.91
AR-NL01-202501-0043,NL01,C030,2025-01-02,2025-02-16,2025-01-24,EUR,10532.42
AR-NL01-202501-0044,NL01,C039,2025-01-04,2025-02-18,2025-01-25,EUR,8290.3
AR-NL01-202501-0045,NL01,C009,2025-01-10,2025-02-09,2025-01-27,EUR,8929.83
AR-NL01-202501-0046,NL01,C009,2025-01-14,2025-02-13,2025-01-29,EUR,4679.09
AR-NL01-202501-0047,NL01,C035,2025-01-03,2025-02-02,2025-02-05,EUR,13395.11
AR-NL01-202501-0048,NL01,C013,2025-01-14,2025-02-13,2025-02-24,EUR,2273.63
AR-NL01-202501-0049,NL01,C035,2025-01-19,2025-02-18,2025-02-17,EUR,9297.47
AR-NL01-202501-0050,NL01,C031,2025-01-17,2025-02-16,2025-02-14,EUR,10313.21
AR-NL01-202501-0051,NL01,C029,2025-01-12,2025-02-11,2025-02-06,EUR,3767.49
AR-NL01-202501-0052,NL01,C035,2025-01-04,2025-02-03,2025-02-03,EUR,9754.56
AR-NL01-202501-0053,NL01,C005,2025-01-18,2025-02-17,2025-03-03,EUR,8868.28
AR-NL01-202501-0054,NL01,C030,2025-01-28,2025-02-27,2025-02-28,EUR,21157.13
AR-NL01-202501-0055,NL01,C031,2025-01-28,2025-02-27,2025-03-19,EUR,70081.46
AR-NL01-202501-0056,NL01,C009,2025-01-30,2025-03-01,2025-02-22,EUR,9569.15
AR-NL01-202501-0057,NL01,C023,2025-01-26,2025-02-25,2025-03-06,EUR,20119.61
AR-NL01-202501-0058,NL01,C033,2025-01-24,2025-02-23,2025-02-24,EUR,8131.76
AR-NL01-202501-0059,NL01,C023,2025-01-04,2025-02-03,2025-02-15,EUR,19884.99
AR-NL01-202501-0060,NL01,C038,2025-01-07,2025-02-06,2025-02-02,EUR,3371.73
AR-NL01-202501-0061,NL01,C026,2025-01-03,2025-02-17,2025-03-19,EUR,36327.47
AR-NL01-202501-0062,NL01,C003,2025-01-02,2025-02-16,2025-01-23,EUR,7588.56
AR-NL01-202501-0063,NL01,C017,2025-01-05,2025-02-04,2025-02-12,EUR,3303.3
AR-NL01-202501-0064,NL01,C035,2025-01-21,2025-02-20,2025-02-22,EUR,4369.79
AR-NL01-202501-0065,NL01,C005,2025-01-23,2025-02-22,2025-03-05,EUR,13434.59
AR-NL01-202501-0066,NL01,C001,2025-01-22,2025-03-08,2025-02-23,EUR,35272.69
AR-NL01-202501-0067,NL01,C013,2025-01-18,2025-02-17,2025-03-18,EUR,4970.9
AR-NL01-202501-0068,NL01,C007,2025-01-15,2025-02-14,2025-02-12,EUR,2846.62
AR-NL01-202501-0069,NL01,C001,2025-01-27,2025-02-26,2025-02-20,EUR,22022.15
AR-NL01-202501-0070,NL01,C009,2025-01-28,2025-02-27,2025-03-15,EUR,2127.86
AR-NL01-202501-0071,NL01,C020,2025-01-25,2025-02-24,2025-03-04,EUR,18967.33
AR-NL01-202501-0072,NL01,C035,2025-01-14,2025-02-28,2025-01-30,EUR,3577.53
AR-NL01-202501-0073,NL01,C029,2025-01-15,2025-03-01,2025-02-03,EUR,3343.68
AR-NL01-202501-0074,NL01,C028,2025-01-21,2025-03-07,2025-02-06,EUR,23239.73
AR-NL01-202501-0075,NL01,C021,2025-01-04,2025-02-03,2025-02-28,EUR,18818.59
AR-NL01-202501-0076,NL01,C005,2025-01-28,2025-02-27,2025-02-25,EUR,19804.7
AR-NL01-202501-0077,NL01,C033,2025-01-24,2025-02-23,2025-02-13,EUR,4823.32
AR-NL01-202501-0078,NL01,C024,2025-01-27,2025-02-26,2025-03-08,EUR,75312.25
AR-NL01-202501-0079,NL01,C002,2025-01-04,2025-02-03,2025-02-25,EUR,8864.04
AR-NL01-202501-0080,NL01,C038,2025-01-13,2025-02-12,2025-02-18,EUR,20268.97
AR-NL01-202501-0081,NL01,C006,2025-01-31,2025-03-02,2025-03-12,EUR,6490.29
AR-NL01-202501-0082,NL01,C025,2025-01-01,2025-01-31,2025-02-07,EUR,9198.27
AR-NL01-202501-0083,NL01,C016,2025-01-06,2025-02-05,2025-02-13,EUR,16639.91
AR-NL01-202501-0084,NL01,C013,2025-01-10,2025-02-24,2025-02-02,EUR,5834.2
AR-NL01-202501-0085,NL01,C030,2025-01-12,2025-02-26,2025-01-28,EUR,36401.14
AR-NL01-202501-0086,NL01,C017,2025-01-22,2025-02-21,2025-03-17,EUR,49800.2
AR-NL01-202501-0087,NL01,C021,2025-01-03,2025-02-17,2025-01-31,EUR,30083.03
AR-NL01-202501-0088,NL01,C025,2025-01-31,2025-03-02,2025-03-05,EUR,20061.01
AR-NL01-202501-0089,NL01,C030,2025-01-13,2025-02-12,2025-02-15,EUR,5957.68
AR-NL01-202501-0090,NL01,C018,2025-01-20,2025-02-19,2025-02-07,EUR,1448.58
AR-NL01-202501-0091,NL01,C038,2025-01-29,2025-02-28,2025-03-15,EUR,5152.04
AR-NL01-202501-0092,NL01,C025,2025-01-26,2025-02-25,2025-02-21,EUR,3537.02
AR-NL01-202501-0093,NL01,C031,2025-01-09,2025-02-23,2025-02-20,EUR,8313.63
AR-NL01-202502-0001,NL01,C020,2025-02-16,2025-03-18,2025-03-04,EUR,17711.15
AR-NL01-202502-0002,NL01,C017,2025-02-06,2025-03-08,2025-03-11,EUR,11105.37
AR-NL01-202502-0003,NL01,C027,2025-02-20,2025-04-06,2025-04-10,EUR,14442.52
AR-NL01-202502-0004,NL01,C008,2025-02-11,2025-03-13,2025-03-15,EUR,6592.76
AR-NL01-202502-0005,NL01,C020,2025-02-19,2025-03-21,2025-03-16,EUR,10419.1
AR-NL01-202502-0006,NL01,C008,2025-02-21,2025-03-23,2025-04-11,EUR,42310.91
AR-NL01-202502-0007,NL01,C027,2025-02-21,2025-03-23,2025-03-30,EUR,2384.14
AR-NL01-202502-0008,NL01,C027,2025-02-05,2025-03-07,2025-03-09,EUR,6394.84
AR-NL01-202502-0009,NL01,C027,2025-02-23,2025-03-25,2025-03-17,EUR,6308.79
AR-NL01-202502-0010,NL01,C004,2025-02-18,2025-04-04,2025-03-29,EUR,7842.54
AR-NL01-202502-0011,NL01,C018,2025-02-01,2025-03-03,2025-03-13,EUR,1059.44
AR-NL01-202502-0012,NL01,C029,2025-02-04,2025-03-21,2025-03-04,EUR,10340.89
AR-NL01-202502-0013,NL01,C001,2025-02-25,2025-03-27,2025-03-21,EUR,31006.91
AR-NL01-202502-0014,NL01,C039,2025-02-13,2025-03-15,2025-03-02,EUR,2894.81
AR-NL01-202502-0015,NL01,C006,2025-02-24,2025-03-26,2025-04-05,EUR,18127.76
AR-NL01-202502-0016,NL01,C017,2025-02-02,2025-03-04,2025-03-11,EUR,4238.01
AR-NL01-202502-0017,NL01,C033,2025-02-10,2025-03-12,2025-03-07,EUR,15991.8
AR-NL01-202502-0018,NL01,C019,2025-02-21,2025-03-23,2025-03-19,EUR,3091.95
AR-NL01-202502-0019,NL01,C015,2025-02-03,2025-03-20,2025-03-16,EUR,20442.83
AR-NL01-202502-0020,NL01,C010,2025-02-17,2025-03-19,2025-03-15,EUR,38886.0
AR-NL01-202502-0021,NL01,C024,2025-02-28,2025-04-14,2025-03-23,EUR,4990.32
AR-NL01-202502-0022,NL01,C006,2025-02-20,2025-04-06,2025-03-20,EUR,13146.91
AR-NL01-202502-0023,NL01,C039,2025-02-10,2025-03-12,2025-03-28,EUR,43144.41
AR-NL01-202502-0024,NL01,C034,2025-02-05,2025-03-22,2025-02-25,EUR,2532.4
AR-NL01-202502-0025,NL01,C038,2025-02-28,2025-03-30,2025-03-25,EUR,15617.89
AR-NL01-202502-0026,NL01,C009,2025-02-20,2025-03-22,2025-03-22,EUR,8025.36
AR-NL01-202502-0027,NL01,C016,2025-02-06,2025-03-08,2025-04-02,EUR,3221.43
AR-NL01-202502-0028,NL01,C026,2025-02-27,2025-04-13,2025-03-21,EUR,15139.4
AR-NL01-202502-0029,NL01,C025,2025-02-08,2025-03-10,2025-03-17,EUR,4487.7
AR-NL01-202502-0030,NL01,C013,2025-02-28,2025-04-14,2025-04-10,EUR,24439.83
AR-NL01-202502-0031,NL01,C040,2025-02-14,2025-03-31,2025-03-23,EUR,11481.55
AR-NL01-202502-0032,NL01,C021,2025-02-04,2025-03-06,2025-03-09,EUR,12703.21
AR-NL01-202502-0033,NL01,C021,2025-02-14,2025-03-16,2025-04-08,EUR,7239.96
AR-NL01-202502-0034,NL01,C012,2025-02-21,2025-04-07,2025-03-24,EUR,9778.4
AR-NL01-202502-0035,NL01,C021,2025-02-04,2025-03-21,2025-03-06,EUR,674.45
AR-NL01-202502-0036,NL01,C025,2025-02-26,2025-03-28,2025-04-12,EUR,1486.02
AR-NL01-202502-0037,NL01,C015,2025-02-09,2025-03-11,2025-03-03,EUR,5870.37
AR-NL01-202502-0038,NL01,C005,2025-02-17,2025-03-19,2025-04-12,EUR,23597.41
AR-NL01-202502-0039,NL01,C038,2025-02-12,2025-03-29,2025-03-27,EUR,10666.32
AR-NL01-202502-0040,NL01,C033,2025-02-09,2025-03-26,2025-03-16,EUR,26142.76
AR-NL01-202502-0041,NL01,C034,2025-02-18,2025-04-04,2025-03-11,EUR,12739.29
AR-NL01-202502-0042,NL01,C011,2025-02-20,2025-03-22,2025-03-23,EUR,23692.75
AR-NL01-202502-0043,NL01,C022,2025-02-18,2025-04-04,2025-03-17,EUR,1551.08
AR-NL01-202502-0044,NL01,C034,2025-02-02,2025-03-04,2025-02-25,EUR,4725.14
AR-NL01-202502-0045,NL01,C025,2025-02-05,2025-03-07,2025-02-22,EUR,12235.11
AR-NL01-202502-0046,NL01,C013,2025-02-15,2025-03-17,2025-04-05,EUR,4036.53
AR-NL01-202502-0047,NL01,C023,2025-02-10,2025-03-12,2025-03-25,EUR,7570.75
AR-NL01-202502-0048,NL01,C023,2025-02-10,2025-03-27,2025-03-10,EUR,3617.59
AR-NL01-202502-0049,NL01,C001,2025-02-28,2025-03-30,2025-04-18,EUR,9569.69
AR-NL01-202502-0050,NL01,C021,2025-02-03,2025-03-05,2025-03-10,EUR,11418.46
AR-NL01-202502-0051,NL01,C019,2025-02-16,2025-03-18,2025-04-23,EUR,4854.67
AR-NL01-202502-0052,NL01,C032,2025-02-11,2025-03-13,2025-03-10,EUR,5576.95
AR-NL01-202502-0053,NL01,C025,2025-02-26,2025-03-28,2025-04-03,EUR,6310.13
AR-NL01-202502-0054,NL01,C003,2025-02-18,2025-03-20,2025-03-04,EUR,7494.35
AR-NL01-202502-0055,NL01,C030,2025-02-09,2025-03-11,2025-04-14,EUR,4628.73
AR-NL01-202502-0056,NL01,C013,2025-02-02,2025-03-19,2025-02-21,EUR,5954.25
AR-NL01-202502-0057,NL01,C025,2025-02-27,2025-03-29,2025-04-04,EUR,24804.23
AR-NL01-202502-0058,NL01,C002,2025-02-19,2025-03-21,2025-03-25,EUR,3003.27
AR-NL01-202502-0059,NL01,C040,2025-02-13,2025-03-15,2025-03-08,EUR,3695.3
AR-NL01-202502-0060,NL01,C009,2025-02-12,2025-03-14,2025-03-13,EUR,1144.58
AR-NL01-202502-0061,NL01,C017,2025-02-10,2025-03-12,2025-03-10,EUR,6233.86
AR-NL01-202502-0062,NL01,C002,2025-02-07,2025-03-09,2025-03-12,EUR,1667.34
AR-NL01-202502-0063,NL01,C040,2025-02-11,2025-03-28,2025-04-08,EUR,16925.63
AR-NL01-202502-0064,NL01,C027,2025-02-14,2025-03-16,2025-03-14,EUR,25406.96
AR-NL01-202502-0065,NL01,C025,2025-02-23,2025-03-25,2025-03-30,EUR,5058.32
AR-NL01-202502-0066,NL01,C024,2025-02-20,2025-03-22,2025-04-11,EUR,32562.98
AR-NL01-202502-0067,NL01,C033,2025-02-07,2025-03-09,2025-03-16,EUR,29800.66
AR-NL01-202502-0068,NL01,C008,2025-02-15,2025-03-17,2025-04-05,EUR,5090.58
AR-NL01-202502-0069,NL01,C028,2025-02-19,2025-03-21,2025-03-19,EUR,16892.41
AR-NL01-202502-0070,NL01,C023,2025-02-22,2025-04-08,2025-03-28,EUR,5684.47
AR-NL01-202502-0071,NL01,C005,2025-02-19,2025-03-21,2025-05-02,EUR,5784.83
AR-NL01-202502-0072,NL01,C008,2025-02-06,2025-03-08,2025-03-18,EUR,105177.16
AR-NL01-202502-0073,NL01,C039,2025-02-07,2025-03-09,2025-03-06,EUR,626.67
AR-NL01-202502-0074,NL01,C033,2025-02-13,2025-03-15,2025-05-11,EUR,4613.2
AR-NL01-202502-0075,NL01,C003,2025-02-16,2025-03-18,2025-03-29,EUR,9215.54
AR-NL01-202502-0076,NL01,C028,2025-02-08,2025-03-10,2025-03-10,EUR,8823.15
AR-NL01-202502-0077,NL01,C009,2025-02-15,2025-03-17,2025-03-06,EUR,5995.8
AR-NL01-202502-0078,NL01,C016,2025-02-03,2025-03-05,2025-03-30,EUR,3672.03
AR-NL01-202502-0079,NL01,C020,2025-02-05,2025-03-22,2025-02-25,EUR,9616.48
AR-NL01-202502-0080,NL01,C032,2025-02-05,2025-03-07,2025-03-05,EUR,5956.28
AR-NL01-202502-0081,NL01,C030,2025-02-28,2025-03-30,2025-03-26,EUR,1317.96
AR-NL01-202502-0082,NL01,C017,2025-02-05,2025-03-07,2025-03-18,EUR,28977.43
AR-NL01-202502-0083,NL01,C016,2025-02-26,2025-03-28,2025-04-12,EUR,7036.83
AR-NL01-202502-0084,NL01,C008,2025-02-28,2025-03-30,2025-03-26,EUR,24822.7
AR-NL01-202502-0085,NL01,C029,2025-02-02,2025-03-04,2025-02-19,EUR,34605.33
AR-NL01-202502-0086,NL01,C012,2025-02-17,2025-03-19,2025-04-14,EUR,8709.69
AR-NL01-202502-0087,NL01,C027,2025-02-10,2025-03-12,2025-02-26,EUR,18009.54
AR-NL01-202502-0088,NL01,C023,2025-02-19,2025-03-21,2025-03-01,EUR,3501.32
AR-NL01-202502-0089,NL01,C018,2025-02-02,2025-03-04,2025-03-04,EUR,22438.13
AR-NL01-202502-0090,NL01,C013,2025-02-17,2025-03-19,2025-03-20,EUR,5200.92
AR-NL01-202502-0091,NL01,C012,2025-02-14,2025-03-16,2025-03-15,EUR,1128.09
AR-NL01-202502-0092,NL01,C003,2025-02-19,2025-03-21,2025-04-14,EUR,2504.99
AR-NL01-202502-0093,NL01,C009,2025-02-24,2025-03-26,2025-04-15,EUR,5955.4
AR-NL01-202502-0094,NL01,C013,2025-02-19,2025-04-05,2025-03-15,EUR,10764.07
AR-NL01-202502-0095,NL01,C040,2025-02-07,2025-03-24,2025-03-29,EUR,2990.87
AR-NL01-202502-0096,NL01,C032,2025-02-09,2025-03-26,2025-03-21,EUR,6305.66
AR-NL01-202502-0097,NL01,C029,2025-02-24,2025-04-10,2025-03-18,EUR,17806.87
AR-NL01-202503-0001,NL01,C030,2025-03-06,2025-04-05,2025-04-05,EUR,9726.35
AR-NL01-202503-0002,NL01,C028,2025-03-11,2025-04-10,2025-04-27,EUR,27997.6
AR-NL01-202503-0003,NL01,C018,2025-03-06,2025-04-20,2025-04-05,EUR,7415.07
AR-NL01-202503-0004,NL01,C001,2025-03-07,2025-04-06,2025-04-01,EUR,14661.43
AR-NL01-202503-0005,NL01,C025,2025-03-14,2025-04-13,2025-04-18,EUR,13017.82
AR-NL01-202503-0006,NL01,C017,2025-03-11,2025-04-25,2025-04-30,EUR,8521.42
AR-NL01-202503-0007,NL01,C021,2025-03-13,2025-04-12,2025-05-06,EUR,6091.59
AR-NL01-202503-0008,NL01,C003,2025-03-19,2025-04-18,2025-05-12,EUR,1669.69
AR-NL01-202503-0009,NL01,C006,2025-03-17,2025-05-01,2025-04-09,EUR,14886.28
AR-NL01-202503-0010,NL01,C007,2025-03-23,2025-04-22,2025-04-18,EUR,58687.54
AR-NL01-202503-0011,NL01,C004,2025-03-19,2025-04-18,2025-04-12,EUR,866.6
AR-NL01-202503-0012,NL01,C017,2025-03-23,2025-04-22,2025-04-22,EUR,2049.38
AR-NL01-202503-0013,NL01,C005,2025-03-01,2025-04-15,2025-04-14,EUR,6274.77
AR-NL01-202503-0014,NL01,C030,2025-03-26,2025-04-25,2025-04-25,EUR,3141.02
AR-NL01-202503-0015,NL01,C039,2025-03-25,2025-04-24,2025-05-06,EUR,26197.32
AR-NL01-202503-0016,NL01,C029,2025-03-25,2025-05-09,2025-05-24,EUR,2612.72
AR-NL01-202503-0017,NL01,C039,2025-03-17,2025-04-16,2025-04-05,EUR,6991.63
AR-NL01-202503-0018,NL01,C005,2025-03-12,2025-04-26,2025-04-09,EUR,8725.72
AR-NL01-202503-0019,NL01,C040,2025-03-20,2025-04-19,2025-04-26,EUR,3873.44
AR-NL01-202503-0020,NL01,C001,2025-03-10,2025-04-09,2025-05-02,EUR,7818.3
AR-NL01-202503-0021,NL01,C008,2025-03-28,2025-04-27,2025-04-22,EUR,8115.4
AR-NL01-202503-0022,NL01,C022,2025-03-08,2025-04-07,2025-04-16,EUR,12413.86
AR-NL01-202503-0023,NL01,C036,2025-03-04,2025-04-03,2025-03-27,EUR,6813.87
AR-NL01-202503-0024,NL01,C004,2025-03-09,2025-04-23,2025-05-05,EUR,4800.87
AR-NL01-202503-0025,NL01,C018,2025-03-26,2025-04-25,2025-04-24,EUR,8393.45
AR-NL01-202503-0026,NL01,C038,2025-03-22,2025-04-21,2025-04-23,EUR,34708.12
AR-NL01-202503-0027,NL01,C031,2025-03-29,2025-04-28,2025-05-02,EUR,6824.18
AR-NL01-202503-0028,NL01,C032,2025-03-17,2025-04-16,2025-04-19,EUR,6861.25
AR-NL01-202503-0029,NL01,C011,2025-03-24,2025-04-23,2025-04-19,EUR,7379.29
AR-NL01-202503-0030,NL01,C007,2025-03-26,2025-04-25,2025-05-05,EUR,11162.42
AR-NL01-202503-0031,NL01,C021,2025-03-31,2025-05-15,2025-05-03,EUR,14173.36
AR-NL01-202503-0032,NL01,C006,2025-03-11,2025-04-25,2025-04-18,EUR,8370.61
AR-NL01-202503-0033,NL01,C014,2025-03-12,2025-04-11,2025-03-30,EUR,12061.83
AR-NL01-202503-0034,NL01,C016,2025-03-01,2025-03-31,2025-03-23,EUR,2490.37
AR-NL01-202503-0035,NL01,C022,2025-03-01,2025-03-31,2025-03-19,EUR,12807.94
AR-NL01-202503-0036,NL01,C019,2025-03-29,2025-05-13,2025-05-31,EUR,4272.86
AR-NL01-202503-0037,NL01,C017,2025-03-15,2025-04-29,2025-04-19,EUR,16324.73
AR-NL01-202503-0038,NL01,C004,2025-03-29,2025-04-28,2025-04-16,EUR,14929.47
AR-NL01-202503-0039,NL01,C036,2025-03-05,2025-04-19,2025-04-07,EUR,3486.72
AR-NL01-202503-0040,NL01,C021,2025-03-21,2025-04-20,2025-04-28,EUR,23122.65
AR-NL01-202503-0041,NL01,C004,2025-03-05,2025-04-04,2025-03-22,EUR,4896.79
AR-NL01-202503-0042,NL01,C019,2025-03-09,2025-04-08,2025-04-15,EUR,4518.36
AR-NL01-202503-0043,NL01,C014,2025-03-24,2025-04-23,2025-04-24,EUR,6571.39
AR-NL01-202503-0044,NL01,C022,2025-03-30,2025-04-29,2025-05-17,EUR,9246.34
AR-NL01-202503-0045,NL01,C011,2025-03-17,2025-05-01,2025-05-03,EUR,7035.83
AR-NL01-202503-0046,NL01,C028,2025-03-05,2025-04-04,2025-04-04,EUR,15021.22
AR-NL01-202503-0047,NL01,C008,2025-03-21,2025-04-20,2025-04-19,EUR,4255.48
AR-NL01-202503-0048,NL01,C001,2025-03-10,2025-04-24,2025-04-19,EUR,14085.77
AR-NL01-202503-0049,NL01,C026,2025-03-16,2025-04-15,2025-04-05,EUR,8325.67
AR-NL01-202503-0050,NL01,C032,2025-03-15,2025-04-14,2025-03-31,EUR,9057.39
AR-NL01-202503-0051,NL01,C014,2025-03-21,2025-04-20,2025-05-07,EUR,2533.81
AR-NL01-202503-0052,NL01,C037,2025-03-25,2025-05-09,2025-04-22,EUR,16978.87
AR-NL01-202503-0053,NL01,C029,2025-03-03,2025-04-02,2025-04-17,EUR,61014.81
AR-NL01-202503-0054,NL01,C022,2025-03-12,2025-04-11,2025-04-21,EUR,16988.68
AR-NL01-202503-0055,NL01,C039,2025-03-10,2025-04-09,2025-04-16,EUR,16053.38
AR-NL01-202503-0056,NL01,C013,2025-03-18,2025-05-02,2025-04-27,EUR,6453.64
AR-NL01-202503-0057,NL01,C009,2025-03-19,2025-04-18,2025-05-04,EUR,11914.6
AR-NL01-202503-0058,NL01,C008,2025-03-22,2025-04-21,2025-04-24,EUR,15218.38
AR-NL01-202503-0059,NL01,C004,2025-03-19,2025-04-18,2025-04-25,EUR,6359.05
AR-NL01-202503-0060,NL01,C007,2025-03-21,2025-04-20,2025-04-12,EUR,2244.12
AR-NL01-202503-0061,NL01,C035,2025-03-22,2025-04-21,2025-04-27,EUR,6080.79
AR-NL01-202503-0062,NL01,C001,2025-03-06,2025-04-05,2025-04-03,EUR,28325.72
AR-NL01-202503-0063,NL01,C021,2025-03-28,2025-05-12,2025-05-04,EUR,17322.14
AR-NL01-202503-0064,NL01,C025,2025-03-11,2025-04-10,2025-04-02,EUR,2013.09
AR-NL01-202503-0065,NL01,C003,2025-03-31,2025-04-30,2025-04-26,EUR,8410.84
AR-NL01-202503-0066,NL01,C033,2025-03-16,2025-04-15,2025-05-11,EUR,6884.35
AR-NL01-202503-0067,NL01,C009,2025-03-18,2025-04-17,2025-04-27,EUR,22431.12
AR-NL01-202503-0068,NL01,C004,2025-03-15,2025-04-14,2025-04-20,EUR,3260.55
AR-NL01-202503-0069,NL01,C014,2025-03-26,2025-04-25,2025-05-20,EUR,24388.14
AR-NL01-202503-0070,NL01,C008,2025-03-09,2025-04-08,2025-04-30,EUR,9519.6
AR-NL01-202503-0071,NL01,C014,2025-03-27,2025-04-26,2025-05-14,EUR,4410.41
AR-NL01-202503-0072,NL01,C027,2025-03-07,2025-04-21,2025-04-13,EUR,5462.13
AR-NL01-202503-0073,NL01,C007,2025-03-06,2025-04-05,2025-04-05,EUR,4723.86
AR-NL01-202503-0074,NL01,C033,2025-03-30,2025-04-29,2025-06-07,EUR,9643.49
AR-NL01-202503-0075,NL01,C016,2025-03-19,2025-04-18,2025-06-02,EUR,9834.63
AR-NL01-202503-0076,NL01,C002,2025-03-07,2025-04-21,2025-04-08,EUR,3401.89
AR-NL01-202503-0077,NL01,C017,2025-03-25,2025-04-24,2025-04-17,EUR,4898.95
AR-NL01-202503-0078,NL01,C018,2025-03-07,2025-04-21,2025-05-14,EUR,7372.73
AR-NL01-202503-0079,NL01,C037,2025-03-04,2025-04-03,2025-04-18,EUR,31929.85
AR-NL01-202503-0080,NL01,C038,2025-03-12,2025-04-11,2025-04-26,EUR,16438.56
AR-NL01-202503-0081,NL01,C006,2025-03-25,2025-05-09,2025-04-25,EUR,16319.38
AR-NL01-202503-0082,NL01,C028,2025-03-15,2025-04-14,2025-04-13,EUR,3524.92
AR-NL01-202503-0083,NL01,C032,2025-03-09,2025-04-23,2025-04-13,EUR,3882.56
AR-NL01-202503-0084,NL01,C010,2025-03-31,2025-04-30,2025-04-24,EUR,19630.01
AR-NL01-202503-0085,NL01,C022,2025-03-11,2025-04-10,2025-04-30,EUR,9567.95
AR-NL01-202503-0086,NL01,C004,2025-03-20,2025-04-19,2025-04-13,EUR,27766.92
AR-NL01-202503-0087,NL01,C002,2025-03-04,2025-04-03,2025-04-03,EUR,3970.7
AR-NL01-202503-0088,NL01,C010,2025-03-24,2025-04-23,2025-04-15,EUR,28559.74
AR-NL01-202503-0089,NL01,C034,2025-03-15,2025-04-29,2025-04-26,EUR,12706.36
AR-NL01-202503-0090,NL01,C001,2025-03-07,2025-04-06,2025-04-09,EUR,12244.53
AR-NL01-202503-0091,NL01,C030,2025-03-13,2025-04-27,2025-04-15,EUR,18381.34
AR-NL01-202503-0092,NL01,C028,2025-03-30,2025-04-29,2025-04-30,EUR,132641.64
AR-NL01-202503-0093,NL01,C029,2025-03-26,2025-04-25,2025-04-12,EUR,4079.38
AR-NL01-202503-0094,NL01,C019,2025-03-18,2025-04-17,2025-04-18,EUR,2367.93
AR-NL01-202503-0095,NL01,C039,2025-03-18,2025-04-17,2025-04-06,EUR,9286.1
AR-NL01-202503-0096,NL01,C034,2025-03-04,2025-04-03,2025-05-08,EUR,5382.54
AR-NL01-202503-0097,NL01,C025,2025-03-21,2025-04-20,2025-04-14,EUR,3760.78
AR-NL01-202503-0098,NL01,C012,2025-03-08,2025-04-22,2025-05-02,EUR,2361.47
AR-NL01-202503-0099,NL01,C013,2025-03-06,2025-04-05,2025-04-17,EUR,6527.72
AR-NL01-202503-0100,NL01,C027,2025-03-17,2025-04-16,2025-05-03,EUR,2190.53
AR-NL01-202503-0101,NL01,C013,2025-03-28,2025-04-27,2025-04-21,EUR,4074.35
AR-NL01-202503-0102,NL01,C034,2025-03-24,2025-04-23,2025-05-13,EUR,20348.3
AR-NL01-202503-0103,NL01,C011,2025-03-25,2025-04-24,2025-05-04,EUR,3022.57
AR-NL01-202504-0001,NL01,C021,2025-04-29,2025-05-29,2025-07-07,EUR,13139.42
AR-NL01-202504-0002,NL01,C022,2025-04-04,2025-05-04,2025-05-02,EUR,6778.24
AR-NL01-202504-0003,NL01,C039,2025-04-24,2025-06-08,2025-05-18,EUR,9633.27
AR-NL01-202504-0004,NL01,C038,2025-04-22,2025-05-22,2025-06-08,EUR,1414.88
AR-NL01-202504-0005,NL01,C039,2025-04-29,2025-05-29,2025-06-13,EUR,14214.7
AR-NL01-202504-0006,NL01,C015,2025-04-14,2025-05-29,2025-05-15,EUR,720.43
AR-NL01-202504-0007,NL01,C014,2025-04-16,2025-05-16,2025-05-10,EUR,1679.61
AR-NL01-202504-0008,NL01,C030,2025-04-17,2025-05-17,2025-05-18,EUR,5395.45
AR-NL01-202504-0009,NL01,C017,2025-04-16,2025-05-16,2025-05-20,EUR,4373.67
AR-NL01-202504-0010,NL01,C001,2025-04-20,2025-05-20,2025-05-29,EUR,60606.86
AR-NL01-202504-0011,NL01,C008,2025-04-12,2025-05-27,2025-05-04,EUR,14858.73
AR-NL01-202504-0012,NL01,C035,2025-04-14,2025-05-14,2025-05-06,EUR,4207.02
AR-NL01-202504-0013,NL01,C031,2025-04-26,2025-06-10,2025-06-29,EUR,5057.36
AR-NL01-202504-0014,NL01,C026,2025-04-04,2025-05-19,2025-04-27,EUR,19116.19
AR-NL01-202504-0015,NL01,C001,2025-04-30,2025-06-14,2025-06-27,EUR,1923.02
AR-NL01-202504-0016,NL01,C012,2025-04-23,2025-05-23,2025-06-21,EUR,4476.05
AR-NL01-202504-0017,NL01,C004,2025-04-27,2025-06-11,2025-06-16,EUR,12181.42
AR-NL01-202504-0018,NL01,C004,2025-04-14,2025-05-14,2025-05-18,EUR,4403.0
AR-NL01-202504-0019,NL01,C004,2025-04-08,2025-05-08,2025-05-04,EUR,2680.48
AR-NL01-202504-0020,NL01,C028,2025-04-21,2025-05-21,2025-05-20,EUR,11453.16
AR-NL01-202504-0021,NL01,C030,2025-04-11,2025-05-11,2025-05-18,EUR,3080.42
AR-NL01-202504-0022,NL01,C025,2025-04-21,2025-05-21,2025-07-01,EUR,25459.18
AR-NL01-202504-0023,NL01,C016,2025-04-15,2025-05-15,2025-05-18,EUR,7092.7
AR-NL01-202504-0024,NL01,C017,2025-04-30,2025-05-30,2025-05-31,EUR,7382.81
AR-NL01-202504-0025,NL01,C011,2025-04-14,2025-05-14,2025-05-10,EUR,9640.71
AR-NL01-202504-0026,NL01,C001,2025-04-09,2025-05-09,2025-05-28,EUR,27030.51
AR-NL01-202504-0027,NL01,C036,2025-04-21,2025-06-05,2025-06-06,EUR,5643.55
AR-NL01-202504-0028,NL01,C030,2025-04-30,2025-05-30,2025-05-25,EUR,41125.02
AR-NL01-202504-0029,NL01,C022,2025-04-30,2025-05-30,2025-06-08,EUR,10192.12
AR-NL01-202504-0030,NL01,C039,2025-04-30,2025-05-30,2025-06-15,EUR,11402.19
AR-NL01-202504-0031,NL01,C026,2025-04-25,2025-05-25,2025-06-11,EUR,3393.67
AR-NL01-202504-0032,NL01,C013,2025-04-27,2025-05-27,2025-05-31,EUR,3189.25
AR-NL01-202504-0033,NL01,C018,2025-04-28,2025-05-28,2025-06-08,EUR,5511.98
AR-NL01-202504-0034,NL01,C012,2025-04-12,2025-05-27,2025-06-17,EUR,8171.28
AR-NL01-202504-0035,NL01,C033,2025-04-27,2025-05-27,2025-06-04,EUR,2184.59
AR-NL01-202504-0036,NL01,C021,2025-04-04,2025-05-19,2025-04-17,EUR,11076.18
AR-NL01-202504-0037,NL01,C007,2025-04-18,2025-06-02,2025-05-07,EUR,16303.36
AR-NL01-202504-0038,NL01,C025,2025-04-28,2025-05-28,2025-05-28,EUR,3995.36
AR-NL01-202504-0039,NL01,C017,2025-04-18,2025-05-18,2025-05-08,EUR,5773.29
AR-NL01-202504-0040,NL01,C038,2025-04-23,2025-05-23,2025-05-21,EUR,4128.8
AR-NL01-202504-0041,NL01,C010,2025-04-18,2025-06-02,2025-05-29,EUR,5549.13
AR-NL01-202504-0042,NL01,C015,2025-04-05,2025-05-20,2025-04-29,EUR,7698.75
AR-NL01-202504-0043,NL01,C015,2025-04-07,2025-05-22,2025-05-15,EUR,42015.09
AR-NL01-202504-0044,NL01,C008,2025-04-29,2025-06-13,2025-06-02,EUR,7445.0
AR-NL01-202504-0045,NL01,C030,2025-04-14,2025-05-14,2025-05-04,EUR,6428.93
AR-NL01-202504-0046,NL01,C025,2025-04-13,2025-05-13,2025-05-23,EUR,10880.21
AR-NL01-202504-0047,NL01,C019,2025-04-29,2025-06-13,2025-05-23,EUR,10820.43
AR-NL01-202504-0048,NL01,C029,2025-04-24,2025-05-24,2025-06-02,EUR,13315.95
AR-NL01-202504-0049,NL01,C001,2025-04-29,2025-06-13,2025-06-05,EUR,11920.04
AR-NL01-202504-0050,NL01,C037,2025-04-11,2025-05-26,2025-05-30,EUR,9540.7
AR-NL01-202504-0051,NL01,C006,2025-04-20,2025-05-20,2025-05-12,EUR,4280.71
AR-NL01-202504-0052,NL01,C039,2025-04-25,2025-06-09,2025-06-03,EUR,25131.48
AR-NL01-202504-0053,NL01,C025,2025-04-22,2025-05-22,2025-05-12,EUR,15074.35
AR-NL01-202504-0054,NL01,C015,2025-04-20,2025-06-04,2025-05-23,EUR,20463.13
AR-NL01-202504-0055,NL01,C004,2025-04-15,2025-05-15,2025-05-04,EUR,3744.99
AR-NL01-202504-0056,NL01,C006,2025-04-10,2025-05-25,2025-05-28,EUR,12538.87
AR-NL01-202504-0057,NL01,C018,2025-04-12,2025-05-12,2025-05-19,EUR,58064.58
AR-NL01-202504-0058,NL01,C001,2025-04-09,2025-05-09,2025-05-12,EUR,16645.55
AR-NL01-202504-0059,NL01,C006,2025-04-05,2025-05-05,2025-05-25,EUR,17141.05
AR-NL01-202504-0060,NL01,C017,2025-04-20,2025-05-20,2025-05-15,EUR,16209.5
AR-NL01-202504-0061,NL01,C008,2025-04-23,2025-05-23,2025-05-24,EUR,3219.91
AR-NL01-202504-0062,NL01,C003,2025-04-16,2025-05-31,2025-05-13,EUR,2096.96
AR-NL01-202504-0063,NL01,C016,2025-04-05,2025-05-05,2025-05-13,EUR,2667.61
AR-NL01-202504-0064,NL01,C023,2025-04-21,2025-06-05,2025-05-19,EUR,29811.03
AR-NL01-202504-0065,NL01,C039,2025-04-29,2025-05-29,2025-06-07,EUR,6584.52
AR-NL01-202504-0066,NL01,C001,2025-04-20,2025-05-20,2025-05-11,EUR,5285.19
AR-NL01-202504-0067,NL01,C036,2025-04-26,2025-05-26,2025-06-09,EUR,13160.07
AR-NL01-202504-0068,NL01,C004,2025-04-30,2025-05-30,2025-05-22,EUR,4884.94
AR-NL01-202504-0069,NL01,C009,2025-04-03,2025-05-03,2025-05-02,EUR,23511.99
AR-NL01-202504-0070,NL01,C010,2025-04-17,2025-06-01,2025-05-25,EUR,29948.18
AR-NL01-202504-0071,NL01,C035,2025-04-25,2025-05-25,2025-05-24,EUR,15576.47
AR-NL01-202504-0072,NL01,C004,2025-04-09,2025-05-09,2025-05-09,EUR,13440.5
AR-NL01-202504-0073,NL01,C011,2025-04-29,2025-05-29,2025-06-17,EUR,5786.3
AR-NL01-202504-0074,NL01,C027,2025-04-08,2025-05-08,2025-05-02,EUR,2964.59
AR-NL01-202504-0075,NL01,C034,2025-04-15,2025-05-30,2025-05-23,EUR,33656.12
AR-NL01-202504-0076,NL01,C013,2025-04-14,2025-05-14,2025-05-15,EUR,1562.22
AR-NL01-202504-0077,NL01,C012,2025-04-02,2025-05-17,2025-05-03,EUR,20835.64
AR-NL01-202504-0078,NL01,C005,2025-04-16,2025-05-31,2025-05-12,EUR,9681.47
AR-NL01-202504-0079,NL01,C038,2025-04-07,2025-05-22,2025-04-25,EUR,2363.0
AR-NL01-202504-0080,NL01,C021,2025-04-26,2025-05-26,2025-06-04,EUR,10571.98
AR-NL01-202504-0081,NL01,C017,2025-04-14,2025-05-14,2025-04-26,EUR,10471.76
AR-NL01-202504-0082,NL01,C011,2025-04-06,2025-05-06,2025-05-13,EUR,8127.28
AR-NL01-202504-0083,NL01,C034,2025-04-26,2025-06-10,2025-05-26,EUR,5172.64
AR-NL01-202504-0084,NL01,C014,2025-04-08,2025-05-23,2025-05-05,EUR,13676.37
AR-NL01-202504-0085,NL01,C010,2025-04-27,2025-05-27,2025-05-12,EUR,20920.06
AR-NL01-202504-0086,NL01,C032,2025-04-10,2025-05-10,2025-05-23,EUR,5526.05
AR-NL01-202504-0087,NL01,C003,2025-04-07,2025-05-07,2025-05-08,EUR,10994.02
AR-NL01-202504-0088,NL01,C023,2025-04-22,2025-05-22,2025-05-16,EUR,7687.07
AR-NL01-202504-0089,NL01,C014,2025-04-05,2025-05-05,2025-05-04,EUR,3546.25
AR-NL01-202504-0090,NL01,C018,2025-04-04,2025-05-04,2025-05-16,EUR,11275.98
AR-NL01-202504-0091,NL01,C024,2025-04-12,2025-05-12,2025-05-19,EUR,11154.67
AR-NL01-202504-0092,NL01,C002,2025-04-03,2025-05-18,2025-05-05,EUR,7244.86
AR-NL01-202504-0093,NL01,C011,2025-04-16,2025-05-16,2025-05-21,EUR,15314.3
AR-NL01-202504-0094,NL01,C021,2025-04-11,2025-05-11,2025-05-04,EUR,6415.16
AR-NL01-202504-0095,NL01,C039,2025-04-28,2025-06-12,2025-06-04,EUR,5411.61
AR-NL01-202504-0096,NL01,C032,2025-04-12,2025-05-12,2025-05-04,EUR,20372.07
AR-NL01-202504-0097,NL01,C024,2025-04-12,2025-05-12,2025-05-03,EUR,8813.58
AR-NL01-202504-0098,NL01,C039,2025-04-13,2025-05-28,2025-05-05,EUR,2728.85
AR-NL01-202504-0099,NL01,C039,2025-04-11,2025-05-11,2025-05-07,EUR,35196.59
AR-NL01-202504-0100,NL01,C028,2025-04-09,2025-05-09,2025-05-08,EUR,13031.1
AR-NL01-202504-0101,NL01,C015,2025-04-16,2025-05-16,2025-05-18,EUR,31260.78
AR-NL01-202504-0102,NL01,C006,2025-04-19,2025-05-19,2025-05-23,EUR,14803.55
AR-NL01-202504-0103,NL01,C025,2025-04-16,2025-05-16,2025-05-30,EUR,69419.27
AR-NL01-202505-0001,NL01,C008,2025-05-31,2025-06-30,2025-07-11,EUR,2436.0
AR-NL01-202505-0002,NL01,C035,2025-05-29,2025-06-28,2025-06-21,EUR,18440.45
AR-NL01-202505-0003,NL01,C003,2025-05-28,2025-06-27,2025-07-08,EUR,6136.42
AR-NL01-202505-0004,NL01,C024,2025-05-23,2025-06-22,2025-06-28,EUR,12514.68
AR-NL01-202505-0005,NL01,C038,2025-05-27,2025-06-26,2025-06-29,EUR,6374.36
AR-NL01-202505-0006,NL01,C039,2025-05-13,2025-06-12,2025-06-08,EUR,7694.59
AR-NL01-202505-0007,NL01,C040,2025-05-02,2025-06-01,2025-05-23,EUR,21182.8
AR-NL01-202505-0008,NL01,C026,2025-05-20,2025-07-04,2025-06-24,EUR,16134.94
AR-NL01-202505-0009,NL01,C003,2025-05-22,2025-06-21,2025-06-29,EUR,13801.62
AR-NL01-202505-0010,NL01,C007,2025-05-23,2025-07-07,2025-06-16,EUR,14407.39
AR-NL01-202505-0011,NL01,C021,2025-05-16,2025-06-15,2025-06-28,EUR,35471.45
AR-NL01-202505-0012,NL01,C009,2025-05-09,2025-06-23,2025-05-30,EUR,4071.37
AR-NL01-202505-0013,NL01,C040,2025-05-09,2025-06-08,2025-06-03,EUR,5993.87
AR-NL01-202505-0014,NL01,C027,2025-05-30,2025-07-14,2025-06-19,EUR,13132.3
AR-NL01-202505-0015,NL01,C023,2025-05-22,2025-07-06,2025-07-09,EUR,8707.03
AR-NL01-202505-0016,NL01,C008,2025-05-07,2025-06-21,2025-05-23,EUR,8132.2
AR-NL01-202505-0017,NL01,C005,2025-05-04,2025-06-03,2025-06-05,EUR,2120.73
AR-NL01-202505-0018,NL01,C011,2025-05-22,2025-06-21,2025-06-22,EUR,6532.51
AR-NL01-202505-0019,NL01,C032,2025-05-04,2025-06-03,2025-06-10,EUR,4254.52
AR-NL01-202505-0020,NL01,C036,2025-05-10,2025-06-24,2025-05-30,EUR,26014.69
AR-NL01-202505-0021,NL01,C020,2025-05-02,2025-06-01,2025-06-17,EUR,10509.22
AR-NL01-202505-0022,NL01,C013,2025-05-20,2025-06-19,2025-06-11,EUR,4592.49
AR-NL01-202505-0023,NL01,C034,2025-05-07,2025-06-06,2025-05-23,EUR,7717.07
AR-NL01-202505-0024,NL01,C025,2025-05-16,2025-06-15,2025-07-08,EUR,11622.41
AR-NL01-202505-0025,NL01,C008,2025-05-17,2025-07-01,2025-06-16,EUR,2400.09
AR-NL01-202505-0026,NL01,C031,2025-05-13,2025-06-27,2025-06-10,EUR,3275.92
AR-NL01-202505-0027,NL01,C011,2025-05-07,2025-06-06,2025-05-28,EUR,10345.69
AR-NL01-202505-0028,NL01,C025,2025-05-13,2025-06-12,2025-06-06,EUR,11372.81
AR-NL01-202505-0029,NL01,C030,2025-05-26,2025-06-25,2025-06-29,EUR,3106.49
AR-NL01-202505-0030,NL01,C031,2025-05-05,2025-06-04,2025-06-05,EUR,51589.31
AR-NL01-202505-0031,NL01,C013,2025-05-25,2025-06-24,2025-06-18,EUR,2866.3
AR-NL01-202505-0032,NL01,C007,2025-05-07,2025-06-06,2025-06-04,EUR,5412.86
AR-NL01-202505-0033,NL01,C037,2025-05-26,2025-06-25,2025-07-02,EUR,3231.67
AR-NL01-202505-0034,NL01,C003,2025-05-09,2025-06-08,2025-06-15,EUR,15196.11
AR-NL01-202505-0035,NL01,C029,2025-05-17,2025-06-16,2025-06-29,EUR,28284.25
AR-NL01-202505-0036,NL01,C036,2025-05-07,2025-06-06,2025-05-27,EUR,9408.84
AR-NL01-202505-0037,NL01,C036,2025-05-19,2025-07-03,2025-06-12,EUR,11391.08
AR-NL01-202505-0038,NL01,C010,2025-05-27,2025-06-26,2025-07-09,EUR,11276.51
AR-NL01-202505-0039,NL01,C030,2025-05-27,2025-06-26,2025-07-02,EUR,2808.95
AR-NL01-202505-0040,NL01,C019,2025-05-02,2025-06-01,2025-07-07,EUR,12131.44
AR-NL01-202505-0041,NL01,C028,2025-05-04,2025-06-03,2025-05-21,EUR,17936.74
AR-NL01-202505-0042,NL01,C037,2025-05-25,2025-07-09,2025-06-18,EUR,6439.8
AR-NL01-202505-0043,NL01,C017,2025-05-03,2025-06-02,2025-06-11,EUR,12702.73
AR-NL01-202505-0044,NL01,C019,2025-05-29,2025-07-13,2025-06-17,EUR,4757.36
AR-NL01-202505-0045,NL01,C033,2025-05-05,2025-06-04,2025-05-31,EUR,45617.45
AR-NL01-202505-0046,NL01,C010,2025-05-12,2025-06-26,2025-06-12,EUR,17148.34
AR-NL01-202505-0047,NL01,C029,2025-05-13,2025-06-12,2025-06-23,EUR,25563.41
AR-NL01-202505-0048,NL01,C011,2025-05-15,2025-06-14,2025-06-24,EUR,6016.95
AR-NL01-202505-0049,NL01,C037,2025-05-10,2025-06-24,2025-07-04,EUR,8560.46
AR-NL01-202505-0050,NL01,C038,2025-05-03,2025-06-02,2025-05-27,EUR,40294.1
AR-NL01-202505-0051,NL01,C024,2025-05-14,2025-06-28,2025-06-20,EUR,13440.97
AR-NL01-202505-0052,NL01,C017,2025-05-10,2025-06-24,2025-06-14,EUR,9409.65
AR-NL01-202505-0053,NL01,C014,2025-05-13,2025-06-12,2025-06-09,EUR,8520.81
AR-NL01-202505-0054,NL01,C009,2025-05-22,2025-06-21,2025-06-28,EUR,6658.1
AR-NL01-202505-0055,NL01,C039,2025-05-19,2025-06-18,2025-06-12,EUR,15303.02
AR-NL01-202505-0056,NL01,C002,2025-05-06,2025-06-20,2025-05-29,EUR,7927.38
AR-NL01-202505-0057,NL01,C040,2025-05-31,2025-06-30,2025-07-23,EUR,4559.84
AR-NL01-202505-0058,NL01,C032,2025-05-24,2025-06-23,2025-07-07,EUR,1874.08
AR-NL01-202505-0059,NL01,C025,2025-05-04,2025-06-18,2025-05-31,EUR,12561.29
AR-NL01-202505-0060,NL01,C020,2025-05-02,2025-06-01,2025-06-08,EUR,31023.85
AR-NL01-202505-0061,NL01,C025,2025-05-03,2025-06-02,2025-06-07,EUR,29715.77
AR-NL01-202505-0062,NL01,C021,2025-05-30,2025-06-29,2025-06-29,EUR,2473.02
AR-NL01-202505-0063,NL01,C004,2025-05-24,2025-06-23,2025-06-29,EUR,72981.35
AR-NL01-202505-0064,NL01,C035,2025-05-25,2025-07-09,2025-06-19,EUR,2744.82
AR-NL01-202505-0065,NL01,C007,2025-05-05,2025-06-04,2025-06-02,EUR,3158.41
AR-NL01-202505-0066,NL01,C026,2025-05-20,2025-06-19,2025-06-22,EUR,27197.78
AR-NL01-202505-0067,NL01,C026,2025-05-03,2025-06-02,2025-05-28,EUR,3237.29
AR-NL01-202505-0068,NL01,C036,2025-05-24,2025-07-08,2025-06-22,EUR,9905.92
AR-NL01-202505-0069,NL01,C004,2025-05-23,2025-07-07,2025-06-27,EUR,6504.18
AR-NL01-202505-0070,NL01,C009,2025-05-05,2025-06-04,2025-06-13,EUR,8188.14
AR-NL01-202505-0071,NL01,C012,2025-05-23,2025-06-22,2025-07-01,EUR,34316.91
AR-NL01-202505-0072,NL01,C006,2025-05-28,2025-06-27,2025-06-24,EUR,3018.74
AR-NL01-202505-0073,NL01,C035,2025-05-01,2025-05-31,2025-05-14,EUR,2107.54
AR-NL01-202505-0074,NL01,C022,2025-05-10,2025-06-09,2025-06-06,EUR,4839.48
AR-NL01-202505-0075,NL01,C014,2025-05-27,2025-07-11,2025-06-15,EUR,1046.65
AR-NL01-202505-0076,NL01,C032,2025-05-12,2025-06-11,2025-06-10,EUR,4764.21
AR-NL01-202505-0077,NL01,C037,2025-05-07,2025-06-06,2025-06-04,EUR,3135.81
AR-NL01-202505-0078,NL01,C027,2025-05-18,2025-06-17,2025-06-14,EUR,13267.44
AR-NL01-202505-0079,NL01,C002,2025-05-15,2025-06-14,2025-06-14,EUR,8889.19
AR-NL01-202505-0080,NL01,C022,2025-05-18,2025-06-17,2025-06-17,EUR,3582.27
AR-NL01-202505-0081,NL01,C007,2025-05-20,2025-06-19,2025-07-05,EUR,1833.76
AR-NL01-202505-0082,NL01,C017,2025-05-10,2025-06-09,2025-06-09,EUR,3528.53
AR-NL01-202505-0083,NL01,C015,2025-05-30,2025-06-29,2025-07-02,EUR,16604.26
AR-NL01-202505-0084,NL01,C023,2025-05-21,2025-06-20,2025-06-18,EUR,3336.36
AR-NL01-202505-0085,NL01,C014,2025-05-30,2025-06-29,2025-06-22,EUR,29197.51
AR-NL01-202505-0086,NL01,C037,2025-05-06,2025-06-05,2025-05-29,EUR,11873.93
AR-NL01-202505-0087,NL01,C024,2025-05-04,2025-06-03,2025-06-24,EUR,3692.41
AR-NL01-202505-0088,NL01,C025,2025-05-07,2025-06-06,2025-06-04,EUR,16276.08
AR-NL01-202505-0089,NL01,C037,2025-05-19,2025-06-18,2025-06-29,EUR,51822.73
AR-NL01-202505-0090,NL01,C023,2025-05-30,2025-06-29,2025-06-30,EUR,29890.62
AR-NL01-202505-0091,NL01,C015,2025-05-06,2025-06-20,2025-06-23,EUR,11120.47
AR-NL01-202505-0092,NL01,C030,2025-05-22,2025-06-21,2025-06-14,EUR,5140.25
AR-NL01-202505-0093,NL01,C018,2025-05-01,2025-06-15,2025-05-17,EUR,3599.26
AR-NL01-202505-0094,NL01,C023,2025-05-13,2025-06-12,2025-06-22,EUR,32281.67
AR-NL01-202505-0095,NL01,C039,2025-05-09,2025-06-08,2025-06-06,EUR,4038.86
AR-NL01-202505-0096,NL01,C023,2025-05-31,2025-06-30,2025-06-17,EUR,7217.75
AR-NL01-202505-0097,NL01,C008,2025-05-29,2025-06-28,2025-06-26,EUR,15767.99
AR-NL01-202505-0098,NL01,C022,2025-05-05,2025-06-04,2025-05-24,EUR,15143.83
AR-NL01-202505-0099,NL01,C036,2025-05-16,2025-06-15,2025-06-29,EUR,9263.19
AR-NL01-202505-0100,NL01,C010,2025-05-08,2025-06-07,2025-06-07,EUR,11912.14
AR-NL01-202505-0101,NL01,C024,2025-05-09,2025-06-23,2025-06-05,EUR,21393.35
AR-NL01-202505-0102,NL01,C013,2025-05-16,2025-06-15,2025-07-07,EUR,12343.55
AR-NL01-202506-0001,NL01,C013,2025-06-28,2025-07-28,2025-08-02,EUR,6007.44
AR-NL01-202506-0002,NL01,C017,2025-06-11,2025-07-11,2025-07-08,EUR,5574.65
AR-NL01-202506-0003,NL01,C018,2025-06-06,2025-07-06,2025-07-21,EUR,2881.69
AR-NL01-202506-0004,NL01,C032,2025-06-13,2025-07-13,2025-07-13,EUR,740.99
AR-NL01-202506-0005,NL01,C020,2025-06-13,2025-07-13,2025-07-08,EUR,12792.13
AR-NL01-202506-0006,NL01,C018,2025-06-27,2025-07-27,2025-08-02,EUR,2653.25
AR-NL01-202506-0007,NL01,C001,2025-06-04,2025-07-19,2025-07-16,EUR,2467.08
AR-NL01-202506-0008,NL01,C026,2025-06-02,2025-07-02,2025-06-24,EUR,11152.28
AR-NL01-202506-0009,NL01,C027,2025-06-26,2025-07-26,2025-07-25,EUR,1903.77
AR-NL01-202506-0010,NL01,C029,2025-06-24,2025-08-08,2025-08-06,EUR,14047.08
AR-NL01-202506-0011,NL01,C022,2025-06-19,2025-07-19,2025-08-06,EUR,43136.24
AR-NL01-202506-0012,NL01,C004,2025-06-21,2025-07-21,2025-07-19,EUR,10994.12
AR-NL01-202506-0013,NL01,C040,2025-06-25,2025-07-25,2025-07-24,EUR,17553.51
AR-NL01-202506-0014,NL01,C029,2025-06-26,2025-08-10,2025-07-22,EUR,9087.12
AR-NL01-202506-0015,NL01,C008,2025-06-10,2025-07-10,2025-07-20,EUR,24453.04
AR-NL01-202506-0016,NL01,C014,2025-06-25,2025-07-25,2025-07-23,EUR,81525.63
AR-NL01-202506-0017,NL01,C039,2025-06-17,2025-07-17,2025-07-09,EUR,2818.74
AR-NL01-202506-0018,NL01,C034,2025-06-15,2025-07-15,2025-07-04,EUR,2795.21
AR-NL01-202506-0019,NL01,C018,2025-06-13,2025-07-13,2025-08-01,EUR,4743.92
AR-NL01-202506-0020,NL01,C035,2025-06-20,2025-07-20,2025-07-31,EUR,16450.02
AR-NL01-202506-0021,NL01,C027,2025-06-27,2025-07-27,2025-07-31,EUR,17467.71
AR-NL01-202506-0022,NL01,C032,2025-06-19,2025-07-19,2025-07-22,EUR,17284.19
AR-NL01-202506-0023,NL01,C001,2025-06-09,2025-07-09,2025-07-19,EUR,18159.58
AR-NL01-202506-0024,NL01,C023,2025-06-12,2025-07-27,2025-07-17,EUR,2095.29
AR-NL01-202506-0025,NL01,C025,2025-06-24,2025-07-24,2025-07-14,EUR,3091.03
AR-NL01-202506-0026,NL01,C036,2025-06-03,2025-07-18,2025-06-28,EUR,3994.99
AR-NL01-202506-0027,NL01,C033,2025-06-22,2025-07-22,2025-07-27,EUR,5497.6
AR-NL01-202506-0028,NL01,C006,2025-06-22,2025-07-22,2025-07-17,EUR,8237.67
AR-NL01-202506-0029,NL01,C016,2025-06-17,2025-07-17,2025-07-09,EUR,31228.71
AR-NL01-202506-0030,NL01,C006,2025-06-07,2025-07-22,2025-07-13,EUR,3995.66
AR-NL01-202506-0031,NL01,C006,2025-06-28,2025-08-12,2025-08-04,EUR,3498.66
AR-NL01-202506-0032,NL01,C004,2025-06-25,2025-08-09,2025-08-01,EUR,9061.37
AR-NL01-202506-0033,NL01,C017,2025-06-15,2025-07-30,2025-07-14,EUR,10664.21
AR-NL01-202506-0034,NL01,C008,2025-06-05,2025-07-20,2025-06-28,EUR,7292.78
AR-NL01-202506-0035,NL01,C012,2025-06-17,2025-07-17,2025-07-27,EUR,3937.61
AR-NL01-202506-0036,NL01,C037,2025-06-05,2025-07-05,2025-06-26,EUR,5870.13
AR-NL01-202506-0037,NL01,C020,2025-06-06,2025-07-21,2025-07-02,EUR,25832.76
AR-NL01-202506-0038,NL01,C010,2025-06-13,2025-07-13,2025-07-24,EUR,16128.28
AR-NL01-202506-0039,NL01,C022,2025-06-08,2025-07-08,2025-07-13,EUR,21930.26
AR-NL01-202506-0040,NL01,C019,2025-06-28,2025-07-28,2025-07-28,EUR,13749.24
AR-NL01-202506-0041,NL01,C003,2025-06-01,2025-07-16,2025-07-12,EUR,1817.82
AR-NL01-202506-0042,NL01,C013,2025-06-14,2025-07-14,2025-07-14,EUR,10890.43
AR-NL01-202506-0043,NL01,C026,2025-06-29,2025-07-29,2025-08-03,EUR,11467.19
AR-NL01-202506-0044,NL01,C022,2025-06-05,2025-07-05,2025-07-10,EUR,13268.89
AR-NL01-202506-0045,NL01,C023,2025-06-07,2025-07-07,2025-07-07,EUR,8610.28
AR-NL01-202506-0046,NL01,C034,2025-06-20,2025-07-20,2025-07-09,EUR,4891.64
AR-NL01-202506-0047,NL01,C008,2025-06-04,2025-07-04,2025-07-18,EUR,4835.97
AR-NL01-202506-0048,NL01,C033,2025-06-18,2025-08-02,2025-08-23,EUR,3537.85
AR-NL01-202506-0049,NL01,C009,2025-06-27,2025-08-11,2025-08-14,EUR,15744.29
AR-NL01-202506-0050,NL01,C008,2025-06-13,2025-07-13,2025-07-31,EUR,10011.13
AR-NL01-202506-0051,NL01,C028,2025-06-17,2025-07-17,2025-07-09,EUR,4402.59
AR-NL01-202506-0052,NL01,C022,2025-06-20,2025-08-04,2025-07-08,EUR,2769.97
AR-NL01-202506-0053,NL01,C036,2025-06-02,2025-07-02,2025-07-13,EUR,3387.75
AR-NL01-202506-0054,NL01,C004,2025-06-03,2025-07-18,2025-07-19,EUR,3119.57
AR-NL01-202506-0055,NL01,C012,2025-06-08,2025-07-08,2025-08-24,EUR,7312.97
AR-NL01-202506-0056,NL01,C013,2025-06-03,2025-07-03,2025-07-02,EUR,1900.47
AR-NL01-202506-0057,NL01,C032,2025-06-05,2025-07-05,2025-06-26,EUR,18609.32
AR-NL01-202506-0058,NL01,C005,2025-06-02,2025-07-17,2025-07-29,EUR,5365.36
AR-NL01-202506-0059,NL01,C001,2025-06-25,2025-07-25,2025-07-30,EUR,35832.54
AR-NL01-202506-0060,NL01,C018,2025-06-01,2025-07-16,2025-07-17,EUR,4896.55
AR-NL01-202506-0061,NL01,C013,2025-06-11,2025-07-11,2025-07-25,EUR,97342.08
AR-NL01-202506-0062,NL01,C028,2025-06-08,2025-07-08,2025-08-06,EUR,12154.94
AR-NL01-202506-0063,NL01,C036,2025-06-13,2025-07-28,2025-07-19,EUR,4614.73
AR-NL01-202506-0064,NL01,C030,2025-06-17,2025-07-17,2025-07-10,EUR,14491.48
AR-NL01-202506-0065,NL01,C022,2025-06-22,2025-07-22,2025-07-20,EUR,8608.63
AR-NL01-202506-0066,NL01,C005,2025-06-01,2025-07-16,2025-06-25,EUR,5142.69
AR-NL01-202506-0067,NL01,C028,2025-06-16,2025-07-16,2025-08-01,EUR,3377.38
AR-NL01-202506-0068,NL01,C036,2025-06-24,2025-08-08,2025-07-20,EUR,12676.58
AR-NL01-202506-0069,NL01,C026,2025-06-09,2025-07-09,2025-08-01,EUR,21835.78
AR-NL01-202506-0070,NL01,C012,2025-06-23,2025-08-07,2025-07-22,EUR,4386.29
AR-NL01-202506-0071,NL01,C027,2025-06-15,2025-07-30,2025-07-19,EUR,4035.52
AR-NL01-202506-0072,NL01,C021,2025-06-26,2025-07-26,2025-08-01,EUR,16206.06
AR-NL01-202506-0073,NL01,C029,2025-06-01,2025-07-01,2025-07-21,EUR,4092.28
AR-NL01-202506-0074,NL01,C020,2025-06-09,2025-07-24,2025-07-13,EUR,4746.84
AR-NL01-202506-0075,NL01,C021,2025-06-15,2025-07-15,2025-08-29,EUR,11406.06
AR-NL01-202506-0076,NL01,C001,2025-06-11,2025-07-11,2025-08-08,EUR,5465.5
AR-NL01-202506-0077,NL01,C028,2025-06-18,2025-08-02,2025-07-28,EUR,2551.66
AR-NL01-202506-0078,NL01,C021,2025-06-14,2025-07-14,2025-07-12,EUR,32966.66
AR-NL01-202506-0079,NL01,C015,2025-06-08,2025-07-08,2025-07-26,EUR,1605.86
AR-NL01-202506-0080,NL01,C017,2025-06-19,2025-07-19,2025-07-05,EUR,4484.08
AR-NL01-202506-0081,NL01,C017,2025-06-08,2025-07-08,2025-07-02,EUR,18236.32
AR-NL01-202506-0082,NL01,C007,2025-06-26,2025-08-10,2025-07-20,EUR,27253.49
AR-NL01-202506-0083,NL01,C018,2025-06-23,2025-08-07,2025-07-23,EUR,10134.44
AR-NL01-202506-0084,NL01,C024,2025-06-03,2025-07-03,2025-07-16,EUR,2491.4
AR-NL01-202506-0085,NL01,C023,2025-06-05,2025-07-05,2025-07-07,EUR,11393.79
AR-NL01-202506-0086,NL01,C019,2025-06-12,2025-07-12,2025-07-24,EUR,7330.34
AR-NL01-202506-0087,NL01,C006,2025-06-19,2025-07-19,2025-07-17,EUR,71449.09
AR-NL01-202506-0088,NL01,C031,2025-06-24,2025-08-08,2025-07-21,EUR,14456.26
AR-NL01-202506-0089,NL01,C005,2025-06-21,2025-07-21,2025-07-22,EUR,9574.32
AR-NL01-202506-0090,NL01,C027,2025-06-05,2025-07-20,2025-06-24,EUR,2564.61
AR-NL01-202506-0091,NL01,C033,2025-06-08,2025-07-08,2025-07-03,EUR,4992.32
AR-NL01-202506-0092,NL01,C018,2025-06-10,2025-07-10,2025-07-05,EUR,5190.56
AR-NL01-202506-0093,NL01,C007,2025-06-11,2025-07-26,2025-07-02,EUR,9721.33
AR-NL01-202506-0094,NL01,C014,2025-06-15,2025-07-15,2025-07-30,EUR,19799.2
AR-NL01-202506-0095,NL01,C035,2025-06-20,2025-07-20,2025-07-09,EUR,49511.86
AR-NL01-202506-0096,NL01,C019,2025-06-22,2025-07-22,2025-07-24,EUR,25882.36
AR-NL01-202506-0097,NL01,C008,2025-06-24,2025-07-24,2025-07-27,EUR,36862.93
AR-NL01-202506-0098,NL01,C001,2025-06-10,2025-07-10,2025-06-27,EUR,13623.71
AR-NL01-202506-0099,NL01,C025,2025-06-28,2025-07-28,2025-08-20,EUR,18251.57
AR-NL01-202506-0100,NL01,C036,2025-06-07,2025-07-07,2025-07-10,EUR,5149.64
AR-NL01-202506-0101,NL01,C009,2025-06-08,2025-07-08,2025-07-07,EUR,1143.75
AR-NL01-202506-0102,NL01,C010,2025-06-06,2025-07-06,2025-06-30,EUR,4299.2
AR-NL01-202506-0103,NL01,C040,2025-06-29,2025-07-29,2025-07-21,EUR,22513.5
AR-NL01-202506-0104,NL01,C037,2025-06-01,2025-07-01,2025-07-07,EUR,10725.25
AR-NL01-202506-0105,NL01,C012,2025-06-28,2025-07-28,2025-07-28,EUR,21449.92
AR-NL01-202506-0106,NL01,C008,2025-06-29,2025-08-13,2025-07-17,EUR,6424.8
AR-NL01-202506-0107,NL01,C021,2025-06-24,2025-08-08,2025-07-31,EUR,1965.95
AR-NL01-202506-0108,NL01,C038,2025-06-17,2025-07-17,2025-07-24,EUR,22787.58
AR-NL01-202506-0109,NL01,C019,2025-06-21,2025-07-21,2025-07-23,EUR,2698.02
AR-NL01-202507-0001,NL01,C017,2025-07-15,2025-08-14,2025-08-08,EUR,20354.17
AR-NL01-202507-0002,NL01,C036,2025-07-18,2025-09-01,2025-09-23,EUR,2740.08
AR-NL01-202507-0003,NL01,C039,2025-07-09,2025-08-08,2025-08-10,EUR,10148.2
AR-NL01-202507-0004,NL01,C036,2025-07-01,2025-08-15,2025-08-01,EUR,3958.53
AR-NL01-202507-0005,NL01,C020,2025-07-07,2025-08-21,2025-07-31,EUR,10761.89
AR-NL01-202507-0006,NL01,C022,2025-07-22,2025-08-21,2025-08-18,EUR,7019.58
AR-NL01-202507-0007,NL01,C008,2025-07-21,2025-09-04,2025-09-04,EUR,21035.74
AR-NL01-202507-0008,NL01,C014,2025-07-11,2025-08-25,2025-08-26,EUR,4505.3
AR-NL01-202507-0009,NL01,C024,2025-07-10,2025-08-09,2025-08-16,EUR,22042.82
AR-NL01-202507-0010,NL01,C029,2025-07-15,2025-08-14,2025-08-03,EUR,4222.3
AR-NL01-202507-0011,NL01,C007,2025-07-01,2025-07-31,2025-08-01,EUR,28612.82
AR-NL01-202507-0012,NL01,C028,2025-07-08,2025-08-07,2025-07-29,EUR,2405.79
AR-NL01-202507-0013,NL01,C027,2025-07-27,2025-08-26,2025-08-19,EUR,5060.72
AR-NL01-202507-0014,NL01,C015,2025-07-24,2025-09-07,2025-08-17,EUR,2183.94
AR-NL01-202507-0015,NL01,C020,2025-07-06,2025-08-05,2025-08-05,EUR,5357.65
AR-NL01-202507-0016,NL01,C019,2025-07-30,2025-08-29,2025-08-18,EUR,7878.06
AR-NL01-202507-0017,NL01,C024,2025-07-31,2025-08-30,2025-08-27,EUR,5482.18
AR-NL01-202507-0018,NL01,C038,2025-07-10,2025-08-09,2025-08-06,EUR,7994.38
AR-NL01-202507-0019,NL01,C023,2025-07-09,2025-08-23,2025-08-22,EUR,3287.73
AR-NL01-202507-0020,NL01,C033,2025-07-07,2025-08-06,2025-08-01,EUR,68412.18
AR-NL01-202507-0021,NL01,C025,2025-07-18,2025-09-01,2025-08-17,EUR,10021.85
AR-NL01-202507-0022,NL01,C022,2025-07-11,2025-08-10,2025-08-13,EUR,9757.0
AR-NL01-202507-0023,NL01,C040,2025-07-08,2025-08-22,2025-07-29,EUR,2215.71
AR-NL01-202507-0024,NL01,C025,2025-07-12,2025-08-26,2025-08-15,EUR,4664.36
AR-NL01-202507-0025,NL01,C007,2025-07-06,2025-08-05,2025-08-05,EUR,19760.8
AR-NL01-202507-0026,NL01,C033,2025-07-10,2025-08-24,2025-08-13,EUR,22308.61
AR-NL01-202507-0027,NL01,C036,2025-07-31,2025-08-30,2025-09-08,EUR,34515.77
AR-NL01-202507-0028,NL01,C026,2025-07-14,2025-08-13,2025-08-26,EUR,11604.94
AR-NL01-202507-0029,NL01,C033,2025-07-09,2025-08-08,2025-08-08,EUR,4050.55
AR-NL01-202507-0030,NL01,C024,2025-07-26,2025-08-25,2025-08-18,EUR,8423.16
AR-NL01-202507-0031,NL01,C018,2025-07-06,2025-08-05,2025-08-13,EUR,7068.86
AR-NL01-202507-0032,NL01,C001,2025-07-27,2025-08-26,2025-08-23,EUR,18970.21
AR-NL01-202507-0033,NL01,C029,2025-07-27,2025-09-10,2025-08-22,EUR,11825.64
AR-NL01-202507-0034,NL01,C003,2025-07-09,2025-08-08,2025-08-09,EUR,50413.26
AR-NL01-202507-0035,NL01,C039,2025-07-04,2025-08-18,2025-08-18,EUR,20138.77
AR-NL01-202507-0036,NL01,C012,2025-07-05,2025-08-04,2025-08-06,EUR,2085.28
AR-NL01-202507-0037,NL01,C006,2025-07-29,2025-09-12,2025-08-29,EUR,21334.44
AR-NL01-202507-0038,NL01,C009,2025-07-31,2025-08-30,2025-08-30,EUR,2396.44
AR-NL01-202507-0039,NL01,C024,2025-07-30,2025-08-29,2025-08-20,EUR,3083.88
AR-NL01-202507-0040,NL01,C021,2025-07-19,2025-09-02,2025-08-03,EUR,12263.72
AR-NL01-202507-0041,NL01,C017,2025-07-18,2025-08-17,2025-08-08,EUR,12893.97
AR-NL01-202507-0042,NL01,C014,2025-07-11,2025-08-25,2025-08-10,EUR,12243.43
AR-NL01-202507-0043,NL01,C039,2025-07-29,2025-08-28,2025-08-22,EUR,10996.21
AR-NL01-202507-0044,NL01,C031,2025-07-01,2025-07-31,2025-08-16,EUR,5506.58
AR-NL01-202507-0045,NL01,C013,2025-07-24,2025-09-07,2025-08-16,EUR,15574.53
AR-NL01-202507-0046,NL01,C039,2025-07-18,2025-08-17,2025-08-26,EUR,16128.35
AR-NL01-202507-0047,NL01,C039,2025-07-05,2025-08-04,2025-08-18,EUR,12405.39
AR-NL01-202507-0048,NL01,C002,2025-07-09,2025-08-08,2025-09-07,EUR,23682.46
AR-NL01-202507-0049,NL01,C034,2025-07-31,2025-08-30,2025-08-25,EUR,20884.79
AR-NL01-202507-0050,NL01,C007,2025-07-09,2025-08-23,2025-08-14,EUR,6267.08
AR-NL01-202507-0051,NL01,C024,2025-07-03,2025-08-02,2025-08-15,EUR,6957.28
AR-NL01-202507-0052,NL01,C012,2025-07-04,2025-08-03,2025-07-26,EUR,8754.04
AR-NL01-202507-0053,NL01,C031,2025-07-07,2025-08-21,2025-08-09,EUR,16102.14
AR-NL01-202507-0054,NL01,C019,2025-07-14,2025-08-13,2025-09-07,EUR,2100.13
AR-NL01-202507-0055,NL01,C011,2025-07-04,2025-08-03,2025-08-16,EUR,21000.51
AR-NL01-202507-0056,NL01,C012,2025-07-10,2025-08-09,2025-08-07,EUR,9590.3
AR-NL01-202507-0057,NL01,C008,2025-07-15,2025-08-14,2025-08-10,EUR,10746.16
AR-NL01-202507-0058,NL01,C003,2025-07-13,2025-08-27,2025-07-27,EUR,11319.03
AR-NL01-202507-0059,NL01,C004,2025-07-19,2025-08-18,2025-08-13,EUR,61362.14
AR-NL01-202507-0060,NL01,C036,2025-07-14,2025-08-13,2025-09-05,EUR,17037.52
AR-NL01-202507-0061,NL01,C014,2025-07-19,2025-08-18,2025-08-07,EUR,10626.13
AR-NL01-202507-0062,NL01,C021,2025-07-01,2025-07-31,2025-08-25,EUR,19953.71
AR-NL01-202507-0063,NL01,C026,2025-07-12,2025-08-26,2025-08-06,EUR,1462.13
AR-NL01-202507-0064,NL01,C027,2025-07-12,2025-08-11,2025-08-12,EUR,6315.38
AR-NL01-202507-0065,NL01,C028,2025-07-13,2025-08-12,2025-08-06,EUR,3123.72
AR-NL01-202507-0066,NL01,C039,2025-07-24,2025-08-23,2025-08-27,EUR,12715.87
AR-NL01-202507-0067,NL01,C024,2025-07-08,2025-08-07,2025-08-31,EUR,14164.97
AR-NL01-202507-0068,NL01,C007,2025-07-28,2025-08-27,2025-08-26,EUR,13693.44
AR-NL01-202507-0069,NL01,C006,2025-07-26,2025-08-25,2025-09-05,EUR,9384.86
AR-NL01-202507-0070,NL01,C001,2025-07-26,2025-08-25,2025-08-18,EUR,6726.21
AR-NL01-202507-0071,NL01,C018,2025-07-09,2025-08-08,2025-08-26,EUR,5676.79
AR-NL01-202507-0072,NL01,C016,2025-07-29,2025-08-28,2025-08-18,EUR,3609.22
AR-NL01-202507-0073,NL01,C006,2025-07-23,2025-09-06,2025-09-08,EUR,2554.13
AR-NL01-202507-0074,NL01,C030,2025-07-11,2025-08-10,2025-08-18,EUR,2693.88
AR-NL01-202507-0075,NL01,C030,2025-07-29,2025-08-28,2025-08-30,EUR,3711.16
AR-NL01-202507-0076,NL01,C006,2025-07-16,2025-08-15,2025-07-30,EUR,5568.74
AR-NL01-202507-0077,NL01,C025,2025-07-02,2025-08-01,2025-08-02,EUR,8169.51
AR-NL01-202507-0078,NL01,C008,2025-07-16,2025-08-30,2025-08-12,EUR,6247.18
AR-NL01-202507-0079,NL01,C034,2025-07-24,2025-08-23,2025-08-14,EUR,5340.11
AR-NL01-202507-0080,NL01,C029,2025-07-14,2025-08-13,2025-08-21,EUR,6355.42
AR-NL01-202507-0081,NL01,C022,2025-07-11,2025-08-10,2025-08-02,EUR,17909.47
AR-NL01-202507-0082,NL01,C010,2025-07-16,2025-08-30,2025-09-22,EUR,3204.08
AR-NL01-202507-0083,NL01,C019,2025-07-11,2025-08-25,2025-08-02,EUR,17925.91
AR-NL01-202507-0084,NL01,C015,2025-07-12,2025-08-11,2025-08-17,EUR,20492.86
AR-NL01-202507-0085,NL01,C011,2025-07-22,2025-08-21,2025-08-21,EUR,13279.17
AR-NL01-202507-0086,NL01,C002,2025-07-14,2025-08-13,2025-08-07,EUR,13974.04
AR-NL01-202507-0087,NL01,C030,2025-07-03,2025-08-02,2025-08-06,EUR,1905.54
AR-NL01-202507-0088,NL01,C031,2025-07-18,2025-08-17,2025-08-29,EUR,31933.05
AR-NL01-202507-0089,NL01,C013,2025-07-18,2025-08-17,2025-08-18,EUR,10965.69
AR-NL01-202507-0090,NL01,C024,2025-07-14,2025-08-13,2025-08-09,EUR,4645.66
AR-NL01-202507-0091,NL01,C001,2025-07-04,2025-08-03,2025-08-17,EUR,4394.98
AR-NL01-202507-0092,NL01,C024,2025-07-05,2025-08-19,2025-08-12,EUR,5144.66
AR-NL01-202507-0093,NL01,C005,2025-07-05,2025-08-19,2025-09-04,EUR,7112.7
AR-NL01-202507-0094,NL01,C014,2025-07-28,2025-08-27,2025-09-05,EUR,3236.88
AR-NL01-202507-0095,NL01,C039,2025-07-21,2025-08-20,2025-08-15,EUR,15223.17
AR-NL01-202507-0096,NL01,C005,2025-07-27,2025-09-10,2025-08-30,EUR,10995.52
AR-NL01-202507-0097,NL01,C038,2025-07-19,2025-08-18,2025-08-09,EUR,8644.37
AR-NL01-202507-0098,NL01,C021,2025-07-27,2025-08-26,2025-09-14,EUR,3851.92
AR-NL01-202507-0099,NL01,C006,2025-07-26,2025-08-25,2025-09-16,EUR,1649.38
AR-NL01-202507-0100,NL01,C021,2025-07-17,2025-08-16,2025-07-29,EUR,10737.21
AR-NL01-202507-0101,NL01,C023,2025-07-02,2025-08-01,2025-08-23,EUR,3241.05
AR-NL01-202507-0102,NL01,C008,2025-07-20,2025-09-03,2025-08-23,EUR,40105.06
AR-NL01-202507-0103,NL01,C002,2025-07-16,2025-08-30,2025-08-15,EUR,9753.47
AR-NL01-202508-0001,NL01,C006,2025-08-09,2025-09-08,2025-09-11,EUR,28713.91
AR-NL01-202508-0002,NL01,C005,2025-08-23,2025-09-22,2025-09-18,EUR,23953.74
AR-NL01-202508-0003,NL01,C010,2025-08-19,2025-10-03,2025-11-12,EUR,30020.62
AR-NL01-202508-0004,NL01,C030,2025-08-23,2025-09-22,2025-10-13,EUR,23552.63
AR-NL01-202508-0005,NL01,C026,2025-08-15,2025-09-14,2025-10-19,EUR,9667.02
AR-NL01-202508-0006,NL01,C002,2025-08-23,2025-09-22,2025-10-03,EUR,2970.89
AR-NL01-202508-0007,NL01,C031,2025-08-26,2025-10-10,2025-09-29,EUR,23785.7
AR-NL01-202508-0008,NL01,C025,2025-08-17,2025-09-16,2025-10-14,EUR,6030.69
AR-NL01-202508-0009,NL01,C034,2025-08-12,2025-09-11,2025-09-01,EUR,18539.67
AR-NL01-202508-0010,NL01,C007,2025-08-25,2025-09-24,2025-09-22,EUR,1709.43
AR-NL01-202508-0011,NL01,C014,2025-08-22,2025-09-21,2025-09-25,EUR,66104.74
AR-NL01-202508-0012,NL01,C026,2025-08-18,2025-10-02,2025-09-20,EUR,10388.83
AR-NL01-202508-0013,NL01,C026,2025-08-14,2025-09-28,2025-09-10,EUR,10122.44
AR-NL01-202508-0014,NL01,C019,2025-08-09,2025-09-08,2025-08-28,EUR,12278.08
AR-NL01-202508-0015,NL01,C006,2025-08-27,2025-09-26,2025-10-17,EUR,24832.63
AR-NL01-202508-0016,NL01,C030,2025-08-28,2025-09-27,2025-09-19,EUR,1010.7
AR-NL01-202508-0017,NL01,C036,2025-08-25,2025-09-24,2025-10-22,EUR,4738.5
AR-NL01-202508-0018,NL01,C039,2025-08-27,2025-09-26,2025-09-24,EUR,18692.14
AR-NL01-202508-0019,NL01,C015,2025-08-28,2025-10-12,2025-09-23,EUR,3406.17
AR-NL01-202508-0020,NL01,C036,2025-08-10,2025-09-09,2025-09-18,EUR,2513.76
AR-NL01-202508-0021,NL01,C023,2025-08-15,2025-09-29,2025-09-14,EUR,12648.59
AR-NL01-202508-0022,NL01,C030,2025-08-18,2025-09-17,2025-10-07,EUR,1967.35
AR-NL01-202508-0023,NL01,C027,2025-08-16,2025-09-15,2025-09-25,EUR,3850.31
AR-NL01-202508-0024,NL01,C021,2025-08-07,2025-09-06,2025-09-17,EUR,4366.35
AR-NL01-202508-0025,NL01,C008,2025-08-19,2025-09-18,2025-10-04,EUR,3835.16
AR-NL01-202508-0026,NL01,C019,2025-08-23,2025-09-22,2025-09-15,EUR,26402.38
AR-NL01-202508-0027,NL01,C006,2025-08-28,2025-09-27,2025-09-26,EUR,7643.97
AR-NL01-202508-0028,NL01,C024,2025-08-17,2025-09-16,2025-10-01,EUR,9501.59
AR-NL01-202508-0029,NL01,C016,2025-08-13,2025-09-12,2025-09-21,EUR,11444.19
AR-NL01-202508-0030,NL01,C028,2025-08-17,2025-09-16,2025-09-03,EUR,143212.83
AR-NL01-202508-0031,NL01,C036,2025-08-28,2025-09-27,2025-09-25,EUR,9019.46
AR-NL01-202508-0032,NL01,C033,2025-08-09,2025-09-08,2025-09-05,EUR,9748.37
AR-NL01-202508-0033,NL01,C036,2025-08-02,2025-09-01,2025-08-25,EUR,3027.95
AR-NL01-202508-0034,NL01,C032,2025-08-18,2025-09-17,2025-09-17,EUR,6410.76
AR-NL01-202508-0035,NL01,C032,2025-08-16,2025-09-15,2025-09-01,EUR,2226.93
AR-NL01-202508-0036,NL01,C018,2025-08-11,2025-09-10,2025-09-07,EUR,3646.19
AR-NL01-202508-0037,NL01,C010,2025-08-31,2025-10-15,2025-10-07,EUR,3240.44
AR-NL01-202508-0038,NL01,C032,2025-08-19,2025-09-18,2025-09-19,EUR,8037.14
AR-NL01-202508-0039,NL01,C036,2025-08-26,2025-09-25,2025-09-27,EUR,3317.85
AR-NL01-202508-0040,NL01,C006,2025-08-13,2025-09-12,2025-09-17,EUR,1803.12
AR-NL01-202508-0041,NL01,C005,2025-08-21,2025-09-20,2025-09-17,EUR,7429.4
AR-NL01-202508-0042,NL01,C028,2025-08-31,2025-10-15,2025-10-12,EUR,6999.28
AR-NL01-202508-0043,NL01,C001,2025-08-16,2025-09-30,2025-09-20,EUR,2985.12
AR-NL01-202508-0044,NL01,C011,2025-08-23,2025-09-22,2025-10-11,EUR,9954.48
AR-NL01-202508-0045,NL01,C028,2025-08-09,2025-09-08,2025-08-29,EUR,7935.77
AR-NL01-202508-0046,NL01,C015,2025-08-12,2025-09-26,2025-09-08,EUR,11976.15
AR-NL01-202508-0047,NL01,C002,2025-08-08,2025-09-22,2025-09-05,EUR,5528.83
AR-NL01-202508-0048,NL01,C030,2025-08-13,2025-09-12,2025-09-12,EUR,11228.88
AR-NL01-202508-0049,NL01,C010,2025-08-07,2025-09-06,2025-09-02,EUR,5563.25
AR-NL01-202508-0050,NL01,C001,2025-08-13,2025-09-27,2025-09-15,EUR,8606.43
AR-NL01-202508-0051,NL01,C001,2025-08-11,2025-09-25,2025-09-13,EUR,12621.84
AR-NL01-202508-0052,NL01,C035,2025-08-31,2025-09-30,2025-09-30,EUR,18642.73
AR-NL01-202508-0053,NL01,C021,2025-08-03,2025-09-02,2025-10-06,EUR,25343.24
AR-NL01-202508-0054,NL01,C002,2025-08-31,2025-10-15,2025-10-16,EUR,21574.15
AR-NL01-202508-0055,NL01,C009,2025-08-20,2025-10-04,2025-09-16,EUR,4802.87
AR-NL01-202508-0056,NL01,C024,2025-08-27,2025-10-11,2025-09-25,EUR,3301.62
AR-NL01-202508-0057,NL01,C032,2025-08-09,2025-09-08,2025-09-14,EUR,3685.52
AR-NL01-202508-0058,NL01,C038,2025-08-11,2025-09-10,2025-10-10,EUR,2725.33
AR-NL01-202508-0059,NL01,C037,2025-08-11,2025-09-25,2025-09-05,EUR,1280.63
AR-NL01-202508-0060,NL01,C025,2025-08-27,2025-09-26,2025-09-21,EUR,3723.91
AR-NL01-202508-0061,NL01,C017,2025-08-10,2025-09-09,2025-09-18,EUR,4121.71
AR-NL01-202508-0062,NL01,C002,2025-08-06,2025-09-05,2025-08-30,EUR,41608.66
AR-NL01-202508-0063,NL01,C010,2025-08-30,2025-09-29,2025-10-02,EUR,14409.12
AR-NL01-202508-0064,NL01,C011,2025-08-04,2025-09-03,2025-09-01,EUR,26712.43
AR-NL01-202508-0065,NL01,C035,2025-08-27,2025-09-26,2025-10-12,EUR,3513.71
AR-NL01-202508-0066,NL01,C024,2025-08-04,2025-09-03,2025-09-19,EUR,4036.84
AR-NL01-202508-0067,NL01,C031,2025-08-16,2025-09-30,2025-10-08,EUR,2164.47
AR-NL01-202508-0068,NL01,C025,2025-08-28,2025-09-27,2025-10-15,EUR,12361.61
AR-NL01-202508-0069,NL01,C004,2025-08-27,2025-10-11,2025-09-20,EUR,5008.47
AR-NL01-202508-0070,NL01,C006,2025-08-16,2025-09-30,2025-10-04,EUR,6914.79
AR-NL01-202508-0071,NL01,C015,2025-08-24,2025-10-08,2025-10-07,EUR,17017.5
AR-NL01-202508-0072,NL01,C007,2025-08-14,2025-09-13,2025-09-05,EUR,4629.94
AR-NL01-202508-0073,NL01,C021,2025-08-13,2025-09-12,2025-08-31,EUR,4142.8
AR-NL01-202508-0074,NL01,C008,2025-08-11,2025-09-10,2025-09-08,EUR,8417.9
AR-NL01-202508-0075,NL01,C007,2025-08-08,2025-09-22,2025-09-28,EUR,4253.16
AR-NL01-202508-0076,NL01,C017,2025-08-20,2025-09-19,2025-09-18,EUR,54954.11
AR-NL01-202508-0077,NL01,C023,2025-08-07,2025-09-06,2025-09-02,EUR,6443.18
AR-NL01-202508-0078,NL01,C039,2025-08-08,2025-09-07,2025-09-09,EUR,4850.2
AR-NL01-202508-0079,NL01,C037,2025-08-30,2025-09-29,2025-09-14,EUR,19723.45
AR-NL01-202508-0080,NL01,C024,2025-08-19,2025-09-18,2025-09-22,EUR,3116.1
AR-NL01-202508-0081,NL01,C014,2025-08-22,2025-09-21,2025-09-24,EUR,66591.78
AR-NL01-202508-0082,NL01,C036,2025-08-17,2025-09-16,2025-09-24,EUR,7392.8
AR-NL01-202508-0083,NL01,C020,2025-08-30,2025-09-29,2025-10-20,EUR,6054.4
AR-NL01-202508-0084,NL01,C025,2025-08-02,2025-09-01,2025-09-13,EUR,7047.26
AR-NL01-202508-0085,NL01,C035,2025-08-23,2025-09-22,2025-09-14,EUR,5975.25
AR-NL01-202508-0086,NL01,C014,2025-08-17,2025-09-16,2025-10-03,EUR,6068.35
AR-NL01-202508-0087,NL01,C035,2025-08-27,2025-10-11,2025-10-16,EUR,1613.12
AR-NL01-202508-0088,NL01,C011,2025-08-26,2025-10-10,2025-09-16,EUR,18607.29
AR-NL01-202508-0089,NL01,C021,2025-08-26,2025-09-25,2025-09-24,EUR,2850.37
AR-NL01-202508-0090,NL01,C034,2025-08-10,2025-09-09,2025-09-13,EUR,15489.0
AR-NL01-202508-0091,NL01,C002,2025-08-24,2025-10-08,2025-09-29,EUR,1508.64
AR-NL01-202508-0092,NL01,C031,2025-08-12,2025-09-26,2025-09-21,EUR,5536.57
AR-NL01-202508-0093,NL01,C001,2025-08-01,2025-09-15,2025-09-06,EUR,9986.82
AR-NL01-202508-0094,NL01,C038,2025-08-19,2025-09-18,2025-10-04,EUR,16589.76
AR-NL01-202508-0095,NL01,C034,2025-08-21,2025-09-20,2025-10-12,EUR,6745.83
AR-NL01-202508-0096,NL01,C025,2025-08-31,2025-09-30,2025-10-30,EUR,29214.59
AR-NL01-202508-0097,NL01,C020,2025-08-21,2025-10-05,2025-09-15,EUR,14234.74
AR-NL01-202508-0098,NL01,C017,2025-08-25,2025-09-24,2025-10-05,EUR,3528.59
AR-NL01-202508-0099,NL01,C002,2025-08-27,2025-09-26,2025-10-07,EUR,3786.63
AR-NL01-202508-0100,NL01,C031,2025-08-23,2025-09-22,2025-10-02,EUR,1259.98
AR-NL01-202509-0001,NL01,C031,2025-09-02,2025-10-02,2025-10-28,EUR,6427.81
AR-NL01-202509-0002,NL01,C011,2025-09-16,2025-10-31,2025-10-09,EUR,30977.12
AR-NL01-202509-0003,NL01,C025,2025-09-23,2025-10-23,2025-10-29,EUR,3836.52
AR-NL01-202509-0004,NL01,C014,2025-09-10,2025-10-10,2025-10-14,EUR,7520.1
AR-NL01-202509-0005,NL01,C015,2025-09-30,2025-10-30,2025-11-19,EUR,11719.38
AR-NL01-202509-0006,NL01,C040,2025-09-18,2025-10-18,2025-10-18,EUR,9866.4
AR-NL01-202509-0007,NL01,C005,2025-09-22,2025-10-22,2025-11-07,EUR,9491.94
AR-NL01-202509-0008,NL01,C030,2025-09-18,2025-11-02,2025-10-10,EUR,3796.11
AR-NL01-202509-0009,NL01,C005,2025-09-20,2025-11-04,2025-10-15,EUR,6129.6
AR-NL01-202509-0010,NL01,C022,2025-09-19,2025-10-19,2025-10-14,EUR,9478.88
AR-NL01-202509-0011,NL01,C005,2025-09-21,2025-10-21,2025-10-17,EUR,8273.98
AR-NL01-202509-0012,NL01,C012,2025-09-04,2025-10-19,2025-09-26,EUR,2602.92
AR-NL01-202509-0013,NL01,C029,2025-09-14,2025-10-14,2025-10-16,EUR,10150.43
AR-NL01-202509-0014,NL01,C028,2025-09-18,2025-11-02,2025-10-13,EUR,12994.12
AR-NL01-202509-0015,NL01,C004,2025-09-06,2025-10-06,2025-10-02,EUR,10433.83
AR-NL01-202509-0016,NL01,C013,2025-09-22,2025-10-22,2025-11-04,EUR,7248.59
AR-NL01-202509-0017,NL01,C039,2025-09-14,2025-10-14,2025-10-14,EUR,20086.15
AR-NL01-202509-0018,NL01,C007,2025-09-22,2025-11-06,2025-11-06,EUR,3479.49
AR-NL01-202509-0019,NL01,C008,2025-09-23,2025-11-07,2025-10-18,EUR,2110.68
AR-NL01-202509-0020,NL01,C027,2025-09-14,2025-10-14,2025-10-01,EUR,15736.81
AR-NL01-202509-0021,NL01,C039,2025-09-14,2025-10-14,2025-10-09,EUR,3847.47
AR-NL01-202509-0022,NL01,C019,2025-09-16,2025-10-31,2025-10-17,EUR,15174.09
AR-NL01-202509-0023,NL01,C006,2025-09-10,2025-10-10,2025-10-05,EUR,8481.27
AR-NL01-202509-0024,NL01,C014,2025-09-09,2025-10-09,2025-10-20,EUR,5804.06
AR-NL01-202509-0025,NL01,C040,2025-09-16,2025-10-16,2025-10-21,EUR,2235.65
AR-NL01-202509-0026,NL01,C030,2025-09-04,2025-10-19,2025-11-26,EUR,9045.27
AR-NL01-202509-0027,NL01,C034,2025-09-08,2025-10-08,2025-10-19,EUR,29795.13
AR-NL01-202509-0028,NL01,C026,2025-09-09,2025-10-09,2025-10-15,EUR,9209.9
AR-NL01-202509-0029,NL01,C013,2025-09-17,2025-10-17,2025-10-24,EUR,1967.61
AR-NL01-202509-0030,NL01,C038,2025-09-11,2025-10-11,2025-10-28,EUR,4652.92
AR-NL01-202509-0031,NL01,C035,2025-09-25,2025-11-09,2025-11-03,EUR,4547.52
AR-NL01-202509-0032,NL01,C007,2025-09-20,2025-10-20,2025-11-20,EUR,2975.92
AR-NL01-202509-0033,NL01,C033,2025-09-15,2025-10-15,2025-11-03,EUR,8546.47
AR-NL01-202509-0034,NL01,C019,2025-09-08,2025-10-23,2025-10-05,EUR,1875.34
AR-NL01-202509-0035,NL01,C017,2025-09-27,2025-10-27,2025-11-02,EUR,8834.11
AR-NL01-202509-0036,NL01,C037,2025-09-17,2025-10-17,2025-10-26,EUR,8596.1
AR-NL01-202509-0037,NL01,C025,2025-09-30,2025-10-30,2025-11-04,EUR,16739.97
AR-NL01-202509-0038,NL01,C032,2025-09-18,2025-10-18,2025-10-04,EUR,16122.14
AR-NL01-202509-0039,NL01,C014,2025-09-27,2025-10-27,2025-11-26,EUR,12645.7
AR-NL01-202509-0040,NL01,C026,2025-09-16,2025-10-16,2025-10-25,EUR,15563.45
AR-NL01-202509-0041,NL01,C010,2025-09-06,2025-10-06,2025-10-14,EUR,3889.49
AR-NL01-202509-0042,NL01,C016,2025-09-03,2025-10-18,2025-10-15,EUR,17271.21
AR-NL01-202509-0043,NL01,C039,2025-09-02,2025-10-02,2025-10-07,EUR,5508.31
AR-NL01-202509-0044,NL01,C014,2025-09-25,2025-11-09,2025-11-04,EUR,65000.14
AR-NL01-202509-0045,NL01,C029,2025-09-02,2025-10-17,2025-10-04,EUR,12591.64
AR-NL01-202509-0046,NL01,C016,2025-09-28,2025-10-28,2025-10-20,EUR,28190.11
AR-NL01-202509-0047,NL01,C016,2025-09-22,2025-10-22,2025-10-25,EUR,11646.09
AR-NL01-202509-0048,NL01,C016,2025-09-21,2025-10-21,2025-10-08,EUR,527.9
AR-NL01-202509-0049,NL01,C008,2025-09-09,2025-10-09,2025-10-30,EUR,12190.23
AR-NL01-202509-0050,NL01,C038,2025-09-28,2025-10-28,2025-10-22,EUR,5484.1
AR-NL01-202509-0051,NL01,C039,2025-09-24,2025-10-24,2025-10-08,EUR,2507.39
AR-NL01-202509-0052,NL01,C019,2025-09-06,2025-10-06,2025-09-30,EUR,4454.27
AR-NL01-202509-0053,NL01,C039,2025-09-27,2025-10-27,2025-11-02,EUR,3180.32
AR-NL01-202509-0054,NL01,C016,2025-09-16,2025-10-31,2025-10-15,EUR,2166.76
AR-NL01-202509-0055,NL01,C021,2025-09-22,2025-10-22,2025-10-17,EUR,3374.88
AR-NL01-202509-0056,NL01,C010,2025-09-13,2025-10-28,2025-10-26,EUR,5429.86
AR-NL01-202509-0057,NL01,C002,2025-09-14,2025-10-14,2025-11-13,EUR,30844.94
AR-NL01-202509-0058,NL01,C032,2025-09-03,2025-10-18,2025-09-26,EUR,8282.97
AR-NL01-202509-0059,NL01,C029,2025-09-09,2025-10-09,2025-10-14,EUR,60362.24
AR-NL01-202509-0060,NL01,C040,2025-09-28,2025-10-28,2025-10-25,EUR,5723.19
AR-NL01-202509-0061,NL01,C037,2025-09-06,2025-10-06,2025-09-28,EUR,5645.25
AR-NL01-202509-0062,NL01,C003,2025-09-21,2025-10-21,2025-11-15,EUR,7762.4
AR-NL01-202509-0063,NL01,C025,2025-09-06,2025-10-06,2025-09-27,EUR,33806.12
AR-NL01-202509-0064,NL01,C020,2025-09-11,2025-10-11,2025-10-09,EUR,2684.42
AR-NL01-202509-0065,NL01,C035,2025-09-26,2025-10-26,2025-11-03,EUR,7193.04
AR-NL01-202509-0066,NL01,C008,2025-09-05,2025-10-05,2025-11-01,EUR,8512.59
AR-NL01-202509-0067,NL01,C012,2025-09-30,2025-10-30,2025-10-21,EUR,13206.02
AR-NL01-202509-0068,NL01,C032,2025-09-29,2025-11-13,2025-10-21,EUR,4699.7
AR-NL01-202509-0069,NL01,C008,2025-09-24,2025-11-08,2025-11-18,EUR,27008.4
AR-NL01-202509-0070,NL01,C014,2025-09-10,2025-10-10,2025-11-01,EUR,1864.1
AR-NL01-202509-0071,NL01,C027,2025-09-05,2025-10-05,2025-10-11,EUR,7351.14
AR-NL01-202509-0072,NL01,C013,2025-09-02,2025-10-17,2025-10-05,EUR,7660.89
AR-NL01-202509-0073,NL01,C014,2025-09-07,2025-10-22,2025-09-29,EUR,10552.48
AR-NL01-202509-0074,NL01,C040,2025-09-28,2025-10-28,2025-10-29,EUR,22811.42
AR-NL01-202509-0075,NL01,C015,2025-09-27,2025-11-11,2025-10-28,EUR,132703.8
AR-NL01-202509-0076,NL01,C017,2025-09-18,2025-11-02,2025-10-08,EUR,17117.61
AR-NL01-202509-0077,NL01,C007,2025-09-22,2025-10-22,2025-10-25,EUR,5255.02
AR-NL01-202509-0078,NL01,C002,2025-09-23,2025-10-23,2025-10-07,EUR,21118.72
AR-NL01-202509-0079,NL01,C016,2025-09-17,2025-10-17,2025-11-09,EUR,5428.84
AR-NL01-202509-0080,NL01,C027,2025-09-22,2025-10-22,2025-10-22,EUR,24379.23
AR-NL01-202509-0081,NL01,C040,2025-09-22,2025-10-22,2025-10-17,EUR,5693.95
AR-NL01-202509-0082,NL01,C035,2025-09-12,2025-10-12,2025-10-20,EUR,21047.67
AR-NL01-202509-0083,NL01,C020,2025-09-02,2025-10-17,2025-10-14,EUR,29797.62
AR-NL01-202509-0084,NL01,C010,2025-09-10,2025-10-10,2025-10-09,EUR,3427.4
AR-NL01-202509-0085,NL01,C040,2025-09-10,2025-10-25,2025-10-26,EUR,4365.89
AR-NL01-202509-0086,NL01,C027,2025-09-05,2025-10-05,2025-09-28,EUR,13968.95
AR-NL01-202509-0087,NL01,C015,2025-09-19,2025-10-19,2025-11-16,EUR,17578.38
AR-NL01-202509-0088,NL01,C024,2025-09-10,2025-10-10,2025-10-27,EUR,19812.73
AR-NL01-202509-0089,NL01,C005,2025-09-28,2025-10-28,2025-10-24,EUR,15163.43
AR-NL01-202509-0090,NL01,C036,2025-09-04,2025-10-04,2025-10-23,EUR,19810.58
AR-NL01-202509-0091,NL01,C026,2025-09-06,2025-10-06,2025-10-05,EUR,10218.14
AR-NL01-202509-0092,NL01,C030,2025-09-24,2025-10-24,2025-10-20,EUR,7092.91
AR-NL01-202509-0093,NL01,C032,2025-09-26,2025-10-26,2025-11-24,EUR,3381.74
AR-NL01-202509-0094,NL01,C007,2025-09-05,2025-10-05,2025-09-20,EUR,11263.07
AR-NL01-202509-0095,NL01,C033,2025-09-16,2025-10-16,2025-10-21,EUR,5248.13
AR-NL01-202509-0096,NL01,C015,2025-09-06,2025-10-21,2025-10-01,EUR,15992.28
AR-NL01-202509-0097,NL01,C038,2025-09-18,2025-10-18,2025-10-25,EUR,23984.96
AR-NL01-202509-0098,NL01,C001,2025-09-11,2025-10-11,2025-10-23,EUR,7011.49
AR-NL01-202509-0099,NL01,C038,2025-09-19,2025-10-19,2025-10-21,EUR,9806.63
AR-NL01-202509-0100,NL01,C036,2025-09-24,2025-10-24,2025-10-19,EUR,44842.46
AR-NL01-202509-0101,NL01,C028,2025-09-21,2025-10-21,2025-11-03,EUR,4168.24
AR-NL01-202509-0102,NL01,C006,2025-09-19,2025-10-19,2025-11-04,EUR,27537.45
AR-NL01-202509-0103,NL01,C023,2025-09-19,2025-10-19,2025-10-04,EUR,5673.15
AR-NL01-202509-0104,NL01,C006,2025-09-26,2025-11-10,2025-10-23,EUR,8981.26
AR-NL01-202509-0105,NL01,C038,2025-09-09,2025-10-09,2025-10-10,EUR,6073.17
AR-NL01-202509-0106,NL01,C015,2025-09-12,2025-10-27,2025-10-29,EUR,21660.73
AR-NL01-202509-0107,NL01,C024,2025-09-12,2025-10-27,2025-10-28,EUR,5947.92
AR-NL01-202509-0108,NL01,C014,2025-09-24,2025-10-24,2025-10-19,EUR,19155.14
AR-NL01-202509-0109,NL01,C005,2025-09-07,2025-10-07,2025-10-20,EUR,16248.01
AR-NL01-202509-0110,NL01,C020,2025-09-12,2025-10-12,2025-10-15,EUR,38792.43
AR-NL01-202509-0111,NL01,C018,2025-09-03,2025-10-03,2025-10-02,EUR,3268.47
AR-NL01-202509-0112,NL01,C027,2025-09-17,2025-11-01,2025-10-17,EUR,5113.47
AR-NL01-202509-0113,NL01,C029,2025-09-06,2025-10-21,2025-10-12,EUR,4575.75
AR-NL01-202509-0114,NL01,C020,2025-09-29,2025-10-29,2025-10-23,EUR,6912.35
AR-NL01-202509-0115,NL01,C008,2025-09-15,2025-10-15,2025-10-30,EUR,7910.51
AR-NL01-202509-0116,NL01,C012,2025-09-25,2025-10-25,2025-10-11,EUR,14313.66
AR-NL01-202510-0001,NL01,C026,2025-10-17,2025-11-16,2025-11-27,EUR,1682.26
AR-NL01-202510-0002,NL01,C006,2025-10-28,2025-11-27,2025-11-21,EUR,3966.41
AR-NL01-202510-0003,NL01,C009,2025-10-05,2025-11-04,2025-11-22,EUR,7593.31
AR-NL01-202510-0004,NL01,C012,2025-10-28,2025-12-12,2025-12-24,EUR,24215.92
AR-NL01-202510-0005,NL01,C036,2025-10-16,2025-11-15,2025-11-23,EUR,58360.55
AR-NL01-202510-0006,NL01,C008,2025-10-01,2025-11-15,2025-10-23,EUR,4735.17
AR-NL01-202510-0007,NL01,C037,2025-10-05,2025-11-19,2025-11-03,EUR,9800.76
AR-NL01-202510-0008,NL01,C021,2025-10-01,2025-11-15,2025-11-21,EUR,2696.52
AR-NL01-202510-0009,NL01,C016,2025-10-09,2025-11-08,2025-11-10,EUR,525.96
AR-NL01-202510-0010,NL01,C011,2025-10-16,2025-11-30,2025-11-14,EUR,590.69
AR-NL01-202510-0011,NL01,C015,2025-10-16,2025-11-15,2025-11-05,EUR,13018.41
AR-NL01-202510-0012,NL01,C015,2025-10-30,2025-11-29,2025-11-27,EUR,5543.46
AR-NL01-202510-0013,NL01,C030,2025-10-06,2025-11-20,2025-11-14,EUR,8446.15
AR-NL01-202510-0014,NL01,C029,2025-10-13,2025-11-12,2025-11-16,EUR,30031.53
AR-NL01-202510-0015,NL01,C017,2025-10-19,2025-11-18,2025-11-27,EUR,9847.61
AR-NL01-202510-0016,NL01,C029,2025-10-26,2025-11-25,2025-12-04,EUR,12042.43
AR-NL01-202510-0017,NL01,C030,2025-10-03,2025-11-02,2025-11-18,EUR,12976.72
AR-NL01-202510-0018,NL01,C005,2025-10-19,2025-11-18,2025-11-19,EUR,2186.75
AR-NL01-202510-0019,NL01,C037,2025-10-29,2025-12-13,2025-11-18,EUR,5409.75
AR-NL01-202510-0020,NL01,C028,2025-10-27,2025-12-11,2025-11-23,EUR,3018.45
AR-NL01-202510-0021,NL01,C027,2025-10-18,2025-11-17,2025-11-06,EUR,10406.97
AR-NL01-202510-0022,NL01,C011,2025-10-21,2025-11-20,2025-11-23,EUR,34382.05
AR-NL01-202510-0023,NL01,C025,2025-10-29,2025-11-28,2025-12-19,EUR,1494.42
AR-NL01-202510-0024,NL01,C008,2025-10-12,2025-11-11,2025-11-20,EUR,5469.92
AR-NL01-202510-0025,NL01,C001,2025-10-11,2025-11-10,2025-11-11,EUR,6115.95
AR-NL01-202510-0026,NL01,C031,2025-10-28,2025-11-27,2025-11-11,EUR,13512.6
AR-NL01-202510-0027,NL01,C030,2025-10-16,2025-11-15,2025-11-14,EUR,15322.33
AR-NL01-202510-0028,NL01,C040,2025-10-19,2025-11-18,2025-11-26,EUR,4817.64
AR-NL01-202510-0029,NL01,C029,2025-10-03,2025-11-17,2025-11-27,EUR,4424.6
AR-NL01-202510-0030,NL01,C033,2025-10-15,2025-11-14,2025-12-07,EUR,18292.31
AR-NL01-202510-0031,NL01,C001,2025-10-30,2025-11-29,2025-11-29,EUR,3195.17
AR-NL01-202510-0032,NL01,C017,2025-10-20,2025-11-19,2025-12-06,EUR,25918.13
AR-NL01-202510-0033,NL01,C017,2025-10-12,2025-11-11,2025-11-07,EUR,3843.16
AR-NL01-202510-0034,NL01,C030,2025-10-15,2025-11-14,2025-11-19,EUR,4552.44
AR-NL01-202510-0035,NL01,C012,2025-10-23,2025-11-22,2025-11-17,EUR,6644.71
AR-NL01-202510-0036,NL01,C001,2025-10-02,2025-11-01,2025-11-09,EUR,6002.72
AR-NL01-202510-0037,NL01,C030,2025-10-25,2025-12-09,2025-11-21,EUR,3124.29
AR-NL01-202510-0038,NL01,C017,2025-10-18,2025-11-17,2025-12-02,EUR,7091.02
AR-NL01-202510-0039,NL01,C005,2025-10-14,2025-11-28,2025-11-19,EUR,11568.6
AR-NL01-202510-0040,NL01,C013,2025-10-08,2025-11-07,2025-11-09,EUR,7516.6
AR-NL01-202510-0041,NL01,C005,2025-10-06,2025-11-05,2025-11-10,EUR,15068.59
AR-NL01-202510-0042,NL01,C006,2025-10-09,2025-11-08,2025-10-30,EUR,7441.87
AR-NL01-202510-0043,NL01,C036,2025-10-30,2025-11-29,2025-12-11,EUR,6479.84
AR-NL01-202510-0044,NL01,C011,2025-10-11,2025-11-10,2025-11-19,EUR,43288.84
AR-NL01-202510-0045,NL01,C035,2025-10-12,2025-11-26,2025-11-21,EUR,7645.17
AR-NL01-202510-0046,NL01,C038,2025-10-21,2025-12-05,2025-12-01,EUR,63516.5
AR-NL01-202510-0047,NL01,C011,2025-10-23,2025-11-22,2025-11-22,EUR,3312.19
AR-NL01-202510-0048,NL01,C038,2025-10-07,2025-11-06,2025-11-17,EUR,18874.45
AR-NL01-202510-0049,NL01,C023,2025-10-01,2025-10-31,2025-11-06,EUR,3703.71
AR-NL01-202510-0050,NL01,C013,2025-10-04,2025-11-03,2025-10-31,EUR,16526.18
AR-NL01-202510-0051,NL01,C008,2025-10-25,2025-12-09,2025-12-08,EUR,10561.78
AR-NL01-202510-0052,NL01,C016,2025-10-31,2025-11-30,2025-12-07,EUR,5837.35
AR-NL01-202510-0053,NL01,C005,2025-10-26,2025-12-10,2025-11-27,EUR,2437.09
AR-NL01-202510-0054,NL01,C030,2025-10-08,2025-11-22,2025-11-19,EUR,12214.37
AR-NL01-202510-0055,NL01,C001,2025-10-27,2025-11-26,2025-12-02,EUR,5792.45
AR-NL01-202510-0056,NL01,C029,2025-10-03,2025-11-02,2025-11-08,EUR,4118.95
AR-NL01-202510-0057,NL01,C021,2025-10-05,2025-11-04,2025-11-02,EUR,7235.83
AR-NL01-202510-0058,NL01,C026,2025-10-03,2025-11-02,2025-11-02,EUR,11960.17
AR-NL01-202510-0059,NL01,C020,2025-10-13,2025-11-12,2025-11-02,EUR,15228.52
AR-NL01-202510-0060,NL01,C003,2025-10-15,2025-11-14,2025-11-16,EUR,11095.23
AR-NL01-202510-0061,NL01,C037,2025-10-29,2025-11-28,2025-12-08,EUR,21062.82
AR-NL01-202510-0062,NL01,C033,2025-10-06,2025-11-20,2025-11-03,EUR,28866.36
AR-NL01-202510-0063,NL01,C027,2025-10-23,2025-11-22,2025-12-18,EUR,11747.02
AR-NL01-202510-0064,NL01,C006,2025-10-16,2025-11-30,2025-11-24,EUR,6719.56
AR-NL01-202510-0065,NL01,C014,2025-10-11,2025-11-10,2025-11-10,EUR,7985.93
AR-NL01-202510-0066,NL01,C013,2025-10-29,2025-12-13,2025-12-15,EUR,7349.2
AR-NL01-202510-0067,NL01,C010,2025-10-05,2025-11-04,2025-11-24,EUR,14791.94
AR-NL01-202510-0068,NL01,C002,2025-10-24,2025-11-23,2025-11-20,EUR,8175.8
AR-NL01-202510-0069,NL01,C027,2025-10-26,2025-11-25,2025-11-25,EUR,24046.87
AR-NL01-202510-0070,NL01,C030,2025-10-06,2025-11-05,2025-11-09,EUR,8839.31
AR-NL01-202510-0071,NL01,C018,2025-10-28,2025-11-27,2025-11-29,EUR,41496.62
AR-NL01-202510-0072,NL01,C024,2025-10-04,2025-11-03,2025-10-28,EUR,6758.35
AR-NL01-202510-0073,NL01,C007,2025-10-14,2025-11-13,2025-11-17,EUR,4838.06
AR-NL01-202510-0074,NL01,C020,2025-10-01,2025-10-31,2025-11-02,EUR,7677.18
AR-NL01-202510-0075,NL01,C022,2025-10-14,2025-11-13,2025-11-13,EUR,30075.73
AR-NL01-202510-0076,NL01,C026,2025-10-20,2025-11-19,2025-11-24,EUR,36402.69
AR-NL01-202510-0077,NL01,C036,2025-10-19,2025-11-18,2025-11-23,EUR,4669.17
AR-NL01-202510-0078,NL01,C010,2025-10-08,2025-11-07,2025-11-14,EUR,22832.79
AR-NL01-202510-0079,NL01,C008,2025-10-13,2025-11-12,2025-11-10,EUR,5866.23
AR-NL01-202510-0080,NL01,C032,2025-10-09,2025-11-23,2025-11-17,EUR,9113.99
AR-NL01-202510-0081,NL01,C018,2025-10-28,2025-11-27,2025-12-08,EUR,5706.4
AR-NL01-202510-0082,NL01,C019,2025-10-09,2025-11-23,2025-11-20,EUR,14162.07
AR-NL01-202510-0083,NL01,C006,2025-10-02,2025-11-01,2025-11-11,EUR,3904.45
AR-NL01-202510-0084,NL01,C018,2025-10-14,2025-11-13,2025-11-12,EUR,1546.57
AR-NL01-202510-0085,NL01,C007,2025-10-23,2025-11-22,2026-01-08,EUR,21254.73
AR-NL01-202510-0086,NL01,C039,2025-10-27,2025-12-11,2025-11-24,EUR,12331.3
AR-NL01-202510-0087,NL01,C020,2025-10-30,2025-11-29,2025-12-02,EUR,9856.33
AR-NL01-202510-0088,NL01,C038,2025-10-22,2025-11-21,2025-11-20,EUR,5684.36
AR-NL01-202510-0089,NL01,C005,2025-10-20,2025-11-19,2025-12-05,EUR,9297.08
AR-NL01-202510-0090,NL01,C035,2025-10-14,2025-11-13,2025-11-19,EUR,3579.96
AR-NL01-202510-0091,NL01,C033,2025-10-21,2025-11-20,2025-11-07,EUR,7272.81
AR-NL01-202510-0092,NL01,C029,2025-10-09,2025-11-08,2025-12-11,EUR,5364.16
AR-NL01-202510-0093,NL01,C011,2025-10-15,2025-11-14,2025-12-05,EUR,35959.74
AR-NL01-202510-0094,NL01,C033,2025-10-31,2025-11-30,2025-11-29,EUR,13321.83
AR-NL01-202510-0095,NL01,C022,2025-10-14,2025-11-13,2025-11-11,EUR,6331.7
AR-NL01-202510-0096,NL01,C014,2025-10-19,2025-11-18,2025-11-25,EUR,31458.28
AR-NL01-202510-0097,NL01,C007,2025-10-09,2025-11-08,2025-11-28,EUR,6876.55
AR-NL01-202510-0098,NL01,C038,2025-10-26,2025-11-25,2025-11-26,EUR,9378.51
AR-NL01-202510-0099,NL01,C037,2025-10-11,2025-11-10,2025-11-14,EUR,10869.93
AR-NL01-202510-0100,NL01,C019,2025-10-02,2025-11-16,2025-11-17,EUR,14850.01
AR-NL01-202510-0101,NL01,C011,2025-10-18,2025-12-02,2025-11-21,EUR,1787.87
AR-NL01-202510-0102,NL01,C013,2025-10-16,2025-11-15,2025-11-03,EUR,7341.54
AR-NL01-202510-0103,NL01,C001,2025-10-21,2025-11-20,2025-11-23,EUR,6239.08
AR-NL01-202510-0104,NL01,C019,2025-10-31,2025-11-30,2025-12-01,EUR,12359.92
AR-NL01-202510-0105,NL01,C039,2025-10-05,2025-11-19,2025-10-24,EUR,37084.17
AR-NL01-202510-0106,NL01,C022,2025-10-30,2025-12-14,2025-12-23,EUR,3371.24
AR-NL01-202510-0107,NL01,C024,2025-10-10,2025-11-09,2025-11-13,EUR,5585.35
AR-NL01-202510-0108,NL01,C005,2025-10-08,2025-11-07,2025-10-28,EUR,16935.78
AR-NL01-202510-0109,NL01,C008,2025-10-24,2025-12-08,2025-11-18,EUR,4845.16
AR-NL01-202510-0110,NL01,C033,2025-10-19,2025-11-18,2025-11-11,EUR,15524.48
AR-NL01-202510-0111,NL01,C035,2025-10-14,2025-11-13,2025-11-22,EUR,11430.39
AR-NL01-202510-0112,NL01,C010,2025-10-24,2025-11-23,2025-11-22,EUR,7195.07
AR-NL01-202510-0113,NL01,C004,2025-10-22,2025-12-06,2025-12-06,EUR,47829.83
AR-NL01-202510-0114,NL01,C026,2025-10-22,2025-11-21,2025-12-05,EUR,1824.43
AR-NL01-202510-0115,NL01,C004,2025-10-10,2025-11-09,2025-11-07,EUR,4536.63
AR-NL01-202510-0116,NL01,C033,2025-10-05,2025-11-04,2025-12-16,EUR,8449.06
AR-NL01-202510-0117,NL01,C033,2025-10-15,2025-11-29,2025-11-08,EUR,15150.58
AR-NL01-202510-0118,NL01,C001,2025-10-20,2025-11-19,2025-11-17,EUR,7751.24
AR-NL01-202510-0119,NL01,C027,2025-10-12,2025-11-11,2025-11-09,EUR,25623.26
AR-NL01-202510-0120,NL01,C040,2025-10-29,2025-11-28,2025-11-25,EUR,31398.37
AR-NL01-202510-0121,NL01,C036,2025-10-08,2025-11-07,2025-11-09,EUR,5727.58
AR-NL01-202511-0001,NL01,C008,2025-11-07,2025-12-22,2025-12-08,EUR,9373.38
AR-NL01-202511-0002,NL01,C018,2025-11-29,2026-01-13,2025-12-18,EUR,2053.77
AR-NL01-202511-0003,NL01,C002,2025-11-15,2025-12-15,2025-12-10,EUR,4217.19
AR-NL01-202511-0004,NL01,C005,2025-11-11,2025-12-11,2025-12-20,EUR,18735.38
AR-NL01-202511-0005,NL01,C038,2025-11-24,2025-12-24,2026-01-24,EUR,3941.67
AR-NL01-202511-0006,NL01,C033,2025-11-08,2025-12-23,2026-01-11,EUR,16709.35
AR-NL01-202511-0007,NL01,C017,2025-11-09,2025-12-24,2025-11-30,EUR,19165.06
AR-NL01-202511-0008,NL01,C009,2025-11-28,2025-12-28,2025-12-21,EUR,3907.82
AR-NL01-202511-0009,NL01,C002,2025-11-27,2025-12-27,2025-12-24,EUR,32720.67
AR-NL01-202511-0010,NL01,C011,2025-11-30,2025-12-30,2025-12-26,EUR,15118.45
AR-NL01-202511-0011,NL01,C013,2025-11-29,2025-12-29,2025-12-20,EUR,30923.64
AR-NL01-202511-0012,NL01,C037,2025-11-30,2025-12-30,2026-01-03,EUR,14460.86
AR-NL01-202511-0013,NL01,C027,2025-11-01,2025-12-01,2025-12-05,EUR,5031.72
AR-NL01-202511-0014,NL01,C004,2025-11-29,2025-12-29,2025-12-31,EUR,19115.46
AR-NL01-202511-0015,NL01,C033,2025-11-09,2025-12-09,2025-12-06,EUR,30535.76
AR-NL01-202511-0016,NL01,C009,2025-11-09,2025-12-09,2026-01-07,EUR,15751.47
AR-NL01-202511-0017,NL01,C030,2025-11-13,2025-12-13,2025-12-11,EUR,2018.48
AR-NL01-202511-0018,NL01,C034,2025-11-30,2025-12-30,2025-12-30,EUR,2712.81
AR-NL01-202511-0019,NL01,C015,2025-11-05,2025-12-05,2025-12-08,EUR,9166.43
AR-NL01-202511-0020,NL01,C028,2025-11-03,2025-12-03,2025-11-28,EUR,4574.71
AR-NL01-202511-0021,NL01,C027,2025-11-16,2025-12-31,2025-12-25,EUR,13577.1
AR-NL01-202511-0022,NL01,C019,2025-11-04,2025-12-19,2025-12-18,EUR,4544.05
AR-NL01-202511-0023,NL01,C009,2025-11-14,2025-12-14,2026-01-09,EUR,5703.88
AR-NL01-202511-0024,NL01,C010,2025-11-25,2026-01-09,2025-12-26,EUR,35556.34
AR-NL01-202511-0025,NL01,C007,2025-11-08,2025-12-08,2025-12-23,EUR,4207.22
AR-NL01-202511-0026,NL01,C006,2025-11-14,2025-12-14,2025-12-19,EUR,2523.41
AR-NL01-202511-0027,NL01,C028,2025-11-07,2025-12-07,2026-01-06,EUR,2925.82
AR-NL01-202511-0028,NL01,C029,2025-11-21,2025-12-21,2025-12-28,EUR,2935.09
AR-NL01-202511-0029,NL01,C023,2025-11-02,2025-12-02,2025-12-08,EUR,3969.43
AR-NL01-202511-0030,NL01,C029,2025-11-05,2025-12-20,2025-12-23,EUR,2680.88
AR-NL01-202511-0031,NL01,C020,2025-11-18,2025-12-18,2025-12-25,EUR,9092.99
AR-NL01-202511-0032,NL01,C031,2025-11-02,2025-12-02,2025-12-25,EUR,3934.12
AR-NL01-202511-0033,NL01,C011,2025-11-15,2025-12-15,2025-12-06,EUR,5405.64
AR-NL01-202511-0034,NL01,C016,2025-11-11,2025-12-11,2025-12-23,EUR,9069.61
AR-NL01-202511-0035,NL01,C030,2025-11-23,2026-01-07,2025-12-20,EUR,11435.5
AR-NL01-202511-0036,NL01,C039,2025-11-26,2025-12-26,2025-12-25,EUR,28498.21
AR-NL01-202511-0037,NL01,C015,2025-11-21,2025-12-21,2026-02-14,EUR,19570.94
AR-NL01-202511-0038,NL01,C040,2025-11-06,2025-12-06,2025-12-22,EUR,18084.39
AR-NL01-202511-0039,NL01,C005,2025-11-01,2025-12-01,2025-11-25,EUR,15566.73
AR-NL01-202511-0040,NL01,C026,2025-11-08,2025-12-23,2025-12-18,EUR,25785.08
AR-NL01-202511-0041,NL01,C036,2025-11-25,2025-12-25,2026-01-11,EUR,26717.55
AR-NL01-202511-0042,NL01,C035,2025-11-19,2025-12-19,2025-12-13,EUR,11624.89
AR-NL01-202511-0043,NL01,C025,2025-11-22,2026-01-06,2025-12-15,EUR,2120.23
AR-NL01-202511-0044,NL01,C007,2025-11-05,2025-12-05,2025-12-26,EUR,3703.72
AR-NL01-202511-0045,NL01,C022,2025-11-26,2025-12-26,2026-01-08,EUR,20551.1
AR-NL01-202511-0046,NL01,C001,2025-11-05,2025-12-05,2025-12-05,EUR,3333.02
AR-NL01-202511-0047,NL01,C037,2025-11-09,2025-12-24,2025-12-04,EUR,9905.91
AR-NL01-202511-0048,NL01,C008,2025-11-05,2025-12-05,2025-11-30,EUR,15764.41
AR-NL01-202511-0049,NL01,C016,2025-11-11,2025-12-11,2025-12-08,EUR,3508.69
AR-NL01-202511-0050,NL01,C007,2025-11-07,2025-12-07,2025-12-31,EUR,1150.19
AR-NL01-202511-0051,NL01,C033,2025-11-02,2025-12-02,2025-12-12,EUR,6410.19
AR-NL01-202511-0052,NL01,C026,2025-11-01,2025-12-01,2025-12-19,EUR,13656.72
AR-NL01-202511-0053,NL01,C028,2025-11-14,2025-12-14,2025-12-13,EUR,4311.63
AR-NL01-202511-0054,NL01,C038,2025-11-29,2025-12-29,2025-12-25,EUR,4240.26
AR-NL01-202511-0055,NL01,C038,2025-11-30,2026-01-14,2025-12-23,EUR,41689.75
AR-NL01-202511-0056,NL01,C017,2025-11-23,2025-12-23,2025-12-28,EUR,6394.25
AR-NL01-202511-0057,NL01,C034,2025-11-13,2025-12-28,2026-01-03,EUR,6165.82
AR-NL01-202511-0058,NL01,C001,2025-11-05,2025-12-05,2025-11-23,EUR,1944.15
AR-NL01-202511-0059,NL01,C016,2025-11-29,2025-12-29,2026-01-13,EUR,7518.38
AR-NL01-202511-0060,NL01,C014,2025-11-28,2026-01-12,2025-12-23,EUR,15841.25
AR-NL01-202511-0061,NL01,C023,2025-11-09,2025-12-09,2025-12-16,EUR,2751.93
AR-NL01-202511-0062,NL01,C018,2025-11-08,2025-12-08,2025-12-10,EUR,6792.15
AR-NL01-202511-0063,NL01,C020,2025-11-08,2025-12-23,2026-01-01,EUR,10911.67
AR-NL01-202511-0064,NL01,C039,2025-11-17,2025-12-17,2025-12-25,EUR,1490.58
AR-NL01-202511-0065,NL01,C025,2025-11-13,2025-12-28,2026-01-10,EUR,8467.83
AR-NL01-202511-0066,NL01,C030,2025-11-04,2025-12-19,2025-12-11,EUR,19473.84
AR-NL01-202511-0067,NL01,C007,2025-11-24,2025-12-24,2025-12-24,EUR,3972.51
AR-NL01-202511-0068,NL01,C009,2025-11-12,2025-12-12,2025-12-27,EUR,6166.52
AR-NL01-202511-0069,NL01,C036,2025-11-30,2025-12-30,2026-01-02,EUR,4407.15
AR-NL01-202511-0070,NL01,C006,2025-11-25,2026-01-09,2025-12-25,EUR,19829.64
AR-NL01-202511-0071,NL01,C007,2025-11-28,2026-01-12,2025-12-27,EUR,10886.36
AR-NL01-202511-0072,NL01,C040,2025-11-02,2025-12-17,2025-12-06,EUR,10456.46
AR-NL01-202511-0073,NL01,C015,2025-11-16,2025-12-16,2025-12-05,EUR,11588.39
AR-NL01-202511-0074,NL01,C012,2025-11-04,2025-12-04,2025-12-22,EUR,10802.49
AR-NL01-202511-0075,NL01,C021,2025-11-11,2025-12-11,2025-12-09,EUR,22141.85
AR-NL01-202511-0076,NL01,C040,2025-11-28,2025-12-28,2026-01-01,EUR,2928.1
AR-NL01-202511-0077,NL01,C014,2025-11-01,2025-12-16,2025-12-05,EUR,8458.57
AR-NL01-202511-0078,NL01,C024,2025-11-05,2025-12-05,2025-12-10,EUR,12969.8
AR-NL01-202511-0079,NL01,C024,2025-11-12,2025-12-27,2025-12-08,EUR,22826.69
AR-NL01-202511-0080,NL01,C023,2025-11-27,2025-12-27,2025-12-22,EUR,25807.5
AR-NL01-202511-0081,NL01,C036,2025-11-26,2025-12-26,2025-12-28,EUR,16880.67
AR-NL01-202511-0082,NL01,C037,2025-11-20,2025-12-20,2025-12-06,EUR,60174.97
AR-NL01-202511-0083,NL01,C001,2025-11-04,2025-12-04,2025-11-24,EUR,20874.41
AR-NL01-202511-0084,NL01,C034,2025-11-06,2025-12-06,2025-11-30,EUR,19030.84
AR-NL01-202511-0085,NL01,C038,2025-11-27,2026-01-11,2026-01-16,EUR,3693.79
AR-NL01-202511-0086,NL01,C021,2025-11-14,2025-12-14,2026-01-08,EUR,4854.7
AR-NL01-202511-0087,NL01,C027,2025-11-08,2025-12-08,2025-12-13,EUR,45128.02
AR-NL01-202511-0088,NL01,C014,2025-11-05,2025-12-05,2025-11-26,EUR,17555.46
AR-NL01-202511-0089,NL01,C035,2025-11-25,2025-12-25,2026-01-16,EUR,7132.98
AR-NL01-202511-0090,NL01,C016,2025-11-29,2025-12-29,2025-12-25,EUR,3337.56
AR-NL01-202511-0091,NL01,C031,2025-11-05,2025-12-05,2025-12-18,EUR,2438.14
AR-NL01-202511-0092,NL01,C020,2025-11-24,2025-12-24,2025-12-19,EUR,12983.75
AR-NL01-202511-0093,NL01,C009,2025-11-30,2026-01-14,2026-01-10,EUR,2332.81
AR-NL01-202511-0094,NL01,C016,2025-11-24,2025-12-24,2025-12-26,EUR,37125.42
AR-NL01-202511-0095,NL01,C009,2025-11-06,2025-12-06,2025-12-08,EUR,12461.6
AR-NL01-202511-0096,NL01,C006,2025-11-19,2026-01-03,2026-01-01,EUR,14284.85
AR-NL01-202511-0097,NL01,C023,2025-11-06,2025-12-06,2025-12-31,EUR,9864.22
AR-NL01-202511-0098,NL01,C001,2025-11-05,2025-12-05,2025-12-02,EUR,18420.6
AR-NL01-202511-0099,NL01,C005,2025-11-10,2025-12-25,2026-01-01,EUR,8060.2
AR-NL01-202511-0100,NL01,C015,2025-11-01,2025-12-01,2025-12-23,EUR,4981.02
AR-NL01-202511-0101,NL01,C039,2025-11-11,2025-12-11,2025-12-25,EUR,12017.15
AR-NL01-202511-0102,NL01,C024,2025-11-15,2025-12-15,2025-12-14,EUR,1374.08
AR-NL01-202511-0103,NL01,C036,2025-11-20,2025-12-20,2025-12-26,EUR,10067.15
AR-NL01-202511-0104,NL01,C024,2025-11-29,2025-12-29,2025-12-20,EUR,11246.6
AR-NL01-202511-0105,NL01,C019,2025-11-07,2025-12-07,2025-12-09,EUR,21861.72
AR-NL01-202511-0106,NL01,C029,2025-11-13,2025-12-28,2025-12-25,EUR,5970.35
AR-NL01-202511-0107,NL01,C034,2025-11-15,2025-12-15,2026-01-20,EUR,33689.63
AR-NL01-202511-0108,NL01,C027,2025-11-27,2025-12-27,2026-01-01,EUR,3364.63
AR-NL01-202511-0109,NL01,C033,2025-11-28,2026-01-12,2026-01-06,EUR,19051.74
AR-NL01-202511-0110,NL01,C019,2025-11-29,2025-12-29,2026-01-03,EUR,8827.27
AR-NL01-202511-0111,NL01,C012,2025-11-15,2025-12-15,2025-12-13,EUR,18604.76
AR-NL01-202511-0112,NL01,C030,2025-11-05,2025-12-05,2025-12-13,EUR,3209.66
AR-NL01-202511-0113,NL01,C011,2025-11-16,2025-12-31,2026-01-04,EUR,13753.61
AR-NL01-202511-0114,NL01,C034,2025-11-12,2025-12-27,2025-12-21,EUR,7527.61
AR-NL01-202511-0115,NL01,C005,2025-11-08,2025-12-08,2026-01-09,EUR,10382.38
AR-NL01-202511-0116,NL01,C021,2025-11-11,2025-12-11,2025-12-12,EUR,11040.91
AR-NL01-202511-0117,NL01,C002,2025-11-25,2025-12-25,2025-12-30,EUR,9196.99
AR-NL01-202511-0118,NL01,C008,2025-11-23,2025-12-23,2026-01-01,EUR,8040.53
AR-NL01-202511-0119,NL01,C007,2025-11-06,2025-12-21,2025-12-13,EUR,8360.02
AR-NL01-202511-0120,NL01,C023,2025-11-22,2026-01-06,2026-01-08,EUR,3973.19
AR-NL01-202511-0121,NL01,C002,2025-11-10,2025-12-10,2025-12-28,EUR,10407.03
AR-NL01-202512-0001,NL01,C020,2025-12-25,2026-01-24,2026-01-26,EUR,832855.77
AR-NL01-202512-0002,NL01,C026,2025-12-13,2026-01-12,2026-01-22,EUR,2634.99
AR-NL01-202512-0003,NL01,C033,2025-12-17,2026-01-31,2026-01-14,EUR,4288.69
AR-NL01-202512-0004,NL01,C036,2025-12-03,2026-01-02,2025-12-27,EUR,2289.66
AR-NL01-202512-0005,NL01,C038,2025-12-22,2026-02-05,2026-01-25,EUR,1955.2
AR-NL01-202512-0006,NL01,C002,2025-12-24,2026-01-23,2026-02-06,EUR,2004.36
AR-NL01-202512-0007,NL01,C034,2025-12-11,2026-01-10,2026-01-17,EUR,16856.49
AR-NL01-202512-0008,NL01,C031,2025-12-29,2026-02-12,2026-01-28,EUR,5629.12
AR-NL01-202512-0009,NL01,C038,2025-12-17,2026-01-31,2026-01-23,EUR,1728.0
AR-NL01-202512-0010,NL01,C032,2025-12-03,2026-01-17,2026-02-14,EUR,10962.45
AR-NL01-202512-0011,NL01,C015,2025-12-10,2026-01-24,2026-01-09,EUR,8745.7
AR-NL01-202512-0012,NL01,C032,2025-12-11,2026-01-10,2026-01-12,EUR,18277.53
AR-NL01-202512-0013,NL01,C017,2025-12-27,2026-01-26,2026-02-09,EUR,8130.55
AR-NL01-202512-0014,NL01,C021,2025-12-16,2026-01-15,2026-01-02,EUR,24521.15
AR-NL01-202512-0015,NL01,C029,2025-12-15,2026-01-14,2026-02-09,EUR,12244.47
AR-NL01-202512-0016,NL01,C038,2025-12-18,2026-01-17,2026-01-21,EUR,3387.81
AR-NL01-202512-0017,NL01,C016,2025-12-22,2026-01-21,2026-01-22,EUR,12785.39
AR-NL01-202512-0018,NL01,C002,2025-12-19,2026-02-02,2026-01-21,EUR,4530.76
AR-NL01-202512-0019,NL01,C003,2025-12-08,2026-01-07,2026-01-07,EUR,18957.86
AR-NL01-202512-0020,NL01,C038,2025-12-17,2026-01-31,2026-01-17,EUR,10027.39
AR-NL01-202512-0021,NL01,C006,2025-12-07,2026-01-21,2026-01-04,EUR,4931.41
AR-NL01-202512-0022,NL01,C018,2025-12-06,2026-01-05,2025-12-26,EUR,9026.59
AR-NL01-202512-0023,NL01,C034,2025-12-02,2026-01-01,2025-12-31,EUR,17971.61
AR-NL01-202512-0024,NL01,C018,2025-12-20,2026-01-19,2026-01-17,EUR,4521.86
AR-NL01-202512-0025,NL01,C023,2025-12-10,2026-01-24,2026-02-21,EUR,20491.14
AR-NL01-202512-0026,NL01,C032,2025-12-05,2026-01-04,2026-01-27,EUR,3169.94
AR-NL01-202512-0027,NL01,C019,2025-12-05,2026-01-19,2025-12-28,EUR,4884.76
AR-NL01-202512-0028,NL01,C004,2025-12-19,2026-01-18,2026-02-06,EUR,34397.35
AR-NL01-202512-0029,NL01,C038,2025-12-18,2026-01-17,2026-02-11,EUR,3596.47
AR-NL01-202512-0030,NL01,C023,2025-12-09,2026-01-23,2026-01-10,EUR,33103.47
AR-NL01-202512-0031,NL01,C020,2025-12-11,2026-01-25,2026-01-09,EUR,153543.86
AR-NL01-202512-0032,NL01,C040,2025-12-11,2026-01-10,2026-01-18,EUR,5802.83
AR-NL01-202512-0033,NL01,C024,2025-12-28,2026-01-27,2026-01-30,EUR,2458.88
AR-NL01-202512-0034,NL01,C039,2025-12-01,2025-12-31,2026-01-30,EUR,4467.95
AR-NL01-202512-0035,NL01,C020,2025-12-29,2026-02-12,2026-02-22,EUR,10931.48
AR-NL01-202512-0036,NL01,C029,2025-12-15,2026-01-14,2026-01-16,EUR,12765.98
AR-NL01-202512-0037,NL01,C006,2025-12-15,2026-01-14,2026-01-22,EUR,4606.02
AR-NL01-202512-0038,NL01,C037,2025-12-07,2026-01-21,2026-01-12,EUR,16421.8
AR-NL01-202512-0039,NL01,C028,2025-12-13,2026-01-12,2026-01-10,EUR,8220.87
AR-NL01-202512-0040,NL01,C002,2025-12-07,2026-01-06,2026-01-21,EUR,24463.86
AR-NL01-202512-0041,NL01,C032,2025-12-01,2025-12-31,2026-01-09,EUR,27010.49
AR-NL01-202512-0042,NL01,C011,2025-12-28,2026-01-27,2026-01-27,EUR,2020.57
AR-NL01-202512-0043,NL01,C004,2025-12-17,2026-01-16,2026-01-23,EUR,15524.21
AR-NL01-202512-0044,NL01,C037,2025-12-04,2026-01-18,2026-01-15,EUR,25237.25
AR-NL01-202512-0045,NL01,C018,2025-12-02,2026-01-01,2026-01-11,EUR,10998.94
AR-NL01-202512-0046,NL01,C002,2025-12-02,2026-01-16,2025-12-19,EUR,2672.13
AR-NL01-202512-0047,NL01,C031,2025-12-26,2026-01-25,2026-02-11,EUR,9495.84
AR-NL01-202512-0048,NL01,C002,2025-12-25,2026-01-24,2026-02-02,EUR,10693.77
AR-NL01-202512-0049,NL01,C010,2025-12-26,2026-01-25,2026-01-30,EUR,4943.04
AR-NL01-202512-0050,NL01,C026,2025-12-19,2026-01-18,2026-01-09,EUR,10450.98
AR-NL01-202512-0051,NL01,C011,2025-12-14,2026-01-13,2026-01-10,EUR,11884.57
AR-NL01-202512-0052,NL01,C039,2025-12-12,2026-01-11,2026-02-03,EUR,20741.08
AR-NL01-202512-0053,NL01,C035,2025-12-25,2026-01-24,2026-01-31,EUR,28968.52
AR-NL01-202512-0054,NL01,C028,2025-12-27,2026-02-10,2026-02-10,EUR,3550.51
AR-NL01-202512-0055,NL01,C017,2025-12-09,2026-01-08,2026-01-13,EUR,725.82
AR-NL01-202512-0056,NL01,C019,2025-12-23,2026-02-06,2026-01-25,EUR,1460.27
AR-NL01-202512-0057,NL01,C034,2025-12-13,2026-01-12,2026-02-08,EUR,1328.74
AR-NL01-202512-0058,NL01,C028,2025-12-23,2026-01-22,2026-02-04,EUR,25043.11
AR-NL01-202512-0059,NL01,C027,2025-12-07,2026-01-06,2026-01-04,EUR,13110.81
AR-NL01-202512-0060,NL01,C022,2025-12-10,2026-01-24,2026-01-23,EUR,6965.31
AR-NL01-202512-0061,NL01,C017,2025-12-13,2026-01-12,2026-01-15,EUR,1108.14
AR-NL01-202512-0062,NL01,C015,2025-12-25,2026-01-24,2026-01-10,EUR,694.64
AR-NL01-202512-0063,NL01,C031,2025-12-26,2026-02-09,2026-01-17,EUR,15696.7
AR-NL01-202512-0064,NL01,C008,2025-12-20,2026-02-03,2026-01-09,EUR,2971.25
AR-NL01-202512-0065,NL01,C032,2025-12-03,2026-01-17,2025-12-27,EUR,9601.02
AR-NL01-202512-0066,NL01,C004,2025-12-15,2026-01-14,2026-01-18,EUR,8396.77
AR-NL01-202512-0067,NL01,C025,2025-12-02,2026-01-01,2026-01-05,EUR,8573.5
AR-NL01-202512-0068,NL01,C029,2025-12-27,2026-01-26,2026-02-04,EUR,8727.09
AR-NL01-202512-0069,NL01,C029,2025-12-17,2026-01-16,2026-02-06,EUR,8439.37
AR-NL01-202512-0070,NL01,C039,2025-12-31,2026-02-14,2026-02-12,EUR,4363.59
AR-NL01-202512-0071,NL01,C032,2025-12-01,2026-01-15,2026-01-19,EUR,4805.66
AR-NL01-202512-0072,NL01,C024,2025-12-04,2026-01-03,2026-01-24,EUR,11564.02
AR-NL01-202512-0073,NL01,C035,2025-12-14,2026-01-13,2026-01-24,EUR,9775.87
AR-NL01-202512-0074,NL01,C024,2025-12-02,2026-01-16,2026-01-02,EUR,18130.69
AR-NL01-202512-0075,NL01,C023,2025-12-25,2026-01-24,2026-01-26,EUR,7175.16
AR-NL01-202512-0076,NL01,C013,2025-12-02,2026-01-16,2025-12-30,EUR,28610.73
AR-NL01-202512-0077,NL01,C024,2025-12-24,2026-01-23,2026-02-11,EUR,12440.26
AR-NL01-202512-0078,NL01,C017,2025-12-01,2026-01-15,2026-01-16,EUR,49130.45
AR-NL01-202512-0079,NL01,C004,2025-12-28,2026-01-27,2026-03-14,EUR,3387.44
AR-NL01-202512-0080,NL01,C002,2025-12-01,2025-12-31,2026-01-02,EUR,7479.25
AR-NL01-202512-0081,NL01,C013,2025-12-14,2026-01-28,2026-01-18,EUR,7930.25
AR-NL01-202512-0082,NL01,C024,2025-12-24,2026-02-07,2026-01-27,EUR,32687.51
AR-NL01-202512-0083,NL01,C040,2025-12-11,2026-01-10,2026-01-17,EUR,5001.99
AR-NL01-202512-0084,NL01,C021,2025-12-31,2026-02-14,2026-02-04,EUR,4995.53
AR-NL01-202512-0085,NL01,C037,2025-12-01,2025-12-31,2025-12-31,EUR,4476.46
AR-NL01-202512-0086,NL01,C015,2025-12-22,2026-01-21,2026-01-16,EUR,25450.47
AR-NL01-202512-0087,NL01,C031,2025-12-19,2026-01-18,2026-03-08,EUR,18118.87
AR-NL01-202512-0088,NL01,C001,2025-12-20,2026-01-19,2026-01-21,EUR,4992.24
AR-NL01-202512-0089,NL01,C013,2025-12-08,2026-01-07,2026-01-31,EUR,3082.31
AR-NL01-202512-0090,NL01,C040,2025-12-13,2026-01-12,2026-01-23,EUR,3756.53
AR-NL01-202512-0091,NL01,C024,2025-12-09,2026-01-08,2026-01-22,EUR,5651.64
AR-NL01-202512-0092,NL01,C006,2025-12-05,2026-01-04,2026-01-06,EUR,17518.4
AR-NL01-202512-0093,NL01,C033,2025-12-21,2026-01-20,2026-02-07,EUR,22261.36
AR-NL01-202512-0094,NL01,C027,2025-12-28,2026-01-27,2026-02-05,EUR,2986.18
AR-NL01-202512-0095,NL01,C001,2025-12-14,2026-01-28,2026-01-09,EUR,7323.43
AR-NL01-202512-0096,NL01,C019,2025-12-27,2026-02-10,2026-01-25,EUR,15454.59
AR-NL01-202512-0097,NL01,C031,2025-12-24,2026-02-07,2026-01-11,EUR,8988.23
AR-NL01-202512-0098,NL01,C036,2025-12-26,2026-01-25,2026-02-12,EUR,19775.5
AR-NL01-202512-0099,NL01,C038,2025-12-31,2026-02-14,2026-03-25,EUR,14891.2
AR-NL01-202512-0100,NL01,C038,2025-12-31,2026-01-30,2026-02-02,EUR,36229.96
AR-NL01-202512-0101,NL01,C025,2025-12-03,2026-01-17,2026-01-01,EUR,941.78
AR-NL01-202512-0102,NL01,C034,2025-12-27,2026-01-26,2026-01-28,EUR,5040.93
AR-NL01-202512-0103,NL01,C030,2025-12-06,2026-01-05,2025-12-29,EUR,3192.18
AR-NL01-202512-0104,NL01,C023,2025-12-15,2026-01-14,2026-01-10,EUR,5148.37
AR-NL01-202512-0105,NL01,C026,2025-12-12,2026-01-11,2026-01-22,EUR,21251.24
AR-NL01-202512-0106,NL01,C038,2025-12-09,2026-01-08,2026-01-16,EUR,19585.67
AR-NL01-202512-0107,NL01,C009,2025-12-10,2026-01-09,2026-01-28,EUR,3338.54
AR-NL01-202512-0108,NL01,C029,2025-12-25,2026-02-08,2026-01-27,EUR,10687.6
AR-NL01-202512-0109,NL01,C039,2025-12-18,2026-02-01,2026-01-28,EUR,6063.99
AR-NL01-202512-0110,NL01,C001,2025-12-03,2026-01-02,2025-12-25,EUR,3733.86
AR-NL01-202512-0111,NL01,C020,2025-12-12,2026-01-26,2026-01-16,EUR,4113.66
AR-NL01-202512-0112,NL01,C036,2025-12-20,2026-01-19,2026-01-10,EUR,5374.57
AR-NL01-202512-0113,NL01,C011,2025-12-28,2026-02-11,2026-02-18,EUR,5926.58
AR-NL01-202512-0114,NL01,C009,2025-12-18,2026-01-17,2026-02-03,EUR,14576.4
AR-NL01-202512-0115,NL01,C018,2025-12-14,2026-01-28,2026-01-16,EUR,1271.56
AR-NL01-202512-0116,NL01,C021,2025-12-27,2026-01-26,2026-02-23,EUR,4284.11
AR-NL01-202512-0117,NL01,C012,2025-12-07,2026-01-06,2026-01-14,EUR,3172.07
AR-NL01-202512-0118,NL01,C013,2025-12-26,2026-02-09,2026-01-19,EUR,9952.21
AR-NL01-202512-0119,NL01,C040,2025-12-05,2026-01-19,2026-01-15,EUR,21346.55
AR-NL01-202512-0120,NL01,C040,2025-12-29,2026-01-28,2026-01-22,EUR,4616.05
AR-NL01-202512-0121,NL01,C034,2025-12-05,2026-01-19,2026-02-12,EUR,13671.5
AR-NL01-202512-0122,NL01,C012,2025-12-01,2025-12-31,2026-01-04,EUR,7801.54
AR-NL01-202512-0123,NL01,C031,2025-12-04,2026-01-03,2025-12-31,EUR,5989.19
AR-NL01-202512-0124,NL01,C020,2025-12-09,2026-01-08,2026-02-18,EUR,11373.27
AR-NL01-202512-0125,NL01,C028,2025-12-29,2026-01-28,2026-01-30,EUR,55270.36
AR-NL01-202512-0126,NL01,C026,2025-12-27,2026-01-26,2026-03-06,EUR,3957.93
AR-NL01-202512-0127,NL01,C024,2025-12-20,2026-01-19,2026-01-21,EUR,8015.02
AR-NL01-202512-0128,NL01,C010,2025-12-03,2026-01-17,2025-12-22,EUR,4625.6
AR-NL01-202512-0129,NL01,C018,2025-12-16,2026-01-15,2026-01-28,EUR,5724.75
AR-NL01-202512-0130,NL01,C012,2025-12-12,2026-01-26,2026-02-01,EUR,2584.96
AR-NL01-202512-0131,NL01,C022,2025-12-08,2026-01-22,2026-01-04,EUR,11336.74
AR-NL01-202512-0132,NL01,C037,2025-12-22,2026-02-05,2026-01-19,EUR,9494.29
AR-NL01-202512-0133,NL01,C019,2025-12-19,2026-02-02,2026-01-08,EUR,25682.9
AR-PL01-202401-0001,PL01,C011,2024-01-27,2024-03-12,2024-03-04,PLN,31913.66
AR-PL01-202401-0002,PL01,C037,2024-01-01,2024-01-31,2024-02-25,PLN,26052.02
AR-PL01-202401-0003,PL01,C040,2024-01-15,2024-02-29,2024-03-05,PLN,34085.83
AR-PL01-202401-0004,PL01,C018,2024-01-10,2024-02-09,2024-02-07,PLN,8280.86
AR-PL01-202401-0005,PL01,C018,2024-01-26,2024-03-11,2024-03-29,PLN,65439.66
AR-PL01-202401-0006,PL01,C008,2024-01-29,2024-02-28,2024-03-26,PLN,10620.66
AR-PL01-202401-0007,PL01,C003,2024-01-12,2024-02-11,2024-02-03,PLN,7567.64
AR-PL01-202401-0008,PL01,C034,2024-01-18,2024-02-17,2024-03-21,PLN,34562.01
AR-PL01-202401-0009,PL01,C015,2024-01-23,2024-02-22,2024-03-06,PLN,18014.22
AR-PL01-202401-0010,PL01,C036,2024-01-10,2024-02-09,2024-02-22,PLN,31475.39
AR-PL01-202401-0011,PL01,C001,2024-01-22,2024-03-07,2024-03-08,PLN,14597.13
AR-PL01-202401-0012,PL01,C021,2024-01-07,2024-02-06,2024-02-12,PLN,10661.1
AR-PL01-202401-0013,PL01,C038,2024-01-10,2024-02-24,2024-02-01,PLN,8924.1
AR-PL01-202401-0014,PL01,C025,2024-01-15,2024-02-14,2024-02-25,PLN,79782.12
AR-PL01-202401-0015,PL01,C027,2024-01-25,2024-03-10,2024-02-27,PLN,4181.16
AR-PL01-202401-0016,PL01,C017,2024-01-21,2024-02-20,2024-03-01,PLN,6192.68
AR-PL01-202401-0017,PL01,C024,2024-01-12,2024-02-11,2024-03-04,PLN,45744.55
AR-PL01-202401-0018,PL01,C021,2024-01-17,2024-02-16,2024-05-06,PLN,8152.82
AR-PL01-202401-0019,PL01,C009,2024-01-21,2024-02-20,2024-03-16,PLN,28823.03
AR-PL01-202401-0020,PL01,C010,2024-01-01,2024-01-31,2024-02-19,PLN,6383.81
AR-PL01-202401-0021,PL01,C019,2024-01-08,2024-02-07,2024-02-27,PLN,30121.98
AR-PL01-202401-0022,PL01,C007,2024-01-01,2024-01-31,2024-03-12,PLN,16070.24
AR-PL01-202401-0023,PL01,C031,2024-01-30,2024-02-29,2024-03-08,PLN,38523.47
AR-PL01-202401-0024,PL01,C034,2024-01-23,2024-02-22,2024-03-05,PLN,12209.63
AR-PL01-202401-0025,PL01,C032,2024-01-14,2024-02-28,2024-02-25,PLN,8308.82
AR-PL01-202401-0026,PL01,C009,2024-01-23,2024-02-22,2024-02-19,PLN,28408.72
AR-PL01-202401-0027,PL01,C001,2024-01-17,2024-02-16,2024-05-03,PLN,38471.36
AR-PL01-202401-0028,PL01,C021,2024-01-05,2024-02-19,2024-02-23,PLN,11590.61
AR-PL01-202401-0029,PL01,C016,2024-01-18,2024-02-17,2024-03-30,PLN,31762.92
AR-PL01-202401-0030,PL01,C026,2024-01-29,2024-03-14,2024-03-21,PLN,16658.87
AR-PL01-202401-0031,PL01,C039,2024-01-22,2024-02-21,2024-03-15,PLN,5098.59
AR-PL01-202401-0032,PL01,C017,2024-01-05,2024-02-04,2024-02-28,PLN,53538.11
AR-PL01-202401-0033,PL01,C019,2024-01-13,2024-02-12,2024-03-09,PLN,20353.52
AR-PL01-202401-0034,PL01,C003,2024-01-21,2024-03-06,2024-03-13,PLN,5775.33
AR-PL01-202401-0035,PL01,C023,2024-01-14,2024-02-13,2024-02-28,PLN,11003.26
AR-PL01-202401-0036,PL01,C040,2024-01-03,2024-02-17,2024-02-16,PLN,35751.19
AR-PL01-202401-0037,PL01,C032,2024-01-24,2024-03-09,2024-05-17,PLN,1424.51
AR-PL01-202401-0038,PL01,C024,2024-01-04,2024-02-03,2024-02-16,PLN,36944.51
AR-PL01-202401-0039,PL01,C014,2024-01-11,2024-02-10,2024-02-29,PLN,7291.28
AR-PL01-202401-0040,PL01,C027,2024-01-30,2024-03-15,2024-04-03,PLN,6888.04
AR-PL01-202401-0041,PL01,C007,2024-01-07,2024-02-06,2024-02-22,PLN,4682.51
AR-PL01-202401-0042,PL01,C012,2024-01-25,2024-02-24,2024-03-13,PLN,17915.39
AR-PL01-202401-0043,PL01,C024,2024-01-28,2024-03-13,2024-03-26,PLN,2783.29
AR-PL01-202401-0044,PL01,C031,2024-01-19,2024-02-18,2024-03-01,PLN,38118.21
AR-PL01-202401-0045,PL01,C010,2024-01-22,2024-02-21,2024-02-27,PLN,78462.11
AR-PL01-202401-0046,PL01,C035,2024-01-01,2024-01-31,2024-02-07,PLN,12806.18
AR-PL01-202401-0047,PL01,C003,2024-01-31,2024-03-01,2024-02-29,PLN,4816.78
AR-PL01-202401-0048,PL01,C032,2024-01-25,2024-02-24,2024-03-26,PLN,21244.03
AR-PL01-202401-0049,PL01,C027,2024-01-20,2024-02-19,2024-03-06,PLN,552919.2
AR-PL01-202401-0050,PL01,C001,2024-01-07,2024-02-06,2024-02-08,PLN,35942.93
AR-PL01-202401-0051,PL01,C008,2024-01-27,2024-03-12,2024-03-03,PLN,15628.11
AR-PL01-202402-0001,PL01,C008,2024-02-14,2024-03-15,2024-04-25,PLN,21635.29
AR-PL01-202402-0002,PL01,C008,2024-02-09,2024-03-10,2024-03-11,PLN,20471.89
AR-PL01-202402-0003,PL01,C028,2024-02-09,2024-03-10,2024-03-31,PLN,21569.74
AR-PL01-202402-0004,PL01,C033,2024-02-28,2024-03-29,2024-04-07,PLN,11474.1
AR-PL01-202402-0005,PL01,C007,2024-02-17,2024-03-18,2024-04-12,PLN,33007.45
AR-PL01-202402-0006,PL01,C010,2024-02-29,2024-03-30,2024-04-19,PLN,23204.34
AR-PL01-202402-0007,PL01,C005,2024-02-27,2024-03-28,2024-04-11,PLN,13067.68
AR-PL01-202402-0008,PL01,C018,2024-02-26,2024-03-27,2024-03-26,PLN,17849.14
AR-PL01-202402-0009,PL01,C021,2024-02-04,2024-03-05,2024-03-09,PLN,10441.82
AR-PL01-202402-0010,PL01,C015,2024-02-08,2024-03-09,2024-03-06,PLN,6102.21
AR-PL01-202402-0011,PL01,C038,2024-02-19,2024-03-20,2024-03-26,PLN,49556.7
AR-PL01-202402-0012,PL01,C010,2024-02-10,2024-03-26,2024-03-26,PLN,14992.08
AR-PL01-202402-0013,PL01,C027,2024-02-06,2024-03-22,2024-03-16,PLN,11112.83
AR-PL01-202402-0014,PL01,C024,2024-02-07,2024-03-08,2024-03-23,PLN,88001.47
AR-PL01-202402-0015,PL01,C008,2024-02-02,2024-03-03,2024-03-10,PLN,19886.01
AR-PL01-202402-0016,PL01,C032,2024-02-28,2024-03-29,2024-04-02,PLN,45951.49
AR-PL01-202402-0017,PL01,C001,2024-02-16,2024-03-17,2024-03-13,PLN,33118.33
AR-PL01-202402-0018,PL01,C013,2024-02-12,2024-03-13,2024-04-05,PLN,103046.35
AR-PL01-202402-0019,PL01,C004,2024-02-03,2024-03-19,2024-03-21,PLN,18844.84
AR-PL01-202402-0020,PL01,C032,2024-02-19,2024-03-20,2024-03-21,PLN,76914.02
AR-PL01-202402-0021,PL01,C018,2024-02-15,2024-03-16,2024-04-12,PLN,32410.79
AR-PL01-202402-0022,PL01,C021,2024-02-10,2024-03-11,2024-04-08,PLN,9726.23
AR-PL01-202402-0023,PL01,C029,2024-02-03,2024-03-04,2024-03-17,PLN,33394.66
AR-PL01-202402-0024,PL01,C037,2024-02-27,2024-03-28,2024-04-02,PLN,15437.15
AR-PL01-202402-0025,PL01,C009,2024-02-22,2024-04-07,2024-04-21,PLN,27701.53
AR-PL01-202402-0026,PL01,C017,2024-02-25,2024-03-26,2024-04-28,PLN,27436.6
AR-PL01-202402-0027,PL01,C013,2024-02-17,2024-03-18,2024-04-05,PLN,42015.85
AR-PL01-202402-0028,PL01,C004,2024-02-25,2024-04-10,2024-04-12,PLN,19536.8
AR-PL01-202402-0029,PL01,C026,2024-02-13,2024-03-29,2024-03-09,PLN,65798.11
AR-PL01-202402-0030,PL01,C035,2024-02-23,2024-03-24,2024-04-14,PLN,197972.1
AR-PL01-202402-0031,PL01,C027,2024-02-18,2024-03-19,2024-04-02,PLN,44290.7
AR-PL01-202402-0032,PL01,C011,2024-02-16,2024-04-01,2024-04-10,PLN,35484.21
AR-PL01-202402-0033,PL01,C011,2024-02-10,2024-03-11,2024-03-20,PLN,21599.76
AR-PL01-202402-0034,PL01,C011,2024-02-02,2024-03-18,2024-04-13,PLN,21676.94
AR-PL01-202402-0035,PL01,C007,2024-02-03,2024-03-04,2024-03-03,PLN,16863.6
AR-PL01-202402-0036,PL01,C039,2024-02-12,2024-03-28,2024-03-16,PLN,18360.51
AR-PL01-202402-0037,PL01,C017,2024-02-05,2024-03-06,2024-05-27,PLN,71380.13
AR-PL01-202402-0038,PL01,C012,2024-02-13,2024-03-14,2024-03-24,PLN,34169.59
AR-PL01-202402-0039,PL01,C037,2024-02-11,2024-03-27,2024-05-03,PLN,23410.04
AR-PL01-202402-0040,PL01,C001,2024-02-20,2024-03-21,2024-05-02,PLN,15500.36
AR-PL01-202402-0041,PL01,C036,2024-02-29,2024-03-30,2024-04-08,PLN,4516.47
AR-PL01-202402-0042,PL01,C013,2024-02-16,2024-03-17,2024-04-28,PLN,9404.94
AR-PL01-202402-0043,PL01,C035,2024-02-09,2024-03-10,2024-03-12,PLN,26384.5
AR-PL01-202402-0044,PL01,C025,2024-02-24,2024-03-25,2024-03-31,PLN,8540.45
AR-PL01-202402-0045,PL01,C001,2024-02-19,2024-03-20,2024-04-04,PLN,18650.08
AR-PL01-202402-0046,PL01,C010,2024-02-17,2024-03-18,2024-05-10,PLN,10223.36
AR-PL01-202402-0047,PL01,C032,2024-02-02,2024-03-18,2024-03-21,PLN,19525.36
AR-PL01-202402-0048,PL01,C012,2024-02-20,2024-03-21,2024-04-18,PLN,34046.68
AR-PL01-202402-0049,PL01,C017,2024-02-19,2024-03-20,2024-03-30,PLN,81903.85
AR-PL01-202402-0050,PL01,C011,2024-02-07,2024-03-23,2024-03-16,PLN,9029.83
AR-PL01-202402-0051,PL01,C032,2024-02-12,2024-03-13,2024-03-20,PLN,31062.05
AR-PL01-202402-0052,PL01,C039,2024-02-03,2024-03-19,2024-03-19,PLN,9682.67
AR-PL01-202402-0053,PL01,C006,2024-02-04,2024-03-05,2024-03-18,PLN,9651.92
AR-PL01-202403-0001,PL01,C038,2024-03-29,2024-05-13,2024-05-01,PLN,73638.28
AR-PL01-202403-0002,PL01,C028,2024-03-07,2024-04-21,2024-04-12,PLN,7907.38
AR-PL01-202403-0003,PL01,C031,2024-03-02,2024-04-01,2024-04-15,PLN,56743.44
AR-PL01-202403-0004,PL01,C005,2024-03-23,2024-04-22,2024-05-24,PLN,44887.86
AR-PL01-202403-0005,PL01,C015,2024-03-25,2024-05-09,2024-05-15,PLN,21709.93
AR-PL01-202403-0006,PL01,C014,2024-03-17,2024-04-16,2024-05-02,PLN,21716.21
AR-PL01-202403-0007,PL01,C004,2024-03-06,2024-04-20,2024-04-08,PLN,11671.1
AR-PL01-202403-0008,PL01,C031,2024-03-31,2024-04-30,2024-05-06,PLN,34912.71
AR-PL01-202403-0009,PL01,C020,2024-03-08,2024-04-07,2024-04-30,PLN,15789.0
AR-PL01-202403-0010,PL01,C002,2024-03-24,2024-04-23,2024-05-02,PLN,29409.37
AR-PL01-202403-0011,PL01,C031,2024-03-13,2024-04-12,2024-04-17,PLN,27670.17
AR-PL01-202403-0012,PL01,C038,2024-03-03,2024-04-02,2024-04-13,PLN,20294.44
AR-PL01-202403-0013,PL01,C027,2024-03-12,2024-04-26,2024-05-12,PLN,26359.66
AR-PL01-202403-0014,PL01,C006,2024-03-28,2024-04-27,2024-05-05,PLN,12893.51
AR-PL01-202403-0015,PL01,C020,2024-03-04,2024-04-03,2024-05-27,PLN,38592.22
AR-PL01-202403-0016,PL01,C003,2024-03-23,2024-05-07,2024-06-14,PLN,17550.39
AR-PL01-202403-0017,PL01,C002,2024-03-03,2024-04-02,2024-06-03,PLN,9146.76
AR-PL01-202403-0018,PL01,C023,2024-03-15,2024-04-14,2024-04-18,PLN,9551.66
AR-PL01-202403-0019,PL01,C012,2024-03-09,2024-04-23,2024-04-16,PLN,7563.75
AR-PL01-202403-0020,PL01,C036,2024-03-17,2024-05-01,2024-04-21,PLN,41426.46
AR-PL01-202403-0021,PL01,C031,2024-03-22,2024-05-06,2024-04-22,PLN,26585.23
AR-PL01-202403-0022,PL01,C040,2024-03-02,2024-04-01,2024-05-03,PLN,24502.43
AR-PL01-202403-0023,PL01,C005,2024-03-28,2024-05-12,2024-05-04,PLN,25811.94
AR-PL01-202403-0024,PL01,C023,2024-03-23,2024-04-22,2024-05-30,PLN,10379.37
AR-PL01-202403-0025,PL01,C029,2024-03-02,2024-04-01,2024-04-06,PLN,46468.23
AR-PL01-202403-0026,PL01,C036,2024-03-14,2024-04-13,2024-04-13,PLN,20161.72
AR-PL01-202403-0027,PL01,C018,2024-03-26,2024-05-10,2024-06-19,PLN,74287.41
AR-PL01-202403-0028,PL01,C010,2024-03-20,2024-04-19,2024-05-16,PLN,18242.35
AR-PL01-202403-0029,PL01,C009,2024-03-18,2024-04-17,2024-05-02,PLN,16402.56
AR-PL01-202403-0030,PL01,C018,2024-03-11,2024-04-10,2024-04-13,PLN,4480.66
AR-PL01-202403-0031,PL01,C037,2024-03-03,2024-04-17,2024-05-26,PLN,52729.58
AR-PL01-202403-0032,PL01,C036,2024-03-13,2024-04-12,2024-05-13,PLN,9498.2
AR-PL01-202403-0033,PL01,C023,2024-03-07,2024-04-06,2024-05-14,PLN,20172.62
AR-PL01-202403-0034,PL01,C039,2024-03-07,2024-04-06,2024-04-21,PLN,63325.41
AR-PL01-202403-0035,PL01,C038,2024-03-13,2024-04-27,2024-04-24,PLN,21029.3
AR-PL01-202403-0036,PL01,C007,2024-03-13,2024-04-12,2024-06-28,PLN,3812.6
AR-PL01-202403-0037,PL01,C037,2024-03-14,2024-04-13,2024-04-25,PLN,69564.78
AR-PL01-202403-0038,PL01,C013,2024-03-18,2024-04-17,2024-04-29,PLN,106284.06
AR-PL01-202403-0039,PL01,C015,2024-03-14,2024-04-13,2024-04-30,PLN,34414.53
AR-PL01-202403-0040,PL01,C028,2024-03-15,2024-04-14,2024-04-29,PLN,30994.53
AR-PL01-202403-0041,PL01,C031,2024-03-25,2024-04-24,2024-05-14,PLN,48072.99
AR-PL01-202403-0042,PL01,C027,2024-03-18,2024-05-02,2024-05-23,PLN,17213.62
AR-PL01-202403-0043,PL01,C029,2024-03-18,2024-04-17,2024-05-01,PLN,16315.89
AR-PL01-202403-0044,PL01,C035,2024-03-30,2024-04-29,2024-05-15,PLN,27915.69
AR-PL01-202403-0045,PL01,C026,2024-03-04,2024-04-03,2024-04-23,PLN,38423.59
AR-PL01-202403-0046,PL01,C025,2024-03-23,2024-04-22,2024-05-01,PLN,10705.62
AR-PL01-202403-0047,PL01,C014,2024-03-21,2024-05-05,2024-05-06,PLN,13077.68
AR-PL01-202403-0048,PL01,C004,2024-03-13,2024-04-27,2024-04-23,PLN,42512.2
AR-PL01-202403-0049,PL01,C031,2024-03-23,2024-04-22,2024-04-16,PLN,55256.65
AR-PL01-202403-0050,PL01,C028,2024-03-11,2024-04-25,2024-05-11,PLN,49205.26
AR-PL01-202403-0051,PL01,C004,2024-03-19,2024-04-18,2024-04-30,PLN,19338.79
AR-PL01-202403-0052,PL01,C028,2024-03-03,2024-04-17,2024-03-30,PLN,29817.7
AR-PL01-202403-0053,PL01,C038,2024-03-05,2024-04-19,2024-04-01,PLN,79320.66
AR-PL01-202403-0054,PL01,C006,2024-03-30,2024-05-14,2024-04-18,PLN,46215.7
AR-PL01-202403-0055,PL01,C007,2024-03-24,2024-05-08,2024-05-12,PLN,37474.85
AR-PL01-202403-0056,PL01,C010,2024-03-20,2024-05-04,2024-04-23,PLN,8429.81
AR-PL01-202403-0057,PL01,C017,2024-03-04,2024-04-18,2024-04-23,PLN,42059.84
AR-PL01-202404-0001,PL01,C036,2024-04-12,2024-05-27,2024-05-09,PLN,114867.11
AR-PL01-202404-0002,PL01,C016,2024-04-16,2024-05-16,2024-06-15,PLN,13853.18
AR-PL01-202404-0003,PL01,C006,2024-04-19,2024-05-19,2024-06-20,PLN,5932.8
AR-PL01-202404-0004,PL01,C023,2024-04-21,2024-05-21,2024-06-03,PLN,74768.41
AR-PL01-202404-0005,PL01,C017,2024-04-30,2024-05-30,2024-07-06,PLN,3012.62
AR-PL01-202404-0006,PL01,C017,2024-04-28,2024-05-28,2024-06-01,PLN,15135.56
AR-PL01-202404-0007,PL01,C023,2024-04-19,2024-06-03,2024-06-07,PLN,31511.88
AR-PL01-202404-0008,PL01,C032,2024-04-11,2024-05-11,2024-06-04,PLN,24499.37
AR-PL01-202404-0009,PL01,C007,2024-04-15,2024-05-15,2024-07-13,PLN,9568.19
AR-PL01-202404-0010,PL01,C019,2024-04-30,2024-05-30,2024-06-15,PLN,33122.74
AR-PL01-202404-0011,PL01,C009,2024-04-18,2024-05-18,2024-06-14,PLN,33252.72
AR-PL01-202404-0012,PL01,C014,2024-04-20,2024-05-20,2024-05-25,PLN,23816.14
AR-PL01-202404-0013,PL01,C037,2024-04-03,2024-05-18,2024-05-20,PLN,8827.04
AR-PL01-202404-0014,PL01,C039,2024-04-04,2024-05-19,2024-04-28,PLN,48292.14
AR-PL01-202404-0015,PL01,C011,2024-04-05,2024-05-05,2024-06-15,PLN,158060.84
AR-PL01-202404-0016,PL01,C015,2024-04-04,2024-05-04,2024-05-27,PLN,51955.21
AR-PL01-202404-0017,PL01,C017,2024-04-08,2024-05-08,2024-05-18,PLN,12613.46
AR-PL01-202404-0018,PL01,C015,2024-04-25,2024-05-25,2024-05-28,PLN,2270.09
AR-PL01-202404-0019,PL01,C028,2024-04-15,2024-05-30,2024-05-17,PLN,17938.85
AR-PL01-202404-0020,PL01,C003,2024-04-17,2024-05-17,2024-06-19,PLN,25939.27
AR-PL01-202404-0021,PL01,C031,2024-04-07,2024-05-22,2024-05-05,PLN,26809.92
AR-PL01-202404-0022,PL01,C009,2024-04-30,2024-05-30,2024-06-09,PLN,32495.32
AR-PL01-202404-0023,PL01,C017,2024-04-04,2024-05-04,2024-04-27,PLN,12500.52
AR-PL01-202404-0024,PL01,C022,2024-04-28,2024-06-12,2024-05-31,PLN,59528.47
AR-PL01-202404-0025,PL01,C027,2024-04-12,2024-05-12,2024-06-02,PLN,6951.21
AR-PL01-202404-0026,PL01,C013,2024-04-10,2024-05-10,2024-06-15,PLN,30002.49
AR-PL01-202404-0027,PL01,C006,2024-04-16,2024-05-16,2024-05-29,PLN,17975.11
AR-PL01-202404-0028,PL01,C036,2024-04-09,2024-05-09,2024-06-07,PLN,8307.28
AR-PL01-202404-0029,PL01,C011,2024-04-13,2024-05-13,2024-05-24,PLN,76582.41
AR-PL01-202404-0030,PL01,C006,2024-04-28,2024-05-28,2024-05-29,PLN,34241.13
AR-PL01-202404-0031,PL01,C009,2024-04-05,2024-05-20,2024-05-27,PLN,57484.23
AR-PL01-202404-0032,PL01,C034,2024-04-06,2024-05-06,2024-04-28,PLN,34948.64
AR-PL01-202404-0033,PL01,C039,2024-04-01,2024-05-01,2024-05-05,PLN,13217.41
AR-PL01-202404-0034,PL01,C013,2024-04-17,2024-05-17,2024-05-30,PLN,45374.48
AR-PL01-202404-0035,PL01,C002,2024-04-20,2024-05-20,2024-06-19,PLN,29919.41
AR-PL01-202404-0036,PL01,C002,2024-04-21,2024-06-05,2024-05-17,PLN,11878.32
AR-PL01-202404-0037,PL01,C013,2024-04-29,2024-05-29,2024-06-28,PLN,23375.79
AR-PL01-202404-0038,PL01,C038,2024-04-09,2024-05-09,2024-05-15,PLN,13179.03
AR-PL01-202404-0039,PL01,C034,2024-04-26,2024-05-26,2024-05-25,PLN,55032.56
AR-PL01-202404-0040,PL01,C025,2024-04-20,2024-05-20,2024-06-20,PLN,38549.49
AR-PL01-202404-0041,PL01,C025,2024-04-22,2024-05-22,2024-05-17,PLN,12942.35
AR-PL01-202404-0042,PL01,C039,2024-04-13,2024-05-28,2024-06-08,PLN,13879.2
AR-PL01-202404-0043,PL01,C014,2024-04-22,2024-05-22,2024-06-27,PLN,10244.77
AR-PL01-202404-0044,PL01,C029,2024-04-29,2024-05-29,2024-05-24,PLN,18968.75
AR-PL01-202404-0045,PL01,C038,2024-04-20,2024-05-20,2024-05-24,PLN,99124.15
AR-PL01-202404-0046,PL01,C010,2024-04-27,2024-06-11,2024-06-28,PLN,31215.27
AR-PL01-202404-0047,PL01,C012,2024-04-02,2024-05-02,2024-05-01,PLN,21039.66
AR-PL01-202404-0048,PL01,C015,2024-04-01,2024-05-01,2024-05-14,PLN,20927.74
AR-PL01-202404-0049,PL01,C034,2024-04-10,2024-05-25,2024-05-13,PLN,20756.92
AR-PL01-202404-0050,PL01,C013,2024-04-28,2024-05-28,2024-06-01,PLN,26775.96
AR-PL01-202404-0051,PL01,C040,2024-04-04,2024-05-19,2024-05-12,PLN,44375.84
AR-PL01-202404-0052,PL01,C012,2024-04-02,2024-05-02,2024-06-11,PLN,25003.59
AR-PL01-202404-0053,PL01,C016,2024-04-19,2024-06-03,2024-06-01,PLN,22994.3
AR-PL01-202404-0054,PL01,C030,2024-04-15,2024-05-15,2024-06-03,PLN,20465.63
AR-PL01-202404-0055,PL01,C027,2024-04-02,2024-05-17,2024-05-07,PLN,20452.09
AR-PL01-202404-0056,PL01,C029,2024-04-26,2024-06-10,2024-06-05,PLN,58753.48
AR-PL01-202405-0001,PL01,C009,2024-05-18,2024-06-17,2024-06-23,PLN,11975.7
AR-PL01-202405-0002,PL01,C001,2024-05-24,2024-06-23,2024-07-17,PLN,3773.28
AR-PL01-202405-0003,PL01,C009,2024-05-11,2024-06-10,2024-07-15,PLN,20403.36
AR-PL01-202405-0004,PL01,C005,2024-05-23,2024-06-22,2024-06-19,PLN,31517.84
AR-PL01-202405-0005,PL01,C036,2024-05-31,2024-06-30,2024-07-08,PLN,160112.11
AR-PL01-202405-0006,PL01,C031,2024-05-28,2024-06-27,2024-07-15,PLN,9693.99
AR-PL01-202405-0007,PL01,C025,2024-05-21,2024-06-20,2024-07-12,PLN,21793.82
AR-PL01-202405-0008,PL01,C034,2024-05-28,2024-06-27,2024-06-26,PLN,25267.92
AR-PL01-202405-0009,PL01,C018,2024-05-14,2024-06-13,2024-07-06,PLN,112560.25
AR-PL01-202405-0010,PL01,C018,2024-05-15,2024-06-29,2024-06-28,PLN,53128.04
AR-PL01-202405-0011,PL01,C035,2024-05-12,2024-06-26,2024-06-15,PLN,95709.64
AR-PL01-202405-0012,PL01,C009,2024-05-11,2024-06-25,2024-06-15,PLN,45033.97
AR-PL01-202405-0013,PL01,C017,2024-05-04,2024-06-03,2024-06-12,PLN,14216.39
AR-PL01-202405-0014,PL01,C008,2024-05-08,2024-06-22,2024-07-06,PLN,31666.32
AR-PL01-202405-0015,PL01,C001,2024-05-21,2024-06-20,2024-07-10,PLN,31331.37
AR-PL01-202405-0016,PL01,C008,2024-05-03,2024-06-02,2024-06-19,PLN,14702.77
AR-PL01-202405-0017,PL01,C019,2024-05-30,2024-06-29,2024-07-12,PLN,16385.66
AR-PL01-202405-0018,PL01,C034,2024-05-31,2024-06-30,2024-07-21,PLN,20412.0
AR-PL01-202405-0019,PL01,C007,2024-05-02,2024-06-16,2024-06-17,PLN,6184.28
AR-PL01-202405-0020,PL01,C035,2024-05-23,2024-07-07,2024-07-28,PLN,18023.3
AR-PL01-202405-0021,PL01,C038,2024-05-04,2024-06-18,2024-06-29,PLN,7586.6
AR-PL01-202405-0022,PL01,C018,2024-05-03,2024-06-02,2024-08-13,PLN,75908.53
AR-PL01-202405-0023,PL01,C027,2024-05-06,2024-06-05,2024-06-12,PLN,23391.73
AR-PL01-202405-0024,PL01,C034,2024-05-08,2024-06-22,2024-05-27,PLN,66391.19
AR-PL01-202405-0025,PL01,C014,2024-05-11,2024-06-10,2024-06-19,PLN,14143.85
AR-PL01-202405-0026,PL01,C033,2024-05-13,2024-06-12,2024-07-14,PLN,64237.68
AR-PL01-202405-0027,PL01,C033,2024-05-05,2024-06-04,2024-06-02,PLN,70932.15
AR-PL01-202405-0028,PL01,C007,2024-05-30,2024-06-29,2024-07-31,PLN,13868.47
AR-PL01-202405-0029,PL01,C002,2024-05-23,2024-07-07,2024-08-02,PLN,11910.17
AR-PL01-202405-0030,PL01,C007,2024-05-07,2024-06-06,2024-05-28,PLN,29616.49
AR-PL01-202405-0031,PL01,C012,2024-05-04,2024-06-03,2024-06-20,PLN,14668.27
AR-PL01-202405-0032,PL01,C013,2024-05-31,2024-06-30,2024-07-12,PLN,32836.4
AR-PL01-202405-0033,PL01,C032,2024-05-14,2024-06-28,2024-07-01,PLN,57232.86
AR-PL01-202405-0034,PL01,C015,2024-05-18,2024-07-02,2024-07-12,PLN,33103.75
AR-PL01-202405-0035,PL01,C005,2024-05-03,2024-06-02,2024-06-24,PLN,7361.04
AR-PL01-202405-0036,PL01,C028,2024-05-04,2024-06-18,2024-06-08,PLN,16516.86
AR-PL01-202405-0037,PL01,C008,2024-05-04,2024-06-18,2024-07-12,PLN,16492.26
AR-PL01-202405-0038,PL01,C008,2024-05-28,2024-06-27,2024-07-16,PLN,25237.13
AR-PL01-202405-0039,PL01,C028,2024-05-05,2024-06-04,2024-06-11,PLN,13826.52
AR-PL01-202405-0040,PL01,C010,2024-05-17,2024-06-16,2024-07-09,PLN,47631.07
AR-PL01-202405-0041,PL01,C037,2024-05-18,2024-06-17,2024-06-20,PLN,86970.87
AR-PL01-202405-0042,PL01,C002,2024-05-24,2024-06-23,2024-06-24,PLN,11458.15
AR-PL01-202405-0043,PL01,C018,2024-05-02,2024-06-16,2024-06-26,PLN,16718.69
AR-PL01-202405-0044,PL01,C039,2024-05-10,2024-06-09,2024-06-19,PLN,51338.23
AR-PL01-202405-0045,PL01,C011,2024-05-21,2024-06-20,2024-06-29,PLN,48483.28
AR-PL01-202405-0046,PL01,C023,2024-05-28,2024-07-12,2024-07-04,PLN,12873.48
AR-PL01-202405-0047,PL01,C037,2024-05-07,2024-06-06,2024-06-10,PLN,7706.71
AR-PL01-202405-0048,PL01,C022,2024-05-02,2024-06-01,2024-06-25,PLN,33205.35
AR-PL01-202405-0049,PL01,C027,2024-05-03,2024-06-02,2024-06-18,PLN,45619.08
AR-PL01-202405-0050,PL01,C031,2024-05-13,2024-06-27,2024-06-23,PLN,9626.64
AR-PL01-202405-0051,PL01,C005,2024-05-07,2024-06-06,2024-06-10,PLN,4269.62
AR-PL01-202405-0052,PL01,C022,2024-05-07,2024-06-06,2024-06-12,PLN,52975.16
AR-PL01-202405-0053,PL01,C023,2024-05-31,2024-06-30,2024-07-17,PLN,27186.06
AR-PL01-202405-0054,PL01,C008,2024-05-06,2024-06-05,2024-07-02,PLN,11469.04
AR-PL01-202405-0055,PL01,C026,2024-05-16,2024-06-15,2024-06-10,PLN,72052.1
AR-PL01-202405-0056,PL01,C017,2024-05-20,2024-06-19,2024-06-14,PLN,19280.49
AR-PL01-202406-0001,PL01,C038,2024-06-26,2024-07-26,2024-08-05,PLN,7649.0
AR-PL01-202406-0002,PL01,C033,2024-06-26,2024-08-10,2024-08-03,PLN,42983.47
AR-PL01-202406-0003,PL01,C028,2024-06-01,2024-07-01,2024-07-23,PLN,31963.7
AR-PL01-202406-0004,PL01,C016,2024-06-18,2024-07-18,2024-07-19,PLN,33466.01
AR-PL01-202406-0005,PL01,C032,2024-06-27,2024-08-11,2024-08-15,PLN,97922.0
AR-PL01-202406-0006,PL01,C025,2024-06-08,2024-07-23,2024-07-08,PLN,210884.85
AR-PL01-202406-0007,PL01,C036,2024-06-15,2024-07-15,2024-08-03,PLN,65549.87
AR-PL01-202406-0008,PL01,C023,2024-06-12,2024-07-27,2024-09-27,PLN,75206.36
AR-PL01-202406-0009,PL01,C003,2024-06-26,2024-08-10,2024-09-10,PLN,57183.8
AR-PL01-202406-0010,PL01,C038,2024-06-14,2024-07-14,2024-07-11,PLN,7245.02
AR-PL01-202406-0011,PL01,C039,2024-06-16,2024-07-16,2024-08-04,PLN,11031.58
AR-PL01-202406-0012,PL01,C016,2024-06-12,2024-07-12,2024-08-08,PLN,7839.38
AR-PL01-202406-0013,PL01,C029,2024-06-23,2024-07-23,2024-07-20,PLN,30088.32
AR-PL01-202406-0014,PL01,C033,2024-06-08,2024-07-23,2024-08-03,PLN,20741.07
AR-PL01-202406-0015,PL01,C021,2024-06-25,2024-07-25,2024-10-07,PLN,31527.69
AR-PL01-202406-0016,PL01,C011,2024-06-22,2024-07-22,2024-08-09,PLN,5269.35
AR-PL01-202406-0017,PL01,C032,2024-06-18,2024-07-18,2024-08-09,PLN,83080.54
AR-PL01-202406-0018,PL01,C005,2024-06-17,2024-07-17,2024-07-29,PLN,26304.29
AR-PL01-202406-0019,PL01,C003,2024-06-06,2024-07-06,2024-07-21,PLN,8967.4
AR-PL01-202406-0020,PL01,C032,2024-06-15,2024-07-15,2024-08-11,PLN,24596.11
AR-PL01-202406-0021,PL01,C001,2024-06-24,2024-08-08,2024-08-16,PLN,7824.16
AR-PL01-202406-0022,PL01,C028,2024-06-02,2024-07-02,2024-07-15,PLN,23513.35
AR-PL01-202406-0023,PL01,C037,2024-06-30,2024-07-30,2024-08-02,PLN,12927.48
AR-PL01-202406-0024,PL01,C031,2024-06-07,2024-07-22,2024-07-12,PLN,16748.2
AR-PL01-202406-0025,PL01,C003,2024-06-06,2024-07-21,2024-08-16,PLN,60834.06
AR-PL01-202406-0026,PL01,C029,2024-06-08,2024-07-23,2024-08-07,PLN,92667.92
AR-PL01-202406-0027,PL01,C016,2024-06-16,2024-07-16,2024-07-11,PLN,13666.09
AR-PL01-202406-0028,PL01,C040,2024-06-29,2024-07-29,2024-07-31,PLN,61026.28
AR-PL01-202406-0029,PL01,C005,2024-06-29,2024-08-13,2024-08-13,PLN,32580.07
AR-PL01-202406-0030,PL01,C026,2024-06-04,2024-07-04,2024-07-19,PLN,10903.6
AR-PL01-202406-0031,PL01,C004,2024-06-16,2024-07-16,2024-08-25,PLN,10868.59
AR-PL01-202406-0032,PL01,C004,2024-06-01,2024-07-16,2024-07-24,PLN,51392.74
AR-PL01-202406-0033,PL01,C007,2024-06-10,2024-07-10,2024-07-03,PLN,20535.19
AR-PL01-202406-0034,PL01,C034,2024-06-27,2024-07-27,2024-07-28,PLN,4129.15
AR-PL01-202406-0035,PL01,C011,2024-06-01,2024-07-01,2024-08-03,PLN,50826.35
AR-PL01-202406-0036,PL01,C037,2024-06-30,2024-07-30,2024-08-16,PLN,36386.08
AR-PL01-202406-0037,PL01,C013,2024-06-02,2024-07-02,2024-07-09,PLN,31220.22
AR-PL01-202406-0038,PL01,C012,2024-06-19,2024-07-19,2024-07-29,PLN,8646.12
AR-PL01-202406-0039,PL01,C021,2024-06-26,2024-08-10,2024-07-28,PLN,6834.22
AR-PL01-202406-0040,PL01,C007,2024-06-03,2024-07-03,2024-07-02,PLN,8584.66
AR-PL01-202406-0041,PL01,C035,2024-06-26,2024-07-26,2024-08-02,PLN,45647.86
AR-PL01-202406-0042,PL01,C010,2024-06-06,2024-07-21,2024-07-27,PLN,13653.41
AR-PL01-202406-0043,PL01,C010,2024-06-12,2024-07-12,2024-08-16,PLN,6059.76
AR-PL01-202406-0044,PL01,C011,2024-06-15,2024-07-15,2024-07-25,PLN,10667.2
AR-PL01-202406-0045,PL01,C030,2024-06-22,2024-07-22,2024-08-18,PLN,43677.42
AR-PL01-202406-0046,PL01,C024,2024-06-21,2024-08-05,2024-08-05,PLN,72728.84
AR-PL01-202406-0047,PL01,C008,2024-06-25,2024-07-25,2024-07-25,PLN,11742.95
AR-PL01-202406-0048,PL01,C012,2024-06-17,2024-07-17,2024-08-10,PLN,11594.04
AR-PL01-202406-0049,PL01,C009,2024-06-11,2024-07-11,2024-07-21,PLN,7679.59
AR-PL01-202406-0050,PL01,C010,2024-06-21,2024-08-05,2024-08-26,PLN,13578.87
AR-PL01-202406-0051,PL01,C019,2024-06-19,2024-07-19,2024-07-27,PLN,17700.53
AR-PL01-202406-0052,PL01,C015,2024-06-17,2024-08-01,2024-07-12,PLN,18435.92
AR-PL01-202406-0053,PL01,C036,2024-06-28,2024-07-28,2024-09-18,PLN,31536.91
AR-PL01-202406-0054,PL01,C017,2024-06-26,2024-07-26,2024-07-22,PLN,28724.15
AR-PL01-202406-0055,PL01,C023,2024-06-07,2024-07-22,2024-07-14,PLN,22796.6
AR-PL01-202406-0056,PL01,C007,2024-06-24,2024-07-24,2024-07-31,PLN,13985.29
AR-PL01-202406-0057,PL01,C002,2024-06-02,2024-07-02,2024-08-16,PLN,19699.63
AR-PL01-202406-0058,PL01,C001,2024-06-19,2024-07-19,2024-08-21,PLN,26964.12
AR-PL01-202406-0059,PL01,C014,2024-06-23,2024-08-07,2024-07-29,PLN,25118.94
AR-PL01-202406-0060,PL01,C005,2024-06-19,2024-07-19,2024-08-05,PLN,1129.44
AR-PL01-202407-0001,PL01,C033,2024-07-01,2024-07-31,2024-08-19,PLN,8580.45
AR-PL01-202407-0002,PL01,C024,2024-07-15,2024-08-29,2024-07-30,PLN,27167.07
AR-PL01-202407-0003,PL01,C006,2024-07-14,2024-08-13,2024-08-28,PLN,47763.41
AR-PL01-202407-0004,PL01,C007,2024-07-23,2024-08-22,2024-09-25,PLN,42705.37
AR-PL01-202407-0005,PL01,C036,2024-07-20,2024-08-19,2024-09-22,PLN,29935.15
AR-PL01-202407-0006,PL01,C015,2024-07-19,2024-08-18,2024-09-04,PLN,8353.63
AR-PL01-202407-0007,PL01,C033,2024-07-03,2024-08-17,2024-08-08,PLN,13739.87
AR-PL01-202407-0008,PL01,C023,2024-07-19,2024-08-18,2024-09-18,PLN,16857.61
AR-PL01-202407-0009,PL01,C022,2024-07-21,2024-09-04,2024-08-26,PLN,68466.04
AR-PL01-202407-0010,PL01,C032,2024-07-25,2024-08-24,2024-09-16,PLN,10075.97
AR-PL01-202407-0011,PL01,C024,2024-07-31,2024-09-14,2024-09-23,PLN,1910.53
AR-PL01-202407-0012,PL01,C019,2024-07-17,2024-08-16,2024-10-10,PLN,39817.41
AR-PL01-202407-0013,PL01,C020,2024-07-17,2024-08-16,2024-09-03,PLN,186700.41
AR-PL01-202407-0014,PL01,C004,2024-07-04,2024-08-18,2024-07-26,PLN,105507.94
AR-PL01-202407-0015,PL01,C008,2024-07-26,2024-08-25,2024-08-30,PLN,60377.84
AR-PL01-202407-0016,PL01,C037,2024-07-08,2024-08-22,2024-09-11,PLN,14894.67
AR-PL01-202407-0017,PL01,C007,2024-07-27,2024-09-10,2024-09-09,PLN,59832.54
AR-PL01-202407-0018,PL01,C008,2024-07-06,2024-08-05,2024-08-29,PLN,43002.6
AR-PL01-202407-0019,PL01,C013,2024-07-30,2024-09-13,2024-09-27,PLN,15507.65
AR-PL01-202407-0020,PL01,C011,2024-07-09,2024-08-08,2024-08-15,PLN,21560.49
AR-PL01-202407-0021,PL01,C007,2024-07-18,2024-08-17,2024-10-10,PLN,13137.52
AR-PL01-202407-0022,PL01,C010,2024-07-17,2024-08-31,2024-08-25,PLN,39078.37
AR-PL01-202407-0023,PL01,C026,2024-07-05,2024-08-04,2024-09-12,PLN,9962.98
AR-PL01-202407-0024,PL01,C010,2024-07-12,2024-08-26,2024-09-05,PLN,116737.53
AR-PL01-202407-0025,PL01,C032,2024-07-20,2024-09-03,2024-09-08,PLN,5075.89
AR-PL01-202407-0026,PL01,C007,2024-07-07,2024-08-06,2024-08-24,PLN,18398.77
AR-PL01-202407-0027,PL01,C010,2024-07-08,2024-08-22,2024-08-23,PLN,17430.41
AR-PL01-202407-0028,PL01,C019,2024-07-18,2024-09-01,2024-08-30,PLN,99448.59
AR-PL01-202407-0029,PL01,C033,2024-07-29,2024-08-28,2024-08-20,PLN,3690.25
AR-PL01-202407-0030,PL01,C012,2024-07-13,2024-08-27,2024-10-01,PLN,16352.03
AR-PL01-202407-0031,PL01,C027,2024-07-21,2024-08-20,2024-10-13,PLN,38444.89
AR-PL01-202407-0032,PL01,C030,2024-07-04,2024-08-03,2024-08-31,PLN,32198.66
AR-PL01-202407-0033,PL01,C005,2024-07-03,2024-08-02,2024-08-08,PLN,19008.32
AR-PL01-202407-0034,PL01,C034,2024-07-04,2024-08-03,2024-09-20,PLN,40751.53
AR-PL01-202407-0035,PL01,C031,2024-07-03,2024-08-02,2024-08-24,PLN,24492.81
AR-PL01-202407-0036,PL01,C028,2024-07-05,2024-08-19,2024-09-03,PLN,11564.87
AR-PL01-202407-0037,PL01,C015,2024-07-30,2024-08-29,2024-09-16,PLN,8074.71
AR-PL01-202407-0038,PL01,C030,2024-07-18,2024-08-17,2024-09-11,PLN,23575.26
AR-PL01-202407-0039,PL01,C039,2024-07-12,2024-08-26,2024-08-23,PLN,12575.94
AR-PL01-202407-0040,PL01,C039,2024-07-30,2024-08-29,2024-10-03,PLN,8733.87
AR-PL01-202407-0041,PL01,C027,2024-07-18,2024-08-17,2024-09-18,PLN,10169.83
AR-PL01-202407-0042,PL01,C012,2024-07-23,2024-09-06,2024-09-11,PLN,5809.67
AR-PL01-202407-0043,PL01,C008,2024-07-07,2024-08-21,2024-09-18,PLN,26054.88
AR-PL01-202407-0044,PL01,C025,2024-07-12,2024-08-26,2024-10-27,PLN,75254.41
AR-PL01-202407-0045,PL01,C022,2024-07-25,2024-08-24,2024-08-31,PLN,105660.63
AR-PL01-202407-0046,PL01,C029,2024-07-02,2024-08-16,2024-09-10,PLN,12584.26
AR-PL01-202407-0047,PL01,C032,2024-07-26,2024-08-25,2024-10-27,PLN,5282.48
AR-PL01-202407-0048,PL01,C034,2024-07-14,2024-08-13,2024-08-16,PLN,72749.21
AR-PL01-202407-0049,PL01,C007,2024-07-02,2024-08-01,2024-08-23,PLN,13661.76
AR-PL01-202407-0050,PL01,C023,2024-07-29,2024-08-28,2024-09-09,PLN,12620.03
AR-PL01-202407-0051,PL01,C020,2024-07-26,2024-09-09,2024-08-27,PLN,2707.03
AR-PL01-202407-0052,PL01,C029,2024-07-06,2024-08-05,2024-08-03,PLN,21596.79
AR-PL01-202407-0053,PL01,C003,2024-07-25,2024-09-08,2024-09-06,PLN,16303.1
AR-PL01-202407-0054,PL01,C018,2024-07-13,2024-08-12,2024-08-18,PLN,36702.84
AR-PL01-202407-0055,PL01,C033,2024-07-19,2024-09-02,2024-08-13,PLN,48919.21
AR-PL01-202407-0056,PL01,C039,2024-07-14,2024-08-13,2024-09-11,PLN,8337.27
AR-PL01-202407-0057,PL01,C022,2024-07-07,2024-08-21,2024-08-22,PLN,24348.64
AR-PL01-202408-0001,PL01,C018,2024-08-16,2024-09-15,2024-09-27,PLN,59738.79
AR-PL01-202408-0002,PL01,C020,2024-08-26,2024-09-25,2024-10-23,PLN,18087.38
AR-PL01-202408-0003,PL01,C025,2024-08-25,2024-09-24,2024-10-21,PLN,11562.88
AR-PL01-202408-0004,PL01,C018,2024-08-27,2024-09-26,2024-10-31,PLN,19193.06
AR-PL01-202408-0005,PL01,C033,2024-08-22,2024-09-21,2024-10-12,PLN,20287.39
AR-PL01-202408-0006,PL01,C014,2024-08-06,2024-09-05,2024-09-20,PLN,34460.63
AR-PL01-202408-0007,PL01,C024,2024-08-12,2024-09-11,2024-09-15,PLN,25174.72
AR-PL01-202408-0008,PL01,C040,2024-08-14,2024-09-28,2024-09-30,PLN,13302.7
AR-PL01-202408-0009,PL01,C032,2024-08-09,2024-09-23,2024-09-30,PLN,44128.39
AR-PL01-202408-0010,PL01,C037,2024-08-24,2024-09-23,2024-09-25,PLN,31134.52
AR-PL01-202408-0011,PL01,C022,2024-08-24,2024-09-23,2024-10-12,PLN,20406.18
AR-PL01-202408-0012,PL01,C033,2024-08-03,2024-09-02,2024-08-28,PLN,44465.87
AR-PL01-202408-0013,PL01,C013,2024-08-09,2024-09-23,2024-09-08,PLN,6957.33
AR-PL01-202408-0014,PL01,C006,2024-08-21,2024-09-20,2024-09-24,PLN,5758.42
AR-PL01-202408-0015,PL01,C021,2024-08-04,2024-09-18,2024-09-02,PLN,12992.06
AR-PL01-202408-0016,PL01,C014,2024-08-18,2024-10-02,2024-09-25,PLN,68102.47
AR-PL01-202408-0017,PL01,C006,2024-08-20,2024-09-19,2024-09-18,PLN,2920.62
AR-PL01-202408-0018,PL01,C026,2024-08-16,2024-09-15,2024-09-07,PLN,61610.5
AR-PL01-202408-0019,PL01,C035,2024-08-19,2024-09-18,2024-10-10,PLN,127283.28
AR-PL01-202408-0020,PL01,C003,2024-08-01,2024-08-31,2024-08-30,PLN,8180.97
AR-PL01-202408-0021,PL01,C032,2024-08-17,2024-09-16,2024-11-03,PLN,89542.38
AR-PL01-202408-0022,PL01,C003,2024-08-28,2024-09-27,2024-10-14,PLN,15211.92
AR-PL01-202408-0023,PL01,C013,2024-08-11,2024-09-25,2024-09-23,PLN,20638.15
AR-PL01-202408-0024,PL01,C024,2024-08-07,2024-09-06,2024-10-12,PLN,9806.36
AR-PL01-202408-0025,PL01,C034,2024-08-19,2024-09-18,2024-09-17,PLN,28602.03
AR-PL01-202408-0026,PL01,C008,2024-08-11,2024-09-10,2024-09-11,PLN,4723.09
AR-PL01-202408-0027,PL01,C029,2024-08-06,2024-09-05,2024-10-31,PLN,74527.37
AR-PL01-202408-0028,PL01,C036,2024-08-12,2024-09-26,2024-09-19,PLN,20522.13
AR-PL01-202408-0029,PL01,C029,2024-08-02,2024-09-01,2024-10-18,PLN,9882.54
AR-PL01-202408-0030,PL01,C021,2024-08-16,2024-09-15,2024-11-13,PLN,16327.43
AR-PL01-202408-0031,PL01,C020,2024-08-09,2024-09-23,2024-09-28,PLN,5171.93
AR-PL01-202408-0032,PL01,C026,2024-08-19,2024-09-18,2024-09-13,PLN,16130.83
AR-PL01-202408-0033,PL01,C027,2024-08-24,2024-10-08,2024-09-28,PLN,36387.22
AR-PL01-202408-0034,PL01,C002,2024-08-20,2024-10-04,2024-10-01,PLN,39910.62
AR-PL01-202408-0035,PL01,C025,2024-08-13,2024-09-12,2024-09-28,PLN,20476.34
AR-PL01-202408-0036,PL01,C005,2024-08-03,2024-09-17,2024-09-07,PLN,21213.97
AR-PL01-202408-0037,PL01,C040,2024-08-20,2024-09-19,2024-09-12,PLN,40277.36
AR-PL01-202408-0038,PL01,C032,2024-08-23,2024-09-22,2024-09-28,PLN,21327.48
AR-PL01-202408-0039,PL01,C040,2024-08-20,2024-09-19,2024-09-23,PLN,15787.91
AR-PL01-202408-0040,PL01,C010,2024-08-10,2024-09-09,2024-10-05,PLN,38182.34
AR-PL01-202408-0041,PL01,C035,2024-08-11,2024-09-10,2024-10-16,PLN,75788.8
AR-PL01-202408-0042,PL01,C028,2024-08-27,2024-10-11,2024-10-13,PLN,23939.53
AR-PL01-202408-0043,PL01,C030,2024-08-07,2024-09-06,2024-09-06,PLN,5340.75
AR-PL01-202408-0044,PL01,C005,2024-08-01,2024-08-31,2024-10-12,PLN,61659.09
AR-PL01-202408-0045,PL01,C040,2024-08-23,2024-10-07,2024-09-19,PLN,7336.56
AR-PL01-202408-0046,PL01,C002,2024-08-26,2024-10-10,2024-10-13,PLN,8347.51
AR-PL01-202408-0047,PL01,C014,2024-08-28,2024-10-12,2024-10-04,PLN,39989.66
AR-PL01-202408-0048,PL01,C012,2024-08-17,2024-09-16,2024-09-16,PLN,16813.22
AR-PL01-202408-0049,PL01,C025,2024-08-26,2024-09-25,2024-10-28,PLN,83460.11
AR-PL01-202408-0050,PL01,C017,2024-08-25,2024-09-24,2024-10-28,PLN,35710.11
AR-PL01-202408-0051,PL01,C012,2024-08-28,2024-10-12,2024-10-13,PLN,23917.92
AR-PL01-202408-0052,PL01,C022,2024-08-26,2024-09-25,2024-10-15,PLN,31652.63
AR-PL01-202408-0053,PL01,C009,2024-08-12,2024-09-26,2024-09-30,PLN,17277.33
AR-PL01-202408-0054,PL01,C002,2024-08-20,2024-10-04,2024-10-16,PLN,40834.37
AR-PL01-202408-0055,PL01,C021,2024-08-17,2024-09-16,2024-10-06,PLN,112045.22
AR-PL01-202409-0001,PL01,C034,2024-09-02,2024-10-02,2024-10-15,PLN,8728.83
AR-PL01-202409-0002,PL01,C039,2024-09-24,2024-10-24,2024-12-01,PLN,12116.76
AR-PL01-202409-0003,PL01,C005,2024-09-14,2024-10-14,2024-11-04,PLN,8553.62
AR-PL01-202409-0004,PL01,C015,2024-09-24,2024-11-08,2024-12-13,PLN,50339.67
AR-PL01-202409-0005,PL01,C040,2024-09-07,2024-10-07,2024-11-05,PLN,68478.01
AR-PL01-202409-0006,PL01,C035,2024-09-20,2024-10-20,2024-10-14,PLN,80813.98
AR-PL01-202409-0007,PL01,C031,2024-09-03,2024-10-03,2024-10-04,PLN,5080.71
AR-PL01-202409-0008,PL01,C029,2024-09-30,2024-10-30,2024-11-28,PLN,22068.8
AR-PL01-202409-0009,PL01,C009,2024-09-02,2024-10-02,2024-10-24,PLN,35767.03
AR-PL01-202409-0010,PL01,C035,2024-09-15,2024-10-15,2024-11-21,PLN,1360.75
AR-PL01-202409-0011,PL01,C010,2024-09-23,2024-11-07,2024-10-25,PLN,59630.19
AR-PL01-202409-0012,PL01,C003,2024-09-10,2024-10-10,2024-10-15,PLN,6718.01
AR-PL01-202409-0013,PL01,C033,2024-09-18,2024-10-18,2024-10-28,PLN,44552.55
AR-PL01-202409-0014,PL01,C025,2024-09-24,2024-11-08,2024-11-04,PLN,41547.07
AR-PL01-202409-0015,PL01,C014,2024-09-03,2024-10-03,2024-11-08,PLN,3701.32
AR-PL01-202409-0016,PL01,C035,2024-09-28,2024-10-28,2024-11-09,PLN,68557.35
AR-PL01-202409-0017,PL01,C035,2024-09-30,2024-10-30,2024-11-19,PLN,18572.65
AR-PL01-202409-0018,PL01,C012,2024-09-07,2024-10-22,2024-10-24,PLN,19487.59
AR-PL01-202409-0019,PL01,C012,2024-09-28,2024-10-28,2024-11-12,PLN,8005.75
AR-PL01-202409-0020,PL01,C021,2024-09-05,2024-10-20,2024-10-05,PLN,70463.82
AR-PL01-202409-0021,PL01,C012,2024-09-02,2024-10-02,2024-09-28,PLN,28520.54
AR-PL01-202409-0022,PL01,C028,2024-09-04,2024-10-19,2024-11-05,PLN,43371.82
AR-PL01-202409-0023,PL01,C007,2024-09-05,2024-10-20,2024-10-03,PLN,68013.86
AR-PL01-202409-0024,PL01,C016,2024-09-30,2024-10-30,2024-11-03,PLN,87972.58
AR-PL01-202409-0025,PL01,C022,2024-09-11,2024-10-11,2024-10-21,PLN,7014.17
AR-PL01-202409-0026,PL01,C023,2024-09-26,2024-10-26,2024-10-15,PLN,15688.13
AR-PL01-202409-0027,PL01,C023,2024-09-07,2024-10-07,2024-10-23,PLN,27694.24
AR-PL01-202409-0028,PL01,C031,2024-09-18,2024-10-18,2024-11-03,PLN,70110.72
AR-PL01-202409-0029,PL01,C031,2024-09-23,2024-10-23,2024-11-16,PLN,19415.24
AR-PL01-202409-0030,PL01,C010,2024-09-28,2024-10-28,2024-10-24,PLN,10021.73
AR-PL01-202409-0031,PL01,C028,2024-09-07,2024-10-22,2024-11-05,PLN,29881.09
AR-PL01-202409-0032,PL01,C003,2024-09-08,2024-10-23,2025-01-31,PLN,38699.12
AR-PL01-202409-0033,PL01,C019,2024-09-22,2024-10-22,2024-11-21,PLN,71424.95
AR-PL01-202409-0034,PL01,C009,2024-09-17,2024-10-17,2024-10-22,PLN,92253.08
AR-PL01-202409-0035,PL01,C011,2024-09-23,2024-11-07,2024-10-29,PLN,6004.8
AR-PL01-202409-0036,PL01,C031,2024-09-01,2024-10-01,2024-09-27,PLN,27976.91
AR-PL01-202409-0037,PL01,C009,2024-09-04,2024-10-04,2024-10-03,PLN,11409.61
AR-PL01-202409-0038,PL01,C011,2024-09-17,2024-11-01,2024-12-07,PLN,128109.43
AR-PL01-202409-0039,PL01,C030,2024-09-02,2024-10-02,2024-10-09,PLN,23566.87
AR-PL01-202409-0040,PL01,C004,2024-09-19,2024-10-19,2024-11-01,PLN,7050.97
AR-PL01-202409-0041,PL01,C024,2024-09-10,2024-10-25,2024-12-13,PLN,11106.0
AR-PL01-202409-0042,PL01,C011,2024-09-12,2024-10-27,2024-11-26,PLN,14455.42
AR-PL01-202409-0043,PL01,C039,2024-09-17,2024-11-01,2024-10-30,PLN,114646.36
AR-PL01-202409-0044,PL01,C008,2024-09-19,2024-10-19,2024-11-10,PLN,37659.75
AR-PL01-202409-0045,PL01,C020,2024-09-22,2024-10-22,2024-11-10,PLN,7118.4
AR-PL01-202409-0046,PL01,C035,2024-09-29,2024-10-29,2024-12-05,PLN,44824.76
AR-PL01-202409-0047,PL01,C030,2024-09-22,2024-11-06,2024-11-12,PLN,128044.23
AR-PL01-202409-0048,PL01,C009,2024-09-05,2024-10-05,2024-10-15,PLN,29227.24
AR-PL01-202409-0049,PL01,C009,2024-09-21,2024-10-21,2024-10-27,PLN,20681.54
AR-PL01-202409-0050,PL01,C004,2024-09-29,2024-10-29,2024-11-09,PLN,3869.97
AR-PL01-202409-0051,PL01,C029,2024-09-08,2024-10-08,2024-10-28,PLN,14963.28
AR-PL01-202409-0052,PL01,C037,2024-09-16,2024-10-16,2024-11-05,PLN,21555.16
AR-PL01-202409-0053,PL01,C002,2024-09-02,2024-10-02,2024-10-17,PLN,11028.76
AR-PL01-202409-0054,PL01,C029,2024-09-21,2024-10-21,2024-11-11,PLN,14236.4
AR-PL01-202409-0055,PL01,C018,2024-09-18,2024-11-02,2024-11-13,PLN,20877.47
AR-PL01-202409-0056,PL01,C013,2024-09-15,2024-10-15,2024-11-16,PLN,28281.9
AR-PL01-202409-0057,PL01,C006,2024-09-06,2024-10-06,2024-11-03,PLN,11033.49
AR-PL01-202409-0058,PL01,C015,2024-09-23,2024-10-23,2024-11-03,PLN,10510.62
AR-PL01-202409-0059,PL01,C013,2024-09-16,2024-10-16,2024-11-02,PLN,16429.94
AR-PL01-202409-0060,PL01,C033,2024-09-11,2024-10-11,2024-11-16,PLN,5092.55
AR-PL01-202409-0061,PL01,C008,2024-09-09,2024-10-09,2024-11-21,PLN,24929.69
AR-PL01-202409-0062,PL01,C004,2024-09-05,2024-10-20,2024-10-09,PLN,22181.0
AR-PL01-202409-0063,PL01,C036,2024-09-15,2024-10-15,2024-10-17,PLN,4680.27
AR-PL01-202409-0064,PL01,C036,2024-09-18,2024-10-18,2024-10-25,PLN,27719.72
AR-PL01-202410-0001,PL01,C034,2024-10-02,2024-11-01,2024-11-14,PLN,12261.05
AR-PL01-202410-0002,PL01,C005,2024-10-03,2024-11-17,2024-11-24,PLN,2495.59
AR-PL01-202410-0003,PL01,C035,2024-10-24,2024-12-08,2024-11-26,PLN,8245.43
AR-PL01-202410-0004,PL01,C024,2024-10-24,2024-11-23,2024-11-20,PLN,51287.41
AR-PL01-202410-0005,PL01,C033,2024-10-29,2024-11-28,2024-12-02,PLN,12610.22
AR-PL01-202410-0006,PL01,C025,2024-10-08,2024-11-22,2024-12-06,PLN,12184.79
AR-PL01-202410-0007,PL01,C037,2024-10-12,2024-11-11,2024-11-16,PLN,44320.6
AR-PL01-202410-0008,PL01,C036,2024-10-05,2024-11-19,2024-11-18,PLN,44250.23
AR-PL01-202410-0009,PL01,C040,2024-10-10,2024-11-09,2024-12-13,PLN,23725.43
AR-PL01-202410-0010,PL01,C024,2024-10-21,2024-12-05,2024-12-08,PLN,20289.61
AR-PL01-202410-0011,PL01,C016,2024-10-17,2024-11-16,2024-12-27,PLN,78089.14
AR-PL01-202410-0012,PL01,C031,2024-10-24,2024-11-23,2024-12-03,PLN,4587.01
AR-PL01-202410-0013,PL01,C013,2024-10-02,2024-11-16,2024-11-29,PLN,17967.45
AR-PL01-202410-0014,PL01,C006,2024-10-17,2024-12-01,2024-11-30,PLN,18171.46
AR-PL01-202410-0015,PL01,C023,2024-10-13,2024-11-12,2024-11-16,PLN,30226.6
AR-PL01-202410-0016,PL01,C015,2024-10-08,2024-11-07,2024-12-12,PLN,35906.27
AR-PL01-202410-0017,PL01,C016,2024-10-05,2024-11-19,2024-11-30,PLN,3848.94
AR-PL01-202410-0018,PL01,C003,2024-10-19,2024-11-18,2024-12-04,PLN,1865.98
AR-PL01-202410-0019,PL01,C007,2024-10-08,2024-11-07,2024-11-16,PLN,3399.4
AR-PL01-202410-0020,PL01,C022,2024-10-20,2024-11-19,2024-12-10,PLN,8575.59
AR-PL01-202410-0021,PL01,C002,2024-10-02,2024-11-01,2024-11-19,PLN,25576.06
AR-PL01-202410-0022,PL01,C028,2024-10-16,2024-11-30,2024-12-02,PLN,15325.38
AR-PL01-202410-0023,PL01,C017,2024-10-23,2024-11-22,2025-01-12,PLN,18501.9
AR-PL01-202410-0024,PL01,C006,2024-10-07,2024-11-06,2024-11-14,PLN,22827.96
AR-PL01-202410-0025,PL01,C037,2024-10-04,2024-11-03,2024-11-21,PLN,3521.79
AR-PL01-202410-0026,PL01,C027,2024-10-01,2024-11-15,2024-11-20,PLN,22041.71
AR-PL01-202410-0027,PL01,C035,2024-10-21,2024-12-05,2025-01-05,PLN,49771.54
AR-PL01-202410-0028,PL01,C031,2024-10-09,2024-11-08,2024-10-29,PLN,16023.9
AR-PL01-202410-0029,PL01,C011,2024-10-19,2024-12-03,2024-11-04,PLN,8019.6
AR-PL01-202410-0030,PL01,C012,2024-10-27,2024-12-11,2025-01-19,PLN,22939.41
AR-PL01-202410-0031,PL01,C034,2024-10-14,2024-11-13,2024-11-13,PLN,106118.92
AR-PL01-202410-0032,PL01,C004,2024-10-13,2024-11-12,2024-11-09,PLN,23967.89
AR-PL01-202410-0033,PL01,C009,2024-10-02,2024-11-16,2024-11-08,PLN,10425.17
AR-PL01-202410-0034,PL01,C028,2024-10-07,2024-11-06,2024-11-03,PLN,11688.42
AR-PL01-202410-0035,PL01,C039,2024-10-16,2024-11-15,2024-11-18,PLN,19165.54
AR-PL01-202410-0036,PL01,C008,2024-10-03,2024-11-02,2024-11-16,PLN,12953.92
AR-PL01-202410-0037,PL01,C009,2024-10-19,2024-11-18,2024-12-25,PLN,85485.0
AR-PL01-202410-0038,PL01,C027,2024-10-04,2024-11-03,2024-11-19,PLN,8362.65
AR-PL01-202410-0039,PL01,C040,2024-10-16,2024-11-15,2024-11-26,PLN,4231.52
AR-PL01-202410-0040,PL01,C020,2024-10-24,2024-12-08,2024-12-17,PLN,23897.3
AR-PL01-202410-0041,PL01,C002,2024-10-19,2024-12-03,2024-11-25,PLN,21120.08
AR-PL01-202410-0042,PL01,C029,2024-10-05,2024-11-04,2024-11-14,PLN,24074.76
AR-PL01-202410-0043,PL01,C026,2024-10-14,2024-11-13,2024-12-02,PLN,16445.85
AR-PL01-202410-0044,PL01,C035,2024-10-30,2024-11-29,2024-11-29,PLN,41516.62
AR-PL01-202410-0045,PL01,C036,2024-10-29,2024-12-13,2024-12-22,PLN,122211.68
AR-PL01-202410-0046,PL01,C022,2024-10-16,2024-11-15,2024-12-11,PLN,195748.83
AR-PL01-202410-0047,PL01,C009,2024-10-21,2024-12-05,2024-11-30,PLN,49703.64
AR-PL01-202410-0048,PL01,C019,2024-10-18,2024-11-17,2024-12-27,PLN,26957.63
AR-PL01-202410-0049,PL01,C023,2024-10-30,2024-11-29,2024-12-18,PLN,30084.69
AR-PL01-202410-0050,PL01,C040,2024-10-28,2024-11-27,2024-12-30,PLN,29447.02
AR-PL01-202410-0051,PL01,C006,2024-10-26,2024-11-25,2024-12-08,PLN,6989.67
AR-PL01-202410-0052,PL01,C029,2024-10-11,2024-11-10,2024-11-23,PLN,42926.59
AR-PL01-202410-0053,PL01,C003,2024-10-07,2024-11-06,2024-10-31,PLN,11233.24
AR-PL01-202410-0054,PL01,C022,2024-10-17,2024-11-16,2024-12-04,PLN,63735.97
AR-PL01-202410-0055,PL01,C005,2024-10-10,2024-11-24,2024-11-09,PLN,8128.8
AR-PL01-202410-0056,PL01,C005,2024-10-13,2024-11-12,2024-12-06,PLN,27563.01
AR-PL01-202410-0057,PL01,C001,2024-10-22,2024-11-21,2024-12-14,PLN,74611.89
AR-PL01-202410-0058,PL01,C035,2024-10-19,2024-11-18,2024-11-19,PLN,4529.99
AR-PL01-202410-0059,PL01,C012,2024-10-14,2024-11-28,2024-11-14,PLN,6197.86
AR-PL01-202410-0060,PL01,C028,2024-10-17,2024-11-16,2024-12-10,PLN,17610.12
AR-PL01-202410-0061,PL01,C033,2024-10-25,2024-12-09,2024-12-14,PLN,40475.53
AR-PL01-202410-0062,PL01,C032,2024-10-25,2024-12-09,2024-11-20,PLN,129732.44
AR-PL01-202410-0063,PL01,C040,2024-10-01,2024-10-31,2024-10-24,PLN,36220.91
AR-PL01-202410-0064,PL01,C017,2024-10-26,2024-12-10,2024-12-09,PLN,21263.78
AR-PL01-202410-0065,PL01,C004,2024-10-02,2024-11-01,2024-10-30,PLN,52842.87
AR-PL01-202410-0066,PL01,C006,2024-10-04,2024-11-03,2024-10-29,PLN,4583.92
AR-PL01-202410-0067,PL01,C015,2024-10-18,2024-11-17,2024-12-06,PLN,37967.48
AR-PL01-202411-0001,PL01,C026,2024-11-26,2024-12-26,2025-01-28,PLN,19994.01
AR-PL01-202411-0002,PL01,C017,2024-11-01,2024-12-01,2024-12-15,PLN,38834.47
AR-PL01-202411-0003,PL01,C027,2024-11-17,2025-01-01,2024-12-31,PLN,5970.62
AR-PL01-202411-0004,PL01,C003,2024-11-23,2025-01-07,2025-01-08,PLN,8082.43
AR-PL01-202411-0005,PL01,C032,2024-11-09,2024-12-24,2024-12-10,PLN,35462.74
AR-PL01-202411-0006,PL01,C012,2024-11-19,2024-12-19,2024-12-24,PLN,20370.05
AR-PL01-202411-0007,PL01,C039,2024-11-13,2024-12-13,2025-01-03,PLN,12802.83
AR-PL01-202411-0008,PL01,C024,2024-11-18,2024-12-18,2025-01-12,PLN,47925.28
AR-PL01-202411-0009,PL01,C030,2024-11-09,2024-12-09,2025-01-13,PLN,18078.29
AR-PL01-202411-0010,PL01,C039,2024-11-12,2024-12-27,2025-01-12,PLN,12481.62
AR-PL01-202411-0011,PL01,C015,2024-11-25,2024-12-25,2025-01-11,PLN,76975.29
AR-PL01-202411-0012,PL01,C036,2024-11-12,2024-12-12,2024-12-31,PLN,14156.53
AR-PL01-202411-0013,PL01,C026,2024-11-18,2024-12-18,2025-01-03,PLN,5835.07
AR-PL01-202411-0014,PL01,C019,2024-11-22,2024-12-22,2024-12-23,PLN,18648.02
AR-PL01-202411-0015,PL01,C030,2024-11-26,2024-12-26,2025-01-09,PLN,14615.58
AR-PL01-202411-0016,PL01,C013,2024-11-09,2024-12-24,2024-12-08,PLN,11943.76
AR-PL01-202411-0017,PL01,C024,2024-11-07,2024-12-22,2024-12-17,PLN,144054.89
AR-PL01-202411-0018,PL01,C016,2024-11-30,2024-12-30,2025-03-02,PLN,9469.44
AR-PL01-202411-0019,PL01,C026,2024-11-26,2025-01-10,2024-12-29,PLN,30941.35
AR-PL01-202411-0020,PL01,C038,2024-11-02,2024-12-02,2024-12-17,PLN,55861.61
AR-PL01-202411-0021,PL01,C023,2024-11-14,2024-12-14,2025-01-17,PLN,100672.13
AR-PL01-202411-0022,PL01,C010,2024-11-23,2024-12-23,2024-12-26,PLN,13619.91
AR-PL01-202411-0023,PL01,C030,2024-11-22,2025-01-06,2025-01-02,PLN,9713.42
AR-PL01-202411-0024,PL01,C038,2024-11-29,2024-12-29,2024-12-26,PLN,13032.43
AR-PL01-202411-0025,PL01,C032,2024-11-24,2024-12-24,2025-01-31,PLN,10232.35
AR-PL01-202411-0026,PL01,C019,2024-11-09,2024-12-09,2025-02-24,PLN,19596.03
AR-PL01-202411-0027,PL01,C040,2024-11-12,2024-12-12,2024-12-04,PLN,23913.14
AR-PL01-202411-0028,PL01,C024,2024-11-18,2025-01-02,2025-02-22,PLN,57703.7
AR-PL01-202411-0029,PL01,C040,2024-11-12,2024-12-12,2024-12-24,PLN,19073.23
AR-PL01-202411-0030,PL01,C020,2024-11-01,2024-12-01,2024-12-18,PLN,53365.46
AR-PL01-202411-0031,PL01,C030,2024-11-09,2024-12-09,2025-01-11,PLN,13019.93
AR-PL01-202411-0032,PL01,C030,2024-11-02,2024-12-02,2024-11-24,PLN,25412.31
AR-PL01-202411-0033,PL01,C009,2024-11-07,2024-12-07,2024-12-13,PLN,35497.79
AR-PL01-202411-0034,PL01,C002,2024-11-11,2024-12-26,2025-01-02,PLN,2797.1
AR-PL01-202411-0035,PL01,C006,2024-11-20,2024-12-20,2024-12-22,PLN,25462.8
AR-PL01-202411-0036,PL01,C019,2024-11-04,2024-12-04,2025-01-03,PLN,9145.13
AR-PL01-202411-0037,PL01,C026,2024-11-28,2024-12-28,2024-12-23,PLN,67299.8
AR-PL01-202411-0038,PL01,C005,2024-11-23,2024-12-23,2025-01-08,PLN,91780.11
AR-PL01-202411-0039,PL01,C037,2024-11-27,2024-12-27,2025-02-04,PLN,5201.08
AR-PL01-202411-0040,PL01,C018,2024-11-15,2024-12-15,2025-01-19,PLN,14267.51
AR-PL01-202411-0041,PL01,C024,2024-11-09,2024-12-09,2024-12-30,PLN,30034.06
AR-PL01-202411-0042,PL01,C030,2024-11-03,2024-12-03,2025-01-24,PLN,107413.01
AR-PL01-202411-0043,PL01,C024,2024-11-05,2024-12-20,2024-12-18,PLN,12696.43
AR-PL01-202411-0044,PL01,C020,2024-11-05,2024-12-05,2024-12-20,PLN,59501.76
AR-PL01-202411-0045,PL01,C010,2024-11-30,2024-12-30,2024-12-27,PLN,4813.12
AR-PL01-202411-0046,PL01,C013,2024-11-03,2024-12-03,2024-12-23,PLN,7416.5
AR-PL01-202411-0047,PL01,C001,2024-11-17,2025-01-01,2024-12-28,PLN,25793.93
AR-PL01-202411-0048,PL01,C021,2024-11-28,2024-12-28,2025-02-15,PLN,49433.77
AR-PL01-202411-0049,PL01,C019,2024-11-27,2025-01-11,2025-03-25,PLN,8244.4
AR-PL01-202411-0050,PL01,C012,2024-11-12,2024-12-12,2024-12-20,PLN,88289.0
AR-PL01-202411-0051,PL01,C014,2024-11-10,2024-12-10,2024-12-23,PLN,9992.1
AR-PL01-202411-0052,PL01,C031,2024-11-25,2024-12-25,2025-01-02,PLN,15384.32
AR-PL01-202411-0053,PL01,C031,2024-11-07,2024-12-07,2024-12-20,PLN,74595.73
AR-PL01-202411-0054,PL01,C033,2024-11-30,2025-01-14,2025-01-27,PLN,9112.21
AR-PL01-202411-0055,PL01,C015,2024-11-19,2024-12-19,2025-02-05,PLN,14747.77
AR-PL01-202411-0056,PL01,C015,2024-11-21,2024-12-21,2025-01-08,PLN,13215.36
AR-PL01-202411-0057,PL01,C018,2024-11-15,2024-12-30,2025-02-19,PLN,23672.47
AR-PL01-202411-0058,PL01,C039,2024-11-02,2024-12-17,2024-12-17,PLN,33885.9
AR-PL01-202411-0059,PL01,C021,2024-11-29,2024-12-29,2025-01-23,PLN,76007.71
AR-PL01-202411-0060,PL01,C039,2024-11-15,2024-12-15,2025-01-11,PLN,77682.56
AR-PL01-202411-0061,PL01,C007,2024-11-10,2024-12-10,2024-12-13,PLN,14280.56
AR-PL01-202411-0062,PL01,C036,2024-11-06,2024-12-06,2024-12-08,PLN,47863.31
AR-PL01-202411-0063,PL01,C006,2024-11-16,2024-12-16,2024-12-21,PLN,73581.52
AR-PL01-202411-0064,PL01,C027,2024-11-27,2024-12-27,2025-01-13,PLN,19682.2
AR-PL01-202411-0065,PL01,C032,2024-11-25,2025-01-09,2025-01-12,PLN,42958.89
AR-PL01-202411-0066,PL01,C013,2024-11-03,2024-12-03,2025-01-02,PLN,11431.93
AR-PL01-202412-0001,PL01,C002,2024-12-29,2025-01-28,2025-02-07,PLN,10610.06
AR-PL01-202412-0002,PL01,C023,2024-12-24,2025-02-07,2025-02-08,PLN,49699.9
AR-PL01-202412-0003,PL01,C017,2024-12-02,2025-01-16,2025-01-05,PLN,11162.73
AR-PL01-202412-0004,PL01,C008,2024-12-07,2025-01-21,2025-01-14,PLN,20686.92
AR-PL01-202412-0005,PL01,C003,2024-12-08,2025-01-07,2025-01-11,PLN,15952.17
AR-PL01-202412-0006,PL01,C006,2024-12-14,2025-01-13,2025-01-19,PLN,12577.31
AR-PL01-202412-0007,PL01,C017,2024-12-01,2024-12-31,2025-01-12,PLN,19003.56
AR-PL01-202412-0008,PL01,C036,2024-12-23,2025-01-22,2025-02-15,PLN,6238.12
AR-PL01-202412-0009,PL01,C031,2024-12-26,2025-01-25,2025-02-09,PLN,144973.65
AR-PL01-202412-0010,PL01,C019,2024-12-25,2025-01-24,2025-02-16,PLN,29987.5
AR-PL01-202412-0011,PL01,C023,2024-12-30,2025-02-13,2025-01-28,PLN,33869.32
AR-PL01-202412-0012,PL01,C040,2024-12-02,2025-01-16,2025-01-02,PLN,39664.71
AR-PL01-202412-0013,PL01,C007,2024-12-13,2025-01-12,2025-01-16,PLN,13995.64
AR-PL01-202412-0014,PL01,C014,2024-12-21,2025-01-20,2025-02-09,PLN,36219.24
AR-PL01-202412-0015,PL01,C001,2024-12-12,2025-01-11,2025-01-23,PLN,41760.78
AR-PL01-202412-0016,PL01,C037,2024-12-10,2025-01-09,2025-01-11,PLN,16809.7
AR-PL01-202412-0017,PL01,C004,2024-12-11,2025-01-25,2025-01-14,PLN,79712.69
AR-PL01-202412-0018,PL01,C007,2024-12-11,2025-01-10,2025-01-24,PLN,64188.82
AR-PL01-202412-0019,PL01,C028,2024-12-15,2025-01-14,2025-03-12,PLN,7550.72
AR-PL01-202412-0020,PL01,C010,2024-12-19,2025-01-18,2025-01-29,PLN,87305.32
AR-PL01-202412-0021,PL01,C029,2024-12-26,2025-02-09,2025-02-20,PLN,8152.6
AR-PL01-202412-0022,PL01,C022,2024-12-08,2025-01-22,2025-01-12,PLN,10426.1
AR-PL01-202412-0023,PL01,C009,2024-12-08,2025-01-07,2025-03-03,PLN,33869.21
AR-PL01-202412-0024,PL01,C033,2024-12-18,2025-01-17,2025-02-01,PLN,30087.03
AR-PL01-202412-0025,PL01,C008,2024-12-15,2025-01-14,2025-02-27,PLN,26111.32
AR-PL01-202412-0026,PL01,C036,2024-12-01,2024-12-31,2025-01-15,PLN,117043.7
AR-PL01-202412-0027,PL01,C008,2024-12-25,2025-01-24,2025-02-09,PLN,4141.46
AR-PL01-202412-0028,PL01,C028,2024-12-16,2025-01-30,2025-01-29,PLN,38285.19
AR-PL01-202412-0029,PL01,C021,2024-12-05,2025-01-19,2024-12-28,PLN,6470.63
AR-PL01-202412-0030,PL01,C009,2024-12-18,2025-01-17,2025-01-27,PLN,11676.28
AR-PL01-202412-0031,PL01,C001,2024-12-14,2025-01-13,2025-01-27,PLN,7658.87
AR-PL01-202412-0032,PL01,C005,2024-12-25,2025-01-24,2025-01-13,PLN,12132.17
AR-PL01-202412-0033,PL01,C008,2024-12-23,2025-02-06,2025-01-18,PLN,22728.85
AR-PL01-202412-0034,PL01,C002,2024-12-22,2025-01-21,2025-01-31,PLN,19814.92
AR-PL01-202412-0035,PL01,C004,2024-12-18,2025-01-17,2025-02-21,PLN,5317.87
AR-PL01-202412-0036,PL01,C025,2024-12-15,2025-01-14,2025-01-17,PLN,83600.82
AR-PL01-202412-0037,PL01,C034,2024-12-07,2025-01-06,2025-01-17,PLN,55837.88
AR-PL01-202412-0038,PL01,C024,2024-12-07,2025-01-21,2025-01-15,PLN,12477.24
AR-PL01-202412-0039,PL01,C037,2024-12-18,2025-02-01,2025-01-27,PLN,9037.19
AR-PL01-202412-0040,PL01,C028,2024-12-30,2025-01-29,2025-04-07,PLN,7797.49
AR-PL01-202412-0041,PL01,C025,2024-12-21,2025-02-04,2025-01-16,PLN,23591.1
AR-PL01-202412-0042,PL01,C034,2024-12-19,2025-01-18,2025-02-09,PLN,75390.55
AR-PL01-202412-0043,PL01,C022,2024-12-27,2025-01-26,2025-02-14,PLN,13593.38
AR-PL01-202412-0044,PL01,C012,2024-12-22,2025-01-21,2025-04-09,PLN,31750.76
AR-PL01-202412-0045,PL01,C039,2024-12-04,2025-01-03,2025-01-12,PLN,7519.34
AR-PL01-202412-0046,PL01,C034,2024-12-18,2025-01-17,2025-02-14,PLN,151561.87
AR-PL01-202412-0047,PL01,C039,2024-12-05,2025-01-19,2025-01-21,PLN,29733.0
AR-PL01-202412-0048,PL01,C030,2024-12-11,2025-01-10,2025-03-12,PLN,55633.75
AR-PL01-202412-0049,PL01,C030,2024-12-29,2025-01-28,2025-01-22,PLN,43468.12
AR-PL01-202412-0050,PL01,C023,2024-12-30,2025-01-29,2025-02-09,PLN,15759.83
AR-PL01-202412-0051,PL01,C037,2024-12-11,2025-01-25,2025-02-05,PLN,28081.28
AR-PL01-202412-0052,PL01,C024,2024-12-19,2025-01-18,2025-02-08,PLN,18371.57
AR-PL01-202412-0053,PL01,C006,2024-12-15,2025-01-14,2025-01-30,PLN,8463.27
AR-PL01-202412-0054,PL01,C038,2024-12-05,2025-01-04,2025-01-10,PLN,21023.13
AR-PL01-202412-0055,PL01,C004,2024-12-22,2025-01-21,2025-02-08,PLN,12314.68
AR-PL01-202412-0056,PL01,C002,2024-12-20,2025-01-19,2025-02-22,PLN,21306.87
AR-PL01-202412-0057,PL01,C004,2024-12-06,2025-01-05,2025-01-08,PLN,67983.59
AR-PL01-202412-0058,PL01,C020,2024-12-24,2025-01-23,2025-02-10,PLN,57491.86
AR-PL01-202412-0059,PL01,C016,2024-12-09,2025-01-08,2025-01-28,PLN,18271.01
AR-PL01-202412-0060,PL01,C021,2024-12-20,2025-01-19,2025-03-30,PLN,19483.02
AR-PL01-202412-0061,PL01,C005,2024-12-14,2025-01-28,2025-01-25,PLN,17705.08
AR-PL01-202412-0062,PL01,C033,2024-12-01,2024-12-31,2025-01-03,PLN,51178.37
AR-PL01-202412-0063,PL01,C010,2024-12-05,2025-01-19,2025-01-16,PLN,13990.19
AR-PL01-202412-0064,PL01,C001,2024-12-16,2025-01-30,2025-02-10,PLN,10862.7
AR-PL01-202412-0065,PL01,C032,2024-12-28,2025-01-27,2025-02-24,PLN,6112.7
AR-PL01-202412-0066,PL01,C018,2024-12-02,2025-01-01,2025-01-23,PLN,77842.28
AR-PL01-202412-0067,PL01,C037,2024-12-30,2025-01-29,2025-02-15,PLN,32394.17
AR-PL01-202412-0068,PL01,C001,2024-12-27,2025-01-26,2025-02-24,PLN,11976.0
AR-PL01-202412-0069,PL01,C006,2024-12-07,2025-01-06,2025-02-16,PLN,7440.31
AR-PL01-202412-0070,PL01,C020,2024-12-26,2025-01-25,2025-02-23,PLN,29895.14
AR-PL01-202412-0071,PL01,C008,2024-12-17,2025-01-31,2025-02-09,PLN,16555.03
AR-PL01-202412-0072,PL01,C016,2024-12-07,2025-01-21,2025-01-13,PLN,31197.11
AR-PL01-202412-0073,PL01,C034,2024-12-30,2025-01-29,2025-02-13,PLN,25804.14
AR-PL01-202501-0001,PL01,C016,2025-01-02,2025-02-01,2025-03-24,PLN,11551.67
AR-PL01-202501-0002,PL01,C035,2025-01-08,2025-02-07,2025-02-17,PLN,25838.49
AR-PL01-202501-0003,PL01,C013,2025-01-17,2025-02-16,2025-03-13,PLN,18587.4
AR-PL01-202501-0004,PL01,C034,2025-01-12,2025-02-11,2025-02-20,PLN,2764.81
AR-PL01-202501-0005,PL01,C026,2025-01-08,2025-02-22,2025-02-19,PLN,4483.67
AR-PL01-202501-0006,PL01,C008,2025-01-12,2025-02-26,2025-03-05,PLN,20487.02
AR-PL01-202501-0007,PL01,C024,2025-01-30,2025-03-01,2025-04-02,PLN,48504.19
AR-PL01-202501-0008,PL01,C028,2025-01-20,2025-02-19,2025-02-25,PLN,11056.37
AR-PL01-202501-0009,PL01,C028,2025-01-06,2025-02-05,2025-02-19,PLN,14085.92
AR-PL01-202501-0010,PL01,C008,2025-01-28,2025-02-27,2025-03-17,PLN,8375.19
AR-PL01-202501-0011,PL01,C018,2025-01-23,2025-03-09,2025-02-22,PLN,15097.7
AR-PL01-202501-0012,PL01,C035,2025-01-19,2025-02-18,2025-02-19,PLN,24587.37
AR-PL01-202501-0013,PL01,C034,2025-01-11,2025-02-10,2025-03-02,PLN,288565.1
AR-PL01-202501-0014,PL01,C002,2025-01-21,2025-03-07,2025-03-28,PLN,20974.9
AR-PL01-202501-0015,PL01,C021,2025-01-28,2025-03-14,2025-03-10,PLN,5763.55
AR-PL01-202501-0016,PL01,C026,2025-01-24,2025-03-10,2025-02-24,PLN,13650.28
AR-PL01-202501-0017,PL01,C030,2025-01-30,2025-03-01,2025-04-01,PLN,34004.38
AR-PL01-202501-0018,PL01,C022,2025-01-19,2025-03-05,2025-03-11,PLN,8808.74
AR-PL01-202501-0019,PL01,C004,2025-01-02,2025-02-16,2025-02-03,PLN,20646.83
AR-PL01-202501-0020,PL01,C004,2025-01-26,2025-02-25,2025-03-15,PLN,27532.07
AR-PL01-202501-0021,PL01,C018,2025-01-03,2025-02-17,2025-03-11,PLN,107718.27
AR-PL01-202501-0022,PL01,C005,2025-01-12,2025-02-26,2025-02-17,PLN,7757.79
AR-PL01-202501-0023,PL01,C005,2025-01-15,2025-03-01,2025-02-18,PLN,65412.24
AR-PL01-202501-0024,PL01,C039,2025-01-19,2025-02-18,2025-03-04,PLN,11832.16
AR-PL01-202501-0025,PL01,C036,2025-01-08,2025-02-22,2025-03-09,PLN,22017.67
AR-PL01-202501-0026,PL01,C033,2025-01-19,2025-02-18,2025-02-20,PLN,76114.46
AR-PL01-202501-0027,PL01,C028,2025-01-26,2025-02-25,2025-04-07,PLN,46482.57
AR-PL01-202501-0028,PL01,C005,2025-01-05,2025-02-04,2025-03-03,PLN,25116.9
AR-PL01-202501-0029,PL01,C026,2025-01-13,2025-02-27,2025-02-24,PLN,73840.41
AR-PL01-202501-0030,PL01,C025,2025-01-07,2025-02-06,2025-02-01,PLN,56920.12
AR-PL01-202501-0031,PL01,C027,2025-01-15,2025-02-14,2025-02-21,PLN,11070.9
AR-PL01-202501-0032,PL01,C027,2025-01-23,2025-02-22,2025-02-23,PLN,9788.17
AR-PL01-202501-0033,PL01,C018,2025-01-18,2025-03-04,2025-02-20,PLN,14204.94
AR-PL01-202501-0034,PL01,C014,2025-01-17,2025-03-03,2025-03-27,PLN,19942.75
AR-PL01-202501-0035,PL01,C002,2025-01-01,2025-01-31,2025-02-26,PLN,24115.04
AR-PL01-202501-0036,PL01,C003,2025-01-04,2025-02-03,2025-02-11,PLN,22188.64
AR-PL01-202501-0037,PL01,C027,2025-01-05,2025-02-04,2025-02-20,PLN,45169.58
AR-PL01-202501-0038,PL01,C010,2025-01-03,2025-02-02,2025-03-25,PLN,41691.3
AR-PL01-202501-0039,PL01,C025,2025-01-27,2025-03-13,2025-04-04,PLN,26662.01
AR-PL01-202501-0040,PL01,C029,2025-01-29,2025-02-28,2025-03-06,PLN,46107.28
AR-PL01-202501-0041,PL01,C010,2025-01-09,2025-02-08,2025-03-14,PLN,9119.84
AR-PL01-202501-0042,PL01,C015,2025-01-27,2025-02-26,2025-02-27,PLN,39356.59
AR-PL01-202501-0043,PL01,C034,2025-01-07,2025-02-06,2025-02-24,PLN,15185.84
AR-PL01-202501-0044,PL01,C012,2025-01-05,2025-02-19,2025-02-02,PLN,5113.87
AR-PL01-202501-0045,PL01,C015,2025-01-31,2025-03-02,2025-03-14,PLN,6965.58
AR-PL01-202501-0046,PL01,C011,2025-01-03,2025-02-17,2025-02-14,PLN,10443.19
AR-PL01-202501-0047,PL01,C040,2025-01-18,2025-02-17,2025-03-18,PLN,61217.1
AR-PL01-202501-0048,PL01,C007,2025-01-20,2025-02-19,2025-03-16,PLN,12811.71
AR-PL01-202501-0049,PL01,C028,2025-01-03,2025-02-02,2025-02-28,PLN,13947.6
AR-PL01-202501-0050,PL01,C038,2025-01-29,2025-03-15,2025-03-11,PLN,65653.6
AR-PL01-202501-0051,PL01,C037,2025-01-12,2025-02-11,2025-03-18,PLN,38929.73
AR-PL01-202501-0052,PL01,C025,2025-01-28,2025-02-27,2025-03-10,PLN,20653.45
AR-PL01-202501-0053,PL01,C004,2025-01-25,2025-03-11,2025-03-25,PLN,134421.21
AR-PL01-202501-0054,PL01,C002,2025-01-23,2025-03-09,2025-03-01,PLN,16789.46
AR-PL01-202501-0055,PL01,C036,2025-01-10,2025-02-24,2025-02-18,PLN,11387.27
AR-PL01-202501-0056,PL01,C009,2025-01-02,2025-02-16,2025-02-15,PLN,8995.88
AR-PL01-202501-0057,PL01,C009,2025-01-19,2025-02-18,2025-02-28,PLN,9088.55
AR-PL01-202501-0058,PL01,C018,2025-01-09,2025-02-08,2025-02-26,PLN,17890.53
AR-PL01-202501-0059,PL01,C036,2025-01-31,2025-03-02,2025-04-18,PLN,14205.27
AR-PL01-202501-0060,PL01,C017,2025-01-05,2025-02-04,2025-02-28,PLN,7344.89
AR-PL01-202501-0061,PL01,C005,2025-01-10,2025-02-24,2025-02-28,PLN,15344.93
AR-PL01-202502-0001,PL01,C038,2025-02-17,2025-03-19,2025-05-02,PLN,14822.24
AR-PL01-202502-0002,PL01,C004,2025-02-18,2025-03-20,2025-04-27,PLN,27131.48
AR-PL01-202502-0003,PL01,C036,2025-02-26,2025-03-28,2025-03-28,PLN,13077.06
AR-PL01-202502-0004,PL01,C026,2025-02-24,2025-03-26,2025-04-03,PLN,33746.9
AR-PL01-202502-0005,PL01,C019,2025-02-10,2025-03-12,2025-03-19,PLN,35929.79
AR-PL01-202502-0006,PL01,C014,2025-02-15,2025-03-17,2025-03-30,PLN,101223.63
AR-PL01-202502-0007,PL01,C015,2025-02-23,2025-03-25,2025-05-12,PLN,26902.81
AR-PL01-202502-0008,PL01,C010,2025-02-09,2025-03-11,2025-03-20,PLN,23633.24
AR-PL01-202502-0009,PL01,C004,2025-02-22,2025-03-24,2025-04-26,PLN,7778.53
AR-PL01-202502-0010,PL01,C009,2025-02-14,2025-03-31,2025-04-22,PLN,9244.32
AR-PL01-202502-0011,PL01,C001,2025-02-13,2025-03-30,2025-05-20,PLN,58515.15
AR-PL01-202502-0012,PL01,C027,2025-02-24,2025-04-10,2025-04-01,PLN,20675.73
AR-PL01-202502-0013,PL01,C028,2025-02-05,2025-03-07,2025-04-23,PLN,9407.77
AR-PL01-202502-0014,PL01,C013,2025-02-11,2025-03-28,2025-03-17,PLN,19917.89
AR-PL01-202502-0015,PL01,C003,2025-02-03,2025-03-20,2025-03-08,PLN,126823.56
AR-PL01-202502-0016,PL01,C017,2025-02-26,2025-04-12,2025-05-04,PLN,6196.66
AR-PL01-202502-0017,PL01,C019,2025-02-25,2025-03-27,2025-04-12,PLN,117156.16
AR-PL01-202502-0018,PL01,C029,2025-02-19,2025-03-21,2025-03-18,PLN,20063.13
AR-PL01-202502-0019,PL01,C004,2025-02-24,2025-04-10,2025-04-13,PLN,12232.53
AR-PL01-202502-0020,PL01,C020,2025-02-24,2025-04-10,2025-04-29,PLN,16345.45
AR-PL01-202502-0021,PL01,C016,2025-02-02,2025-03-04,2025-03-06,PLN,29175.46
AR-PL01-202502-0022,PL01,C005,2025-02-13,2025-03-15,2025-05-03,PLN,14213.39
AR-PL01-202502-0023,PL01,C034,2025-02-16,2025-03-18,2025-04-14,PLN,22011.95
AR-PL01-202502-0024,PL01,C017,2025-02-06,2025-03-08,2025-03-24,PLN,76054.91
AR-PL01-202502-0025,PL01,C034,2025-02-19,2025-03-21,2025-04-02,PLN,87239.94
AR-PL01-202502-0026,PL01,C011,2025-02-09,2025-03-11,2025-02-25,PLN,49942.66
AR-PL01-202502-0027,PL01,C017,2025-02-22,2025-04-08,2025-04-07,PLN,23938.61
AR-PL01-202502-0028,PL01,C021,2025-02-14,2025-03-16,2025-04-13,PLN,19731.97
AR-PL01-202502-0029,PL01,C018,2025-02-13,2025-03-15,2025-05-01,PLN,90123.05
AR-PL01-202502-0030,PL01,C033,2025-02-20,2025-03-22,2025-03-31,PLN,17818.06
AR-PL01-202502-0031,PL01,C018,2025-02-21,2025-03-23,2025-03-28,PLN,5329.54
AR-PL01-202502-0032,PL01,C027,2025-02-12,2025-03-14,2025-03-14,PLN,6941.48
AR-PL01-202502-0033,PL01,C025,2025-02-24,2025-03-26,2025-05-08,PLN,26027.94
AR-PL01-202502-0034,PL01,C034,2025-02-26,2025-03-28,2025-05-03,PLN,26513.53
AR-PL01-202502-0035,PL01,C031,2025-02-05,2025-03-07,2025-03-17,PLN,35979.88
AR-PL01-202502-0036,PL01,C028,2025-02-26,2025-03-28,2025-04-15,PLN,15436.65
AR-PL01-202502-0037,PL01,C019,2025-02-18,2025-03-20,2025-03-27,PLN,11588.75
AR-PL01-202502-0038,PL01,C031,2025-02-04,2025-03-21,2025-03-11,PLN,30974.61
AR-PL01-202502-0039,PL01,C032,2025-02-21,2025-04-07,2025-04-10,PLN,32597.58
AR-PL01-202502-0040,PL01,C003,2025-02-01,2025-03-18,2025-03-20,PLN,6365.78
AR-PL01-202502-0041,PL01,C007,2025-02-26,2025-03-28,2025-03-19,PLN,38509.63
AR-PL01-202502-0042,PL01,C029,2025-02-17,2025-03-19,2025-04-09,PLN,87721.27
AR-PL01-202502-0043,PL01,C020,2025-02-15,2025-04-01,2025-03-12,PLN,18191.49
AR-PL01-202502-0044,PL01,C007,2025-02-06,2025-03-08,2025-04-11,PLN,15667.68
AR-PL01-202502-0045,PL01,C039,2025-02-20,2025-03-22,2025-04-11,PLN,10602.34
AR-PL01-202502-0046,PL01,C029,2025-02-13,2025-03-15,2025-04-02,PLN,5566.87
AR-PL01-202502-0047,PL01,C037,2025-02-15,2025-03-17,2025-04-12,PLN,71213.78
AR-PL01-202502-0048,PL01,C029,2025-02-05,2025-03-07,2025-03-24,PLN,36257.68
AR-PL01-202502-0049,PL01,C020,2025-02-18,2025-03-20,2025-03-27,PLN,9968.05
AR-PL01-202502-0050,PL01,C001,2025-02-25,2025-03-27,2025-04-28,PLN,30810.87
AR-PL01-202502-0051,PL01,C013,2025-02-28,2025-03-30,2025-05-03,PLN,10805.08
AR-PL01-202502-0052,PL01,C017,2025-02-03,2025-03-05,2025-03-02,PLN,11298.7
AR-PL01-202502-0053,PL01,C036,2025-02-28,2025-03-30,2025-04-09,PLN,76613.65
AR-PL01-202502-0054,PL01,C009,2025-02-21,2025-03-23,2025-04-09,PLN,39471.32
AR-PL01-202502-0055,PL01,C024,2025-02-01,2025-03-18,2025-04-03,PLN,25494.36
AR-PL01-202502-0056,PL01,C038,2025-02-02,2025-03-04,2025-04-04,PLN,35655.14
AR-PL01-202502-0057,PL01,C003,2025-02-24,2025-03-26,2025-04-07,PLN,13146.86
AR-PL01-202502-0058,PL01,C009,2025-02-04,2025-03-06,2025-03-23,PLN,102456.05
AR-PL01-202502-0059,PL01,C006,2025-02-05,2025-03-07,2025-03-05,PLN,110520.82
AR-PL01-202502-0060,PL01,C031,2025-02-16,2025-03-18,2025-04-19,PLN,15126.92
AR-PL01-202502-0061,PL01,C003,2025-02-27,2025-03-29,2025-04-17,PLN,8136.68
AR-PL01-202502-0062,PL01,C007,2025-02-01,2025-03-03,2025-04-05,PLN,17731.87
AR-PL01-202502-0063,PL01,C036,2025-02-03,2025-03-05,2025-03-08,PLN,5053.22
AR-PL01-202502-0064,PL01,C021,2025-02-16,2025-03-18,2025-03-17,PLN,17534.85
AR-PL01-202503-0001,PL01,C002,2025-03-14,2025-04-13,2025-04-21,PLN,45058.44
AR-PL01-202503-0002,PL01,C018,2025-03-22,2025-04-21,2025-05-11,PLN,32502.42
AR-PL01-202503-0003,PL01,C012,2025-03-06,2025-04-20,2025-04-14,PLN,14276.02
AR-PL01-202503-0004,PL01,C025,2025-03-17,2025-04-16,2025-05-07,PLN,16418.5
AR-PL01-202503-0005,PL01,C017,2025-03-16,2025-04-30,2025-06-03,PLN,24179.58
AR-PL01-202503-0006,PL01,C013,2025-03-07,2025-04-06,2025-04-20,PLN,41069.23
AR-PL01-202503-0007,PL01,C005,2025-03-31,2025-04-30,2025-05-06,PLN,20967.24
AR-PL01-202503-0008,PL01,C036,2025-03-30,2025-04-29,2025-05-10,PLN,35663.0
AR-PL01-202503-0009,PL01,C030,2025-03-03,2025-04-02,2025-04-03,PLN,40420.01
AR-PL01-202503-0010,PL01,C026,2025-03-12,2025-04-11,2025-05-19,PLN,25390.67
AR-PL01-202503-0011,PL01,C011,2025-03-09,2025-04-08,2025-04-04,PLN,25691.49
AR-PL01-202503-0012,PL01,C034,2025-03-12,2025-04-11,2025-05-17,PLN,5275.22
AR-PL01-202503-0013,PL01,C021,2025-03-24,2025-04-23,2025-05-02,PLN,36000.85
AR-PL01-202503-0014,PL01,C034,2025-03-19,2025-04-18,2025-05-08,PLN,67029.11
AR-PL01-202503-0015,PL01,C023,2025-03-15,2025-04-14,2025-04-26,PLN,14718.7
AR-PL01-202503-0016,PL01,C019,2025-03-27,2025-04-26,2025-05-13,PLN,127182.93
AR-PL01-202503-0017,PL01,C023,2025-03-11,2025-04-10,2025-05-15,PLN,17096.0
AR-PL01-202503-0018,PL01,C007,2025-03-04,2025-04-18,2025-04-04,PLN,16401.69
AR-PL01-202503-0019,PL01,C010,2025-03-03,2025-04-02,2025-05-31,PLN,5815.88
AR-PL01-202503-0020,PL01,C008,2025-03-20,2025-05-04,2025-05-08,PLN,47663.56
AR-PL01-202503-0021,PL01,C024,2025-03-12,2025-04-26,2025-04-22,PLN,8983.39
AR-PL01-202503-0022,PL01,C009,2025-03-26,2025-05-10,2025-05-30,PLN,37587.4
AR-PL01-202503-0023,PL01,C028,2025-03-12,2025-04-11,2025-04-15,PLN,56586.09
AR-PL01-202503-0024,PL01,C017,2025-03-20,2025-04-19,2025-05-06,PLN,15865.66
AR-PL01-202503-0025,PL01,C029,2025-03-30,2025-04-29,2025-05-02,PLN,27935.47
AR-PL01-202503-0026,PL01,C003,2025-03-22,2025-04-21,2025-05-28,PLN,87257.01
AR-PL01-202503-0027,PL01,C015,2025-03-25,2025-04-24,2025-06-01,PLN,5977.95
AR-PL01-202503-0028,PL01,C040,2025-03-10,2025-04-09,2025-04-19,PLN,12541.51
AR-PL01-202503-0029,PL01,C037,2025-03-28,2025-05-12,2025-05-18,PLN,37288.29
AR-PL01-202503-0030,PL01,C004,2025-03-21,2025-04-20,2025-05-02,PLN,40534.84
AR-PL01-202503-0031,PL01,C021,2025-03-05,2025-04-04,2025-04-08,PLN,32733.79
AR-PL01-202503-0032,PL01,C036,2025-03-31,2025-04-30,2025-06-12,PLN,28310.39
AR-PL01-202503-0033,PL01,C020,2025-03-18,2025-04-17,2025-05-01,PLN,18962.95
AR-PL01-202503-0034,PL01,C022,2025-03-22,2025-04-21,2025-06-19,PLN,18971.09
AR-PL01-202503-0035,PL01,C034,2025-03-04,2025-04-03,2025-03-29,PLN,16944.31
AR-PL01-202503-0036,PL01,C030,2025-03-25,2025-04-24,2025-05-01,PLN,13175.11
AR-PL01-202503-0037,PL01,C038,2025-03-14,2025-04-13,2025-04-17,PLN,50105.76
AR-PL01-202503-0038,PL01,C035,2025-03-12,2025-04-26,2025-05-13,PLN,7456.26
AR-PL01-202503-0039,PL01,C005,2025-03-01,2025-04-15,2025-04-10,PLN,36184.19
AR-PL01-202503-0040,PL01,C030,2025-03-13,2025-04-12,2025-04-27,PLN,46960.01
AR-PL01-202503-0041,PL01,C035,2025-03-12,2025-04-26,2025-04-28,PLN,89794.4
AR-PL01-202503-0042,PL01,C036,2025-03-06,2025-04-20,2025-05-12,PLN,7011.31
AR-PL01-202503-0043,PL01,C010,2025-03-22,2025-04-21,2025-04-16,PLN,29504.41
AR-PL01-202503-0044,PL01,C039,2025-03-28,2025-04-27,2025-05-22,PLN,5451.02
AR-PL01-202503-0045,PL01,C015,2025-03-13,2025-04-27,2025-05-11,PLN,6846.63
AR-PL01-202503-0046,PL01,C035,2025-03-31,2025-04-30,2025-05-28,PLN,99094.76
AR-PL01-202503-0047,PL01,C022,2025-03-08,2025-04-07,2025-04-26,PLN,13872.42
AR-PL01-202503-0048,PL01,C035,2025-03-09,2025-04-23,2025-05-09,PLN,13216.56
AR-PL01-202503-0049,PL01,C019,2025-03-29,2025-04-28,2025-06-28,PLN,35199.69
AR-PL01-202503-0050,PL01,C021,2025-03-13,2025-04-27,2025-04-25,PLN,115046.84
AR-PL01-202503-0051,PL01,C004,2025-03-29,2025-05-13,2025-05-28,PLN,16661.95
AR-PL01-202503-0052,PL01,C029,2025-03-29,2025-04-28,2025-05-17,PLN,20306.75
AR-PL01-202503-0053,PL01,C023,2025-03-06,2025-04-05,2025-05-24,PLN,60405.53
AR-PL01-202503-0054,PL01,C030,2025-03-20,2025-04-19,2025-04-26,PLN,32606.62
AR-PL01-202503-0055,PL01,C032,2025-03-28,2025-04-27,2025-05-13,PLN,24612.74
AR-PL01-202503-0056,PL01,C019,2025-03-25,2025-04-24,2025-05-02,PLN,43980.33
AR-PL01-202503-0057,PL01,C011,2025-03-18,2025-04-17,2025-08-17,PLN,27479.71
AR-PL01-202503-0058,PL01,C037,2025-03-24,2025-04-23,2025-06-23,PLN,98527.89
AR-PL01-202503-0059,PL01,C036,2025-03-22,2025-04-21,2025-05-14,PLN,41998.31
AR-PL01-202503-0060,PL01,C038,2025-03-31,2025-04-30,2025-06-05,PLN,25182.46
AR-PL01-202503-0061,PL01,C027,2025-03-01,2025-03-31,2025-03-31,PLN,20331.08
AR-PL01-202503-0062,PL01,C022,2025-03-27,2025-05-11,2025-05-30,PLN,21254.78
AR-PL01-202503-0063,PL01,C036,2025-03-23,2025-04-22,2025-04-27,PLN,9595.97
AR-PL01-202503-0064,PL01,C011,2025-03-26,2025-05-10,2025-06-10,PLN,25539.5
AR-PL01-202503-0065,PL01,C005,2025-03-08,2025-04-07,2025-04-11,PLN,60817.89
AR-PL01-202503-0066,PL01,C012,2025-03-16,2025-04-15,2025-04-18,PLN,7544.81
AR-PL01-202503-0067,PL01,C006,2025-03-16,2025-04-15,2025-05-25,PLN,79435.46
AR-PL01-202503-0068,PL01,C023,2025-03-30,2025-04-29,2025-04-23,PLN,21101.38
AR-PL01-202504-0001,PL01,C004,2025-04-15,2025-05-15,2025-05-26,PLN,11980.45
AR-PL01-202504-0002,PL01,C025,2025-04-30,2025-05-30,2025-05-27,PLN,102171.36
AR-PL01-202504-0003,PL01,C019,2025-04-17,2025-05-17,2025-06-12,PLN,74368.91
AR-PL01-202504-0004,PL01,C002,2025-04-18,2025-06-02,2025-06-25,PLN,17796.33
AR-PL01-202504-0005,PL01,C035,2025-04-20,2025-05-20,2025-05-16,PLN,17792.83
AR-PL01-202504-0006,PL01,C019,2025-04-03,2025-05-03,2025-04-24,PLN,5963.38
AR-PL01-202504-0007,PL01,C026,2025-04-08,2025-05-08,2025-05-12,PLN,29230.26
AR-PL01-202504-0008,PL01,C005,2025-04-16,2025-05-16,2025-06-06,PLN,7513.0
AR-PL01-202504-0009,PL01,C035,2025-04-04,2025-05-19,2025-05-13,PLN,8179.73
AR-PL01-202504-0010,PL01,C020,2025-04-28,2025-06-12,2025-06-21,PLN,116721.27
AR-PL01-202504-0011,PL01,C027,2025-04-22,2025-06-06,2025-06-01,PLN,70514.77
AR-PL01-202504-0012,PL01,C013,2025-04-24,2025-05-24,2025-06-06,PLN,13345.62
AR-PL01-202504-0013,PL01,C023,2025-04-16,2025-05-16,2025-06-14,PLN,13403.83
AR-PL01-202504-0014,PL01,C006,2025-04-26,2025-06-10,2025-06-20,PLN,6843.33
AR-PL01-202504-0015,PL01,C007,2025-04-11,2025-05-26,2025-05-30,PLN,12416.89
AR-PL01-202504-0016,PL01,C024,2025-04-12,2025-05-12,2025-05-10,PLN,30113.92
AR-PL01-202504-0017,PL01,C005,2025-04-03,2025-05-03,2025-06-28,PLN,2650.24
AR-PL01-202504-0018,PL01,C021,2025-04-09,2025-05-09,2025-06-01,PLN,27201.08
AR-PL01-202504-0019,PL01,C028,2025-04-11,2025-05-26,2025-05-07,PLN,11551.08
AR-PL01-202504-0020,PL01,C010,2025-04-25,2025-05-25,2025-05-22,PLN,4503.3
AR-PL01-202504-0021,PL01,C030,2025-04-26,2025-05-26,2025-06-07,PLN,82162.49
AR-PL01-202504-0022,PL01,C001,2025-04-30,2025-05-30,2025-06-15,PLN,36926.73
AR-PL01-202504-0023,PL01,C008,2025-04-22,2025-05-22,2025-06-12,PLN,7239.32
AR-PL01-202504-0024,PL01,C023,2025-04-19,2025-05-19,2025-05-28,PLN,27976.34
AR-PL01-202504-0025,PL01,C008,2025-04-08,2025-05-08,2025-05-30,PLN,53859.72
AR-PL01-202504-0026,PL01,C011,2025-04-16,2025-05-16,2025-05-21,PLN,13094.53
AR-PL01-202504-0027,PL01,C017,2025-04-25,2025-05-25,2025-06-30,PLN,4963.8
AR-PL01-202504-0028,PL01,C005,2025-04-09,2025-05-09,2025-05-22,PLN,140586.91
AR-PL01-202504-0029,PL01,C011,2025-04-28,2025-05-28,2025-06-15,PLN,26637.58
AR-PL01-202504-0030,PL01,C002,2025-04-25,2025-05-25,2025-05-31,PLN,9582.41
AR-PL01-202504-0031,PL01,C005,2025-04-15,2025-05-30,2025-05-23,PLN,45843.19
AR-PL01-202504-0032,PL01,C022,2025-04-09,2025-05-09,2025-05-29,PLN,4383.22
AR-PL01-202504-0033,PL01,C006,2025-04-16,2025-05-16,2025-05-14,PLN,56870.32
AR-PL01-202504-0034,PL01,C017,2025-04-16,2025-05-16,2025-05-13,PLN,55075.86
AR-PL01-202504-0035,PL01,C023,2025-04-17,2025-05-17,2025-06-01,PLN,29796.88
AR-PL01-202504-0036,PL01,C027,2025-04-10,2025-05-10,2025-05-18,PLN,18358.85
AR-PL01-202504-0037,PL01,C030,2025-04-16,2025-05-16,2025-07-11,PLN,38736.82
AR-PL01-202504-0038,PL01,C010,2025-04-19,2025-05-19,2025-05-31,PLN,5835.75
AR-PL01-202504-0039,PL01,C014,2025-04-18,2025-05-18,2025-06-08,PLN,5487.37
AR-PL01-202504-0040,PL01,C007,2025-04-21,2025-05-21,2025-06-01,PLN,34929.57
AR-PL01-202504-0041,PL01,C008,2025-04-19,2025-05-19,2025-06-13,PLN,15708.74
AR-PL01-202504-0042,PL01,C034,2025-04-24,2025-06-08,2025-07-07,PLN,103823.14
AR-PL01-202504-0043,PL01,C003,2025-04-25,2025-05-25,2025-07-03,PLN,32178.45
AR-PL01-202504-0044,PL01,C037,2025-04-05,2025-05-05,2025-05-12,PLN,21033.67
AR-PL01-202504-0045,PL01,C018,2025-04-06,2025-05-06,2025-05-18,PLN,21375.89
AR-PL01-202504-0046,PL01,C012,2025-04-01,2025-05-01,2025-05-16,PLN,25892.63
AR-PL01-202504-0047,PL01,C027,2025-04-12,2025-05-12,2025-05-21,PLN,25168.37
AR-PL01-202504-0048,PL01,C033,2025-04-14,2025-05-14,2025-05-23,PLN,4658.52
AR-PL01-202504-0049,PL01,C003,2025-04-09,2025-05-09,2025-06-19,PLN,14328.35
AR-PL01-202504-0050,PL01,C018,2025-04-18,2025-05-18,2025-05-29,PLN,37446.19
AR-PL01-202504-0051,PL01,C018,2025-04-11,2025-05-11,2025-06-08,PLN,56231.62
AR-PL01-202504-0052,PL01,C002,2025-04-28,2025-05-28,2025-06-18,PLN,10936.38
AR-PL01-202504-0053,PL01,C018,2025-04-21,2025-05-21,2025-06-16,PLN,15194.67
AR-PL01-202504-0054,PL01,C010,2025-04-21,2025-06-05,2025-05-27,PLN,24940.62
AR-PL01-202504-0055,PL01,C008,2025-04-01,2025-05-16,2025-05-22,PLN,11927.96
AR-PL01-202504-0056,PL01,C014,2025-04-16,2025-05-16,2025-06-04,PLN,104649.34
AR-PL01-202504-0057,PL01,C028,2025-04-08,2025-05-23,2025-05-30,PLN,10978.62
AR-PL01-202504-0058,PL01,C039,2025-04-22,2025-05-22,2025-06-14,PLN,123997.37
AR-PL01-202504-0059,PL01,C023,2025-04-15,2025-05-15,2025-05-24,PLN,14312.56
AR-PL01-202504-0060,PL01,C024,2025-04-28,2025-05-28,2025-05-31,PLN,33106.32
AR-PL01-202504-0061,PL01,C001,2025-04-02,2025-05-02,2025-05-06,PLN,34076.78
AR-PL01-202504-0062,PL01,C019,2025-04-21,2025-06-05,2025-07-05,PLN,10663.99
AR-PL01-202504-0063,PL01,C039,2025-04-03,2025-05-18,2025-05-22,PLN,28253.35
AR-PL01-202504-0064,PL01,C036,2025-04-06,2025-05-06,2025-06-13,PLN,65737.46
AR-PL01-202504-0065,PL01,C008,2025-04-13,2025-05-13,2025-06-11,PLN,8447.19
AR-PL01-202504-0066,PL01,C026,2025-04-15,2025-05-15,2025-06-07,PLN,16915.66
AR-PL01-202504-0067,PL01,C008,2025-04-07,2025-05-07,2025-05-26,PLN,11227.98
AR-PL01-202504-0068,PL01,C020,2025-04-23,2025-05-23,2025-06-04,PLN,12117.37
AR-PL01-202505-0001,PL01,C034,2025-05-25,2025-06-24,2025-06-29,PLN,54932.43
AR-PL01-202505-0002,PL01,C033,2025-05-25,2025-07-09,2025-07-10,PLN,3049.69
AR-PL01-202505-0003,PL01,C016,2025-05-23,2025-06-22,2025-07-29,PLN,86529.38
AR-PL01-202505-0004,PL01,C014,2025-05-12,2025-06-11,2025-06-16,PLN,12521.13
AR-PL01-202505-0005,PL01,C006,2025-05-21,2025-07-05,2025-07-01,PLN,11984.83
AR-PL01-202505-0006,PL01,C026,2025-05-13,2025-06-12,2025-06-27,PLN,90780.31
AR-PL01-202505-0007,PL01,C016,2025-05-20,2025-06-19,2025-07-04,PLN,11834.95
AR-PL01-202505-0008,PL01,C030,2025-05-20,2025-06-19,2025-07-06,PLN,10278.28
AR-PL01-202505-0009,PL01,C008,2025-05-13,2025-06-12,2025-06-15,PLN,45356.86
AR-PL01-202505-0010,PL01,C020,2025-05-29,2025-06-28,2025-07-15,PLN,10960.24
AR-PL01-202505-0011,PL01,C035,2025-05-24,2025-06-23,2025-06-23,PLN,21665.25
AR-PL01-202505-0012,PL01,C035,2025-05-21,2025-06-20,2025-08-11,PLN,28256.67
AR-PL01-202505-0013,PL01,C002,2025-05-09,2025-06-23,2025-05-28,PLN,2237.64
AR-PL01-202505-0014,PL01,C005,2025-05-01,2025-05-31,2025-06-15,PLN,17193.91
AR-PL01-202505-0015,PL01,C030,2025-05-12,2025-06-26,2025-06-13,PLN,15053.15
AR-PL01-202505-0016,PL01,C018,2025-05-22,2025-06-21,2025-06-25,PLN,17129.98
AR-PL01-202505-0017,PL01,C009,2025-05-21,2025-06-20,2025-07-17,PLN,59868.77
AR-PL01-202505-0018,PL01,C027,2025-05-03,2025-06-02,2025-06-02,PLN,10230.56
AR-PL01-202505-0019,PL01,C019,2025-05-20,2025-07-04,2025-06-20,PLN,10816.29
AR-PL01-202505-0020,PL01,C020,2025-05-14,2025-06-13,2025-06-29,PLN,143067.78
AR-PL01-202505-0021,PL01,C038,2025-05-03,2025-06-02,2025-06-18,PLN,14830.04
AR-PL01-202505-0022,PL01,C018,2025-05-09,2025-06-08,2025-06-20,PLN,85839.32
AR-PL01-202505-0023,PL01,C039,2025-05-20,2025-06-19,2025-06-21,PLN,32350.82
AR-PL01-202505-0024,PL01,C022,2025-05-16,2025-06-30,2025-07-31,PLN,108291.6
AR-PL01-202505-0025,PL01,C019,2025-05-17,2025-07-01,2025-07-02,PLN,42310.15
AR-PL01-202505-0026,PL01,C009,2025-05-29,2025-07-13,2025-08-10,PLN,12126.69
AR-PL01-202505-0027,PL01,C030,2025-05-29,2025-07-13,2025-07-13,PLN,172330.37
AR-PL01-202505-0028,PL01,C037,2025-05-22,2025-06-21,2025-06-29,PLN,25381.03
AR-PL01-202505-0029,PL01,C013,2025-05-29,2025-06-28,2025-06-29,PLN,42086.81
AR-PL01-202505-0030,PL01,C034,2025-05-17,2025-07-01,2025-07-04,PLN,22831.08
AR-PL01-202505-0031,PL01,C008,2025-05-26,2025-06-25,2025-08-06,PLN,70768.45
AR-PL01-202505-0032,PL01,C009,2025-05-03,2025-06-02,2025-06-09,PLN,12494.69
AR-PL01-202505-0033,PL01,C015,2025-05-24,2025-06-23,2025-07-07,PLN,18753.1
AR-PL01-202505-0034,PL01,C020,2025-05-20,2025-06-19,2025-06-18,PLN,6102.43
AR-PL01-202505-0035,PL01,C019,2025-05-13,2025-06-12,2025-06-24,PLN,41063.38
AR-PL01-202505-0036,PL01,C012,2025-05-17,2025-07-01,2025-06-28,PLN,28033.87
AR-PL01-202505-0037,PL01,C028,2025-05-31,2025-07-15,2025-07-31,PLN,60846.81
AR-PL01-202505-0038,PL01,C037,2025-05-30,2025-06-29,2025-07-15,PLN,12476.92
AR-PL01-202505-0039,PL01,C010,2025-05-04,2025-06-03,2025-06-26,PLN,9345.03
AR-PL01-202505-0040,PL01,C027,2025-05-27,2025-06-26,2025-07-03,PLN,28749.0
AR-PL01-202505-0041,PL01,C009,2025-05-12,2025-06-26,2025-06-23,PLN,18751.71
AR-PL01-202505-0042,PL01,C017,2025-05-17,2025-07-01,2025-08-04,PLN,29323.82
AR-PL01-202505-0043,PL01,C013,2025-05-24,2025-07-08,2025-07-25,PLN,8005.07
AR-PL01-202505-0044,PL01,C033,2025-05-23,2025-06-22,2025-07-05,PLN,21364.26
AR-PL01-202505-0045,PL01,C001,2025-05-15,2025-06-14,2025-07-25,PLN,55598.6
AR-PL01-202505-0046,PL01,C036,2025-05-16,2025-06-15,2025-07-13,PLN,10229.68
AR-PL01-202505-0047,PL01,C007,2025-05-06,2025-06-05,2025-06-21,PLN,38750.43
AR-PL01-202505-0048,PL01,C006,2025-05-30,2025-06-29,2025-08-02,PLN,17217.82
AR-PL01-202505-0049,PL01,C009,2025-05-05,2025-06-04,2025-06-27,PLN,16030.39
AR-PL01-202505-0050,PL01,C020,2025-05-25,2025-06-24,2025-07-09,PLN,26109.95
AR-PL01-202505-0051,PL01,C007,2025-05-05,2025-06-04,2025-06-09,PLN,15531.93
AR-PL01-202505-0052,PL01,C008,2025-05-07,2025-06-06,2025-06-28,PLN,48968.02
AR-PL01-202505-0053,PL01,C019,2025-05-07,2025-06-06,2025-08-01,PLN,28160.23
AR-PL01-202505-0054,PL01,C015,2025-05-15,2025-06-14,2025-07-10,PLN,39841.23
AR-PL01-202505-0055,PL01,C007,2025-05-25,2025-07-09,2025-06-16,PLN,60408.69
AR-PL01-202505-0056,PL01,C029,2025-05-13,2025-06-12,2025-06-09,PLN,7849.45
AR-PL01-202505-0057,PL01,C035,2025-05-19,2025-06-18,2025-06-26,PLN,33659.21
AR-PL01-202505-0058,PL01,C013,2025-05-10,2025-06-24,2025-06-22,PLN,15012.39
AR-PL01-202505-0059,PL01,C022,2025-05-14,2025-06-28,2025-06-09,PLN,34994.89
AR-PL01-202505-0060,PL01,C039,2025-05-31,2025-07-15,2025-08-17,PLN,14600.7
AR-PL01-202505-0061,PL01,C019,2025-05-18,2025-06-17,2025-06-22,PLN,2911.02
AR-PL01-202505-0062,PL01,C029,2025-05-12,2025-06-11,2025-06-26,PLN,26701.29
AR-PL01-202505-0063,PL01,C013,2025-05-16,2025-06-15,2025-07-24,PLN,5765.52
AR-PL01-202505-0064,PL01,C028,2025-05-28,2025-06-27,2025-06-26,PLN,33685.32
AR-PL01-202505-0065,PL01,C020,2025-05-29,2025-07-13,2025-07-24,PLN,38835.39
AR-PL01-202505-0066,PL01,C012,2025-05-24,2025-06-23,2025-07-06,PLN,8206.11
AR-PL01-202505-0067,PL01,C003,2025-05-17,2025-07-01,2025-07-23,PLN,42385.12
AR-PL01-202506-0001,PL01,C040,2025-06-05,2025-07-20,2025-07-31,PLN,39772.23
AR-PL01-202506-0002,PL01,C022,2025-06-12,2025-07-12,2025-09-19,PLN,38798.97
AR-PL01-202506-0003,PL01,C003,2025-06-05,2025-07-05,2025-09-12,PLN,16176.22
AR-PL01-202506-0004,PL01,C031,2025-06-01,2025-07-01,2025-07-05,PLN,53948.38
AR-PL01-202506-0005,PL01,C006,2025-06-04,2025-07-04,2025-08-13,PLN,39349.49
AR-PL01-202506-0006,PL01,C001,2025-06-19,2025-07-19,2025-09-19,PLN,113126.88
AR-PL01-202506-0007,PL01,C027,2025-06-05,2025-07-05,2025-07-11,PLN,8629.44
AR-PL01-202506-0008,PL01,C037,2025-06-16,2025-07-16,2025-07-30,PLN,5575.05
AR-PL01-202506-0009,PL01,C015,2025-06-06,2025-07-21,2025-07-23,PLN,12136.85
AR-PL01-202506-0010,PL01,C004,2025-06-07,2025-07-07,2025-07-08,PLN,3959.08
AR-PL01-202506-0011,PL01,C040,2025-06-29,2025-08-13,2025-08-16,PLN,12475.53
AR-PL01-202506-0012,PL01,C019,2025-06-22,2025-08-06,2025-08-10,PLN,5406.79
AR-PL01-202506-0013,PL01,C036,2025-06-23,2025-07-23,2025-08-05,PLN,6145.17
AR-PL01-202506-0014,PL01,C040,2025-06-13,2025-07-13,2025-07-18,PLN,13357.89
AR-PL01-202506-0015,PL01,C016,2025-06-11,2025-07-26,2025-07-19,PLN,6951.11
AR-PL01-202506-0016,PL01,C010,2025-06-12,2025-07-12,2025-08-06,PLN,22648.81
AR-PL01-202506-0017,PL01,C023,2025-06-19,2025-07-19,2025-08-31,PLN,22140.72
AR-PL01-202506-0018,PL01,C033,2025-06-11,2025-07-11,2025-07-22,PLN,32255.29
AR-PL01-202506-0019,PL01,C023,2025-06-05,2025-07-05,2025-07-21,PLN,49885.77
AR-PL01-202506-0020,PL01,C021,2025-06-13,2025-07-13,2025-09-27,PLN,22558.29
AR-PL01-202506-0021,PL01,C018,2025-06-06,2025-07-06,2025-07-13,PLN,2885.73
AR-PL01-202506-0022,PL01,C005,2025-06-09,2025-07-24,2025-07-19,PLN,33636.71
AR-PL01-202506-0023,PL01,C024,2025-06-10,2025-07-10,2025-07-10,PLN,28656.99
AR-PL01-202506-0024,PL01,C034,2025-06-23,2025-08-07,2025-07-19,PLN,13185.32
AR-PL01-202506-0025,PL01,C011,2025-06-15,2025-07-15,2025-08-03,PLN,18719.34
AR-PL01-202506-0026,PL01,C004,2025-06-08,2025-07-08,2025-07-23,PLN,112644.17
AR-PL01-202506-0027,PL01,C024,2025-06-25,2025-07-25,2025-08-13,PLN,66525.37
AR-PL01-202506-0028,PL01,C017,2025-06-08,2025-07-23,2025-08-18,PLN,36525.93
AR-PL01-202506-0029,PL01,C038,2025-06-27,2025-08-11,2025-08-12,PLN,10245.29
AR-PL01-202506-0030,PL01,C003,2025-06-10,2025-07-10,2025-08-02,PLN,9492.62
AR-PL01-202506-0031,PL01,C022,2025-06-11,2025-07-11,2025-08-07,PLN,154904.01
AR-PL01-202506-0032,PL01,C003,2025-06-25,2025-07-25,2025-08-28,PLN,26896.24
AR-PL01-202506-0033,PL01,C028,2025-06-05,2025-07-05,2025-07-14,PLN,8779.39
AR-PL01-202506-0034,PL01,C030,2025-06-18,2025-07-18,2025-07-24,PLN,9255.16
AR-PL01-202506-0035,PL01,C018,2025-06-03,2025-07-03,2025-06-30,PLN,37902.31
AR-PL01-202506-0036,PL01,C004,2025-06-11,2025-07-11,2025-07-05,PLN,8013.77
AR-PL01-202506-0037,PL01,C025,2025-06-11,2025-07-11,2025-07-16,PLN,12673.74
AR-PL01-202506-0038,PL01,C013,2025-06-26,2025-07-26,2025-08-04,PLN,14195.12
AR-PL01-202506-0039,PL01,C007,2025-06-21,2025-07-21,2025-08-06,PLN,14773.58
AR-PL01-202506-0040,PL01,C025,2025-06-22,2025-07-22,2025-08-03,PLN,94144.64
AR-PL01-202506-0041,PL01,C029,2025-06-13,2025-07-13,2025-07-12,PLN,24835.13
AR-PL01-202506-0042,PL01,C039,2025-06-14,2025-07-14,2025-08-01,PLN,16690.83
AR-PL01-202506-0043,PL01,C004,2025-06-14,2025-07-14,2025-07-25,PLN,8265.61
AR-PL01-202506-0044,PL01,C022,2025-06-20,2025-07-20,2025-08-09,PLN,119341.44
AR-PL01-202506-0045,PL01,C039,2025-06-10,2025-07-10,2025-07-10,PLN,14284.77
AR-PL01-202506-0046,PL01,C038,2025-06-17,2025-07-17,2025-07-15,PLN,29801.97
AR-PL01-202506-0047,PL01,C030,2025-06-27,2025-07-27,2025-08-29,PLN,8956.27
AR-PL01-202506-0048,PL01,C020,2025-06-04,2025-07-04,2025-07-06,PLN,48850.03
AR-PL01-202506-0049,PL01,C008,2025-06-12,2025-07-12,2025-08-10,PLN,28993.14
AR-PL01-202506-0050,PL01,C004,2025-06-22,2025-08-06,2025-08-09,PLN,39176.96
AR-PL01-202506-0051,PL01,C022,2025-06-14,2025-07-14,2025-08-25,PLN,12324.5
AR-PL01-202506-0052,PL01,C001,2025-06-11,2025-07-26,2025-08-15,PLN,34042.39
AR-PL01-202506-0053,PL01,C006,2025-06-12,2025-07-12,2025-07-31,PLN,81750.09
AR-PL01-202506-0054,PL01,C027,2025-06-03,2025-07-03,2025-07-15,PLN,42309.98
AR-PL01-202506-0055,PL01,C022,2025-06-30,2025-08-14,2025-08-24,PLN,10764.87
AR-PL01-202506-0056,PL01,C001,2025-06-08,2025-07-08,2025-09-11,PLN,7640.9
AR-PL01-202506-0057,PL01,C037,2025-06-10,2025-07-25,2025-08-15,PLN,14014.69
AR-PL01-202506-0058,PL01,C032,2025-06-08,2025-07-08,2025-07-28,PLN,13959.09
AR-PL01-202506-0059,PL01,C001,2025-06-03,2025-07-18,2025-07-24,PLN,99466.65
AR-PL01-202506-0060,PL01,C018,2025-06-20,2025-07-20,2025-07-30,PLN,2235.89
AR-PL01-202506-0061,PL01,C005,2025-06-22,2025-08-06,2025-08-02,PLN,5399.18
AR-PL01-202506-0062,PL01,C025,2025-06-07,2025-07-22,2025-07-18,PLN,65033.27
AR-PL01-202506-0063,PL01,C013,2025-06-22,2025-07-22,2025-08-14,PLN,28674.87
AR-PL01-202506-0064,PL01,C035,2025-06-05,2025-07-20,2025-09-03,PLN,12778.77
AR-PL01-202506-0065,PL01,C037,2025-06-26,2025-07-26,2025-07-31,PLN,72957.02
AR-PL01-202506-0066,PL01,C027,2025-06-02,2025-07-17,2025-07-09,PLN,11171.89
AR-PL01-202506-0067,PL01,C004,2025-06-28,2025-08-12,2025-08-03,PLN,46634.54
AR-PL01-202506-0068,PL01,C015,2025-06-22,2025-07-22,2025-08-31,PLN,46596.15
AR-PL01-202506-0069,PL01,C015,2025-06-20,2025-08-04,2025-07-26,PLN,12427.35
AR-PL01-202506-0070,PL01,C036,2025-06-10,2025-07-25,2025-08-06,PLN,51012.89
AR-PL01-202506-0071,PL01,C016,2025-06-09,2025-07-09,2025-08-27,PLN,35644.85
AR-PL01-202506-0072,PL01,C012,2025-06-05,2025-07-05,2025-08-24,PLN,22731.21
AR-PL01-202507-0001,PL01,C026,2025-07-21,2025-08-20,2025-09-09,PLN,29258.99
AR-PL01-202507-0002,PL01,C026,2025-07-10,2025-08-09,2025-09-03,PLN,20871.57
AR-PL01-202507-0003,PL01,C020,2025-07-02,2025-08-16,2025-08-04,PLN,33232.55
AR-PL01-202507-0004,PL01,C019,2025-07-17,2025-08-16,2025-09-27,PLN,11918.36
AR-PL01-202507-0005,PL01,C007,2025-07-21,2025-09-04,2025-09-16,PLN,72977.75
AR-PL01-202507-0006,PL01,C022,2025-07-01,2025-08-15,2025-09-05,PLN,35087.86
AR-PL01-202507-0007,PL01,C034,2025-07-16,2025-08-15,2025-09-09,PLN,13179.67
AR-PL01-202507-0008,PL01,C030,2025-07-06,2025-08-20,2025-08-13,PLN,19605.16
AR-PL01-202507-0009,PL01,C009,2025-07-26,2025-08-25,2025-09-25,PLN,35528.32
AR-PL01-202507-0010,PL01,C011,2025-07-07,2025-08-06,2025-09-07,PLN,31785.2
AR-PL01-202507-0011,PL01,C026,2025-07-28,2025-08-27,2025-09-13,PLN,49999.5
AR-PL01-202507-0012,PL01,C004,2025-07-09,2025-08-23,2025-08-10,PLN,38642.67
AR-PL01-202507-0013,PL01,C035,2025-07-30,2025-08-29,2025-09-16,PLN,9811.27
AR-PL01-202507-0014,PL01,C016,2025-07-10,2025-08-09,2025-08-15,PLN,43772.13
AR-PL01-202507-0015,PL01,C006,2025-07-27,2025-09-10,2025-10-10,PLN,37039.32
AR-PL01-202507-0016,PL01,C035,2025-07-14,2025-08-13,2025-09-11,PLN,10318.72
AR-PL01-202507-0017,PL01,C025,2025-07-08,2025-08-07,2025-09-01,PLN,24267.94
AR-PL01-202507-0018,PL01,C005,2025-07-12,2025-08-26,2025-08-24,PLN,21242.13
AR-PL01-202507-0019,PL01,C021,2025-07-14,2025-08-28,2025-08-15,PLN,15974.72
AR-PL01-202507-0020,PL01,C034,2025-07-18,2025-08-17,2025-08-19,PLN,34763.06
AR-PL01-202507-0021,PL01,C009,2025-07-30,2025-08-29,2025-09-16,PLN,28654.55
AR-PL01-202507-0022,PL01,C018,2025-07-01,2025-07-31,2025-08-04,PLN,21612.18
AR-PL01-202507-0023,PL01,C027,2025-07-29,2025-08-28,2025-09-14,PLN,32403.78
AR-PL01-202507-0024,PL01,C005,2025-07-27,2025-08-26,2025-09-28,PLN,62225.46
AR-PL01-202507-0025,PL01,C037,2025-07-26,2025-08-25,2025-09-09,PLN,23550.69
AR-PL01-202507-0026,PL01,C022,2025-07-18,2025-09-01,2025-08-24,PLN,15517.57
AR-PL01-202507-0027,PL01,C017,2025-07-23,2025-09-06,2025-09-13,PLN,21858.49
AR-PL01-202507-0028,PL01,C024,2025-07-06,2025-08-05,2025-08-12,PLN,9464.31
AR-PL01-202507-0029,PL01,C014,2025-07-08,2025-08-07,2025-08-30,PLN,28983.55
AR-PL01-202507-0030,PL01,C033,2025-07-17,2025-08-31,2025-09-02,PLN,7545.85
AR-PL01-202507-0031,PL01,C036,2025-07-11,2025-08-25,2025-08-18,PLN,7200.47
AR-PL01-202507-0032,PL01,C002,2025-07-24,2025-09-07,2025-09-01,PLN,140220.7
AR-PL01-202507-0033,PL01,C007,2025-07-17,2025-08-31,2025-08-19,PLN,41599.36
AR-PL01-202507-0034,PL01,C013,2025-07-11,2025-08-25,2025-08-17,PLN,17037.41
AR-PL01-202507-0035,PL01,C039,2025-07-13,2025-08-12,2025-08-18,PLN,40086.64
AR-PL01-202507-0036,PL01,C031,2025-07-12,2025-08-26,2025-08-02,PLN,58823.99
AR-PL01-202507-0037,PL01,C005,2025-07-02,2025-08-01,2025-08-05,PLN,37358.77
AR-PL01-202507-0038,PL01,C010,2025-07-25,2025-08-24,2025-09-01,PLN,13611.58
AR-PL01-202507-0039,PL01,C033,2025-07-22,2025-08-21,2025-08-13,PLN,11444.13
AR-PL01-202507-0040,PL01,C038,2025-07-20,2025-08-19,2025-08-13,PLN,51309.35
AR-PL01-202507-0041,PL01,C022,2025-07-12,2025-08-26,2025-10-31,PLN,17015.09
AR-PL01-202507-0042,PL01,C033,2025-07-28,2025-08-27,2025-09-26,PLN,20439.01
AR-PL01-202507-0043,PL01,C035,2025-07-16,2025-08-15,2025-09-25,PLN,10647.41
AR-PL01-202507-0044,PL01,C033,2025-07-03,2025-08-02,2025-08-09,PLN,5076.93
AR-PL01-202507-0045,PL01,C027,2025-07-06,2025-08-05,2025-08-06,PLN,32496.69
AR-PL01-202507-0046,PL01,C026,2025-07-07,2025-08-06,2025-08-31,PLN,7895.56
AR-PL01-202507-0047,PL01,C033,2025-07-07,2025-08-06,2025-09-06,PLN,53887.22
AR-PL01-202507-0048,PL01,C019,2025-07-25,2025-09-08,2025-08-24,PLN,26049.61
AR-PL01-202507-0049,PL01,C033,2025-07-31,2025-08-30,2025-09-05,PLN,8635.96
AR-PL01-202507-0050,PL01,C006,2025-07-13,2025-08-12,2025-08-16,PLN,96193.32
AR-PL01-202507-0051,PL01,C003,2025-07-26,2025-09-09,2025-09-18,PLN,37797.01
AR-PL01-202507-0052,PL01,C012,2025-07-25,2025-09-08,2025-09-28,PLN,30750.66
AR-PL01-202507-0053,PL01,C034,2025-07-28,2025-08-27,2025-08-31,PLN,36212.45
AR-PL01-202507-0054,PL01,C014,2025-07-06,2025-08-20,2025-09-21,PLN,92349.68
AR-PL01-202507-0055,PL01,C020,2025-07-08,2025-08-07,2025-08-29,PLN,15936.54
AR-PL01-202507-0056,PL01,C007,2025-07-15,2025-08-29,2025-08-17,PLN,9490.53
AR-PL01-202507-0057,PL01,C012,2025-07-06,2025-08-20,2025-08-09,PLN,17710.46
AR-PL01-202507-0058,PL01,C025,2025-07-07,2025-08-06,2025-09-01,PLN,56993.06
AR-PL01-202507-0059,PL01,C024,2025-07-08,2025-08-07,2025-08-25,PLN,5940.43
AR-PL01-202507-0060,PL01,C038,2025-07-21,2025-08-20,2025-08-14,PLN,4512.03
AR-PL01-202507-0061,PL01,C034,2025-07-21,2025-09-04,2025-08-19,PLN,2426.87
AR-PL01-202507-0062,PL01,C037,2025-07-13,2025-08-12,2025-09-09,PLN,33537.8
AR-PL01-202507-0063,PL01,C007,2025-07-18,2025-09-01,2025-08-14,PLN,63062.37
AR-PL01-202507-0064,PL01,C039,2025-07-27,2025-08-26,2025-08-25,PLN,17194.75
AR-PL01-202507-0065,PL01,C012,2025-07-02,2025-08-01,2025-08-05,PLN,26129.72
AR-PL01-202507-0066,PL01,C004,2025-07-15,2025-08-14,2025-08-31,PLN,18382.05
AR-PL01-202507-0067,PL01,C025,2025-07-29,2025-08-28,2025-09-08,PLN,83657.58
AR-PL01-202507-0068,PL01,C009,2025-07-21,2025-08-20,2025-09-08,PLN,17791.78
AR-PL01-202508-0001,PL01,C019,2025-08-23,2025-09-22,2025-10-13,PLN,27798.05
AR-PL01-202508-0002,PL01,C021,2025-08-13,2025-09-12,2025-10-07,PLN,24178.51
AR-PL01-202508-0003,PL01,C003,2025-08-08,2025-09-07,2025-09-25,PLN,12349.83
AR-PL01-202508-0004,PL01,C026,2025-08-14,2025-09-13,2025-09-27,PLN,22371.57
AR-PL01-202508-0005,PL01,C026,2025-08-29,2025-09-28,2025-10-26,PLN,20660.48
AR-PL01-202508-0006,PL01,C019,2025-08-05,2025-09-19,2025-09-17,PLN,12810.45
AR-PL01-202508-0007,PL01,C012,2025-08-16,2025-09-15,2025-10-18,PLN,24838.56
AR-PL01-202508-0008,PL01,C019,2025-08-12,2025-09-11,2025-09-08,PLN,29057.14
AR-PL01-202508-0009,PL01,C009,2025-08-31,2025-09-30,2025-10-15,PLN,7600.63
AR-PL01-202508-0010,PL01,C034,2025-08-19,2025-09-18,2025-09-16,PLN,9974.7
AR-PL01-202508-0011,PL01,C010,2025-08-25,2025-09-24,2025-10-08,PLN,49930.6
AR-PL01-202508-0012,PL01,C014,2025-08-08,2025-09-07,2025-09-09,PLN,18550.81
AR-PL01-202508-0013,PL01,C016,2025-08-16,2025-09-15,2025-12-02,PLN,15217.37
AR-PL01-202508-0014,PL01,C029,2025-08-08,2025-09-22,2025-10-03,PLN,12789.78
AR-PL01-202508-0015,PL01,C032,2025-08-11,2025-09-10,2025-10-24,PLN,34429.2
AR-PL01-202508-0016,PL01,C029,2025-08-23,2025-09-22,2025-10-23,PLN,34630.18
AR-PL01-202508-0017,PL01,C025,2025-08-24,2025-10-08,2025-12-14,PLN,11243.73
AR-PL01-202508-0018,PL01,C027,2025-08-08,2025-09-22,2025-09-26,PLN,13908.67
AR-PL01-202508-0019,PL01,C014,2025-08-02,2025-09-01,2025-11-05,PLN,26519.6
AR-PL01-202508-0020,PL01,C020,2025-08-14,2025-09-13,2025-10-19,PLN,10894.18
AR-PL01-202508-0021,PL01,C040,2025-08-14,2025-09-13,2025-09-16,PLN,23231.03
AR-PL01-202508-0022,PL01,C006,2025-08-03,2025-09-02,2025-09-16,PLN,5685.06
AR-PL01-202508-0023,PL01,C019,2025-08-10,2025-09-09,2025-09-20,PLN,57784.46
AR-PL01-202508-0024,PL01,C026,2025-08-14,2025-09-28,2025-09-04,PLN,59245.65
AR-PL01-202508-0025,PL01,C012,2025-08-01,2025-08-31,2025-09-06,PLN,12106.52
AR-PL01-202508-0026,PL01,C037,2025-08-23,2025-09-22,2025-10-31,PLN,34561.5
AR-PL01-202508-0027,PL01,C012,2025-08-21,2025-09-20,2025-10-01,PLN,63680.08
AR-PL01-202508-0028,PL01,C022,2025-08-30,2025-10-14,2025-11-20,PLN,128480.54
AR-PL01-202508-0029,PL01,C036,2025-08-09,2025-09-08,2025-09-06,PLN,43262.13
AR-PL01-202508-0030,PL01,C027,2025-08-13,2025-09-12,2025-09-16,PLN,23526.14
AR-PL01-202508-0031,PL01,C037,2025-08-05,2025-09-04,2025-09-22,PLN,16084.59
AR-PL01-202508-0032,PL01,C034,2025-08-13,2025-09-27,2025-09-18,PLN,30602.24
AR-PL01-202508-0033,PL01,C020,2025-08-29,2025-09-28,2025-10-13,PLN,10150.08
AR-PL01-202508-0034,PL01,C021,2025-08-11,2025-09-25,2025-10-06,PLN,49394.99
AR-PL01-202508-0035,PL01,C034,2025-08-31,2025-09-30,2025-10-25,PLN,50521.61
AR-PL01-202508-0036,PL01,C029,2025-08-08,2025-09-07,2025-10-08,PLN,36118.44
AR-PL01-202508-0037,PL01,C006,2025-08-12,2025-09-11,2025-09-22,PLN,18314.1
AR-PL01-202508-0038,PL01,C013,2025-08-20,2025-09-19,2025-10-19,PLN,4410.67
AR-PL01-202508-0039,PL01,C015,2025-08-11,2025-09-10,2025-09-08,PLN,22215.67
AR-PL01-202508-0040,PL01,C018,2025-08-29,2025-10-13,2025-11-08,PLN,6584.76
AR-PL01-202508-0041,PL01,C021,2025-08-07,2025-09-06,2025-09-21,PLN,10168.25
AR-PL01-202508-0042,PL01,C040,2025-08-31,2025-09-30,2025-10-27,PLN,29739.33
AR-PL01-202508-0043,PL01,C010,2025-08-30,2025-10-14,2025-10-14,PLN,28408.75
AR-PL01-202508-0044,PL01,C032,2025-08-24,2025-09-23,2025-10-12,PLN,46401.49
AR-PL01-202508-0045,PL01,C037,2025-08-06,2025-09-05,2025-09-11,PLN,11408.31
AR-PL01-202508-0046,PL01,C025,2025-08-16,2025-09-15,2025-10-14,PLN,32069.95
AR-PL01-202508-0047,PL01,C011,2025-08-17,2025-09-16,2025-10-10,PLN,27629.54
AR-PL01-202508-0048,PL01,C028,2025-08-16,2025-09-15,2025-10-13,PLN,30941.09
AR-PL01-202508-0049,PL01,C012,2025-08-08,2025-09-07,2025-09-07,PLN,58086.32
AR-PL01-202508-0050,PL01,C033,2025-08-11,2025-09-10,2025-09-12,PLN,10205.61
AR-PL01-202508-0051,PL01,C031,2025-08-15,2025-09-14,2025-10-30,PLN,28977.49
AR-PL01-202508-0052,PL01,C006,2025-08-20,2025-09-19,2025-10-10,PLN,28625.11
AR-PL01-202508-0053,PL01,C024,2025-08-13,2025-09-27,2025-10-09,PLN,4194.95
AR-PL01-202508-0054,PL01,C032,2025-08-16,2025-09-15,2025-09-17,PLN,1743.2
AR-PL01-202508-0055,PL01,C003,2025-08-13,2025-09-12,2025-10-26,PLN,14584.12
AR-PL01-202508-0056,PL01,C038,2025-08-30,2025-09-29,2025-10-12,PLN,123075.59
AR-PL01-202508-0057,PL01,C033,2025-08-27,2025-09-26,2025-10-07,PLN,33748.84
AR-PL01-202508-0058,PL01,C029,2025-08-26,2025-09-25,2025-10-05,PLN,72045.56
AR-PL01-202508-0059,PL01,C003,2025-08-30,2025-10-14,2025-11-25,PLN,20246.78
AR-PL01-202508-0060,PL01,C004,2025-08-21,2025-09-20,2025-10-18,PLN,172083.98
AR-PL01-202508-0061,PL01,C011,2025-08-26,2025-09-25,2025-09-27,PLN,6731.36
AR-PL01-202508-0062,PL01,C012,2025-08-17,2025-09-16,2025-09-09,PLN,88587.46
AR-PL01-202508-0063,PL01,C025,2025-08-05,2025-09-04,2025-09-15,PLN,70971.94
AR-PL01-202508-0064,PL01,C005,2025-08-04,2025-09-03,2025-09-14,PLN,9060.15
AR-PL01-202508-0065,PL01,C039,2025-08-02,2025-09-01,2025-09-07,PLN,12458.46
AR-PL01-202508-0066,PL01,C012,2025-08-04,2025-09-03,2025-09-23,PLN,29130.35
AR-PL01-202509-0001,PL01,C040,2025-09-08,2025-10-08,2025-11-16,PLN,40667.16
AR-PL01-202509-0002,PL01,C023,2025-09-06,2025-10-21,2025-10-26,PLN,15118.51
AR-PL01-202509-0003,PL01,C028,2025-09-13,2025-10-13,2025-11-04,PLN,3492.61
AR-PL01-202509-0004,PL01,C011,2025-09-30,2025-10-30,2025-11-09,PLN,7052.5
AR-PL01-202509-0005,PL01,C002,2025-09-22,2025-10-22,2025-10-27,PLN,27680.91
AR-PL01-202509-0006,PL01,C020,2025-09-23,2025-10-23,2025-11-05,PLN,27281.4
AR-PL01-202509-0007,PL01,C012,2025-09-07,2025-10-07,2025-10-10,PLN,5101.01
AR-PL01-202509-0008,PL01,C037,2025-09-17,2025-11-01,2025-10-21,PLN,33434.13
AR-PL01-202509-0009,PL01,C038,2025-09-12,2025-10-27,2025-10-23,PLN,68373.26
AR-PL01-202509-0010,PL01,C027,2025-09-17,2025-11-01,2025-11-14,PLN,63947.09
AR-PL01-202509-0011,PL01,C013,2025-09-04,2025-10-19,2025-10-18,PLN,18967.58
AR-PL01-202509-0012,PL01,C008,2025-09-17,2025-10-17,2025-11-12,PLN,18061.59
AR-PL01-202509-0013,PL01,C038,2025-09-17,2025-11-01,2025-10-15,PLN,20766.41
AR-PL01-202509-0014,PL01,C009,2025-09-21,2025-10-21,2025-11-11,PLN,37518.47
AR-PL01-202509-0015,PL01,C022,2025-09-11,2025-10-11,2025-10-18,PLN,13077.2
AR-PL01-202509-0016,PL01,C020,2025-09-03,2025-10-03,2025-10-06,PLN,25003.61
AR-PL01-202509-0017,PL01,C016,2025-09-22,2025-10-22,2025-11-17,PLN,9286.72
AR-PL01-202509-0018,PL01,C028,2025-09-05,2025-10-05,2025-11-05,PLN,15286.77
AR-PL01-202509-0019,PL01,C010,2025-09-13,2025-10-13,2025-12-19,PLN,31590.04
AR-PL01-202509-0020,PL01,C012,2025-09-24,2025-10-24,2025-10-28,PLN,24190.6
AR-PL01-202509-0021,PL01,C011,2025-09-20,2025-11-04,2025-12-06,PLN,77727.44
AR-PL01-202509-0022,PL01,C030,2025-09-02,2025-10-17,2025-10-15,PLN,15283.89
AR-PL01-202509-0023,PL01,C012,2025-09-30,2025-10-30,2025-12-12,PLN,52586.64
AR-PL01-202509-0024,PL01,C014,2025-09-28,2025-11-12,2025-12-01,PLN,3441.18
AR-PL01-202509-0025,PL01,C031,2025-09-10,2025-10-25,2025-11-18,PLN,19154.22
AR-PL01-202509-0026,PL01,C004,2025-09-26,2025-10-26,2025-11-12,PLN,2336.94
AR-PL01-202509-0027,PL01,C023,2025-09-01,2025-10-01,2025-10-18,PLN,54812.26
AR-PL01-202509-0028,PL01,C028,2025-09-26,2025-10-26,2025-11-11,PLN,22600.04
AR-PL01-202509-0029,PL01,C005,2025-09-12,2025-10-12,2025-12-06,PLN,36621.78
AR-PL01-202509-0030,PL01,C037,2025-09-17,2025-10-17,2025-10-17,PLN,6777.27
AR-PL01-202509-0031,PL01,C002,2025-09-17,2025-10-17,2025-10-31,PLN,31226.39
AR-PL01-202509-0032,PL01,C005,2025-09-07,2025-10-07,2025-10-22,PLN,9746.08
AR-PL01-202509-0033,PL01,C020,2025-09-15,2025-10-15,2025-10-27,PLN,22518.48
AR-PL01-202509-0034,PL01,C022,2025-09-02,2025-10-17,2025-11-09,PLN,8441.48
AR-PL01-202509-0035,PL01,C021,2025-09-02,2025-10-17,2025-10-18,PLN,34784.64
AR-PL01-202509-0036,PL01,C034,2025-09-23,2025-11-07,2025-11-26,PLN,232525.48
AR-PL01-202509-0037,PL01,C016,2025-09-27,2025-10-27,2025-11-25,PLN,13653.11
AR-PL01-202509-0038,PL01,C032,2025-09-19,2025-11-03,2025-11-06,PLN,7486.59
AR-PL01-202509-0039,PL01,C025,2025-09-18,2025-10-18,2025-10-27,PLN,23197.15
AR-PL01-202509-0040,PL01,C016,2025-09-08,2025-10-08,2025-10-10,PLN,32180.35
AR-PL01-202509-0041,PL01,C030,2025-09-17,2025-10-17,2025-11-15,PLN,24100.8
AR-PL01-202509-0042,PL01,C001,2025-09-11,2025-10-11,2025-11-04,PLN,23604.6
AR-PL01-202509-0043,PL01,C013,2025-09-13,2025-10-13,2025-10-25,PLN,29913.02
AR-PL01-202509-0044,PL01,C029,2025-09-14,2025-10-14,2025-11-08,PLN,7828.28
AR-PL01-202509-0045,PL01,C019,2025-09-07,2025-10-07,2025-09-28,PLN,68842.56
AR-PL01-202509-0046,PL01,C025,2025-09-28,2025-10-28,2025-11-07,PLN,65885.0
AR-PL01-202509-0047,PL01,C017,2025-09-02,2025-10-17,2025-10-12,PLN,26987.0
AR-PL01-202509-0048,PL01,C034,2025-09-16,2025-10-16,2025-11-22,PLN,6736.76
AR-PL01-202509-0049,PL01,C007,2025-09-01,2025-10-16,2025-10-23,PLN,123817.71
AR-PL01-202509-0050,PL01,C033,2025-09-12,2025-10-27,2025-11-17,PLN,32216.76
AR-PL01-202509-0051,PL01,C016,2025-09-20,2025-11-04,2025-10-14,PLN,3454.24
AR-PL01-202509-0052,PL01,C005,2025-09-27,2025-11-11,2025-12-19,PLN,7144.3
AR-PL01-202509-0053,PL01,C015,2025-09-07,2025-10-07,2025-10-06,PLN,2480.34
AR-PL01-202509-0054,PL01,C007,2025-09-29,2025-10-29,2026-02-05,PLN,9868.71
AR-PL01-202509-0055,PL01,C023,2025-09-05,2025-10-05,2025-10-15,PLN,11282.7
AR-PL01-202509-0056,PL01,C014,2025-09-28,2025-11-12,2025-11-02,PLN,56537.54
AR-PL01-202509-0057,PL01,C023,2025-09-09,2025-10-09,2025-10-15,PLN,13331.34
AR-PL01-202509-0058,PL01,C029,2025-09-29,2025-10-29,2025-11-08,PLN,4940.78
AR-PL01-202509-0059,PL01,C036,2025-09-19,2025-10-19,2025-11-23,PLN,29622.25
AR-PL01-202509-0060,PL01,C033,2025-09-14,2025-10-14,2025-10-17,PLN,9252.42
AR-PL01-202509-0061,PL01,C039,2025-09-06,2025-10-21,2025-12-03,PLN,162878.44
AR-PL01-202509-0062,PL01,C022,2025-09-14,2025-10-14,2025-11-03,PLN,28919.57
AR-PL01-202509-0063,PL01,C020,2025-09-14,2025-10-29,2025-10-21,PLN,22496.69
AR-PL01-202509-0064,PL01,C021,2025-09-20,2025-10-20,2025-10-23,PLN,81006.97
AR-PL01-202509-0065,PL01,C008,2025-09-02,2025-10-17,2025-10-11,PLN,63711.9
AR-PL01-202509-0066,PL01,C029,2025-09-19,2025-11-03,2025-11-29,PLN,43927.96
AR-PL01-202509-0067,PL01,C036,2025-09-21,2025-10-21,2025-10-30,PLN,12704.72
AR-PL01-202509-0068,PL01,C038,2025-09-24,2025-10-24,2025-12-12,PLN,64951.12
AR-PL01-202509-0069,PL01,C029,2025-09-18,2025-11-02,2025-10-27,PLN,33251.48
AR-PL01-202509-0070,PL01,C039,2025-09-13,2025-10-28,2025-11-19,PLN,108976.02
AR-PL01-202509-0071,PL01,C037,2025-09-20,2025-10-20,2025-10-27,PLN,19620.96
AR-PL01-202509-0072,PL01,C012,2025-09-04,2025-10-19,2025-11-23,PLN,6930.26
AR-PL01-202509-0073,PL01,C030,2025-09-12,2025-10-12,2025-10-11,PLN,59957.34
AR-PL01-202509-0074,PL01,C003,2025-09-22,2025-10-22,2025-10-24,PLN,32409.82
AR-PL01-202509-0075,PL01,C025,2025-09-07,2025-10-07,2025-10-12,PLN,22509.69
AR-PL01-202509-0076,PL01,C016,2025-09-11,2025-10-26,2025-10-20,PLN,20042.52
AR-PL01-202510-0001,PL01,C020,2025-10-24,2025-11-23,2025-12-17,PLN,12001.8
AR-PL01-202510-0002,PL01,C028,2025-10-25,2025-11-24,2025-12-19,PLN,54819.99
AR-PL01-202510-0003,PL01,C011,2025-10-19,2025-12-03,2026-01-10,PLN,34251.6
AR-PL01-202510-0004,PL01,C026,2025-10-14,2025-11-28,2025-11-21,PLN,14616.6
AR-PL01-202510-0005,PL01,C009,2025-10-06,2025-11-05,2025-12-04,PLN,61218.27
AR-PL01-202510-0006,PL01,C005,2025-10-31,2025-11-30,2026-01-03,PLN,13590.44
AR-PL01-202510-0007,PL01,C030,2025-10-23,2025-12-07,2025-12-12,PLN,3561.81
AR-PL01-202510-0008,PL01,C015,2025-10-28,2025-11-27,2026-01-01,PLN,16840.7
AR-PL01-202510-0009,PL01,C026,2025-10-25,2025-12-09,2025-12-21,PLN,7306.58
AR-PL01-202510-0010,PL01,C018,2025-10-23,2025-11-22,2026-01-11,PLN,21130.61
AR-PL01-202510-0011,PL01,C015,2025-10-31,2025-12-15,2025-12-08,PLN,22248.92
AR-PL01-202510-0012,PL01,C028,2025-10-29,2025-12-13,2025-12-31,PLN,49594.07
AR-PL01-202510-0013,PL01,C027,2025-10-10,2025-11-09,2025-12-27,PLN,7787.02
AR-PL01-202510-0014,PL01,C018,2025-10-22,2025-11-21,2025-12-11,PLN,7015.14
AR-PL01-202510-0015,PL01,C028,2025-10-20,2025-12-04,2025-11-18,PLN,8009.81
AR-PL01-202510-0016,PL01,C034,2025-10-12,2025-11-11,2025-11-24,PLN,49475.11
AR-PL01-202510-0017,PL01,C028,2025-10-02,2025-11-01,2025-11-23,PLN,2029.43
AR-PL01-202510-0018,PL01,C009,2025-10-04,2025-11-03,2025-11-24,PLN,19309.72
AR-PL01-202510-0019,PL01,C009,2025-10-26,2025-11-25,2025-12-21,PLN,56407.09
AR-PL01-202510-0020,PL01,C031,2025-10-18,2025-11-17,2025-11-18,PLN,66610.92
AR-PL01-202510-0021,PL01,C031,2025-10-11,2025-11-25,2025-12-18,PLN,18938.62
AR-PL01-202510-0022,PL01,C007,2025-10-08,2025-11-22,2025-11-14,PLN,10068.71
AR-PL01-202510-0023,PL01,C025,2025-10-14,2025-11-13,2025-11-11,PLN,10540.76
AR-PL01-202510-0024,PL01,C010,2025-10-18,2025-12-02,2025-12-14,PLN,19054.84
AR-PL01-202510-0025,PL01,C007,2025-10-26,2025-12-10,2025-11-29,PLN,89768.31
AR-PL01-202510-0026,PL01,C038,2025-10-31,2025-12-15,2026-01-06,PLN,5994.31
AR-PL01-202510-0027,PL01,C019,2025-10-27,2025-11-26,2025-12-16,PLN,1118.26
AR-PL01-202510-0028,PL01,C040,2025-10-31,2025-11-30,2025-12-26,PLN,16613.03
AR-PL01-202510-0029,PL01,C039,2025-10-25,2025-12-09,2025-12-11,PLN,34897.13
AR-PL01-202510-0030,PL01,C039,2025-10-19,2025-12-03,2025-11-12,PLN,4160.12
AR-PL01-202510-0031,PL01,C028,2025-10-26,2025-11-25,2025-12-09,PLN,8779.73
AR-PL01-202510-0032,PL01,C019,2025-10-30,2025-12-14,2026-01-04,PLN,8869.83
AR-PL01-202510-0033,PL01,C020,2025-10-15,2025-11-14,2025-11-24,PLN,21356.56
AR-PL01-202510-0034,PL01,C023,2025-10-02,2025-11-16,2025-11-25,PLN,8854.22
AR-PL01-202510-0035,PL01,C029,2025-10-13,2025-11-12,2025-12-27,PLN,53289.52
AR-PL01-202510-0036,PL01,C035,2025-10-19,2025-12-03,2025-11-20,PLN,55300.6
AR-PL01-202510-0037,PL01,C013,2025-10-01,2025-10-31,2025-11-24,PLN,12836.87
AR-PL01-202510-0038,PL01,C006,2025-10-31,2025-12-15,2025-12-28,PLN,8381.4
AR-PL01-202510-0039,PL01,C005,2025-10-05,2025-11-19,2025-11-14,PLN,25099.27
AR-PL01-202510-0040,PL01,C008,2025-10-16,2025-11-30,2025-11-15,PLN,21514.95
AR-PL01-202510-0041,PL01,C027,2025-10-28,2025-12-12,2026-02-08,PLN,7203.87
AR-PL01-202510-0042,PL01,C027,2025-10-13,2025-11-27,2025-12-19,PLN,12377.04
AR-PL01-202510-0043,PL01,C003,2025-10-09,2025-11-08,2025-11-17,PLN,243103.18
AR-PL01-202510-0044,PL01,C040,2025-10-09,2025-11-08,2025-11-14,PLN,5186.43
AR-PL01-202510-0045,PL01,C034,2025-10-19,2025-11-18,2025-12-29,PLN,10115.78
AR-PL01-202510-0046,PL01,C008,2025-10-19,2025-11-18,2025-12-06,PLN,17447.27
AR-PL01-202510-0047,PL01,C023,2025-10-05,2025-11-04,2025-11-15,PLN,18040.66
AR-PL01-202510-0048,PL01,C015,2025-10-22,2025-11-21,2025-12-29,PLN,7935.58
AR-PL01-202510-0049,PL01,C034,2025-10-30,2025-11-29,2026-01-21,PLN,52879.79
AR-PL01-202510-0050,PL01,C014,2025-10-24,2025-11-23,2025-11-14,PLN,3739.76
AR-PL01-202510-0051,PL01,C013,2025-10-12,2025-11-26,2025-11-29,PLN,41128.02
AR-PL01-202510-0052,PL01,C030,2025-10-21,2025-11-20,2026-01-15,PLN,15152.19
AR-PL01-202510-0053,PL01,C015,2025-10-19,2025-11-18,2025-11-30,PLN,35876.15
AR-PL01-202510-0054,PL01,C015,2025-10-25,2025-12-09,2025-12-26,PLN,8314.39
AR-PL01-202510-0055,PL01,C022,2025-10-26,2025-11-25,2025-12-02,PLN,27698.61
AR-PL01-202510-0056,PL01,C037,2025-10-14,2025-11-13,2025-12-19,PLN,27990.8
AR-PL01-202510-0057,PL01,C026,2025-10-14,2025-11-13,2025-12-28,PLN,49898.1
AR-PL01-202510-0058,PL01,C004,2025-10-30,2025-11-29,2026-01-25,PLN,8692.02
AR-PL01-202510-0059,PL01,C027,2025-10-08,2025-11-07,2025-12-09,PLN,12825.05
AR-PL01-202510-0060,PL01,C003,2025-10-25,2025-11-24,2025-12-17,PLN,14160.9
AR-PL01-202510-0061,PL01,C006,2025-10-10,2025-11-09,2025-11-10,PLN,49408.34
AR-PL01-202510-0062,PL01,C036,2025-10-28,2025-11-27,2025-11-26,PLN,10202.96
AR-PL01-202510-0063,PL01,C030,2025-10-12,2025-11-11,2025-12-13,PLN,15408.73
AR-PL01-202510-0064,PL01,C012,2025-10-03,2025-11-17,2025-11-26,PLN,26639.93
AR-PL01-202510-0065,PL01,C007,2025-10-07,2025-11-06,2025-11-16,PLN,16792.37
AR-PL01-202510-0066,PL01,C034,2025-10-11,2025-11-25,2025-11-22,PLN,29873.45
AR-PL01-202510-0067,PL01,C002,2025-10-24,2025-12-08,2025-12-14,PLN,65863.42
AR-PL01-202510-0068,PL01,C001,2025-10-07,2025-11-06,2025-11-06,PLN,447793.87
AR-PL01-202510-0069,PL01,C026,2025-10-10,2025-11-09,2025-12-04,PLN,22773.63
AR-PL01-202510-0070,PL01,C012,2025-10-26,2025-11-25,2025-11-23,PLN,2775.45
AR-PL01-202510-0071,PL01,C030,2025-10-02,2025-11-01,2026-02-01,PLN,15425.99
AR-PL01-202510-0072,PL01,C022,2025-10-18,2025-12-02,2025-12-10,PLN,68629.24
AR-PL01-202510-0073,PL01,C016,2025-10-07,2025-11-06,2025-11-22,PLN,25239.02
AR-PL01-202510-0074,PL01,C016,2025-10-05,2025-11-04,2025-11-03,PLN,52126.85
AR-PL01-202510-0075,PL01,C031,2025-10-20,2025-11-19,2025-11-22,PLN,33930.94
AR-PL01-202510-0076,PL01,C016,2025-10-03,2025-11-02,2025-12-15,PLN,9427.87
AR-PL01-202510-0077,PL01,C035,2025-10-13,2025-11-12,2026-01-01,PLN,52053.49
AR-PL01-202510-0078,PL01,C034,2025-10-09,2025-11-23,2025-12-15,PLN,4285.3
AR-PL01-202510-0079,PL01,C031,2025-10-03,2025-11-02,2025-11-25,PLN,8871.91
AR-PL01-202510-0080,PL01,C021,2025-10-02,2025-11-01,2025-12-24,PLN,38497.31
AR-PL01-202511-0001,PL01,C031,2025-11-30,2025-12-30,2025-12-25,PLN,36219.13
AR-PL01-202511-0002,PL01,C009,2025-11-10,2025-12-10,2026-01-15,PLN,41845.58
AR-PL01-202511-0003,PL01,C027,2025-11-29,2025-12-29,2026-01-23,PLN,11016.14
AR-PL01-202511-0004,PL01,C027,2025-11-08,2025-12-08,2025-12-15,PLN,23365.35
AR-PL01-202511-0005,PL01,C006,2025-11-13,2025-12-28,2026-01-03,PLN,33097.35
AR-PL01-202511-0006,PL01,C020,2025-11-26,2025-12-26,2026-01-02,PLN,10562.27
AR-PL01-202511-0007,PL01,C005,2025-11-28,2025-12-28,2026-02-10,PLN,30639.91
AR-PL01-202511-0008,PL01,C035,2025-11-01,2025-12-01,2026-01-03,PLN,108448.78
AR-PL01-202511-0009,PL01,C034,2025-11-11,2025-12-26,2026-01-16,PLN,76474.75
AR-PL01-202511-0010,PL01,C025,2025-11-29,2025-12-29,2026-02-12,PLN,41871.05
AR-PL01-202511-0011,PL01,C016,2025-11-30,2025-12-30,2026-01-08,PLN,53534.26
AR-PL01-202511-0012,PL01,C022,2025-11-29,2025-12-29,2026-01-05,PLN,19443.12
AR-PL01-202511-0013,PL01,C003,2025-11-03,2025-12-03,2025-12-11,PLN,104768.35
AR-PL01-202511-0014,PL01,C013,2025-11-07,2025-12-07,2025-12-22,PLN,30899.16
AR-PL01-202511-0015,PL01,C021,2025-11-25,2026-01-09,2026-01-15,PLN,6265.83
AR-PL01-202511-0016,PL01,C007,2025-11-27,2026-01-11,2026-02-08,PLN,12052.19
AR-PL01-202511-0017,PL01,C024,2025-11-03,2025-12-03,2026-01-06,PLN,11778.97
AR-PL01-202511-0018,PL01,C013,2025-11-09,2025-12-24,2026-01-03,PLN,20492.29
AR-PL01-202511-0019,PL01,C017,2025-11-06,2025-12-06,2026-01-06,PLN,19646.08
AR-PL01-202511-0020,PL01,C006,2025-11-09,2025-12-24,2026-01-18,PLN,58265.94
AR-PL01-202511-0021,PL01,C032,2025-11-21,2025-12-21,2026-01-20,PLN,27722.82
AR-PL01-202511-0022,PL01,C024,2025-11-08,2025-12-08,2025-12-06,PLN,19940.94
AR-PL01-202511-0023,PL01,C021,2025-11-05,2025-12-05,2025-12-17,PLN,73745.43
AR-PL01-202511-0024,PL01,C040,2025-11-26,2025-12-26,2025-12-29,PLN,18965.36
AR-PL01-202511-0025,PL01,C015,2025-11-05,2025-12-20,2025-12-10,PLN,7218.76
AR-PL01-202511-0026,PL01,C003,2025-11-11,2025-12-11,2025-12-08,PLN,41949.45
AR-PL01-202511-0027,PL01,C019,2025-11-11,2025-12-11,2026-01-17,PLN,28920.04
AR-PL01-202511-0028,PL01,C032,2025-11-19,2025-12-19,2026-01-10,PLN,8388.58
AR-PL01-202511-0029,PL01,C002,2025-11-07,2025-12-22,2025-12-15,PLN,11157.67
AR-PL01-202511-0030,PL01,C033,2025-11-06,2025-12-21,2026-01-08,PLN,21798.96
AR-PL01-202511-0031,PL01,C034,2025-11-30,2025-12-30,2026-01-06,PLN,23252.22
AR-PL01-202511-0032,PL01,C031,2025-11-19,2025-12-19,2025-12-26,PLN,21209.48
AR-PL01-202511-0033,PL01,C028,2025-11-08,2025-12-23,2025-12-16,PLN,32194.24
AR-PL01-202511-0034,PL01,C027,2025-11-02,2025-12-17,2025-12-10,PLN,21067.47
AR-PL01-202511-0035,PL01,C009,2025-11-29,2025-12-29,2025-12-24,PLN,20661.12
AR-PL01-202511-0036,PL01,C034,2025-11-24,2025-12-24,2026-01-25,PLN,17334.97
AR-PL01-202511-0037,PL01,C021,2025-11-14,2025-12-14,2026-01-23,PLN,25993.08
AR-PL01-202511-0038,PL01,C032,2025-11-05,2025-12-05,2026-01-14,PLN,13655.94
AR-PL01-202511-0039,PL01,C006,2025-11-11,2025-12-26,2026-01-30,PLN,93806.55
AR-PL01-202511-0040,PL01,C028,2025-11-24,2025-12-24,2025-12-26,PLN,162089.91
AR-PL01-202511-0041,PL01,C039,2025-11-16,2025-12-31,2026-02-27,PLN,15483.72
AR-PL01-202511-0042,PL01,C014,2025-11-17,2025-12-17,2026-04-15,PLN,19485.97
AR-PL01-202511-0043,PL01,C040,2025-11-21,2026-01-05,2025-12-16,PLN,58839.24
AR-PL01-202511-0044,PL01,C038,2025-11-20,2025-12-20,2026-01-04,PLN,10420.6
AR-PL01-202511-0045,PL01,C014,2025-11-04,2025-12-04,2025-12-20,PLN,54745.58
AR-PL01-202511-0046,PL01,C006,2025-11-04,2025-12-19,2026-02-13,PLN,16297.84
AR-PL01-202511-0047,PL01,C027,2025-11-30,2025-12-30,2026-01-10,PLN,22191.84
AR-PL01-202511-0048,PL01,C002,2025-11-15,2025-12-15,2026-03-04,PLN,93964.03
AR-PL01-202511-0049,PL01,C020,2025-11-17,2025-12-17,2026-01-05,PLN,24027.15
AR-PL01-202511-0050,PL01,C020,2025-11-02,2025-12-02,2026-01-16,PLN,29093.84
AR-PL01-202511-0051,PL01,C039,2025-11-14,2025-12-14,2026-01-12,PLN,157193.56
AR-PL01-202511-0052,PL01,C017,2025-11-20,2025-12-20,2026-01-13,PLN,7200.22
AR-PL01-202511-0053,PL01,C038,2025-11-20,2025-12-20,2026-02-18,PLN,14237.7
AR-PL01-202511-0054,PL01,C026,2025-11-21,2025-12-21,2025-12-31,PLN,4921.4
AR-PL01-202511-0055,PL01,C012,2025-11-08,2025-12-08,2025-12-09,PLN,32825.97
AR-PL01-202511-0056,PL01,C038,2025-11-22,2026-01-06,2026-03-06,PLN,37722.69
AR-PL01-202511-0057,PL01,C030,2025-11-11,2025-12-11,2025-12-12,PLN,27291.49
AR-PL01-202511-0058,PL01,C031,2025-11-28,2025-12-28,2025-12-31,PLN,11268.08
AR-PL01-202511-0059,PL01,C025,2025-11-18,2025-12-18,2026-01-04,PLN,41535.85
AR-PL01-202511-0060,PL01,C017,2025-11-29,2026-01-13,2026-01-22,PLN,6445.13
AR-PL01-202511-0061,PL01,C015,2025-11-03,2025-12-18,2025-12-30,PLN,37233.0
AR-PL01-202511-0062,PL01,C006,2025-11-29,2025-12-29,2026-01-04,PLN,44005.31
AR-PL01-202511-0063,PL01,C006,2025-11-18,2025-12-18,2026-01-19,PLN,8124.17
AR-PL01-202511-0064,PL01,C016,2025-11-20,2025-12-20,2026-01-01,PLN,9827.75
AR-PL01-202511-0065,PL01,C027,2025-11-06,2025-12-06,2025-12-13,PLN,13786.24
AR-PL01-202511-0066,PL01,C040,2025-11-05,2025-12-05,2025-12-05,PLN,35214.07
AR-PL01-202511-0067,PL01,C012,2025-11-15,2025-12-30,2026-01-03,PLN,95129.86
AR-PL01-202511-0068,PL01,C018,2025-11-21,2025-12-21,2026-01-05,PLN,25179.0
AR-PL01-202511-0069,PL01,C031,2025-11-20,2026-01-04,2026-01-18,PLN,42558.5
AR-PL01-202511-0070,PL01,C031,2025-11-28,2025-12-28,2025-12-21,PLN,21999.75
AR-PL01-202511-0071,PL01,C015,2025-11-15,2025-12-30,2025-12-22,PLN,37431.23
AR-PL01-202511-0072,PL01,C022,2025-11-19,2025-12-19,2026-01-06,PLN,34733.88
AR-PL01-202511-0073,PL01,C019,2025-11-17,2026-01-01,2026-01-12,PLN,31649.58
AR-PL01-202511-0074,PL01,C001,2025-11-23,2025-12-23,2026-01-10,PLN,29420.06
AR-PL01-202511-0075,PL01,C036,2025-11-21,2025-12-21,2026-01-05,PLN,33213.55
AR-PL01-202511-0076,PL01,C007,2025-11-24,2026-01-08,2026-01-17,PLN,13765.58
AR-PL01-202511-0077,PL01,C015,2025-11-20,2025-12-20,2026-01-09,PLN,23310.68
AR-PL01-202511-0078,PL01,C006,2025-11-27,2025-12-27,2025-12-28,PLN,14560.16
AR-PL01-202511-0079,PL01,C014,2025-11-01,2025-12-01,2025-12-24,PLN,27820.38
AR-PL01-202512-0001,PL01,C011,2025-12-22,2026-02-05,2026-02-08,PLN,1553278.25
AR-PL01-202512-0002,PL01,C015,2025-12-21,2026-01-20,2026-03-01,PLN,18042.74
AR-PL01-202512-0003,PL01,C002,2025-12-17,2026-01-16,2026-02-21,PLN,29409.96
AR-PL01-202512-0004,PL01,C008,2025-12-13,2026-01-27,2026-04-09,PLN,11046.97
AR-PL01-202512-0005,PL01,C005,2025-12-02,2026-01-01,2026-02-12,PLN,17984.37
AR-PL01-202512-0006,PL01,C016,2025-12-30,2026-02-13,2026-03-03,PLN,58038.94
AR-PL01-202512-0007,PL01,C012,2025-12-07,2026-01-06,2026-01-18,PLN,7010.14
AR-PL01-202512-0008,PL01,C034,2025-12-02,2026-01-01,2026-01-09,PLN,29566.55
AR-PL01-202512-0009,PL01,C028,2025-12-14,2026-01-13,2026-02-12,PLN,21505.07
AR-PL01-202512-0010,PL01,C003,2025-12-28,2026-01-27,2026-01-30,PLN,15379.65
AR-PL01-202512-0011,PL01,C038,2025-12-17,2026-01-31,2026-03-15,PLN,19264.26
AR-PL01-202512-0012,PL01,C002,2025-12-30,2026-02-13,2026-04-08,PLN,38379.76
AR-PL01-202512-0013,PL01,C038,2025-12-28,2026-01-27,2026-02-23,PLN,85953.73
AR-PL01-202512-0014,PL01,C001,2025-12-29,2026-02-12,2026-02-23,PLN,98751.32
AR-PL01-202512-0015,PL01,C010,2025-12-14,2026-01-13,2026-01-28,PLN,10936.83
AR-PL01-202512-0016,PL01,C034,2025-12-18,2026-01-17,2026-02-02,PLN,12036.77
AR-PL01-202512-0017,PL01,C034,2025-12-15,2026-01-29,2026-01-14,PLN,29745.44
AR-PL01-202512-0018,PL01,C012,2025-12-20,2026-01-19,2026-01-13,PLN,16261.93
AR-PL01-202512-0019,PL01,C016,2025-12-03,2026-01-17,2026-01-03,PLN,4075.29
AR-PL01-202512-0020,PL01,C008,2025-12-16,2026-01-15,2026-01-16,PLN,34670.55
AR-PL01-202512-0021,PL01,C003,2025-12-10,2026-01-09,2026-04-29,PLN,21720.56
AR-PL01-202512-0022,PL01,C003,2025-12-16,2026-01-15,2026-01-12,PLN,14711.3
AR-PL01-202512-0023,PL01,C009,2025-12-15,2026-01-14,2026-01-12,PLN,5135.67
AR-PL01-202512-0024,PL01,C014,2025-12-17,2026-01-31,2026-02-23,PLN,18074.97
AR-PL01-202512-0025,PL01,C015,2025-12-16,2026-01-15,2026-01-13,PLN,8808.99
AR-PL01-202512-0026,PL01,C028,2025-12-10,2026-01-09,2026-02-28,PLN,8354.98
AR-PL01-202512-0027,PL01,C018,2025-12-22,2026-01-21,2026-02-12,PLN,11741.08
AR-PL01-202512-0028,PL01,C006,2025-12-01,2025-12-31,2026-02-15,PLN,13388.07
AR-PL01-202512-0029,PL01,C018,2025-12-23,2026-01-22,2026-02-24,PLN,13322.25
AR-PL01-202512-0030,PL01,C020,2025-12-27,2026-01-26,2026-02-07,PLN,41471.59
AR-PL01-202512-0031,PL01,C014,2025-12-05,2026-01-04,2026-01-16,PLN,18060.33
AR-PL01-202512-0032,PL01,C023,2025-12-21,2026-01-20,2026-01-30,PLN,49916.6
AR-PL01-202512-0033,PL01,C011,2025-12-17,2026-01-16,2026-01-28,PLN,29966.94
AR-PL01-202512-0034,PL01,C002,2025-12-06,2026-01-05,2026-03-12,PLN,56193.78
AR-PL01-202512-0035,PL01,C035,2025-12-22,2026-01-21,2026-02-02,PLN,36797.69
AR-PL01-202512-0036,PL01,C012,2025-12-20,2026-01-19,2026-01-29,PLN,97738.87
AR-PL01-202512-0037,PL01,C003,2025-12-06,2026-01-20,2026-02-14,PLN,42098.05
AR-PL01-202512-0038,PL01,C032,2025-12-20,2026-02-03,2026-01-21,PLN,35655.46
AR-PL01-202512-0039,PL01,C019,2025-12-06,2026-01-05,2026-01-08,PLN,22545.85
AR-PL01-202512-0040,PL01,C003,2025-12-06,2026-01-05,2026-01-23,PLN,18791.65
AR-PL01-202512-0041,PL01,C016,2025-12-27,2026-02-10,2026-03-24,PLN,7598.92
AR-PL01-202512-0042,PL01,C021,2025-12-29,2026-01-28,2026-03-11,PLN,64895.1
AR-PL01-202512-0043,PL01,C038,2025-12-15,2026-01-14,2026-01-31,PLN,14475.03
AR-PL01-202512-0044,PL01,C034,2025-12-26,2026-01-25,2026-04-04,PLN,11792.14
AR-PL01-202512-0045,PL01,C002,2025-12-31,2026-02-14,2026-03-20,PLN,76711.68
AR-PL01-202512-0046,PL01,C035,2025-12-15,2026-01-29,2026-02-08,PLN,61212.06
AR-PL01-202512-0047,PL01,C017,2025-12-19,2026-02-02,2026-02-01,PLN,6616.94
AR-PL01-202512-0048,PL01,C016,2025-12-29,2026-02-12,2026-03-18,PLN,6826.87
AR-PL01-202512-0049,PL01,C007,2025-12-23,2026-01-22,2026-02-06,PLN,13683.55
AR-PL01-202512-0050,PL01,C008,2025-12-09,2026-01-08,2026-02-07,PLN,36756.87
AR-PL01-202512-0051,PL01,C025,2025-12-23,2026-01-22,2026-01-10,PLN,31035.5
AR-PL01-202512-0052,PL01,C021,2025-12-13,2026-01-12,2026-01-13,PLN,10224.01
AR-PL01-202512-0053,PL01,C020,2025-12-04,2026-01-18,2026-02-16,PLN,47379.05
AR-PL01-202512-0054,PL01,C021,2025-12-13,2026-01-12,2026-01-21,PLN,9976.75
AR-PL01-202512-0055,PL01,C038,2025-12-11,2026-01-25,2026-01-25,PLN,30223.48
AR-PL01-202512-0056,PL01,C034,2025-12-08,2026-01-07,2026-02-02,PLN,75846.79
AR-PL01-202512-0057,PL01,C013,2025-12-24,2026-01-23,2026-02-17,PLN,10151.84
AR-PL01-202512-0058,PL01,C039,2025-12-21,2026-01-20,2026-02-11,PLN,6660.92
AR-PL01-202512-0059,PL01,C027,2025-12-18,2026-01-17,2026-02-25,PLN,16012.2
AR-PL01-202512-0060,PL01,C018,2025-12-24,2026-02-07,2026-01-22,PLN,18242.01
AR-PL01-202512-0061,PL01,C032,2025-12-28,2026-01-27,2026-02-01,PLN,12855.24
AR-PL01-202512-0062,PL01,C034,2025-12-29,2026-02-12,2026-02-12,PLN,27629.73
AR-PL01-202512-0063,PL01,C016,2025-12-12,2026-01-26,2026-01-11,PLN,24579.42
AR-PL01-202512-0064,PL01,C001,2025-12-26,2026-01-25,2026-02-09,PLN,4951.61
AR-PL01-202512-0065,PL01,C027,2025-12-21,2026-01-20,2026-02-09,PLN,37682.6
AR-PL01-202512-0066,PL01,C033,2025-12-25,2026-01-24,2026-02-11,PLN,14535.76
AR-PL01-202512-0067,PL01,C025,2025-12-25,2026-02-08,2026-03-07,PLN,19058.3
AR-PL01-202512-0068,PL01,C019,2025-12-04,2026-01-03,2026-01-16,PLN,54048.01
AR-PL01-202512-0069,PL01,C020,2025-12-28,2026-01-27,2026-02-10,PLN,31627.75
AR-PL01-202512-0070,PL01,C020,2025-12-04,2026-01-03,2026-01-28,PLN,56705.68
AR-PL01-202512-0071,PL01,C035,2025-12-28,2026-01-27,2026-02-04,PLN,28703.49
AR-PL01-202512-0072,PL01,C034,2025-12-26,2026-01-25,2026-01-24,PLN,27161.65
AR-PL01-202512-0073,PL01,C018,2025-12-25,2026-01-24,2026-01-28,PLN,19215.06
AR-PL01-202512-0074,PL01,C007,2025-12-29,2026-01-28,2026-02-05,PLN,24166.04
AR-PL01-202512-0075,PL01,C040,2025-12-31,2026-01-30,2026-02-09,PLN,15848.94
AR-PL01-202512-0076,PL01,C008,2025-12-07,2026-01-06,2026-02-12,PLN,6019.63
AR-PL01-202512-0077,PL01,C036,2025-12-21,2026-01-20,2026-02-09,PLN,44028.09
AR-PL01-202512-0078,PL01,C038,2025-12-30,2026-01-29,2026-04-07,PLN,4250.14
AR-PL01-202512-0079,PL01,C024,2025-12-27,2026-02-10,2026-01-29,PLN,107728.55
AR-PL01-202512-0080,PL01,C029,2025-12-28,2026-01-27,2026-02-08,PLN,13344.95
AR-PL01-202512-0081,PL01,C008,2025-12-09,2026-01-23,2026-02-03,PLN,20487.99
AR-PL01-202512-0082,PL01,C029,2025-12-05,2026-01-04,2026-01-12,PLN,43302.68
AR-PL01-202512-0083,PL01,C021,2025-12-31,2026-02-14,2026-02-07,PLN,42505.97
AR-PL01-202512-0084,PL01,C026,2025-12-15,2026-01-14,2026-02-04,PLN,25484.97
AR-PL01-202512-0085,PL01,C017,2025-12-30,2026-01-29,2026-02-05,PLN,4453.6
AR-PL01-202512-0086,PL01,C021,2025-12-17,2026-01-16,2026-03-07,PLN,24084.34
AR-PL01-202512-0087,PL01,C018,2025-12-10,2026-01-24,2026-03-21,PLN,221616.88
