doc_id,line_no,posting_date,account,debit,credit,currency,partner_id
NL01-2024-000001,1,2024-01-01,1000,700000.00,0.00,EUR,
NL01-2024-000001,2,2024-01-01,1300,850000.00,0.00,EUR,
NL01-2024-000001,3,2024-01-01,1500,1500000.00,0.00,EUR,
NL01-2024-000001,4,2024-01-01,3000,0.00,3050000.00,EUR,
NL01-2024-000002,1,2024-01-06,1200,6652.64,0.00,EUR,C029
NL01-2024-000002,2,2024-01-06,4000,0.00,5118.81,EUR,C029
NL01-2024-000002,3,2024-01-06,4100,0.00,1533.83,EUR,C029
NL01-2024-000003,1,2024-02-01,1000,6652.64,0.00,EUR,C029
NL01-2024-000003,2,2024-02-01,1200,0.00,6652.64,EUR,C029
NL01-2024-000004,1,2024-01-07,1200,8035.75,0.00,EUR,C030
NL01-2024-000004,2,2024-01-07,4000,0.00,6183.03,EUR,C030
NL01-2024-000004,3,2024-01-07,4100,0.00,1852.72,EUR,C030
NL01-2024-000005,1,2024-02-07,1000,8035.75,0.00,EUR,C030
NL01-2024-000005,2,2024-02-07,1200,0.00,8035.75,EUR,C030
NL01-2024-000006,1,2024-01-02,1200,14197.29,0.00,EUR,C022
NL01-2024-000006,2,2024-01-02,4000,0.00,10923.97,EUR,C022
NL01-2024-000006,3,2024-01-02,4100,0.00,3273.32,EUR,C022
NL01-2024-000007,1,2024-01-22,1000,14197.29,0.00,EUR,C022
NL01-2024-000007,2,2024-01-22,1200,0.00,14197.29,EUR,C022
NL01-2024-000008,1,2024-01-24,1200,9963.71,0.00,EUR,C001
NL01-2024-000008,2,2024-01-24,4000,0.00,7666.48,EUR,C001
NL01-2024-000008,3,2024-01-24,4100,0.00,2297.23,EUR,C001
NL01-2024-000009,1,2024-02-16,1000,9963.71,0.00,EUR,C001
NL01-2024-000009,2,2024-02-16,1200,0.00,9963.71,EUR,C001
NL01-2024-000010,1,2024-01-29,1200,3141.69,0.00,EUR,C021
NL01-2024-000010,2,2024-01-29,4000,0.00,2417.34,EUR,C021
NL01-2024-000010,3,2024-01-29,4100,0.00,724.35,EUR,C021
NL01-2024-000011,1,2024-03-14,1000,3141.69,0.00,EUR,C021
NL01-2024-000011,2,2024-03-14,1200,0.00,3141.69,EUR,C021
NL01-2024-000012,1,2024-01-02,1200,9695.23,0.00,EUR,C022
NL01-2024-000012,2,2024-01-02,4000,0.00,7459.90,EUR,C022
NL01-2024-000012,3,2024-01-02,4100,0.00,2235.33,EUR,C022
NL01-2024-000013,1,2024-01-22,1000,9695.23,0.00,EUR,C022
NL01-2024-000013,2,2024-01-22,1200,0.00,9695.23,EUR,C022
NL01-2024-000014,1,2024-01-02,1200,21852.54,0.00,EUR,C018
NL01-2024-000014,2,2024-01-02,4000,0.00,16814.22,EUR,C018
NL01-2024-000014,3,2024-01-02,4100,0.00,5038.32,EUR,C018
NL01-2024-000015,1,2024-02-04,1000,21852.54,0.00,EUR,C018
NL01-2024-000015,2,2024-02-04,1200,0.00,21852.54,EUR,C018
NL01-2024-000016,1,2024-01-08,1200,21498.61,0.00,EUR,C033
NL01-2024-000016,2,2024-01-08,4000,0.00,16541.90,EUR,C033
NL01-2024-000016,3,2024-01-08,4100,0.00,4956.71,EUR,C033
NL01-2024-000017,1,2024-02-16,1000,21498.61,0.00,EUR,C033
NL01-2024-000017,2,2024-02-16,1200,0.00,21498.61,EUR,C033
NL01-2024-000018,1,2024-01-29,1200,1374.02,0.00,EUR,C002
NL01-2024-000018,2,2024-01-29,4000,0.00,1057.23,EUR,C002
NL01-2024-000018,3,2024-01-29,4100,0.00,316.79,EUR,C002
NL01-2024-000019,1,2024-03-07,1000,1374.02,0.00,EUR,C002
NL01-2024-000019,2,2024-03-07,1200,0.00,1374.02,EUR,C002
NL01-2024-000020,1,2024-01-28,1200,4825.48,0.00,EUR,C023
NL01-2024-000020,2,2024-01-28,4000,0.00,3712.92,EUR,C023
NL01-2024-000020,3,2024-01-28,4100,0.00,1112.56,EUR,C023
NL01-2024-000021,1,2024-02-19,1000,4825.48,0.00,EUR,C023
NL01-2024-000021,2,2024-02-19,1200,0.00,4825.48,EUR,C023
NL01-2024-000022,1,2024-01-31,1200,3683.45,0.00,EUR,C033
NL01-2024-000022,2,2024-01-31,4000,0.00,2834.19,EUR,C033
NL01-2024-000022,3,2024-01-31,4100,0.00,849.26,EUR,C033
NL01-2024-000023,1,2024-02-16,1000,3683.45,0.00,EUR,C033
NL01-2024-000023,2,2024-02-16,1200,0.00,3683.45,EUR,C033
NL01-2024-000024,1,2024-01-29,1200,16251.63,0.00,EUR,C002
NL01-2024-000024,2,2024-01-29,4000,0.00,12504.66,EUR,C002
NL01-2024-000024,3,2024-01-29,4100,0.00,3746.97,EUR,C002
NL01-2024-000025,1,2024-02-29,1000,16251.63,0.00,EUR,C002
NL01-2024-000025,2,2024-02-29,1200,0.00,16251.63,EUR,C002
NL01-2024-000026,1,2024-01-31,1200,8526.06,0.00,EUR,C039
NL01-2024-000026,2,2024-01-31,4000,0.00,6560.29,EUR,C039
NL01-2024-000026,3,2024-01-31,4100,0.00,1965.77,EUR,C039
NL01-2024-000027,1,2024-02-24,1000,8526.06,0.00,EUR,C039
NL01-2024-000027,2,2024-02-24,1200,0.00,8526.06,EUR,C039
NL01-2024-000028,1,2024-01-20,1200,2858.03,0.00,EUR,C039
NL01-2024-000028,2,2024-01-20,4000,0.00,2199.08,EUR,C039
NL01-2024-000028,3,2024-01-20,4100,0.00,658.95,EUR,C039
NL01-2024-000029,1,2024-03-16,1000,2858.03,0.00,EUR,C039
NL01-2024-000029,2,2024-03-16,1200,0.00,2858.03,EUR,C039
NL01-2024-000030,1,2024-01-16,1200,4198.98,0.00,EUR,C034
NL01-2024-000030,2,2024-01-16,4000,0.00,3230.86,EUR,C034
NL01-2024-000030,3,2024-01-16,4100,0.00,968.12,EUR,C034
NL01-2024-000031,1,2024-03-02,1000,4198.98,0.00,EUR,C034
NL01-2024-000031,2,2024-03-02,1200,0.00,4198.98,EUR,C034
NL01-2024-000032,1,2024-01-21,1200,4680.83,0.00,EUR,C031
NL01-2024-000032,2,2024-01-21,4000,0.00,3601.62,EUR,C031
NL01-2024-000032,3,2024-01-21,4100,0.00,1079.21,EUR,C031
NL01-2024-000033,1,2024-02-12,1000,4680.83,0.00,EUR,C031
NL01-2024-000033,2,2024-02-12,1200,0.00,4680.83,EUR,C031
NL01-2024-000034,1,2024-01-13,1200,5666.75,0.00,EUR,C039
NL01-2024-000034,2,2024-01-13,4000,0.00,4360.23,EUR,C039
NL01-2024-000034,3,2024-01-13,4100,0.00,1306.52,EUR,C039
NL01-2024-000035,1,2024-02-04,1000,5666.75,0.00,EUR,C039
NL01-2024-000035,2,2024-02-04,1200,0.00,5666.75,EUR,C039
NL01-2024-000036,1,2024-01-24,1200,2830.61,0.00,EUR,C003
NL01-2024-000036,2,2024-01-24,4000,0.00,2177.99,EUR,C003
NL01-2024-000036,3,2024-01-24,4100,0.00,652.62,EUR,C003
NL01-2024-000037,1,2024-03-07,1000,2830.61,0.00,EUR,C003
NL01-2024-000037,2,2024-03-07,1200,0.00,2830.61,EUR,C003
NL01-2024-000038,1,2024-01-28,1200,6079.20,0.00,EUR,C038
NL01-2024-000038,2,2024-01-28,4000,0.00,4677.58,EUR,C038
NL01-2024-000038,3,2024-01-28,4100,0.00,1401.62,EUR,C038
NL01-2024-000039,1,2024-03-21,1000,6079.20,0.00,EUR,C038
NL01-2024-000039,2,2024-03-21,1200,0.00,6079.20,EUR,C038
NL01-2024-000040,1,2024-01-11,1200,12481.56,0.00,EUR,C020
NL01-2024-000040,2,2024-01-11,4000,0.00,9603.81,EUR,C020
NL01-2024-000040,3,2024-01-11,4100,0.00,2877.75,EUR,C020
NL01-2024-000041,1,2024-02-21,1000,12481.56,0.00,EUR,C020
NL01-2024-000041,2,2024-02-21,1200,0.00,12481.56,EUR,C020
NL01-2024-000042,1,2024-01-23,1200,4693.23,0.00,EUR,C023
NL01-2024-000042,2,2024-01-23,4000,0.00,3611.16,EUR,C023
NL01-2024-000042,3,2024-01-23,4100,0.00,1082.07,EUR,C023
NL01-2024-000043,1,2024-03-15,1000,4693.23,0.00,EUR,C023
NL01-2024-000043,2,2024-03-15,1200,0.00,4693.23,EUR,C023
NL01-2024-000044,1,2024-01-24,1200,4169.43,0.00,EUR,C024
NL01-2024-000044,2,2024-01-24,4000,0.00,3208.13,EUR,C024
NL01-2024-000044,3,2024-01-24,4100,0.00,961.30,EUR,C024
NL01-2024-000045,1,2024-02-05,1000,4169.43,0.00,EUR,C024
NL01-2024-000045,2,2024-02-05,1200,0.00,4169.43,EUR,C024
NL01-2024-000046,1,2024-01-01,1200,3801.40,0.00,EUR,C030
NL01-2024-000046,2,2024-01-01,4000,0.00,2924.95,EUR,C030
NL01-2024-000046,3,2024-01-01,4100,0.00,876.45,EUR,C030
NL01-2024-000047,1,2024-01-25,1000,3801.40,0.00,EUR,C030
NL01-2024-000047,2,2024-01-25,1200,0.00,3801.40,EUR,C030
NL01-2024-000048,1,2024-01-28,1200,10422.21,0.00,EUR,C039
NL01-2024-000048,2,2024-01-28,4000,0.00,8019.27,EUR,C039
NL01-2024-000048,3,2024-01-28,4100,0.00,2402.94,EUR,C039
NL01-2024-000049,1,2024-02-19,1000,10422.21,0.00,EUR,C039
NL01-2024-000049,2,2024-02-19,1200,0.00,10422.21,EUR,C039
NL01-2024-000050,1,2024-01-07,1200,1690.79,0.00,EUR,C018
NL01-2024-000050,2,2024-01-07,4000,0.00,1300.96,EUR,C018
NL01-2024-000050,3,2024-01-07,4100,0.00,389.83,EUR,C018
NL01-2024-000051,1,2024-02-11,1000,1690.79,0.00,EUR,C018
NL01-2024-000051,2,2024-02-11,1200,0.00,1690.79,EUR,C018
NL01-2024-000052,1,2024-01-04,1200,15912.19,0.00,EUR,C028
NL01-2024-000052,2,2024-01-04,4000,0.00,12243.48,EUR,C028
NL01-2024-000052,3,2024-01-04,4100,0.00,3668.71,EUR,C028
NL01-2024-000053,1,2024-01-28,1000,15912.19,0.00,EUR,C028
NL01-2024-000053,2,2024-01-28,1200,0.00,15912.19,EUR,C028
NL01-2024-000054,1,2024-01-05,1200,6241.31,0.00,EUR,C005
NL01-2024-000054,2,2024-01-05,4000,0.00,4802.32,EUR,C005
NL01-2024-000054,3,2024-01-05,4100,0.00,1438.99,EUR,C005
NL01-2024-000055,1,2024-02-04,1000,6241.31,0.00,EUR,C005
NL01-2024-000055,2,2024-02-04,1200,0.00,6241.31,EUR,C005
NL01-2024-000056,1,2024-01-04,1200,630.69,0.00,EUR,C001
NL01-2024-000056,2,2024-01-04,4000,0.00,485.28,EUR,C001
NL01-2024-000056,3,2024-01-04,4100,0.00,145.41,EUR,C001
NL01-2024-000057,1,2024-01-28,1000,630.69,0.00,EUR,C001
NL01-2024-000057,2,2024-01-28,1200,0.00,630.69,EUR,C001
NL01-2024-000058,1,2024-01-17,1200,6444.77,0.00,EUR,C005
NL01-2024-000058,2,2024-01-17,4000,0.00,4958.87,EUR,C005
NL01-2024-000058,3,2024-01-17,4100,0.00,1485.90,EUR,C005
NL01-2024-000059,1,2024-02-15,1000,6444.77,0.00,EUR,C005
NL01-2024-000059,2,2024-02-15,1200,0.00,6444.77,EUR,C005
NL01-2024-000060,1,2024-01-19,1200,13608.80,0.00,EUR,C002
NL01-2024-000060,2,2024-01-19,4000,0.00,10471.16,EUR,C002
NL01-2024-000060,3,2024-01-19,4100,0.00,3137.64,EUR,C002
NL01-2024-000061,1,2024-03-06,1000,13608.80,0.00,EUR,C002
NL01-2024-000061,2,2024-03-06,1200,0.00,13608.80,EUR,C002
NL01-2024-000062,1,2024-01-31,1200,3391.94,0.00,EUR,C023
NL01-2024-000062,2,2024-01-31,4000,0.00,2609.90,EUR,C023
NL01-2024-000062,3,2024-01-31,4100,0.00,782.04,EUR,C023
NL01-2024-000063,1,2024-02-27,1000,3391.94,0.00,EUR,C023
NL01-2024-000063,2,2024-02-27,1200,0.00,3391.94,EUR,C023
NL01-2024-000064,1,2024-01-06,1200,13792.10,0.00,EUR,C008
NL01-2024-000064,2,2024-01-06,4000,0.00,10612.20,EUR,C008
NL01-2024-000064,3,2024-01-06,4100,0.00,3179.90,EUR,C008
NL01-2024-000065,1,2024-02-13,1000,13792.10,0.00,EUR,C008
NL01-2024-000065,2,2024-02-13,1200,0.00,13792.10,EUR,C008
NL01-2024-000066,1,2024-01-11,1200,3034.84,0.00,EUR,C031
NL01-2024-000066,2,2024-01-11,4000,0.00,2335.13,EUR,C031
NL01-2024-000066,3,2024-01-11,4100,0.00,699.71,EUR,C031
NL01-2024-000067,1,2024-02-05,1000,3034.84,0.00,EUR,C031
NL01-2024-000067,2,2024-02-05,1200,0.00,3034.84,EUR,C031
NL01-2024-000068,1,2024-01-31,1200,13366.66,0.00,EUR,C003
NL01-2024-000068,2,2024-01-31,4000,0.00,10284.85,EUR,C003
NL01-2024-000068,3,2024-01-31,4100,0.00,3081.81,EUR,C003
NL01-2024-000069,1,2024-02-25,1000,13366.66,0.00,EUR,C003
NL01-2024-000069,2,2024-02-25,1200,0.00,13366.66,EUR,C003
NL01-2024-000070,1,2024-01-23,1200,2473.14,0.00,EUR,C023
NL01-2024-000070,2,2024-01-23,4000,0.00,1902.93,EUR,C023
NL01-2024-000070,3,2024-01-23,4100,0.00,570.21,EUR,C023
NL01-2024-000071,1,2024-02-24,1000,2473.14,0.00,EUR,C023
NL01-2024-000071,2,2024-02-24,1200,0.00,2473.14,EUR,C023
NL01-2024-000072,1,2024-01-17,1200,4855.61,0.00,EUR,C023
NL01-2024-000072,2,2024-01-17,4000,0.00,3736.10,EUR,C023
NL01-2024-000072,3,2024-01-17,4100,0.00,1119.51,EUR,C023
NL01-2024-000073,1,2024-02-15,1000,4855.61,0.00,EUR,C023
NL01-2024-000073,2,2024-02-15,1200,0.00,4855.61,EUR,C023
NL01-2024-000074,1,2024-01-31,1200,8727.67,0.00,EUR,C032
NL01-2024-000074,2,2024-01-31,4000,0.00,6715.42,EUR,C032
NL01-2024-000074,3,2024-01-31,4100,0.00,2012.25,EUR,C032
NL01-2024-000075,1,2024-03-25,1000,8727.67,0.00,EUR,C032
NL01-2024-000075,2,2024-03-25,1200,0.00,8727.67,EUR,C032
NL01-2024-000076,1,2024-01-17,1200,6075.58,0.00,EUR,C005
NL01-2024-000076,2,2024-01-17,4000,0.00,4674.80,EUR,C005
NL01-2024-000076,3,2024-01-17,4100,0.00,1400.78,EUR,C005
NL01-2024-000077,1,2024-02-17,1000,6075.58,0.00,EUR,C005
NL01-2024-000077,2,2024-02-17,1200,0.00,6075.58,EUR,C005
NL01-2024-000078,1,2024-01-15,1200,9218.08,0.00,EUR,C021
NL01-2024-000078,2,2024-01-15,4000,0.00,7092.76,EUR,C021
NL01-2024-000078,3,2024-01-15,4100,0.00,2125.32,EUR,C021
NL01-2024-000079,1,2024-02-20,1000,9218.08,0.00,EUR,C021
NL01-2024-000079,2,2024-02-20,1200,0.00,9218.08,EUR,C021
NL01-2024-000080,1,2024-01-25,1200,21411.82,0.00,EUR,C033
NL01-2024-000080,2,2024-01-25,4000,0.00,16475.12,EUR,C033
NL01-2024-000080,3,2024-01-25,4100,0.00,4936.70,EUR,C033
NL01-2024-000081,1,2024-02-11,1000,21411.82,0.00,EUR,C033
NL01-2024-000081,2,2024-02-11,1200,0.00,21411.82,EUR,C033
NL01-2024-000082,1,2024-01-27,1200,7623.28,0.00,EUR,C016
NL01-2024-000082,2,2024-01-27,4000,0.00,5865.66,EUR,C016
NL01-2024-000082,3,2024-01-27,4100,0.00,1757.62,EUR,C016
NL01-2024-000083,1,2024-02-23,1000,7623.28,0.00,EUR,C016
NL01-2024-000083,2,2024-02-23,1200,0.00,7623.28,EUR,C016
NL01-2024-000084,1,2024-01-27,1200,20525.21,0.00,EUR,C031
NL01-2024-000084,2,2024-01-27,4000,0.00,15792.92,EUR,C031
NL01-2024-000084,3,2024-01-27,4100,0.00,4732.29,EUR,C031
NL01-2024-000085,1,2024-03-25,1000,20525.21,0.00,EUR,C031
NL01-2024-000085,2,2024-03-25,1200,0.00,20525.21,EUR,C031
NL01-2024-000086,1,2024-01-06,1200,7612.93,0.00,EUR,C033
NL01-2024-000086,2,2024-01-06,4000,0.00,5857.69,EUR,C033
NL01-2024-000086,3,2024-01-06,4100,0.00,1755.24,EUR,C033
NL01-2024-000087,1,2024-01-24,1000,7612.93,0.00,EUR,C033
NL01-2024-000087,2,2024-01-24,1200,0.00,7612.93,EUR,C033
NL01-2024-000088,1,2024-01-27,1200,5491.56,0.00,EUR,C020
NL01-2024-000088,2,2024-01-27,4000,0.00,4225.43,EUR,C020
NL01-2024-000088,3,2024-01-27,4100,0.00,1266.13,EUR,C020
NL01-2024-000089,1,2024-02-23,1000,5491.56,0.00,EUR,C020
NL01-2024-000089,2,2024-02-23,1200,0.00,5491.56,EUR,C020
NL01-2024-000090,1,2024-01-09,1200,19297.98,0.00,EUR,C024
NL01-2024-000090,2,2024-01-09,4000,0.00,14848.64,EUR,C024
NL01-2024-000090,3,2024-01-09,4100,0.00,4449.34,EUR,C024
NL01-2024-000091,1,2024-02-10,1000,19297.98,0.00,EUR,C024
NL01-2024-000091,2,2024-02-10,1200,0.00,19297.98,EUR,C024
NL01-2024-000092,1,2024-01-12,1200,4799.19,0.00,EUR,C039
NL01-2024-000092,2,2024-01-12,4000,0.00,3692.69,EUR,C039
NL01-2024-000092,3,2024-01-12,4100,0.00,1106.50,EUR,C039
NL01-2024-000093,1,2024-02-10,1000,4799.19,0.00,EUR,C039
NL01-2024-000093,2,2024-02-10,1200,0.00,4799.19,EUR,C039
NL01-2024-000094,1,2024-01-21,1200,2254.92,0.00,EUR,C017
NL01-2024-000094,2,2024-01-21,4000,0.00,1735.03,EUR,C017
NL01-2024-000094,3,2024-01-21,4100,0.00,519.89,EUR,C017
NL01-2024-000095,1,2024-03-19,1000,2254.92,0.00,EUR,C017
NL01-2024-000095,2,2024-03-19,1200,0.00,2254.92,EUR,C017
NL01-2024-000096,1,2024-01-02,1200,46258.01,0.00,EUR,C014
NL01-2024-000096,2,2024-01-02,4000,0.00,35592.77,EUR,C014
NL01-2024-000096,3,2024-01-02,4100,0.00,10665.24,EUR,C014
NL01-2024-000097,1,2024-03-02,1000,46258.01,0.00,EUR,C014
NL01-2024-000097,2,2024-03-02,1200,0.00,46258.01,EUR,C014
NL01-2024-000098,1,2024-01-01,1200,7308.35,0.00,EUR,C027
NL01-2024-000098,2,2024-01-01,4000,0.00,5623.34,EUR,C027
NL01-2024-000098,3,2024-01-01,4100,0.00,1685.01,EUR,C027
NL01-2024-000099,1,2024-02-21,1000,7308.35,0.00,EUR,C027
NL01-2024-000099,2,2024-02-21,1200,0.00,7308.35,EUR,C027
NL01-2024-000100,1,2024-01-30,1200,51116.94,0.00,EUR,C014
NL01-2024-000100,2,2024-01-30,4000,0.00,39331.43,EUR,C014
NL01-2024-000100,3,2024-01-30,4100,0.00,11785.51,EUR,C014
NL01-2024-000101,1,2024-03-14,1000,51116.94,0.00,EUR,C014
NL01-2024-000101,2,2024-03-14,1200,0.00,51116.94,EUR,C014
NL01-2024-000102,1,2024-01-12,1200,2663.40,0.00,EUR,C037
NL01-2024-000102,2,2024-01-12,4000,0.00,2049.33,EUR,C037
NL01-2024-000102,3,2024-01-12,4100,0.00,614.07,EUR,C037
NL01-2024-000103,1,2024-02-14,1000,2663.40,0.00,EUR,C037
NL01-2024-000103,2,2024-02-14,1200,0.00,2663.40,EUR,C037
NL01-2024-000104,1,2024-01-12,1200,17434.83,0.00,EUR,C003
NL01-2024-000104,2,2024-01-12,4000,0.00,13415.06,EUR,C003
NL01-2024-000104,3,2024-01-12,4100,0.00,4019.77,EUR,C003
NL01-2024-000105,1,2024-02-15,1000,17434.83,0.00,EUR,C003
NL01-2024-000105,2,2024-02-15,1200,0.00,17434.83,EUR,C003
NL01-2024-000106,1,2024-01-26,1200,8159.78,0.00,EUR,C020
NL01-2024-000106,2,2024-01-26,4000,0.00,6278.46,EUR,C020
NL01-2024-000106,3,2024-01-26,4100,0.00,1881.32,EUR,C020
NL01-2024-000107,1,2024-03-02,1000,8159.78,0.00,EUR,C020
NL01-2024-000107,2,2024-03-02,1200,0.00,8159.78,EUR,C020
NL01-2024-000108,1,2024-01-20,1200,59477.56,0.00,EUR,C022
NL01-2024-000108,2,2024-01-20,4000,0.00,45764.43,EUR,C022
NL01-2024-000108,3,2024-01-20,4100,0.00,13713.13,EUR,C022
NL01-2024-000109,1,2024-02-11,1000,59477.56,0.00,EUR,C022
NL01-2024-000109,2,2024-02-11,1200,0.00,59477.56,EUR,C022
NL01-2024-000110,1,2024-01-25,1200,3163.36,0.00,EUR,C022
NL01-2024-000110,2,2024-01-25,4000,0.00,2434.02,EUR,C022
NL01-2024-000110,3,2024-01-25,4100,0.00,729.34,EUR,C022
NL01-2024-000111,1,2024-02-28,1000,3163.36,0.00,EUR,C022
NL01-2024-000111,2,2024-02-28,1200,0.00,3163.36,EUR,C022
NL01-2024-000112,1,2024-01-26,1200,6389.45,0.00,EUR,C031
NL01-2024-000112,2,2024-01-26,4000,0.00,4916.30,EUR,C031
NL01-2024-000112,3,2024-01-26,4100,0.00,1473.15,EUR,C031
NL01-2024-000113,1,2024-02-20,1000,6389.45,0.00,EUR,C031
NL01-2024-000113,2,2024-02-20,1200,0.00,6389.45,EUR,C031
NL01-2024-000114,1,2024-01-05,1200,64305.49,0.00,EUR,C021
NL01-2024-000114,2,2024-01-05,4000,0.00,49479.23,EUR,C021
NL01-2024-000114,3,2024-01-05,4100,0.00,14826.26,EUR,C021
NL01-2024-000115,1,2024-02-26,1000,64305.49,0.00,EUR,C021
NL01-2024-000115,2,2024-02-26,1200,0.00,64305.49,EUR,C021
NL01-2024-000116,1,2024-01-17,1200,14189.53,0.00,EUR,C016
NL01-2024-000116,2,2024-01-17,4000,0.00,10918.00,EUR,C016
NL01-2024-000116,3,2024-01-17,4100,0.00,3271.53,EUR,C016
NL01-2024-000117,1,2024-02-10,1000,14189.53,0.00,EUR,C016
NL01-2024-000117,2,2024-02-10,1200,0.00,14189.53,EUR,C016
NL01-2024-000118,1,2024-01-17,1200,4079.81,0.00,EUR,C001
NL01-2024-000118,2,2024-01-17,4000,0.00,3139.17,EUR,C001
NL01-2024-000118,3,2024-01-17,4100,0.00,940.64,EUR,C001
NL01-2024-000119,1,2024-03-15,1000,4079.81,0.00,EUR,C001
NL01-2024-000119,2,2024-03-15,1200,0.00,4079.81,EUR,C001
NL01-2024-000120,1,2024-01-20,1200,13060.61,0.00,EUR,C007
NL01-2024-000120,2,2024-01-20,4000,0.00,10049.36,EUR,C007
NL01-2024-000120,3,2024-01-20,4100,0.00,3011.25,EUR,C007
NL01-2024-000121,1,2024-02-18,1000,13060.61,0.00,EUR,C007
NL01-2024-000121,2,2024-02-18,1200,0.00,13060.61,EUR,C007
NL01-2024-000122,1,2024-01-20,1200,4024.57,0.00,EUR,C019
NL01-2024-000122,2,2024-01-20,4000,0.00,3096.67,EUR,C019
NL01-2024-000122,3,2024-01-20,4100,0.00,927.90,EUR,C019
NL01-2024-000123,1,2024-02-16,1000,4024.57,0.00,EUR,C019
NL01-2024-000123,2,2024-02-16,1200,0.00,4024.57,EUR,C019
NL01-2024-000124,1,2024-01-16,1200,21923.73,0.00,EUR,C002
NL01-2024-000124,2,2024-01-16,4000,0.00,16869.00,EUR,C002
NL01-2024-000124,3,2024-01-16,4100,0.00,5054.73,EUR,C002
NL01-2024-000125,1,2024-02-18,1000,21923.73,0.00,EUR,C002
NL01-2024-000125,2,2024-02-18,1200,0.00,21923.73,EUR,C002
NL01-2024-000126,1,2024-01-09,1200,4746.59,0.00,EUR,C024
NL01-2024-000126,2,2024-01-09,4000,0.00,3652.22,EUR,C024
NL01-2024-000126,3,2024-01-09,4100,0.00,1094.37,EUR,C024
NL01-2024-000127,1,2024-01-29,1000,4746.59,0.00,EUR,C024
NL01-2024-000127,2,2024-01-29,1200,0.00,4746.59,EUR,C024
NL01-2024-000128,1,2024-01-06,1200,10445.84,0.00,EUR,C015
NL01-2024-000128,2,2024-01-06,4000,0.00,8037.45,EUR,C015
NL01-2024-000128,3,2024-01-06,4100,0.00,2408.39,EUR,C015
NL01-2024-000129,1,2024-01-23,1000,10445.84,0.00,EUR,C015
NL01-2024-000129,2,2024-01-23,1200,0.00,10445.84,EUR,C015
NL01-2024-000130,1,2024-01-31,1200,11923.35,0.00,EUR,C001
NL01-2024-000130,2,2024-01-31,4000,0.00,9174.31,EUR,C001
NL01-2024-000130,3,2024-01-31,4100,0.00,2749.04,EUR,C001
NL01-2024-000131,1,2024-02-28,1000,11923.35,0.00,EUR,C001
NL01-2024-000131,2,2024-02-28,1200,0.00,11923.35,EUR,C001
NL01-2024-000132,1,2024-01-03,1200,71275.60,0.00,EUR,C026
NL01-2024-000132,2,2024-01-03,4000,0.00,54842.32,EUR,C026
NL01-2024-000132,3,2024-01-03,4100,0.00,16433.28,EUR,C026
NL01-2024-000133,1,2024-03-01,1000,71275.60,0.00,EUR,C026
NL01-2024-000133,2,2024-03-01,1200,0.00,71275.60,EUR,C026
NL01-2024-000134,1,2024-01-24,1200,27318.27,0.00,EUR,C024
NL01-2024-000134,2,2024-01-24,4000,0.00,21019.78,EUR,C024
NL01-2024-000134,3,2024-01-24,4100,0.00,6298.49,EUR,C024
NL01-2024-000135,1,2024-03-01,1000,27318.27,0.00,EUR,C024
NL01-2024-000135,2,2024-03-01,1200,0.00,27318.27,EUR,C024
NL01-2024-000136,1,2024-01-07,1200,3685.86,0.00,EUR,C022
NL01-2024-000136,2,2024-01-07,4000,0.00,2836.05,EUR,C022
NL01-2024-000136,3,2024-01-07,4100,0.00,849.81,EUR,C022
NL01-2024-000137,1,2024-02-06,1000,3685.86,0.00,EUR,C022
NL01-2024-000137,2,2024-02-06,1200,0.00,3685.86,EUR,C022
NL01-2024-000138,1,2024-01-23,1200,27882.40,0.00,EUR,C024
NL01-2024-000138,2,2024-01-23,4000,0.00,21453.84,EUR,C024
NL01-2024-000138,3,2024-01-23,4100,0.00,6428.56,EUR,C024
NL01-2024-000139,1,2024-02-09,1000,27882.40,0.00,EUR,C024
NL01-2024-000139,2,2024-02-09,1200,0.00,27882.40,EUR,C024
NL01-2024-000140,1,2024-01-08,1200,2210.53,0.00,EUR,C022
NL01-2024-000140,2,2024-01-08,4000,0.00,1700.87,EUR,C022
NL01-2024-000140,3,2024-01-08,4100,0.00,509.66,EUR,C022
NL01-2024-000141,1,2024-02-19,1000,2210.53,0.00,EUR,C022
NL01-2024-000141,2,2024-02-19,1200,0.00,2210.53,EUR,C022
NL01-2024-000142,1,2024-01-16,1200,12639.46,0.00,EUR,C016
NL01-2024-000142,2,2024-01-16,4000,0.00,9725.31,EUR,C016
NL01-2024-000142,3,2024-01-16,4100,0.00,2914.15,EUR,C016
NL01-2024-000143,1,2024-03-08,1000,12639.46,0.00,EUR,C016
NL01-2024-000143,2,2024-03-08,1200,0.00,12639.46,EUR,C016
NL01-2024-000144,1,2024-01-17,1200,7057.46,0.00,EUR,C002
NL01-2024-000144,2,2024-01-17,4000,0.00,5430.29,EUR,C002
NL01-2024-000144,3,2024-01-17,4100,0.00,1627.17,EUR,C002
NL01-2024-000145,1,2024-02-14,1000,7057.46,0.00,EUR,C002
NL01-2024-000145,2,2024-02-14,1200,0.00,7057.46,EUR,C002
NL01-2024-000146,1,2024-01-24,1200,39555.22,0.00,EUR,C033
NL01-2024-000146,2,2024-01-24,4000,0.00,30435.38,EUR,C033
NL01-2024-000146,3,2024-01-24,4100,0.00,9119.84,EUR,C033
NL01-2024-000147,1,2024-03-03,1000,39555.22,0.00,EUR,C033
NL01-2024-000147,2,2024-03-03,1200,0.00,39555.22,EUR,C033
NL01-2024-000148,1,2024-01-09,1200,3182.26,0.00,EUR,C018
NL01-2024-000148,2,2024-01-09,4000,0.00,2448.56,EUR,C018
NL01-2024-000148,3,2024-01-09,4100,0.00,733.70,EUR,C018
NL01-2024-000149,1,2024-01-28,1000,3182.26,0.00,EUR,C018
NL01-2024-000149,2,2024-01-28,1200,0.00,3182.26,EUR,C018
NL01-2024-000150,1,2024-01-27,1200,2199.03,0.00,EUR,C004
NL01-2024-000150,2,2024-01-27,4000,0.00,1692.02,EUR,C004
NL01-2024-000150,3,2024-01-27,4100,0.00,507.01,EUR,C004
NL01-2024-000151,1,2024-02-26,1000,2199.03,0.00,EUR,C004
NL01-2024-000151,2,2024-02-26,1200,0.00,2199.03,EUR,C004
NL01-2024-000152,1,2024-01-24,1200,6253.61,0.00,EUR,C023
NL01-2024-000152,2,2024-01-24,4000,0.00,4811.78,EUR,C023
NL01-2024-000152,3,2024-01-24,4100,0.00,1441.83,EUR,C023
NL01-2024-000153,1,2024-02-22,1000,6253.61,0.00,EUR,C023
NL01-2024-000153,2,2024-02-22,1200,0.00,6253.61,EUR,C023
NL01-2024-000154,1,2024-01-06,1200,9517.72,0.00,EUR,C040
NL01-2024-000154,2,2024-01-06,4000,0.00,7323.32,EUR,C040
NL01-2024-000154,3,2024-01-06,4100,0.00,2194.40,EUR,C040
NL01-2024-000155,1,2024-01-21,1000,9517.72,0.00,EUR,C040
NL01-2024-000155,2,2024-01-21,1200,0.00,9517.72,EUR,C040
NL01-2024-000156,1,2024-01-18,1200,12293.37,0.00,EUR,C020
NL01-2024-000156,2,2024-01-18,4000,0.00,9459.01,EUR,C020
NL01-2024-000156,3,2024-01-18,4100,0.00,2834.36,EUR,C020
NL01-2024-000157,1,2024-02-21,1000,12293.37,0.00,EUR,C020
NL01-2024-000157,2,2024-02-21,1200,0.00,12293.37,EUR,C020
NL01-2024-000158,1,2024-01-24,1300,16003.62,0.00,EUR,V025
NL01-2024-000158,2,2024-01-24,2100,0.00,16003.62,EUR,V025
NL01-2024-000159,1,2024-02-25,2100,16003.62,0.00,EUR,V025
NL01-2024-000159,2,2024-02-25,1000,0.00,16003.62,EUR,V025
NL01-2024-000160,1,2024-01-24,1300,368613.69,0.00,EUR,V014
NL01-2024-000160,2,2024-01-24,2100,0.00,368613.69,EUR,V014
NL01-2024-000161,1,2024-02-25,2100,368613.69,0.00,EUR,V014
NL01-2024-000161,2,2024-02-25,1000,0.00,368613.69,EUR,V014
NL01-2024-000162,1,2024-01-15,1300,50975.96,0.00,EUR,V019
NL01-2024-000162,2,2024-01-15,2100,0.00,50975.96,EUR,V019
NL01-2024-000163,1,2024-02-16,2100,50975.96,0.00,EUR,V019
NL01-2024-000163,2,2024-02-16,1000,0.00,50975.96,EUR,V019
NL01-2024-000164,1,2024-01-31,5000,431014.24,0.00,EUR,
NL01-2024-000164,2,2024-01-31,1300,0.00,431014.24,EUR,
NL01-2024-000165,1,2024-01-10,6100,35392.62,0.00,EUR,V037
NL01-2024-000165,2,2024-01-10,2100,0.00,35392.62,EUR,V037
NL01-2024-000166,1,2024-02-13,2100,35392.62,0.00,EUR,V037
NL01-2024-000166,2,2024-02-13,1000,0.00,35392.62,EUR,V037
NL01-2024-000167,1,2024-01-06,6200,31117.21,0.00,EUR,V029
NL01-2024-000167,2,2024-01-06,2100,0.00,31117.21,EUR,V029
NL01-2024-000168,1,2024-02-19,2100,31117.21,0.00,EUR,V029
NL01-2024-000168,2,2024-02-19,1000,0.00,31117.21,EUR,V029
NL01-2024-000169,1,2024-01-01,6300,16697.38,0.00,EUR,V040
NL01-2024-000169,2,2024-01-01,2100,0.00,16697.38,EUR,V040
NL01-2024-000170,1,2024-02-02,2100,16697.38,0.00,EUR,V040
NL01-2024-000170,2,2024-02-02,1000,0.00,16697.38,EUR,V040
NL01-2024-000171,1,2024-01-15,6400,25838.33,0.00,EUR,V053
NL01-2024-000171,2,2024-01-15,2100,0.00,25838.33,EUR,V053
NL01-2024-000172,1,2024-02-07,2100,25838.33,0.00,EUR,V053
NL01-2024-000172,2,2024-02-07,1000,0.00,25838.33,EUR,V053
NL01-2024-000173,1,2024-01-25,6000,379997.08,0.00,EUR,
NL01-2024-000173,2,2024-01-25,1000,0.00,379997.08,EUR,
NL01-2024-000174,1,2024-01-31,6900,15625.00,0.00,EUR,
NL01-2024-000174,2,2024-01-31,1590,0.00,15625.00,EUR,
NL01-2024-000175,1,2024-02-22,1200,5019.94,0.00,EUR,C022
NL01-2024-000175,2,2024-02-22,4000,0.00,3910.84,EUR,C022
NL01-2024-000175,3,2024-02-22,4100,0.00,1109.10,EUR,C022
NL01-2024-000176,1,2024-04-23,1000,5019.94,0.00,EUR,C022
NL01-2024-000176,2,2024-04-23,1200,0.00,5019.94,EUR,C022
NL01-2024-000177,1,2024-02-03,1200,3537.49,0.00,EUR,C027
NL01-2024-000177,2,2024-02-03,4000,0.00,2755.92,EUR,C027
NL01-2024-000177,3,2024-02-03,4100,0.00,781.57,EUR,C027
NL01-2024-000178,1,2024-03-09,1000,3537.49,0.00,EUR,C027
NL01-2024-000178,2,2024-03-09,1200,0.00,3537.49,EUR,C027
NL01-2024-000179,1,2024-02-08,1200,720.85,0.00,EUR,C013
NL01-2024-000179,2,2024-02-08,4000,0.00,561.59,EUR,C013
NL01-2024-000179,3,2024-02-08,4100,0.00,159.26,EUR,C013
NL01-2024-000180,1,2024-03-26,1000,720.85,0.00,EUR,C013
NL01-2024-000180,2,2024-03-26,1200,0.00,720.85,EUR,C013
NL01-2024-000181,1,2024-02-11,1200,4472.28,0.00,EUR,C020
NL01-2024-000181,2,2024-02-11,4000,0.00,3484.18,EUR,C020
NL01-2024-000181,3,2024-02-11,4100,0.00,988.10,EUR,C020
NL01-2024-000182,1,2024-02-24,1000,4472.28,0.00,EUR,C020
NL01-2024-000182,2,2024-02-24,1200,0.00,4472.28,EUR,C020
NL01-2024-000183,1,2024-02-24,1200,9181.24,0.00,EUR,C008
NL01-2024-000183,2,2024-02-24,4000,0.00,7152.74,EUR,C008
NL01-2024-000183,3,2024-02-24,4100,0.00,2028.50,EUR,C008
NL01-2024-000184,1,2024-03-27,1000,9181.24,0.00,EUR,C008
NL01-2024-000184,2,2024-03-27,1200,0.00,9181.24,EUR,C008
NL01-2024-000185,1,2024-02-27,1200,2957.26,0.00,EUR,C011
NL01-2024-000185,2,2024-02-27,4000,0.00,2303.89,EUR,C011
NL01-2024-000185,3,2024-02-27,4100,0.00,653.37,EUR,C011
NL01-2024-000186,1,2024-03-22,1000,2957.26,0.00,EUR,C011
NL01-2024-000186,2,2024-03-22,1200,0.00,2957.26,EUR,C011
NL01-2024-000187,1,2024-02-08,1200,28196.14,0.00,EUR,C003
NL01-2024-000187,2,2024-02-08,4000,0.00,21966.51,EUR,C003
NL01-2024-000187,3,2024-02-08,4100,0.00,6229.63,EUR,C003
NL01-2024-000188,1,2024-03-18,1000,28196.14,0.00,EUR,C003
NL01-2024-000188,2,2024-03-18,1200,0.00,28196.14,EUR,C003
NL01-2024-000189,1,2024-02-23,1200,12144.19,0.00,EUR,C012
NL01-2024-000189,2,2024-02-23,4000,0.00,9461.06,EUR,C012
NL01-2024-000189,3,2024-02-23,4100,0.00,2683.13,EUR,C012
NL01-2024-000190,1,2024-03-23,1000,12144.19,0.00,EUR,C012
NL01-2024-000190,2,2024-03-23,1200,0.00,12144.19,EUR,C012
NL01-2024-000191,1,2024-02-27,1200,15406.54,0.00,EUR,C028
NL01-2024-000191,2,2024-02-27,4000,0.00,12002.63,EUR,C028
NL01-2024-000191,3,2024-02-27,4100,0.00,3403.91,EUR,C028
NL01-2024-000192,1,2024-03-19,1000,15406.54,0.00,EUR,C028
NL01-2024-000192,2,2024-03-19,1200,0.00,15406.54,EUR,C028
NL01-2024-000193,1,2024-02-04,1200,74132.93,0.00,EUR,C003
NL01-2024-000193,2,2024-02-04,4000,0.00,57754.06,EUR,C003
NL01-2024-000193,3,2024-02-04,4100,0.00,16378.87,EUR,C003
NL01-2024-000194,1,2024-03-09,1000,74132.93,0.00,EUR,C003
NL01-2024-000194,2,2024-03-09,1200,0.00,74132.93,EUR,C003
NL01-2024-000195,1,2024-02-21,1200,9280.32,0.00,EUR,C022
NL01-2024-000195,2,2024-02-21,4000,0.00,7229.93,EUR,C022
NL01-2024-000195,3,2024-02-21,4100,0.00,2050.39,EUR,C022
NL01-2024-000196,1,2024-03-24,1000,9280.32,0.00,EUR,C022
NL01-2024-000196,2,2024-03-24,1200,0.00,9280.32,EUR,C022
NL01-2024-000197,1,2024-02-08,1200,6996.18,0.00,EUR,C039
NL01-2024-000197,2,2024-02-08,4000,0.00,5450.45,EUR,C039
NL01-2024-000197,3,2024-02-08,4100,0.00,1545.73,EUR,C039
NL01-2024-000198,1,2024-03-05,1000,6996.18,0.00,EUR,C039
NL01-2024-000198,2,2024-03-05,1200,0.00,6996.18,EUR,C039
NL01-2024-000199,1,2024-02-28,1200,22295.68,0.00,EUR,C032
NL01-2024-000199,2,2024-02-28,4000,0.00,17369.69,EUR,C032
NL01-2024-000199,3,2024-02-28,4100,0.00,4925.99,EUR,C032
NL01-2024-000200,1,2024-04-12,1000,22295.68,0.00,EUR,C032
NL01-2024-000200,2,2024-04-12,1200,0.00,22295.68,EUR,C032
NL01-2024-000201,1,2024-02-01,1200,4433.29,0.00,EUR,C035
NL01-2024-000201,2,2024-02-01,4000,0.00,3453.80,EUR,C035
NL01-2024-000201,3,2024-02-01,4100,0.00,979.49,EUR,C035
NL01-2024-000202,1,2024-03-05,1000,4433.29,0.00,EUR,C035
NL01-2024-000202,2,2024-03-05,1200,0.00,4433.29,EUR,C035
NL01-2024-000203,1,2024-02-12,1200,3239.19,0.00,EUR,C034
NL01-2024-000203,2,2024-02-12,4000,0.00,2523.53,EUR,C034
NL01-2024-000203,3,2024-02-12,4100,0.00,715.66,EUR,C034
NL01-2024-000204,1,2024-03-09,1000,3239.19,0.00,EUR,C034
NL01-2024-000204,2,2024-03-09,1200,0.00,3239.19,EUR,C034
NL01-2024-000205,1,2024-02-12,1200,40021.60,0.00,EUR,C036
NL01-2024-000205,2,2024-02-12,4000,0.00,31179.26,EUR,C036
NL01-2024-000205,3,2024-02-12,4100,0.00,8842.34,EUR,C036
NL01-2024-000206,1,2024-03-29,1000,40021.60,0.00,EUR,C036
NL01-2024-000206,2,2024-03-29,1200,0.00,40021.60,EUR,C036
NL01-2024-000207,1,2024-02-11,1200,1902.54,0.00,EUR,C012
NL01-2024-000207,2,2024-02-11,4000,0.00,1482.19,EUR,C012
NL01-2024-000207,3,2024-02-11,4100,0.00,420.35,EUR,C012
NL01-2024-000208,1,2024-03-13,1000,1902.54,0.00,EUR,C012
NL01-2024-000208,2,2024-03-13,1200,0.00,1902.54,EUR,C012
NL01-2024-000209,1,2024-02-13,1200,9897.37,0.00,EUR,C013
NL01-2024-000209,2,2024-02-13,4000,0.00,7710.65,EUR,C013
NL01-2024-000209,3,2024-02-13,4100,0.00,2186.72,EUR,C013
NL01-2024-000210,1,2024-03-14,1000,9897.37,0.00,EUR,C013
NL01-2024-000210,2,2024-03-14,1200,0.00,9897.37,EUR,C013
NL01-2024-000211,1,2024-02-01,1200,4798.26,0.00,EUR,C017
NL01-2024-000211,2,2024-02-01,4000,0.00,3738.14,EUR,C017
NL01-2024-000211,3,2024-02-01,4100,0.00,1060.12,EUR,C017
NL01-2024-000212,1,2024-02-27,1000,4798.26,0.00,EUR,C017
NL01-2024-000212,2,2024-02-27,1200,0.00,4798.26,EUR,C017
NL01-2024-000213,1,2024-02-08,1200,2157.44,0.00,EUR,C035
NL01-2024-000213,2,2024-02-08,4000,0.00,1680.78,EUR,C035
NL01-2024-000213,3,2024-02-08,4100,0.00,476.66,EUR,C035
NL01-2024-000214,1,2024-03-05,1000,2157.44,0.00,EUR,C035
NL01-2024-000214,2,2024-03-05,1200,0.00,2157.44,EUR,C035
NL01-2024-000215,1,2024-02-24,1200,9086.23,0.00,EUR,C005
NL01-2024-000215,2,2024-02-24,4000,0.00,7078.73,EUR,C005
NL01-2024-000215,3,2024-02-24,4100,0.00,2007.50,EUR,C005
NL01-2024-000216,1,2024-03-23,1000,9086.23,0.00,EUR,C005
NL01-2024-000216,2,2024-03-23,1200,0.00,9086.23,EUR,C005
NL01-2024-000217,1,2024-02-04,1200,6223.36,0.00,EUR,C016
NL01-2024-000217,2,2024-02-04,4000,0.00,4848.38,EUR,C016
NL01-2024-000217,3,2024-02-04,4100,0.00,1374.98,EUR,C016
NL01-2024-000218,1,2024-03-04,1000,6223.36,0.00,EUR,C016
NL01-2024-000218,2,2024-03-04,1200,0.00,6223.36,EUR,C016
NL01-2024-000219,1,2024-02-10,1200,33872.55,0.00,EUR,C006
NL01-2024-000219,2,2024-02-10,4000,0.00,26388.77,EUR,C006
NL01-2024-000219,3,2024-02-10,4100,0.00,7483.78,EUR,C006
NL01-2024-000220,1,2024-03-26,1000,33872.55,0.00,EUR,C006
NL01-2024-000220,2,2024-03-26,1200,0.00,33872.55,EUR,C006
NL01-2024-000221,1,2024-02-25,1200,16857.98,0.00,EUR,C006
NL01-2024-000221,2,2024-02-25,4000,0.00,13133.39,EUR,C006
NL01-2024-000221,3,2024-02-25,4100,0.00,3724.59,EUR,C006
NL01-2024-000222,1,2024-03-22,1000,16857.98,0.00,EUR,C006
NL01-2024-000222,2,2024-03-22,1200,0.00,16857.98,EUR,C006
NL01-2024-000223,1,2024-02-19,1200,4337.24,0.00,EUR,C020
NL01-2024-000223,2,2024-02-19,4000,0.00,3378.97,EUR,C020
NL01-2024-000223,3,2024-02-19,4100,0.00,958.27,EUR,C020
NL01-2024-000224,1,2024-03-16,1000,4337.24,0.00,EUR,C020
NL01-2024-000224,2,2024-03-16,1200,0.00,4337.24,EUR,C020
NL01-2024-000225,1,2024-02-26,1200,18619.66,0.00,EUR,C038
NL01-2024-000225,2,2024-02-26,4000,0.00,14505.85,EUR,C038
NL01-2024-000225,3,2024-02-26,4100,0.00,4113.81,EUR,C038
NL01-2024-000226,1,2024-04-02,1000,18619.66,0.00,EUR,C038
NL01-2024-000226,2,2024-04-02,1200,0.00,18619.66,EUR,C038
NL01-2024-000227,1,2024-02-16,1200,5762.66,0.00,EUR,C003
NL01-2024-000227,2,2024-02-16,4000,0.00,4489.46,EUR,C003
NL01-2024-000227,3,2024-02-16,4100,0.00,1273.20,EUR,C003
NL01-2024-000228,1,2024-04-06,1000,5762.66,0.00,EUR,C003
NL01-2024-000228,2,2024-04-06,1200,0.00,5762.66,EUR,C003
NL01-2024-000229,1,2024-02-29,1200,3295.62,0.00,EUR,C022
NL01-2024-000229,2,2024-02-29,4000,0.00,2567.49,EUR,C022
NL01-2024-000229,3,2024-02-29,4100,0.00,728.13,EUR,C022
NL01-2024-000230,1,2024-03-21,1000,3295.62,0.00,EUR,C022
NL01-2024-000230,2,2024-03-21,1200,0.00,3295.62,EUR,C022
NL01-2024-000231,1,2024-02-04,1200,3706.46,0.00,EUR,C023
NL01-2024-000231,2,2024-02-04,4000,0.00,2887.56,EUR,C023
NL01-2024-000231,3,2024-02-04,4100,0.00,818.90,EUR,C023
NL01-2024-000232,1,2024-03-04,1000,3706.46,0.00,EUR,C023
NL01-2024-000232,2,2024-03-04,1200,0.00,3706.46,EUR,C023
NL01-2024-000233,1,2024-02-29,1200,9871.88,0.00,EUR,C013
NL01-2024-000233,2,2024-02-29,4000,0.00,7690.79,EUR,C013
NL01-2024-000233,3,2024-02-29,4100,0.00,2181.09,EUR,C013
NL01-2024-000234,1,2024-03-26,1000,9871.88,0.00,EUR,C013
NL01-2024-000234,2,2024-03-26,1200,0.00,9871.88,EUR,C013
NL01-2024-000235,1,2024-02-11,1200,15163.13,0.00,EUR,C001
NL01-2024-000235,2,2024-02-11,4000,0.00,11813.00,EUR,C001
NL01-2024-000235,3,2024-02-11,4100,0.00,3350.13,EUR,C001
NL01-2024-000236,1,2024-03-02,1000,15163.13,0.00,EUR,C001
NL01-2024-000236,2,2024-03-02,1200,0.00,15163.13,EUR,C001
NL01-2024-000237,1,2024-02-08,1200,2645.75,0.00,EUR,C010
NL01-2024-000237,2,2024-02-08,4000,0.00,2061.20,EUR,C010
NL01-2024-000237,3,2024-02-08,4100,0.00,584.55,EUR,C010
NL01-2024-000238,1,2024-03-16,1000,2645.75,0.00,EUR,C010
NL01-2024-000238,2,2024-03-16,1200,0.00,2645.75,EUR,C010
NL01-2024-000239,1,2024-02-04,1200,8602.28,0.00,EUR,C007
NL01-2024-000239,2,2024-02-04,4000,0.00,6701.70,EUR,C007
NL01-2024-000239,3,2024-02-04,4100,0.00,1900.58,EUR,C007
NL01-2024-000240,1,2024-03-22,1000,8602.28,0.00,EUR,C007
NL01-2024-000240,2,2024-03-22,1200,0.00,8602.28,EUR,C007
NL01-2024-000241,1,2024-02-28,1200,10220.17,0.00,EUR,C007
NL01-2024-000241,2,2024-02-28,4000,0.00,7962.13,EUR,C007
NL01-2024-000241,3,2024-02-28,4100,0.00,2258.04,EUR,C007
NL01-2024-000242,1,2024-03-22,1000,10220.17,0.00,EUR,C007
NL01-2024-000242,2,2024-03-22,1200,0.00,10220.17,EUR,C007
NL01-2024-000243,1,2024-02-01,1200,11244.09,0.00,EUR,C015
NL01-2024-000243,2,2024-02-01,4000,0.00,8759.83,EUR,C015
NL01-2024-000243,3,2024-02-01,4100,0.00,2484.26,EUR,C015
NL01-2024-000244,1,2024-02-17,1000,11244.09,0.00,EUR,C015
NL01-2024-000244,2,2024-02-17,1200,0.00,11244.09,EUR,C015
NL01-2024-000245,1,2024-02-07,1200,7037.47,0.00,EUR,C021
NL01-2024-000245,2,2024-02-07,4000,0.00,5482.62,EUR,C021
NL01-2024-000245,3,2024-02-07,4100,0.00,1554.85,EUR,C021
NL01-2024-000246,1,2024-03-08,1000,7037.47,0.00,EUR,C021
NL01-2024-000246,2,2024-03-08,1200,0.00,7037.47,EUR,C021
NL01-2024-000247,1,2024-02-26,1200,7528.09,0.00,EUR,C006
NL01-2024-000247,2,2024-02-26,4000,0.00,5864.84,EUR,C006
NL01-2024-000247,3,2024-02-26,4100,0.00,1663.25,EUR,C006
NL01-2024-000248,1,2024-03-26,1000,7528.09,0.00,EUR,C006
NL01-2024-000248,2,2024-03-26,1200,0.00,7528.09,EUR,C006
NL01-2024-000249,1,2024-02-18,1200,5475.87,0.00,EUR,C018
NL01-2024-000249,2,2024-02-18,4000,0.00,4266.04,EUR,C018
NL01-2024-000249,3,2024-02-18,4100,0.00,1209.83,EUR,C018
NL01-2024-000250,1,2024-03-20,1000,5475.87,0.00,EUR,C018
NL01-2024-000250,2,2024-03-20,1200,0.00,5475.87,EUR,C018
NL01-2024-000251,1,2024-02-02,1200,8654.29,0.00,EUR,C005
NL01-2024-000251,2,2024-02-02,4000,0.00,6742.22,EUR,C005
NL01-2024-000251,3,2024-02-02,4100,0.00,1912.07,EUR,C005
NL01-2024-000252,1,2024-03-18,1000,8654.29,0.00,EUR,C005
NL01-2024-000252,2,2024-03-18,1200,0.00,8654.29,EUR,C005
NL01-2024-000253,1,2024-02-28,1200,1582.94,0.00,EUR,C033
NL01-2024-000253,2,2024-02-28,4000,0.00,1233.21,EUR,C033
NL01-2024-000253,3,2024-02-28,4100,0.00,349.73,EUR,C033
NL01-2024-000254,1,2024-03-27,1000,1582.94,0.00,EUR,C033
NL01-2024-000254,2,2024-03-27,1200,0.00,1582.94,EUR,C033
NL01-2024-000255,1,2024-02-25,1200,2311.16,0.00,EUR,C017
NL01-2024-000255,2,2024-02-25,4000,0.00,1800.53,EUR,C017
NL01-2024-000255,3,2024-02-25,4100,0.00,510.63,EUR,C017
NL01-2024-000256,1,2024-03-18,1000,2311.16,0.00,EUR,C017
NL01-2024-000256,2,2024-03-18,1200,0.00,2311.16,EUR,C017
NL01-2024-000257,1,2024-02-09,1200,11712.11,0.00,EUR,C024
NL01-2024-000257,2,2024-02-09,4000,0.00,9124.45,EUR,C024
NL01-2024-000257,3,2024-02-09,4100,0.00,2587.66,EUR,C024
NL01-2024-000258,1,2024-03-20,1000,11712.11,0.00,EUR,C024
NL01-2024-000258,2,2024-03-20,1200,0.00,11712.11,EUR,C024
NL01-2024-000259,1,2024-02-27,1200,4288.11,0.00,EUR,C015
NL01-2024-000259,2,2024-02-27,4000,0.00,3340.70,EUR,C015
NL01-2024-000259,3,2024-02-27,4100,0.00,947.41,EUR,C015
NL01-2024-000260,1,2024-03-26,1000,4288.11,0.00,EUR,C015
NL01-2024-000260,2,2024-03-26,1200,0.00,4288.11,EUR,C015
NL01-2024-000261,1,2024-02-20,1200,16020.57,0.00,EUR,C035
NL01-2024-000261,2,2024-02-20,4000,0.00,12481.00,EUR,C035
NL01-2024-000261,3,2024-02-20,4100,0.00,3539.57,EUR,C035
NL01-2024-000262,1,2024-03-30,1000,16020.57,0.00,EUR,C035
NL01-2024-000262,2,2024-03-30,1200,0.00,16020.57,EUR,C035
NL01-2024-000263,1,2024-02-22,1200,20317.83,0.00,EUR,C006
NL01-2024-000263,2,2024-02-22,4000,0.00,15828.82,EUR,C006
NL01-2024-000263,3,2024-02-22,4100,0.00,4489.01,EUR,C006
NL01-2024-000264,1,2024-04-04,1000,20317.83,0.00,EUR,C006
NL01-2024-000264,2,2024-04-04,1200,0.00,20317.83,EUR,C006
NL01-2024-000265,1,2024-02-16,1200,4896.21,0.00,EUR,C007
NL01-2024-000265,2,2024-02-16,4000,0.00,3814.45,EUR,C007
NL01-2024-000265,3,2024-02-16,4100,0.00,1081.76,EUR,C007
NL01-2024-000266,1,2024-03-19,1000,4896.21,0.00,EUR,C007
NL01-2024-000266,2,2024-03-19,1200,0.00,4896.21,EUR,C007
NL01-2024-000267,1,2024-02-21,1200,14539.34,0.00,EUR,C039
NL01-2024-000267,2,2024-02-21,4000,0.00,11327.03,EUR,C039
NL01-2024-000267,3,2024-02-21,4100,0.00,3212.31,EUR,C039
NL01-2024-000268,1,2024-04-02,1000,14539.34,0.00,EUR,C039
NL01-2024-000268,2,2024-04-02,1200,0.00,14539.34,EUR,C039
NL01-2024-000269,1,2024-02-01,1200,6380.28,0.00,EUR,C040
NL01-2024-000269,2,2024-02-01,4000,0.00,4970.63,EUR,C040
NL01-2024-000269,3,2024-02-01,4100,0.00,1409.65,EUR,C040
NL01-2024-000270,1,2024-03-10,1000,6380.28,0.00,EUR,C040
NL01-2024-000270,2,2024-03-10,1200,0.00,6380.28,EUR,C040
NL01-2024-000271,1,2024-02-13,1200,29543.99,0.00,EUR,C007
NL01-2024-000271,2,2024-02-13,4000,0.00,23016.56,EUR,C007
NL01-2024-000271,3,2024-02-13,4100,0.00,6527.43,EUR,C007
NL01-2024-000272,1,2024-03-29,1000,29543.99,0.00,EUR,C007
NL01-2024-000272,2,2024-03-29,1200,0.00,29543.99,EUR,C007
NL01-2024-000273,1,2024-02-08,1200,6775.72,0.00,EUR,C001
NL01-2024-000273,2,2024-02-08,4000,0.00,5278.70,EUR,C001
NL01-2024-000273,3,2024-02-08,4100,0.00,1497.02,EUR,C001
NL01-2024-000274,1,2024-04-11,1000,6775.72,0.00,EUR,C001
NL01-2024-000274,2,2024-04-11,1200,0.00,6775.72,EUR,C001
NL01-2024-000275,1,2024-02-24,1200,48683.27,0.00,EUR,C001
NL01-2024-000275,2,2024-02-24,4000,0.00,37927.23,EUR,C001
NL01-2024-000275,3,2024-02-24,4100,0.00,10756.04,EUR,C001
NL01-2024-000276,1,2024-03-30,1000,48683.27,0.00,EUR,C001
NL01-2024-000276,2,2024-03-30,1200,0.00,48683.27,EUR,C001
NL01-2024-000277,1,2024-02-19,1200,5656.21,0.00,EUR,C023
NL01-2024-000277,2,2024-02-19,4000,0.00,4406.53,EUR,C023
NL01-2024-000277,3,2024-02-19,4100,0.00,1249.68,EUR,C023
NL01-2024-000278,1,2024-03-28,1000,5656.21,0.00,EUR,C023
NL01-2024-000278,2,2024-03-28,1200,0.00,5656.21,EUR,C023
NL01-2024-000279,1,2024-02-28,1200,9415.38,0.00,EUR,C033
NL01-2024-000279,2,2024-02-28,4000,0.00,7335.15,EUR,C033
NL01-2024-000279,3,2024-02-28,4100,0.00,2080.23,EUR,C033
NL01-2024-000280,1,2024-03-30,1000,9415.38,0.00,EUR,C033
NL01-2024-000280,2,2024-03-30,1200,0.00,9415.38,EUR,C033
NL01-2024-000281,1,2024-02-15,1200,10661.22,0.00,EUR,C021
NL01-2024-000281,2,2024-02-15,4000,0.00,8305.74,EUR,C021
NL01-2024-000281,3,2024-02-15,4100,0.00,2355.48,EUR,C021
NL01-2024-000282,1,2024-03-11,1000,10661.22,0.00,EUR,C021
NL01-2024-000282,2,2024-03-11,1200,0.00,10661.22,EUR,C021
NL01-2024-000283,1,2024-02-16,1200,3963.89,0.00,EUR,C038
NL01-2024-000283,2,2024-02-16,4000,0.00,3088.11,EUR,C038
NL01-2024-000283,3,2024-02-16,4100,0.00,875.78,EUR,C038
NL01-2024-000284,1,2024-03-15,1000,3963.89,0.00,EUR,C038
NL01-2024-000284,2,2024-03-15,1200,0.00,3963.89,EUR,C038
NL01-2024-000285,1,2024-02-16,1200,1433.38,0.00,EUR,C006
NL01-2024-000285,2,2024-02-16,4000,0.00,1116.69,EUR,C006
NL01-2024-000285,3,2024-02-16,4100,0.00,316.69,EUR,C006
NL01-2024-000286,1,2024-03-26,1000,1433.38,0.00,EUR,C006
NL01-2024-000286,2,2024-03-26,1200,0.00,1433.38,EUR,C006
NL01-2024-000287,1,2024-02-27,1200,35816.91,0.00,EUR,C005
NL01-2024-000287,2,2024-02-27,4000,0.00,27903.55,EUR,C005
NL01-2024-000287,3,2024-02-27,4100,0.00,7913.36,EUR,C005
NL01-2024-000288,1,2024-04-08,1000,35816.91,0.00,EUR,C005
NL01-2024-000288,2,2024-04-08,1200,0.00,35816.91,EUR,C005
NL01-2024-000289,1,2024-02-08,1200,4615.62,0.00,EUR,C032
NL01-2024-000289,2,2024-02-08,4000,0.00,3595.85,EUR,C032
NL01-2024-000289,3,2024-02-08,4100,0.00,1019.77,EUR,C032
NL01-2024-000290,1,2024-03-12,1000,4615.62,0.00,EUR,C032
NL01-2024-000290,2,2024-03-12,1200,0.00,4615.62,EUR,C032
NL01-2024-000291,1,2024-02-23,1200,6267.30,0.00,EUR,C027
NL01-2024-000291,2,2024-02-23,4000,0.00,4882.61,EUR,C027
NL01-2024-000291,3,2024-02-23,4100,0.00,1384.69,EUR,C027
NL01-2024-000292,1,2024-03-20,1000,6267.30,0.00,EUR,C027
NL01-2024-000292,2,2024-03-20,1200,0.00,6267.30,EUR,C027
NL01-2024-000293,1,2024-02-06,1200,9955.95,0.00,EUR,C005
NL01-2024-000293,2,2024-02-06,4000,0.00,7756.29,EUR,C005
NL01-2024-000293,3,2024-02-06,4100,0.00,2199.66,EUR,C005
NL01-2024-000294,1,2024-03-17,1000,9955.95,0.00,EUR,C005
NL01-2024-000294,2,2024-03-17,1200,0.00,9955.95,EUR,C005
NL01-2024-000295,1,2024-02-08,1200,5392.71,0.00,EUR,C021
NL01-2024-000295,2,2024-02-08,4000,0.00,4201.25,EUR,C021
NL01-2024-000295,3,2024-02-08,4100,0.00,1191.46,EUR,C021
NL01-2024-000296,1,2024-03-14,1000,5392.71,0.00,EUR,C021
NL01-2024-000296,2,2024-03-14,1200,0.00,5392.71,EUR,C021
NL01-2024-000297,1,2024-02-02,1200,5814.32,0.00,EUR,C019
NL01-2024-000297,2,2024-02-02,4000,0.00,4529.71,EUR,C019
NL01-2024-000297,3,2024-02-02,4100,0.00,1284.61,EUR,C019
NL01-2024-000298,1,2024-02-21,1000,5814.32,0.00,EUR,C019
NL01-2024-000298,2,2024-02-21,1200,0.00,5814.32,EUR,C019
NL01-2024-000299,1,2024-02-06,1200,6542.73,0.00,EUR,C037
NL01-2024-000299,2,2024-02-06,4000,0.00,5097.18,EUR,C037
NL01-2024-000299,3,2024-02-06,4100,0.00,1445.55,EUR,C037
NL01-2024-000300,1,2024-03-14,1000,6542.73,0.00,EUR,C037
NL01-2024-000300,2,2024-03-14,1200,0.00,6542.73,EUR,C037
NL01-2024-000301,1,2024-02-10,1200,4327.20,0.00,EUR,C030
NL01-2024-000301,2,2024-02-10,4000,0.00,3371.15,EUR,C030
NL01-2024-000301,3,2024-02-10,4100,0.00,956.05,EUR,C030
NL01-2024-000302,1,2024-03-14,1000,4327.20,0.00,EUR,C030
NL01-2024-000302,2,2024-03-14,1200,0.00,4327.20,EUR,C030
NL01-2024-000303,1,2024-02-24,1200,58824.08,0.00,EUR,C026
NL01-2024-000303,2,2024-02-24,4000,0.00,45827.53,EUR,C026
NL01-2024-000303,3,2024-02-24,4100,0.00,12996.55,EUR,C026
NL01-2024-000304,1,2024-04-16,1000,58824.08,0.00,EUR,C026
NL01-2024-000304,2,2024-04-16,1200,0.00,58824.08,EUR,C026
NL01-2024-000305,1,2024-02-01,1200,6460.38,0.00,EUR,C019
NL01-2024-000305,2,2024-02-01,4000,0.00,5033.03,EUR,C019
NL01-2024-000305,3,2024-02-01,4100,0.00,1427.35,EUR,C019
NL01-2024-000306,1,2024-02-28,1000,6460.38,0.00,EUR,C019
NL01-2024-000306,2,2024-02-28,1200,0.00,6460.38,EUR,C019
NL01-2024-000307,1,2024-02-21,1200,23502.74,0.00,EUR,C025
NL01-2024-000307,2,2024-02-21,4000,0.00,18310.06,EUR,C025
NL01-2024-000307,3,2024-02-21,4100,0.00,5192.68,EUR,C025
NL01-2024-000308,1,2024-04-05,1000,23502.74,0.00,EUR,C025
NL01-2024-000308,2,2024-04-05,1200,0.00,23502.74,EUR,C025
NL01-2024-000309,1,2024-02-12,1200,58191.02,0.00,EUR,C021
NL01-2024-000309,2,2024-02-12,4000,0.00,45334.34,EUR,C021
NL01-2024-000309,3,2024-02-12,4100,0.00,12856.68,EUR,C021
NL01-2024-000310,1,2024-03-26,1000,58191.02,0.00,EUR,C021
NL01-2024-000310,2,2024-03-26,1200,0.00,58191.02,EUR,C021
NL01-2024-000311,1,2024-02-02,1200,13561.28,0.00,EUR,C010
NL01-2024-000311,2,2024-02-02,4000,0.00,10565.06,EUR,C010
NL01-2024-000311,3,2024-02-02,4100,0.00,2996.22,EUR,C010
NL01-2024-000312,1,2024-03-03,1000,13561.28,0.00,EUR,C010
NL01-2024-000312,2,2024-03-03,1200,0.00,13561.28,EUR,C010
NL01-2024-000313,1,2024-02-23,1200,11597.17,0.00,EUR,C028
NL01-2024-000313,2,2024-02-23,4000,0.00,9034.90,EUR,C028
NL01-2024-000313,3,2024-02-23,4100,0.00,2562.27,EUR,C028
NL01-2024-000314,1,2024-03-16,1000,11597.17,0.00,EUR,C028
NL01-2024-000314,2,2024-03-16,1200,0.00,11597.17,EUR,C028
NL01-2024-000315,1,2024-02-04,1200,4877.31,0.00,EUR,C003
NL01-2024-000315,2,2024-02-04,4000,0.00,3799.72,EUR,C003
NL01-2024-000315,3,2024-02-04,4100,0.00,1077.59,EUR,C003
NL01-2024-000316,1,2024-03-16,1000,4877.31,0.00,EUR,C003
NL01-2024-000316,2,2024-03-16,1200,0.00,4877.31,EUR,C003
NL01-2024-000317,1,2024-02-29,1200,29513.58,0.00,EUR,C015
NL01-2024-000317,2,2024-02-29,4000,0.00,22992.87,EUR,C015
NL01-2024-000317,3,2024-02-29,4100,0.00,6520.71,EUR,C015
NL01-2024-000318,1,2024-04-18,1000,29513.58,0.00,EUR,C015
NL01-2024-000318,2,2024-04-18,1200,0.00,29513.58,EUR,C015
NL01-2024-000319,1,2024-02-01,1200,7635.13,0.00,EUR,C031
NL01-2024-000319,2,2024-02-01,4000,0.00,5948.23,EUR,C031
NL01-2024-000319,3,2024-02-01,4100,0.00,1686.90,EUR,C031
NL01-2024-000320,1,2024-02-25,1000,7635.13,0.00,EUR,C031
NL01-2024-000320,2,2024-02-25,1200,0.00,7635.13,EUR,C031
NL01-2024-000321,1,2024-02-24,1200,14408.85,0.00,EUR,C017
NL01-2024-000321,2,2024-02-24,4000,0.00,11225.37,EUR,C017
NL01-2024-000321,3,2024-02-24,4100,0.00,3183.48,EUR,C017
NL01-2024-000322,1,2024-04-01,1000,14408.85,0.00,EUR,C017
NL01-2024-000322,2,2024-04-01,1200,0.00,14408.85,EUR,C017
NL01-2024-000323,1,2024-02-11,1200,6321.18,0.00,EUR,C002
NL01-2024-000323,2,2024-02-11,4000,0.00,4924.58,EUR,C002
NL01-2024-000323,3,2024-02-11,4100,0.00,1396.60,EUR,C002
NL01-2024-000324,1,2024-03-14,1000,6321.18,0.00,EUR,C002
NL01-2024-000324,2,2024-03-14,1200,0.00,6321.18,EUR,C002
NL01-2024-000325,1,2024-02-27,1200,14280.88,0.00,EUR,C039
NL01-2024-000325,2,2024-02-27,4000,0.00,11125.67,EUR,C039
NL01-2024-000325,3,2024-02-27,4100,0.00,3155.21,EUR,C039
NL01-2024-000326,1,2024-04-03,1000,14280.88,0.00,EUR,C039
NL01-2024-000326,2,2024-04-03,1200,0.00,14280.88,EUR,C039
NL01-2024-000327,1,2024-02-27,1200,2962.34,0.00,EUR,C002
NL01-2024-000327,2,2024-02-27,4000,0.00,2307.84,EUR,C002
NL01-2024-000327,3,2024-02-27,4100,0.00,654.50,EUR,C002
NL01-2024-000328,1,2024-03-16,1000,2962.34,0.00,EUR,C002
NL01-2024-000328,2,2024-03-16,1200,0.00,2962.34,EUR,C002
NL01-2024-000329,1,2024-02-18,1200,1255.86,0.00,EUR,C012
NL01-2024-000329,2,2024-02-18,4000,0.00,978.39,EUR,C012
NL01-2024-000329,3,2024-02-18,4100,0.00,277.47,EUR,C012
NL01-2024-000330,1,2024-03-17,1000,1255.86,0.00,EUR,C012
NL01-2024-000330,2,2024-03-17,1200,0.00,1255.86,EUR,C012
NL01-2024-000331,1,2024-02-16,1200,15820.36,0.00,EUR,C022
NL01-2024-000331,2,2024-02-16,4000,0.00,12325.02,EUR,C022
NL01-2024-000331,3,2024-02-16,4100,0.00,3495.34,EUR,C022
NL01-2024-000332,1,2024-04-03,1000,15820.36,0.00,EUR,C022
NL01-2024-000332,2,2024-04-03,1200,0.00,15820.36,EUR,C022
NL01-2024-000333,1,2024-02-07,1200,2908.61,0.00,EUR,C017
NL01-2024-000333,2,2024-02-07,4000,0.00,2265.98,EUR,C017
NL01-2024-000333,3,2024-02-07,4100,0.00,642.63,EUR,C017
NL01-2024-000334,1,2024-03-02,1000,2908.61,0.00,EUR,C017
NL01-2024-000334,2,2024-03-02,1200,0.00,2908.61,EUR,C017
NL01-2024-000335,1,2024-02-24,1200,11162.38,0.00,EUR,C034
NL01-2024-000335,2,2024-02-24,4000,0.00,8696.17,EUR,C034
NL01-2024-000335,3,2024-02-24,4100,0.00,2466.21,EUR,C034
NL01-2024-000336,1,2024-03-31,1000,11162.38,0.00,EUR,C034
NL01-2024-000336,2,2024-03-31,1200,0.00,11162.38,EUR,C034
NL01-2024-000337,1,2024-02-13,1300,231970.34,0.00,EUR,V019
NL01-2024-000337,2,2024-02-13,2100,0.00,231970.34,EUR,V019
NL01-2024-000338,1,2024-03-19,2100,231970.34,0.00,EUR,V019
NL01-2024-000338,2,2024-03-19,1000,0.00,231970.34,EUR,V019
NL01-2024-000339,1,2024-02-24,1300,16747.96,0.00,EUR,V007
NL01-2024-000339,2,2024-02-24,2100,0.00,16747.96,EUR,V007
NL01-2024-000340,1,2024-04-09,2100,16747.96,0.00,EUR,V007
NL01-2024-000340,2,2024-04-09,1000,0.00,16747.96,EUR,V007
NL01-2024-000341,1,2024-02-03,1300,22395.67,0.00,EUR,V021
NL01-2024-000341,2,2024-02-03,2100,0.00,22395.67,EUR,V021
NL01-2024-000342,1,2024-02-29,2100,22395.67,0.00,EUR,V021
NL01-2024-000342,2,2024-02-29,1000,0.00,22395.67,EUR,V021
NL01-2024-000343,1,2024-02-21,1300,141574.49,0.00,EUR,V017
NL01-2024-000343,2,2024-02-21,2100,0.00,141574.49,EUR,V017
NL01-2024-000344,1,2024-03-19,2100,141574.49,0.00,EUR,V017
NL01-2024-000344,2,2024-03-19,1000,0.00,141574.49,EUR,V017
NL01-2024-000345,1,2024-02-03,1300,26883.68,0.00,EUR,V012
NL01-2024-000345,2,2024-02-03,2100,0.00,26883.68,EUR,V012
NL01-2024-000346,1,2024-03-02,2100,26883.68,0.00,EUR,V012
NL01-2024-000346,2,2024-03-02,1000,0.00,26883.68,EUR,V012
NL01-2024-000347,1,2024-02-29,5000,459133.12,0.00,EUR,
NL01-2024-000347,2,2024-02-29,1300,0.00,459133.12,EUR,
NL01-2024-000348,1,2024-02-19,6100,46050.56,0.00,EUR,V049
NL01-2024-000348,2,2024-02-19,2100,0.00,46050.56,EUR,V049
NL01-2024-000349,1,2024-03-28,2100,46050.56,0.00,EUR,V049
NL01-2024-000349,2,2024-03-28,1000,0.00,46050.56,EUR,V049
NL01-2024-000350,1,2024-02-17,6200,40066.36,0.00,EUR,V047
NL01-2024-000350,2,2024-02-17,2100,0.00,40066.36,EUR,V047
NL01-2024-000351,1,2024-03-16,2100,40066.36,0.00,EUR,V047
NL01-2024-000351,2,2024-03-16,1000,0.00,40066.36,EUR,V047
NL01-2024-000352,1,2024-02-05,6300,12825.80,0.00,EUR,V034
NL01-2024-000352,2,2024-02-05,2100,0.00,12825.80,EUR,V034
NL01-2024-000353,1,2024-03-15,2100,12825.80,0.00,EUR,V034
NL01-2024-000353,2,2024-03-15,1000,0.00,12825.80,EUR,V034
NL01-2024-000354,1,2024-02-10,6400,24136.61,0.00,EUR,V059
NL01-2024-000354,2,2024-02-10,2100,0.00,24136.61,EUR,V059
NL01-2024-000355,1,2024-02-28,2100,24136.61,0.00,EUR,V059
NL01-2024-000355,2,2024-02-28,1000,0.00,24136.61,EUR,V059
NL01-2024-000356,1,2024-02-25,6000,382123.98,0.00,EUR,
NL01-2024-000356,2,2024-02-25,1000,0.00,382123.98,EUR,
NL01-2024-000357,1,2024-02-29,6900,15625.00,0.00,EUR,
NL01-2024-000357,2,2024-02-29,1590,0.00,15625.00,EUR,
NL01-2024-000358,1,2024-03-20,1200,46582.38,0.00,EUR,C007
NL01-2024-000358,2,2024-03-20,4000,0.00,36409.71,EUR,C007
NL01-2024-000358,3,2024-03-20,4100,0.00,10172.67,EUR,C007
NL01-2024-000359,1,2024-04-29,1000,46582.38,0.00,EUR,C007
NL01-2024-000359,2,2024-04-29,1200,0.00,46582.38,EUR,C007
NL01-2024-000360,1,2024-03-11,1200,9757.97,0.00,EUR,C027
NL01-2024-000360,2,2024-03-11,4000,0.00,7627.02,EUR,C027
NL01-2024-000360,3,2024-03-11,4100,0.00,2130.95,EUR,C027
NL01-2024-000361,1,2024-04-15,1000,9757.97,0.00,EUR,C027
NL01-2024-000361,2,2024-04-15,1200,0.00,9757.97,EUR,C027
NL01-2024-000362,1,2024-03-15,1200,21564.71,0.00,EUR,C008
NL01-2024-000362,2,2024-03-15,4000,0.00,16855.41,EUR,C008
NL01-2024-000362,3,2024-03-15,4100,0.00,4709.30,EUR,C008
NL01-2024-000363,1,2024-04-17,1000,21564.71,0.00,EUR,C008
NL01-2024-000363,2,2024-04-17,1200,0.00,21564.71,EUR,C008
NL01-2024-000364,1,2024-03-23,1200,8025.13,0.00,EUR,C008
NL01-2024-000364,2,2024-03-23,4000,0.00,6272.60,EUR,C008
NL01-2024-000364,3,2024-03-23,4100,0.00,1752.53,EUR,C008
NL01-2024-000365,1,2024-04-28,1000,8025.13,0.00,EUR,C008
NL01-2024-000365,2,2024-04-28,1200,0.00,8025.13,EUR,C008
NL01-2024-000366,1,2024-03-13,1200,10016.30,0.00,EUR,C031
NL01-2024-000366,2,2024-03-13,4000,0.00,7828.94,EUR,C031
NL01-2024-000366,3,2024-03-13,4100,0.00,2187.36,EUR,C031
NL01-2024-000367,1,2024-04-06,1000,10016.30,0.00,EUR,C031
NL01-2024-000367,2,2024-04-06,1200,0.00,10016.30,EUR,C031
NL01-2024-000368,1,2024-03-22,1200,16916.62,0.00,EUR,C031
NL01-2024-000368,2,2024-03-22,4000,0.00,13222.37,EUR,C031
NL01-2024-000368,3,2024-03-22,4100,0.00,3694.25,EUR,C031
NL01-2024-000369,1,2024-04-11,1000,16916.62,0.00,EUR,C031
NL01-2024-000369,2,2024-04-11,1200,0.00,16916.62,EUR,C031
NL01-2024-000370,1,2024-03-11,1200,5010.91,0.00,EUR,C002
NL01-2024-000370,2,2024-03-11,4000,0.00,3916.63,EUR,C002
NL01-2024-000370,3,2024-03-11,4100,0.00,1094.28,EUR,C002
NL01-2024-000371,1,2024-03-31,1000,5010.91,0.00,EUR,C002
NL01-2024-000371,2,2024-03-31,1200,0.00,5010.91,EUR,C002
NL01-2024-000372,1,2024-03-16,1200,8839.31,0.00,EUR,C017
NL01-2024-000372,2,2024-03-16,4000,0.00,6908.98,EUR,C017
NL01-2024-000372,3,2024-03-16,4100,0.00,1930.33,EUR,C017
NL01-2024-000373,1,2024-05-03,1000,8839.31,0.00,EUR,C017
NL01-2024-000373,2,2024-05-03,1200,0.00,8839.31,EUR,C017
NL01-2024-000374,1,2024-03-12,1200,1548.59,0.00,EUR,C015
NL01-2024-000374,2,2024-03-12,4000,0.00,1210.41,EUR,C015
NL01-2024-000374,3,2024-03-12,4100,0.00,338.18,EUR,C015
NL01-2024-000375,1,2024-04-06,1000,1548.59,0.00,EUR,C015
NL01-2024-000375,2,2024-04-06,1200,0.00,1548.59,EUR,C015
NL01-2024-000376,1,2024-03-24,1200,14833.49,0.00,EUR,C008
NL01-2024-000376,2,2024-03-24,4000,0.00,11594.15,EUR,C008
NL01-2024-000376,3,2024-03-24,4100,0.00,3239.34,EUR,C008
NL01-2024-000377,1,2024-04-24,1000,14833.49,0.00,EUR,C008
NL01-2024-000377,2,2024-04-24,1200,0.00,14833.49,EUR,C008
NL01-2024-000378,1,2024-03-20,1200,12997.88,0.00,EUR,C029
NL01-2024-000378,2,2024-03-20,4000,0.00,10159.40,EUR,C029
NL01-2024-000378,3,2024-03-20,4100,0.00,2838.48,EUR,C029
NL01-2024-000379,1,2024-04-17,1000,12997.88,0.00,EUR,C029
NL01-2024-000379,2,2024-04-17,1200,0.00,12997.88,EUR,C029
NL01-2024-000380,1,2024-03-14,1200,6280.52,0.00,EUR,C039
NL01-2024-000380,2,2024-03-14,4000,0.00,4908.98,EUR,C039
NL01-2024-000380,3,2024-03-14,4100,0.00,1371.54,EUR,C039
NL01-2024-000381,1,2024-04-20,1000,6280.52,0.00,EUR,C039
NL01-2024-000381,2,2024-04-20,1200,0.00,6280.52,EUR,C039
NL01-2024-000382,1,2024-03-08,1200,10021.35,0.00,EUR,C014
NL01-2024-000382,2,2024-03-08,4000,0.00,7832.89,EUR,C014
NL01-2024-000382,3,2024-03-08,4100,0.00,2188.46,EUR,C014
NL01-2024-000383,1,2024-04-25,1000,10021.35,0.00,EUR,C014
NL01-2024-000383,2,2024-04-25,1200,0.00,10021.35,EUR,C014
NL01-2024-000384,1,2024-03-21,1200,2579.59,0.00,EUR,C024
NL01-2024-000384,2,2024-03-21,4000,0.00,2016.26,EUR,C024
NL01-2024-000384,3,2024-03-21,4100,0.00,563.33,EUR,C024
NL01-2024-000385,1,2024-04-05,1000,2579.59,0.00,EUR,C024
NL01-2024-000385,2,2024-04-05,1200,0.00,2579.59,EUR,C024
NL01-2024-000386,1,2024-03-17,1200,21833.63,0.00,EUR,C037
NL01-2024-000386,2,2024-03-17,4000,0.00,17065.60,EUR,C037
NL01-2024-000386,3,2024-03-17,4100,0.00,4768.03,EUR,C037
NL01-2024-000387,1,2024-04-10,1000,21833.63,0.00,EUR,C037
NL01-2024-000387,2,2024-04-10,1200,0.00,21833.63,EUR,C037
NL01-2024-000388,1,2024-03-28,1200,5434.63,0.00,EUR,C027
NL01-2024-000388,2,2024-03-28,4000,0.00,4247.81,EUR,C027
NL01-2024-000388,3,2024-03-28,4100,0.00,1186.82,EUR,C027
NL01-2024-000389,1,2024-05-18,1000,5434.63,0.00,EUR,C027
NL01-2024-000389,2,2024-05-18,1200,0.00,5434.63,EUR,C027
NL01-2024-000390,1,2024-03-19,1200,4647.31,0.00,EUR,C040
NL01-2024-000390,2,2024-03-19,4000,0.00,3632.43,EUR,C040
NL01-2024-000390,3,2024-03-19,4100,0.00,1014.88,EUR,C040
NL01-2024-000391,1,2024-04-14,1000,4647.31,0.00,EUR,C040
NL01-2024-000391,2,2024-04-14,1200,0.00,4647.31,EUR,C040
NL01-2024-000392,1,2024-03-15,1200,17311.49,0.00,EUR,C025
NL01-2024-000392,2,2024-03-15,4000,0.00,13531.00,EUR,C025
NL01-2024-000392,3,2024-03-15,4100,0.00,3780.49,EUR,C025
NL01-2024-000393,1,2024-05-01,1000,17311.49,0.00,EUR,C025
NL01-2024-000393,2,2024-05-01,1200,0.00,17311.49,EUR,C025
NL01-2024-000394,1,2024-03-14,1200,6084.59,0.00,EUR,C003
NL01-2024-000394,2,2024-03-14,4000,0.00,4755.84,EUR,C003
NL01-2024-000394,3,2024-03-14,4100,0.00,1328.75,EUR,C003
NL01-2024-000395,1,2024-04-08,1000,6084.59,0.00,EUR,C003
NL01-2024-000395,2,2024-04-08,1200,0.00,6084.59,EUR,C003
NL01-2024-000396,1,2024-03-19,1200,2719.94,0.00,EUR,C004
NL01-2024-000396,2,2024-03-19,4000,0.00,2125.96,EUR,C004
NL01-2024-000396,3,2024-03-19,4100,0.00,593.98,EUR,C004
NL01-2024-000397,1,2024-04-13,1000,2719.94,0.00,EUR,C004
NL01-2024-000397,2,2024-04-13,1200,0.00,2719.94,EUR,C004
NL01-2024-000398,1,2024-03-14,1200,18134.63,0.00,EUR,C009
NL01-2024-000398,2,2024-03-14,4000,0.00,14174.39,EUR,C009
NL01-2024-000398,3,2024-03-14,4100,0.00,3960.24,EUR,C009
NL01-2024-000399,1,2024-04-06,1000,18134.63,0.00,EUR,C009
NL01-2024-000399,2,2024-04-06,1200,0.00,18134.63,EUR,C009
NL01-2024-000400,1,2024-03-03,1200,1582.80,0.00,EUR,C010
NL01-2024-000400,2,2024-03-03,4000,0.00,1237.15,EUR,C010
NL01-2024-000400,3,2024-03-03,4100,0.00,345.65,EUR,C010
NL01-2024-000401,1,2024-04-22,1000,1582.80,0.00,EUR,C010
NL01-2024-000401,2,2024-04-22,1200,0.00,1582.80,EUR,C010
NL01-2024-000402,1,2024-03-13,1200,3240.92,0.00,EUR,C005
NL01-2024-000402,2,2024-03-13,4000,0.00,2533.17,EUR,C005
NL01-2024-000402,3,2024-03-13,4100,0.00,707.75,EUR,C005
NL01-2024-000403,1,2024-04-14,1000,3240.92,0.00,EUR,C005
NL01-2024-000403,2,2024-04-14,1200,0.00,3240.92,EUR,C005
NL01-2024-000404,1,2024-03-16,1200,20809.98,0.00,EUR,C022
NL01-2024-000404,2,2024-03-16,4000,0.00,16265.49,EUR,C022
NL01-2024-000404,3,2024-03-16,4100,0.00,4544.49,EUR,C022
NL01-2024-000405,1,2024-05-01,1000,20809.98,0.00,EUR,C022
NL01-2024-000405,2,2024-05-01,1200,0.00,20809.98,EUR,C022
NL01-2024-000406,1,2024-03-03,1200,83220.83,0.00,EUR,C016
NL01-2024-000406,2,2024-03-03,4000,0.00,65047.05,EUR,C016
NL01-2024-000406,3,2024-03-03,4100,0.00,18173.78,EUR,C016
NL01-2024-000407,1,2024-03-20,1000,83220.83,0.00,EUR,C016
NL01-2024-000407,2,2024-03-20,1200,0.00,83220.83,EUR,C016
NL01-2024-000408,1,2024-03-26,1200,28870.95,0.00,EUR,C040
NL01-2024-000408,2,2024-03-26,4000,0.00,22566.11,EUR,C040
NL01-2024-000408,3,2024-03-26,4100,0.00,6304.84,EUR,C040
NL01-2024-000409,1,2024-04-28,1000,28870.95,0.00,EUR,C040
NL01-2024-000409,2,2024-04-28,1200,0.00,28870.95,EUR,C040
NL01-2024-000410,1,2024-03-31,1200,5190.73,0.00,EUR,C021
NL01-2024-000410,2,2024-03-31,4000,0.00,4057.18,EUR,C021
NL01-2024-000410,3,2024-03-31,4100,0.00,1133.55,EUR,C021
NL01-2024-000411,1,2024-04-26,1000,5190.73,0.00,EUR,C021
NL01-2024-000411,2,2024-04-26,1200,0.00,5190.73,EUR,C021
NL01-2024-000412,1,2024-03-02,1200,47779.47,0.00,EUR,C019
NL01-2024-000412,2,2024-03-02,4000,0.00,37345.38,EUR,C019
NL01-2024-000412,3,2024-03-02,4100,0.00,10434.09,EUR,C019
NL01-2024-000413,1,2024-04-04,1000,47779.47,0.00,EUR,C019
NL01-2024-000413,2,2024-04-04,1200,0.00,47779.47,EUR,C019
NL01-2024-000414,1,2024-03-12,1200,6859.24,0.00,EUR,C003
NL01-2024-000414,2,2024-03-12,4000,0.00,5361.32,EUR,C003
NL01-2024-000414,3,2024-03-12,4100,0.00,1497.92,EUR,C003
NL01-2024-000415,1,2024-05-05,1000,6859.24,0.00,EUR,C003
NL01-2024-000415,2,2024-05-05,1200,0.00,6859.24,EUR,C003
NL01-2024-000416,1,2024-03-04,1200,14984.49,0.00,EUR,C037
NL01-2024-000416,2,2024-03-04,4000,0.00,11712.17,EUR,C037
NL01-2024-000416,3,2024-03-04,4100,0.00,3272.32,EUR,C037
NL01-2024-000417,1,2024-04-22,1000,14984.49,0.00,EUR,C037
NL01-2024-000417,2,2024-04-22,1200,0.00,14984.49,EUR,C037
NL01-2024-000418,1,2024-03-30,1200,3671.43,0.00,EUR,C002
NL01-2024-000418,2,2024-03-30,4000,0.00,2869.66,EUR,C002
NL01-2024-000418,3,2024-03-30,4100,0.00,801.77,EUR,C002
NL01-2024-000419,1,2024-04-30,1000,3671.43,0.00,EUR,C002
NL01-2024-000419,2,2024-04-30,1200,0.00,3671.43,EUR,C002
NL01-2024-000420,1,2024-03-19,1200,5136.23,0.00,EUR,C031
NL01-2024-000420,2,2024-03-19,4000,0.00,4014.58,EUR,C031
NL01-2024-000420,3,2024-03-19,4100,0.00,1121.65,EUR,C031
NL01-2024-000421,1,2024-05-01,1000,5136.23,0.00,EUR,C031
NL01-2024-000421,2,2024-05-01,1200,0.00,5136.23,EUR,C031
NL01-2024-000422,1,2024-03-23,1200,8192.81,0.00,EUR,C003
NL01-2024-000422,2,2024-03-23,4000,0.00,6403.66,EUR,C003
NL01-2024-000422,3,2024-03-23,4100,0.00,1789.15,EUR,C003
NL01-2024-000423,1,2024-04-25,1000,8192.81,0.00,EUR,C003
NL01-2024-000423,2,2024-04-25,1200,0.00,8192.81,EUR,C003
NL01-2024-000424,1,2024-03-12,1200,10778.65,0.00,EUR,C013
NL01-2024-000424,2,2024-03-12,4000,0.00,8424.81,EUR,C013
NL01-2024-000424,3,2024-03-12,4100,0.00,2353.84,EUR,C013
NL01-2024-000425,1,2024-04-25,1000,10778.65,0.00,EUR,C013
NL01-2024-000425,2,2024-04-25,1200,0.00,10778.65,EUR,C013
NL01-2024-000426,1,2024-03-25,1200,23711.71,0.00,EUR,C011
NL01-2024-000426,2,2024-03-25,4000,0.00,18533.54,EUR,C011
NL01-2024-000426,3,2024-03-25,4100,0.00,5178.17,EUR,C011
NL01-2024-000427,1,2024-04-19,1000,23711.71,0.00,EUR,C011
NL01-2024-000427,2,2024-04-19,1200,0.00,23711.71,EUR,C011
NL01-2024-000428,1,2024-03-17,1200,8685.84,0.00,EUR,C006
NL01-2024-000428,2,2024-03-17,4000,0.00,6789.03,EUR,C006
NL01-2024-000428,3,2024-03-17,4100,0.00,1896.81,EUR,C006
NL01-2024-000429,1,2024-03-30,1000,8685.84,0.00,EUR,C006
NL01-2024-000429,2,2024-03-30,1200,0.00,8685.84,EUR,C006
NL01-2024-000430,1,2024-03-09,1200,4177.17,0.00,EUR,C032
NL01-2024-000430,2,2024-03-09,4000,0.00,3264.96,EUR,C032
NL01-2024-000430,3,2024-03-09,4100,0.00,912.21,EUR,C032
NL01-2024-000431,1,2024-04-05,1000,4177.17,0.00,EUR,C032
NL01-2024-000431,2,2024-04-05,1200,0.00,4177.17,EUR,C032
NL01-2024-000432,1,2024-03-05,1200,1969.56,0.00,EUR,C015
NL01-2024-000432,2,2024-03-05,4000,0.00,1539.45,EUR,C015
NL01-2024-000432,3,2024-03-05,4100,0.00,430.11,EUR,C015
NL01-2024-000433,1,2024-03-21,1000,1969.56,0.00,EUR,C015
NL01-2024-000433,2,2024-03-21,1200,0.00,1969.56,EUR,C015
NL01-2024-000434,1,2024-03-01,1200,4377.20,0.00,EUR,C021
NL01-2024-000434,2,2024-03-01,4000,0.00,3421.31,EUR,C021
NL01-2024-000434,3,2024-03-01,4100,0.00,955.89,EUR,C021
NL01-2024-000435,1,2024-04-01,1000,4377.20,0.00,EUR,C021
NL01-2024-000435,2,2024-04-01,1200,0.00,4377.20,EUR,C021
NL01-2024-000436,1,2024-03-27,1200,7182.26,0.00,EUR,C028
NL01-2024-000436,2,2024-03-27,4000,0.00,5613.80,EUR,C028
NL01-2024-000436,3,2024-03-27,4100,0.00,1568.46,EUR,C028
NL01-2024-000437,1,2024-04-12,1000,7182.26,0.00,EUR,C028
NL01-2024-000437,2,2024-04-12,1200,0.00,7182.26,EUR,C028
NL01-2024-000438,1,2024-03-12,1200,5899.60,0.00,EUR,C028
NL01-2024-000438,2,2024-03-12,4000,0.00,4611.24,EUR,C028
NL01-2024-000438,3,2024-03-12,4100,0.00,1288.36,EUR,C028
NL01-2024-000439,1,2024-04-15,1000,5899.60,0.00,EUR,C028
NL01-2024-000439,2,2024-04-15,1200,0.00,5899.60,EUR,C028
NL01-2024-000440,1,2024-03-09,1200,9318.36,0.00,EUR,C036
NL01-2024-000440,2,2024-03-09,4000,0.00,7283.42,EUR,C036
NL01-2024-000440,3,2024-03-09,4100,0.00,2034.94,EUR,C036
NL01-2024-000441,1,2024-03-29,1000,9318.36,0.00,EUR,C036
NL01-2024-000441,2,2024-03-29,1200,0.00,9318.36,EUR,C036
NL01-2024-000442,1,2024-03-29,1200,3681.92,0.00,EUR,C033
NL01-2024-000442,2,2024-03-29,4000,0.00,2877.86,EUR,C033
NL01-2024-000442,3,2024-03-29,4100,0.00,804.06,EUR,C033
NL01-2024-000443,1,2024-05-16,1000,3681.92,0.00,EUR,C033
NL01-2024-000443,2,2024-05-16,1200,0.00,3681.92,EUR,C033
NL01-2024-000444,1,2024-03-27,1200,1132.61,0.00,EUR,C010
NL01-2024-000444,2,2024-03-27,4000,0.00,885.27,EUR,C010
NL01-2024-000444,3,2024-03-27,4100,0.00,247.34,EUR,C010
NL01-2024-000445,1,2024-05-11,1000,1132.61,0.00,EUR,C010
NL01-2024-000445,2,2024-05-11,1200,0.00,1132.61,EUR,C010
NL01-2024-000446,1,2024-03-02,1200,42050.36,0.00,EUR,C016
NL01-2024-000446,2,2024-03-02,4000,0.00,32867.40,EUR,C016
NL01-2024-000446,3,2024-03-02,4100,0.00,9182.96,EUR,C016
NL01-2024-000447,1,2024-03-22,1000,42050.36,0.00,EUR,C016
NL01-2024-000447,2,2024-03-22,1200,0.00,42050.36,EUR,C016
NL01-2024-000448,1,2024-03-15,1200,5284.32,0.00,EUR,C002
NL01-2024-000448,2,2024-03-15,4000,0.00,4130.33,EUR,C002
NL01-2024-000448,3,2024-03-15,4100,0.00,1153.99,EUR,C002
NL01-2024-000449,1,2024-04-16,1000,5284.32,0.00,EUR,C002
NL01-2024-000449,2,2024-04-16,1200,0.00,5284.32,EUR,C002
NL01-2024-000450,1,2024-03-03,1200,10391.42,0.00,EUR,C025
NL01-2024-000450,2,2024-03-03,4000,0.00,8122.14,EUR,C025
NL01-2024-000450,3,2024-03-03,4100,0.00,2269.28,EUR,C025
NL01-2024-000451,1,2024-03-29,1000,10391.42,0.00,EUR,C025
NL01-2024-000451,2,2024-03-29,1200,0.00,10391.42,EUR,C025
NL01-2024-000452,1,2024-03-25,1200,13178.65,0.00,EUR,C012
NL01-2024-000452,2,2024-03-25,4000,0.00,10300.69,EUR,C012
NL01-2024-000452,3,2024-03-25,4100,0.00,2877.96,EUR,C012
NL01-2024-000453,1,2024-05-13,1000,13178.65,0.00,EUR,C012
NL01-2024-000453,2,2024-05-13,1200,0.00,13178.65,EUR,C012
NL01-2024-000454,1,2024-03-06,1200,44040.59,0.00,EUR,C010
NL01-2024-000454,2,2024-03-06,4000,0.00,34423.00,EUR,C010
NL01-2024-000454,3,2024-03-06,4100,0.00,9617.59,EUR,C010
NL01-2024-000455,1,2024-04-02,1000,44040.59,0.00,EUR,C010
NL01-2024-000455,2,2024-04-02,1200,0.00,44040.59,EUR,C010
NL01-2024-000456,1,2024-03-23,1200,1257.51,0.00,EUR,C001
NL01-2024-000456,2,2024-03-23,4000,0.00,982.89,EUR,C001
NL01-2024-000456,3,2024-03-23,4100,0.00,274.62,EUR,C001
NL01-2024-000457,1,2024-04-24,1000,1257.51,0.00,EUR,C001
NL01-2024-000457,2,2024-04-24,1200,0.00,1257.51,EUR,C001
NL01-2024-000458,1,2024-03-03,1200,45231.51,0.00,EUR,C014
NL01-2024-000458,2,2024-03-03,4000,0.00,35353.85,EUR,C014
NL01-2024-000458,3,2024-03-03,4100,0.00,9877.66,EUR,C014
NL01-2024-000459,1,2024-04-02,1000,45231.51,0.00,EUR,C014
NL01-2024-000459,2,2024-04-02,1200,0.00,45231.51,EUR,C014
NL01-2024-000460,1,2024-03-08,1200,905.42,0.00,EUR,C037
NL01-2024-000460,2,2024-03-08,4000,0.00,707.69,EUR,C037
NL01-2024-000460,3,2024-03-08,4100,0.00,197.73,EUR,C037
NL01-2024-000461,1,2024-04-09,1000,905.42,0.00,EUR,C037
NL01-2024-000461,2,2024-04-09,1200,0.00,905.42,EUR,C037
NL01-2024-000462,1,2024-03-18,1200,7646.41,0.00,EUR,C017
NL01-2024-000462,2,2024-03-18,4000,0.00,5976.59,EUR,C017
NL01-2024-000462,3,2024-03-18,4100,0.00,1669.82,EUR,C017
NL01-2024-000463,1,2024-04-21,1000,7646.41,0.00,EUR,C017
NL01-2024-000463,2,2024-04-21,1200,0.00,7646.41,EUR,C017
NL01-2024-000464,1,2024-03-01,1200,3622.95,0.00,EUR,C026
NL01-2024-000464,2,2024-03-01,4000,0.00,2831.77,EUR,C026
NL01-2024-000464,3,2024-03-01,4100,0.00,791.18,EUR,C026
NL01-2024-000465,1,2024-03-28,1000,3622.95,0.00,EUR,C026
NL01-2024-000465,2,2024-03-28,1200,0.00,3622.95,EUR,C026
NL01-2024-000466,1,2024-03-25,1200,6442.18,0.00,EUR,C013
NL01-2024-000466,2,2024-03-25,4000,0.00,5035.34,EUR,C013
NL01-2024-000466,3,2024-03-25,4100,0.00,1406.84,EUR,C013
NL01-2024-000467,1,2024-05-16,1000,6442.18,0.00,EUR,C013
NL01-2024-000467,2,2024-05-16,1200,0.00,6442.18,EUR,C013
NL01-2024-000468,1,2024-03-20,1200,5205.63,0.00,EUR,C009
NL01-2024-000468,2,2024-03-20,4000,0.00,4068.82,EUR,C009
NL01-2024-000468,3,2024-03-20,4100,0.00,1136.81,EUR,C009
NL01-2024-000469,1,2024-04-06,1000,5205.63,0.00,EUR,C009
NL01-2024-000469,2,2024-04-06,1200,0.00,5205.63,EUR,C009
NL01-2024-000470,1,2024-03-27,1200,24754.38,0.00,EUR,C012
NL01-2024-000470,2,2024-03-27,4000,0.00,19348.52,EUR,C012
NL01-2024-000470,3,2024-03-27,4100,0.00,5405.86,EUR,C012
NL01-2024-000471,1,2024-04-15,1000,24754.38,0.00,EUR,C012
NL01-2024-000471,2,2024-04-15,1200,0.00,24754.38,EUR,C012
NL01-2024-000472,1,2024-03-18,1200,4937.53,0.00,EUR,C034
NL01-2024-000472,2,2024-03-18,4000,0.00,3859.27,EUR,C034
NL01-2024-000472,3,2024-03-18,4100,0.00,1078.26,EUR,C034
NL01-2024-000473,1,2024-04-30,1000,4937.53,0.00,EUR,C034
NL01-2024-000473,2,2024-04-30,1200,0.00,4937.53,EUR,C034
NL01-2024-000474,1,2024-03-25,1200,5380.30,0.00,EUR,C002
NL01-2024-000474,2,2024-03-25,4000,0.00,4205.35,EUR,C002
NL01-2024-000474,3,2024-03-25,4100,0.00,1174.95,EUR,C002
NL01-2024-000475,1,2024-04-22,1000,5380.30,0.00,EUR,C002
NL01-2024-000475,2,2024-04-22,1200,0.00,5380.30,EUR,C002
NL01-2024-000476,1,2024-03-03,1200,2904.30,0.00,EUR,C034
NL01-2024-000476,2,2024-03-03,4000,0.00,2270.06,EUR,C034
NL01-2024-000476,3,2024-03-03,4100,0.00,634.24,EUR,C034
NL01-2024-000477,1,2024-04-03,1000,2904.30,0.00,EUR,C034
NL01-2024-000477,2,2024-04-03,1200,0.00,2904.30,EUR,C034
NL01-2024-000478,1,2024-03-28,1200,7588.85,0.00,EUR,C039
NL01-2024-000478,2,2024-03-28,4000,0.00,5931.60,EUR,C039
NL01-2024-000478,3,2024-03-28,4100,0.00,1657.25,EUR,C039
NL01-2024-000479,1,2024-04-30,1000,7588.85,0.00,EUR,C039
NL01-2024-000479,2,2024-04-30,1200,0.00,7588.85,EUR,C039
NL01-2024-000480,1,2024-03-21,1200,8106.30,0.00,EUR,C019
NL01-2024-000480,2,2024-03-21,4000,0.00,6336.05,EUR,C019
NL01-2024-000480,3,2024-03-21,4100,0.00,1770.25,EUR,C019
NL01-2024-000481,1,2024-04-14,1000,8106.30,0.00,EUR,C019
NL01-2024-000481,2,2024-04-14,1200,0.00,8106.30,EUR,C019
NL01-2024-000482,1,2024-03-05,1200,15428.76,0.00,EUR,C021
NL01-2024-000482,2,2024-03-05,4000,0.00,12059.43,EUR,C021
NL01-2024-000482,3,2024-03-05,4100,0.00,3369.33,EUR,C021
NL01-2024-000483,1,2024-04-06,1000,15428.76,0.00,EUR,C021
NL01-2024-000483,2,2024-04-06,1200,0.00,15428.76,EUR,C021
NL01-2024-000484,1,2024-03-05,1200,2010.60,0.00,EUR,C039
NL01-2024-000484,2,2024-03-05,4000,0.00,1571.52,EUR,C039
NL01-2024-000484,3,2024-03-05,4100,0.00,439.08,EUR,C039
NL01-2024-000485,1,2024-04-20,1000,2010.60,0.00,EUR,C039
NL01-2024-000485,2,2024-04-20,1200,0.00,2010.60,EUR,C039
NL01-2024-000486,1,2024-03-30,1200,26654.61,0.00,EUR,C004
NL01-2024-000486,2,2024-03-30,4000,0.00,20833.77,EUR,C004
NL01-2024-000486,3,2024-03-30,4100,0.00,5820.84,EUR,C004
NL01-2024-000487,1,2024-04-26,1000,26654.61,0.00,EUR,C004
NL01-2024-000487,2,2024-04-26,1200,0.00,26654.61,EUR,C004
NL01-2024-000488,1,2024-03-05,1200,31616.00,0.00,EUR,C005
NL01-2024-000488,2,2024-03-05,4000,0.00,24711.69,EUR,C005
NL01-2024-000488,3,2024-03-05,4100,0.00,6904.31,EUR,C005
NL01-2024-000489,1,2024-04-01,1000,31616.00,0.00,EUR,C005
NL01-2024-000489,2,2024-04-01,1200,0.00,31616.00,EUR,C005
NL01-2024-000490,1,2024-03-04,1200,9413.47,0.00,EUR,C010
NL01-2024-000490,2,2024-03-04,4000,0.00,7357.76,EUR,C010
NL01-2024-000490,3,2024-03-04,4100,0.00,2055.71,EUR,C010
NL01-2024-000491,1,2024-04-29,1000,9413.47,0.00,EUR,C010
NL01-2024-000491,2,2024-04-29,1200,0.00,9413.47,EUR,C010
NL01-2024-000492,1,2024-03-08,1200,9166.74,0.00,EUR,C032
NL01-2024-000492,2,2024-03-08,4000,0.00,7164.91,EUR,C032
NL01-2024-000492,3,2024-03-08,4100,0.00,2001.83,EUR,C032
NL01-2024-000493,1,2024-04-03,1000,9166.74,0.00,EUR,C032
NL01-2024-000493,2,2024-04-03,1200,0.00,9166.74,EUR,C032
NL01-2024-000494,1,2024-03-06,1200,6488.09,0.00,EUR,C009
NL01-2024-000494,2,2024-03-06,4000,0.00,5071.22,EUR,C009
NL01-2024-000494,3,2024-03-06,4100,0.00,1416.87,EUR,C009
NL01-2024-000495,1,2024-04-16,1000,6488.09,0.00,EUR,C009
NL01-2024-000495,2,2024-04-16,1200,0.00,6488.09,EUR,C009
NL01-2024-000496,1,2024-03-19,1200,21522.29,0.00,EUR,C017
NL01-2024-000496,2,2024-03-19,4000,0.00,16822.25,EUR,C017
NL01-2024-000496,3,2024-03-19,4100,0.00,4700.04,EUR,C017
NL01-2024-000497,1,2024-04-17,1000,21522.29,0.00,EUR,C017
NL01-2024-000497,2,2024-04-17,1200,0.00,21522.29,EUR,C017
NL01-2024-000498,1,2024-03-27,1200,1817.41,0.00,EUR,C040
NL01-2024-000498,2,2024-03-27,4000,0.00,1420.52,EUR,C040
NL01-2024-000498,3,2024-03-27,4100,0.00,396.89,EUR,C040
NL01-2024-000499,1,2024-05-01,1000,1817.41,0.00,EUR,C040
NL01-2024-000499,2,2024-05-01,1200,0.00,1817.41,EUR,C040
NL01-2024-000500,1,2024-03-22,1200,7650.66,0.00,EUR,C021
NL01-2024-000500,2,2024-03-22,4000,0.00,5979.91,EUR,C021
NL01-2024-000500,3,2024-03-22,4100,0.00,1670.75,EUR,C021
NL01-2024-000501,1,2024-04-21,1000,7650.66,0.00,EUR,C021
NL01-2024-000501,2,2024-04-21,1200,0.00,7650.66,EUR,C021
NL01-2024-000502,1,2024-03-27,1200,7969.23,0.00,EUR,C004
NL01-2024-000502,2,2024-03-27,4000,0.00,6228.91,EUR,C004
NL01-2024-000502,3,2024-03-27,4100,0.00,1740.32,EUR,C004
NL01-2024-000503,1,2024-05-31,1000,7969.23,0.00,EUR,C004
NL01-2024-000503,2,2024-05-31,1200,0.00,7969.23,EUR,C004
NL01-2024-000504,1,2024-03-20,1200,18034.73,0.00,EUR,C022
NL01-2024-000504,2,2024-03-20,4000,0.00,14096.30,EUR,C022
NL01-2024-000504,3,2024-03-20,4100,0.00,3938.43,EUR,C022
NL01-2024-000505,1,2024-04-13,1000,18034.73,0.00,EUR,C022
NL01-2024-000505,2,2024-04-13,1200,0.00,18034.73,EUR,C022
NL01-2024-000506,1,2024-03-06,1200,3545.40,0.00,EUR,C001
NL01-2024-000506,2,2024-03-06,4000,0.00,2771.16,EUR,C001
NL01-2024-000506,3,2024-03-06,4100,0.00,774.24,EUR,C001
NL01-2024-000507,1,2024-04-14,1000,3545.40,0.00,EUR,C001
NL01-2024-000507,2,2024-04-14,1200,0.00,3545.40,EUR,C001
NL01-2024-000508,1,2024-03-21,1200,4399.51,0.00,EUR,C012
NL01-2024-000508,2,2024-03-21,4000,0.00,3438.74,EUR,C012
NL01-2024-000508,3,2024-03-21,4100,0.00,960.77,EUR,C012
NL01-2024-000509,1,2024-04-12,1000,4399.51,0.00,EUR,C012
NL01-2024-000509,2,2024-04-12,1200,0.00,4399.51,EUR,C012
NL01-2024-000510,1,2024-03-27,1200,7010.94,0.00,EUR,C032
NL01-2024-000510,2,2024-03-27,4000,0.00,5479.89,EUR,C032
NL01-2024-000510,3,2024-03-27,4100,0.00,1531.05,EUR,C032
NL01-2024-000511,1,2024-04-26,1000,7010.94,0.00,EUR,C032
NL01-2024-000511,2,2024-04-26,1200,0.00,7010.94,EUR,C032
NL01-2024-000512,1,2024-03-05,1200,20005.04,0.00,EUR,C027
NL01-2024-000512,2,2024-03-05,4000,0.00,15636.34,EUR,C027
NL01-2024-000512,3,2024-03-05,4100,0.00,4368.70,EUR,C027
NL01-2024-000513,1,2024-04-21,1000,20005.04,0.00,EUR,C027
NL01-2024-000513,2,2024-04-21,1200,0.00,20005.04,EUR,C027
NL01-2024-000514,1,2024-03-02,1200,6620.59,0.00,EUR,C012
NL01-2024-000514,2,2024-03-02,4000,0.00,5174.78,EUR,C012
NL01-2024-000514,3,2024-03-02,4100,0.00,1445.81,EUR,C012
NL01-2024-000515,1,2024-03-26,1000,6620.59,0.00,EUR,C012
NL01-2024-000515,2,2024-03-26,1200,0.00,6620.59,EUR,C012
NL01-2024-000516,1,2024-03-21,1200,17875.83,0.00,EUR,C028
NL01-2024-000516,2,2024-03-21,4000,0.00,13972.10,EUR,C028
NL01-2024-000516,3,2024-03-21,4100,0.00,3903.73,EUR,C028
NL01-2024-000517,1,2024-04-29,1000,17875.83,0.00,EUR,C028
NL01-2024-000517,2,2024-04-29,1200,0.00,17875.83,EUR,C028
NL01-2024-000518,1,2024-03-07,1200,19653.95,0.00,EUR,C038
NL01-2024-000518,2,2024-03-07,4000,0.00,15361.92,EUR,C038
NL01-2024-000518,3,2024-03-07,4100,0.00,4292.03,EUR,C038
NL01-2024-000519,1,2024-05-01,1000,19653.95,0.00,EUR,C038
NL01-2024-000519,2,2024-05-01,1200,0.00,19653.95,EUR,C038
NL01-2024-000520,1,2024-03-31,1200,3958.87,0.00,EUR,C032
NL01-2024-000520,2,2024-03-31,4000,0.00,3094.33,EUR,C032
NL01-2024-000520,3,2024-03-31,4100,0.00,864.54,EUR,C032
NL01-2024-000521,1,2024-04-22,1000,3958.87,0.00,EUR,C032
NL01-2024-000521,2,2024-04-22,1200,0.00,3958.87,EUR,C032
NL01-2024-000522,1,2024-03-31,1200,12416.06,0.00,EUR,C032
NL01-2024-000522,2,2024-03-31,4000,0.00,9704.64,EUR,C032
NL01-2024-000522,3,2024-03-31,4100,0.00,2711.42,EUR,C032
NL01-2024-000523,1,2024-05-10,1000,12416.06,0.00,EUR,C032
NL01-2024-000523,2,2024-05-10,1200,0.00,12416.06,EUR,C032
NL01-2024-000524,1,2024-03-15,1200,3951.99,0.00,EUR,C008
NL01-2024-000524,2,2024-03-15,4000,0.00,3088.95,EUR,C008
NL01-2024-000524,3,2024-03-15,4100,0.00,863.04,EUR,C008
NL01-2024-000525,1,2024-04-06,1000,3951.99,0.00,EUR,C008
NL01-2024-000525,2,2024-04-06,1200,0.00,3951.99,EUR,C008
NL01-2024-000526,1,2024-03-20,1200,948.86,0.00,EUR,C038
NL01-2024-000526,2,2024-03-20,4000,0.00,741.65,EUR,C038
NL01-2024-000526,3,2024-03-20,4100,0.00,207.21,EUR,C038
NL01-2024-000527,1,2024-05-11,1000,948.86,0.00,EUR,C038
NL01-2024-000527,2,2024-05-11,1200,0.00,948.86,EUR,C038
NL01-2024-000528,1,2024-03-26,1200,5065.03,0.00,EUR,C007
NL01-2024-000528,2,2024-03-26,4000,0.00,3958.93,EUR,C007
NL01-2024-000528,3,2024-03-26,4100,0.00,1106.10,EUR,C007
NL01-2024-000529,1,2024-04-26,1000,5065.03,0.00,EUR,C007
NL01-2024-000529,2,2024-04-26,1200,0.00,5065.03,EUR,C007
NL01-2024-000530,1,2024-03-01,1300,60347.26,0.00,EUR,V001
NL01-2024-000530,2,2024-03-01,2100,0.00,60347.26,EUR,V001
NL01-2024-000531,1,2024-03-25,2100,60347.26,0.00,EUR,V001
NL01-2024-000531,2,2024-03-25,1000,0.00,60347.26,EUR,V001
NL01-2024-000532,1,2024-03-06,1300,175458.25,0.00,EUR,V004
NL01-2024-000532,2,2024-03-06,2100,0.00,175458.25,EUR,V004
NL01-2024-000533,1,2024-04-02,2100,175458.25,0.00,EUR,V004
NL01-2024-000533,2,2024-04-02,1000,0.00,175458.25,EUR,V004
NL01-2024-000534,1,2024-03-04,1300,35460.60,0.00,EUR,V007
NL01-2024-000534,2,2024-03-04,2100,0.00,35460.60,EUR,V007
NL01-2024-000535,1,2024-04-03,2100,35460.60,0.00,EUR,V007
NL01-2024-000535,2,2024-04-03,1000,0.00,35460.60,EUR,V007
NL01-2024-000536,1,2024-03-03,1300,263998.10,0.00,EUR,V016
NL01-2024-000536,2,2024-03-03,2100,0.00,263998.10,EUR,V016
NL01-2024-000537,1,2024-04-05,2100,263998.10,0.00,EUR,V016
NL01-2024-000537,2,2024-04-05,1000,0.00,263998.10,EUR,V016
NL01-2024-000538,1,2024-03-31,5000,488715.08,0.00,EUR,
NL01-2024-000538,2,2024-03-31,1300,0.00,488715.08,EUR,
NL01-2024-000539,1,2024-03-05,6100,44292.48,0.00,EUR,V048
NL01-2024-000539,2,2024-03-05,2100,0.00,44292.48,EUR,V048
NL01-2024-000540,1,2024-04-04,2100,44292.48,0.00,EUR,V048
NL01-2024-000540,2,2024-04-04,1000,0.00,44292.48,EUR,V048
NL01-2024-000541,1,2024-03-19,6200,43438.80,0.00,EUR,V033
NL01-2024-000541,2,2024-03-19,2100,0.00,43438.80,EUR,V033
NL01-2024-000542,1,2024-04-18,2100,43438.80,0.00,EUR,V033
NL01-2024-000542,2,2024-04-18,1000,0.00,43438.80,EUR,V033
NL01-2024-000543,1,2024-03-01,6300,20690.65,0.00,EUR,V034
NL01-2024-000543,2,2024-03-01,2100,0.00,20690.65,EUR,V034
NL01-2024-000544,1,2024-04-06,2100,20690.65,0.00,EUR,V034
NL01-2024-000544,2,2024-04-06,1000,0.00,20690.65,EUR,V034
NL01-2024-000545,1,2024-03-11,6400,20809.99,0.00,EUR,V026
NL01-2024-000545,2,2024-03-11,2100,0.00,20809.99,EUR,V026
NL01-2024-000546,1,2024-04-09,2100,20809.99,0.00,EUR,V026
NL01-2024-000546,2,2024-04-09,1000,0.00,20809.99,EUR,V026
NL01-2024-000547,1,2024-03-25,6000,384454.35,0.00,EUR,
NL01-2024-000547,2,2024-03-25,1000,0.00,384454.35,EUR,
NL01-2024-000548,1,2024-03-31,6900,15625.00,0.00,EUR,
NL01-2024-000548,2,2024-03-31,1590,0.00,15625.00,EUR,
NL01-2024-000549,1,2024-04-24,1200,2994.16,0.00,EUR,C003
NL01-2024-000549,2,2024-04-24,4000,0.00,2331.91,EUR,C003
NL01-2024-000549,3,2024-04-24,4100,0.00,662.25,EUR,C003
NL01-2024-000550,1,2024-06-09,1000,2994.16,0.00,EUR,C003
NL01-2024-000550,2,2024-06-09,1200,0.00,2994.16,EUR,C003
NL01-2024-000551,1,2024-04-07,1200,28149.61,0.00,EUR,C029
NL01-2024-000551,2,2024-04-07,4000,0.00,21923.42,EUR,C029
NL01-2024-000551,3,2024-04-07,4100,0.00,6226.19,EUR,C029
NL01-2024-000552,1,2024-05-16,1000,28149.61,0.00,EUR,C029
NL01-2024-000552,2,2024-05-16,1200,0.00,28149.61,EUR,C029
NL01-2024-000553,1,2024-04-22,1200,2795.83,0.00,EUR,C009
NL01-2024-000553,2,2024-04-22,4000,0.00,2177.44,EUR,C009
NL01-2024-000553,3,2024-04-22,4100,0.00,618.39,EUR,C009
NL01-2024-000554,1,2024-06-01,1000,2795.83,0.00,EUR,C009
NL01-2024-000554,2,2024-06-01,1200,0.00,2795.83,EUR,C009
NL01-2024-000555,1,2024-04-18,1200,5777.01,0.00,EUR,C036
NL01-2024-000555,2,2024-04-18,4000,0.00,4499.24,EUR,C036
NL01-2024-000555,3,2024-04-18,4100,0.00,1277.77,EUR,C036
NL01-2024-000556,1,2024-05-04,1000,5777.01,0.00,EUR,C036
NL01-2024-000556,2,2024-05-04,1200,0.00,5777.01,EUR,C036
NL01-2024-000557,1,2024-04-24,1200,9492.60,0.00,EUR,C026
NL01-2024-000557,2,2024-04-24,4000,0.00,7393.01,EUR,C026
NL01-2024-000557,3,2024-04-24,4100,0.00,2099.59,EUR,C026
NL01-2024-000558,1,2024-05-18,1000,9492.60,0.00,EUR,C026
NL01-2024-000558,2,2024-05-18,1200,0.00,9492.60,EUR,C026
NL01-2024-000559,1,2024-04-04,1200,14381.24,0.00,EUR,C037
NL01-2024-000559,2,2024-04-04,4000,0.00,11200.37,EUR,C037
NL01-2024-000559,3,2024-04-04,4100,0.00,3180.87,EUR,C037
NL01-2024-000560,1,2024-05-02,1000,14381.24,0.00,EUR,C037
NL01-2024-000560,2,2024-05-02,1200,0.00,14381.24,EUR,C037
NL01-2024-000561,1,2024-04-27,1200,10316.67,0.00,EUR,C011
NL01-2024-000561,2,2024-04-27,4000,0.00,8034.81,EUR,C011
NL01-2024-000561,3,2024-04-27,4100,0.00,2281.86,EUR,C011
NL01-2024-000562,1,2024-05-19,1000,10316.67,0.00,EUR,C011
NL01-2024-000562,2,2024-05-19,1200,0.00,10316.67,EUR,C011
NL01-2024-000563,1,2024-04-15,1200,2930.45,0.00,EUR,C032
NL01-2024-000563,2,2024-04-15,4000,0.00,2282.29,EUR,C032
NL01-2024-000563,3,2024-04-15,4100,0.00,648.16,EUR,C032
NL01-2024-000564,1,2024-05-10,1000,2930.45,0.00,EUR,C032
NL01-2024-000564,2,2024-05-10,1200,0.00,2930.45,EUR,C032
NL01-2024-000565,1,2024-04-14,1200,11125.33,0.00,EUR,C028
NL01-2024-000565,2,2024-04-14,4000,0.00,8664.60,EUR,C028
NL01-2024-000565,3,2024-04-14,4100,0.00,2460.73,EUR,C028
NL01-2024-000566,1,2024-06-11,1000,11125.33,0.00,EUR,C028
NL01-2024-000566,2,2024-06-11,1200,0.00,11125.33,EUR,C028
NL01-2024-000567,1,2024-04-27,1200,10299.82,0.00,EUR,C019
NL01-2024-000567,2,2024-04-27,4000,0.00,8021.68,EUR,C019
NL01-2024-000567,3,2024-04-27,4100,0.00,2278.14,EUR,C019
NL01-2024-000568,1,2024-06-01,1000,10299.82,0.00,EUR,C019
NL01-2024-000568,2,2024-06-01,1200,0.00,10299.82,EUR,C019
NL01-2024-000569,1,2024-04-01,1200,14887.29,0.00,EUR,C036
NL01-2024-000569,2,2024-04-01,4000,0.00,11594.49,EUR,C036
NL01-2024-000569,3,2024-04-01,4100,0.00,3292.80,EUR,C036
NL01-2024-000570,1,2024-05-08,1000,14887.29,0.00,EUR,C036
NL01-2024-000570,2,2024-05-08,1200,0.00,14887.29,EUR,C036
NL01-2024-000571,1,2024-04-09,1200,18565.40,0.00,EUR,C002
NL01-2024-000571,2,2024-04-09,4000,0.00,14459.06,EUR,C002
NL01-2024-000571,3,2024-04-09,4100,0.00,4106.34,EUR,C002
NL01-2024-000572,1,2024-05-03,1000,18565.40,0.00,EUR,C002
NL01-2024-000572,2,2024-05-03,1200,0.00,18565.40,EUR,C002
NL01-2024-000573,1,2024-04-09,1200,8268.88,0.00,EUR,C031
NL01-2024-000573,2,2024-04-09,4000,0.00,6439.95,EUR,C031
NL01-2024-000573,3,2024-04-09,4100,0.00,1828.93,EUR,C031
NL01-2024-000574,1,2024-05-08,1000,8268.88,0.00,EUR,C031
NL01-2024-000574,2,2024-05-08,1200,0.00,8268.88,EUR,C031
NL01-2024-000575,1,2024-04-11,1200,4002.97,0.00,EUR,C005
NL01-2024-000575,2,2024-04-11,4000,0.00,3117.58,EUR,C005
NL01-2024-000575,3,2024-04-11,4100,0.00,885.39,EUR,C005
NL01-2024-000576,1,2024-05-09,1000,4002.97,0.00,EUR,C005
NL01-2024-000576,2,2024-05-09,1200,0.00,4002.97,EUR,C005
NL01-2024-000577,1,2024-04-13,1200,21714.25,0.00,EUR,C012
NL01-2024-000577,2,2024-04-13,4000,0.00,16911.44,EUR,C012
NL01-2024-000577,3,2024-04-13,4100,0.00,4802.81,EUR,C012
NL01-2024-000578,1,2024-05-30,1000,21714.25,0.00,EUR,C012
NL01-2024-000578,2,2024-05-30,1200,0.00,21714.25,EUR,C012
NL01-2024-000579,1,2024-04-13,1200,11997.21,0.00,EUR,C013
NL01-2024-000579,2,2024-04-13,4000,0.00,9343.64,EUR,C013
NL01-2024-000579,3,2024-04-13,4100,0.00,2653.57,EUR,C013
NL01-2024-000580,1,2024-06-01,1000,11997.21,0.00,EUR,C013
NL01-2024-000580,2,2024-06-01,1200,0.00,11997.21,EUR,C013
NL01-2024-000581,1,2024-04-27,1200,2984.17,0.00,EUR,C006
NL01-2024-000581,2,2024-04-27,4000,0.00,2324.12,EUR,C006
NL01-2024-000581,3,2024-04-27,4100,0.00,660.05,EUR,C006
NL01-2024-000582,1,2024-06-08,1000,2984.17,0.00,EUR,C006
NL01-2024-000582,2,2024-06-08,1200,0.00,2984.17,EUR,C006
NL01-2024-000583,1,2024-04-07,1200,11274.22,0.00,EUR,C005
NL01-2024-000583,2,2024-04-07,4000,0.00,8780.56,EUR,C005
NL01-2024-000583,3,2024-04-07,4100,0.00,2493.66,EUR,C005
NL01-2024-000584,1,2024-04-29,1000,11274.22,0.00,EUR,C005
NL01-2024-000584,2,2024-04-29,1200,0.00,11274.22,EUR,C005
NL01-2024-000585,1,2024-04-18,1200,1882.11,0.00,EUR,C019
NL01-2024-000585,2,2024-04-18,4000,0.00,1465.82,EUR,C019
NL01-2024-000585,3,2024-04-18,4100,0.00,416.29,EUR,C019
NL01-2024-000586,1,2024-06-11,1000,1882.11,0.00,EUR,C019
NL01-2024-000586,2,2024-06-11,1200,0.00,1882.11,EUR,C019
NL01-2024-000587,1,2024-04-27,1200,4570.08,0.00,EUR,C009
NL01-2024-000587,2,2024-04-27,4000,0.00,3559.26,EUR,C009
NL01-2024-000587,3,2024-04-27,4100,0.00,1010.82,EUR,C009
NL01-2024-000588,1,2024-06-18,1000,4570.08,0.00,EUR,C009
NL01-2024-000588,2,2024-06-18,1200,0.00,4570.08,EUR,C009
NL01-2024-000589,1,2024-04-24,1200,8876.16,0.00,EUR,C016
NL01-2024-000589,2,2024-04-24,4000,0.00,6912.91,EUR,C016
NL01-2024-000589,3,2024-04-24,4100,0.00,1963.25,EUR,C016
NL01-2024-000590,1,2024-05-27,1000,8876.16,0.00,EUR,C016
NL01-2024-000590,2,2024-05-27,1200,0.00,8876.16,EUR,C016
NL01-2024-000591,1,2024-04-19,1200,5776.52,0.00,EUR,C014
NL01-2024-000591,2,2024-04-19,4000,0.00,4498.86,EUR,C014
NL01-2024-000591,3,2024-04-19,4100,0.00,1277.66,EUR,C014
NL01-2024-000592,1,2024-05-31,1000,5776.52,0.00,EUR,C014
NL01-2024-000592,2,2024-05-31,1200,0.00,5776.52,EUR,C014
NL01-2024-000593,1,2024-04-12,1200,7492.22,0.00,EUR,C017
NL01-2024-000593,2,2024-04-12,4000,0.00,5835.07,EUR,C017
NL01-2024-000593,3,2024-04-12,4100,0.00,1657.15,EUR,C017
NL01-2024-000594,1,2024-05-24,1000,7492.22,0.00,EUR,C017
NL01-2024-000594,2,2024-05-24,1200,0.00,7492.22,EUR,C017
NL01-2024-000595,1,2024-04-07,1200,2715.06,0.00,EUR,C030
NL01-2024-000595,2,2024-04-07,4000,0.00,2114.54,EUR,C030
NL01-2024-000595,3,2024-04-07,4100,0.00,600.52,EUR,C030
NL01-2024-000596,1,2024-04-30,1000,2715.06,0.00,EUR,C030
NL01-2024-000596,2,2024-04-30,1200,0.00,2715.06,EUR,C030
NL01-2024-000597,1,2024-04-02,1200,2198.84,0.00,EUR,C011
NL01-2024-000597,2,2024-04-02,4000,0.00,1712.50,EUR,C011
NL01-2024-000597,3,2024-04-02,4100,0.00,486.34,EUR,C011
NL01-2024-000598,1,2024-05-21,1000,2198.84,0.00,EUR,C011
NL01-2024-000598,2,2024-05-21,1200,0.00,2198.84,EUR,C011
NL01-2024-000599,1,2024-04-01,1200,3264.82,0.00,EUR,C040
NL01-2024-000599,2,2024-04-01,4000,0.00,2542.70,EUR,C040
NL01-2024-000599,3,2024-04-01,4100,0.00,722.12,EUR,C040
NL01-2024-000600,1,2024-04-20,1000,3264.82,0.00,EUR,C040
NL01-2024-000600,2,2024-04-20,1200,0.00,3264.82,EUR,C040
NL01-2024-000601,1,2024-04-12,1200,31460.90,0.00,EUR,C030
NL01-2024-000601,2,2024-04-12,4000,0.00,24502.31,EUR,C030
NL01-2024-000601,3,2024-04-12,4100,0.00,6958.59,EUR,C030
NL01-2024-000602,1,2024-05-01,1000,31460.90,0.00,EUR,C030
NL01-2024-000602,2,2024-05-01,1200,0.00,31460.90,EUR,C030
NL01-2024-000603,1,2024-04-17,1200,12785.79,0.00,EUR,C007
NL01-2024-000603,2,2024-04-17,4000,0.00,9957.80,EUR,C007
NL01-2024-000603,3,2024-04-17,4100,0.00,2827.99,EUR,C007
NL01-2024-000604,1,2024-05-03,1000,12785.79,0.00,EUR,C007
NL01-2024-000604,2,2024-05-03,1200,0.00,12785.79,EUR,C007
NL01-2024-000605,1,2024-04-21,1200,23063.53,0.00,EUR,C013
NL01-2024-000605,2,2024-04-21,4000,0.00,17962.29,EUR,C013
NL01-2024-000605,3,2024-04-21,4100,0.00,5101.24,EUR,C013
NL01-2024-000606,1,2024-05-28,1000,23063.53,0.00,EUR,C013
NL01-2024-000606,2,2024-05-28,1200,0.00,23063.53,EUR,C013
NL01-2024-000607,1,2024-04-20,1200,36050.63,0.00,EUR,C001
NL01-2024-000607,2,2024-04-20,4000,0.00,28076.87,EUR,C001
NL01-2024-000607,3,2024-04-20,4100,0.00,7973.76,EUR,C001
NL01-2024-000608,1,2024-06-24,1000,36050.63,0.00,EUR,C001
NL01-2024-000608,2,2024-06-24,1200,0.00,36050.63,EUR,C001
NL01-2024-000609,1,2024-04-13,1200,23331.24,0.00,EUR,C027
NL01-2024-000609,2,2024-04-13,4000,0.00,18170.78,EUR,C027
NL01-2024-000609,3,2024-04-13,4100,0.00,5160.46,EUR,C027
NL01-2024-000610,1,2024-05-19,1000,23331.24,0.00,EUR,C027
NL01-2024-000610,2,2024-05-19,1200,0.00,23331.24,EUR,C027
NL01-2024-000611,1,2024-04-15,1200,14615.77,0.00,EUR,C023
NL01-2024-000611,2,2024-04-15,4000,0.00,11383.02,EUR,C023
NL01-2024-000611,3,2024-04-15,4100,0.00,3232.75,EUR,C023
NL01-2024-000612,1,2024-05-17,1000,14615.77,0.00,EUR,C023
NL01-2024-000612,2,2024-05-17,1200,0.00,14615.77,EUR,C023
NL01-2024-000613,1,2024-04-15,1200,7955.51,0.00,EUR,C032
NL01-2024-000613,2,2024-04-15,4000,0.00,6195.89,EUR,C032
NL01-2024-000613,3,2024-04-15,4100,0.00,1759.62,EUR,C032
NL01-2024-000614,1,2024-05-29,1000,7955.51,0.00,EUR,C032
NL01-2024-000614,2,2024-05-29,1200,0.00,7955.51,EUR,C032
NL01-2024-000615,1,2024-04-10,1200,6758.45,0.00,EUR,C002
NL01-2024-000615,2,2024-04-10,4000,0.00,5263.60,EUR,C002
NL01-2024-000615,3,2024-04-10,4100,0.00,1494.85,EUR,C002
NL01-2024-000616,1,2024-05-05,1000,6758.45,0.00,EUR,C002
NL01-2024-000616,2,2024-05-05,1200,0.00,6758.45,EUR,C002
NL01-2024-000617,1,2024-04-30,1200,39948.94,0.00,EUR,C010
NL01-2024-000617,2,2024-04-30,4000,0.00,31112.95,EUR,C010
NL01-2024-000617,3,2024-04-30,4100,0.00,8835.99,EUR,C010
NL01-2024-000618,1,2024-07-06,1000,39948.94,0.00,EUR,C010
NL01-2024-000618,2,2024-07-06,1200,0.00,39948.94,EUR,C010
NL01-2024-000619,1,2024-04-04,1200,11308.28,0.00,EUR,C024
NL01-2024-000619,2,2024-04-04,4000,0.00,8807.09,EUR,C024
NL01-2024-000619,3,2024-04-04,4100,0.00,2501.19,EUR,C024
NL01-2024-000620,1,2024-05-16,1000,11308.28,0.00,EUR,C024
NL01-2024-000620,2,2024-05-16,1200,0.00,11308.28,EUR,C024
NL01-2024-000621,1,2024-04-16,1200,49131.30,0.00,EUR,C013
NL01-2024-000621,2,2024-04-16,4000,0.00,38264.33,EUR,C013
NL01-2024-000621,3,2024-04-16,4100,0.00,10866.97,EUR,C013
NL01-2024-000622,1,2024-05-03,1000,49131.30,0.00,EUR,C013
NL01-2024-000622,2,2024-05-03,1200,0.00,49131.30,EUR,C013
NL01-2024-000623,1,2024-04-08,1200,3957.41,0.00,EUR,C022
NL01-2024-000623,2,2024-04-08,4000,0.00,3082.10,EUR,C022
NL01-2024-000623,3,2024-04-08,4100,0.00,875.31,EUR,C022
NL01-2024-000624,1,2024-05-10,1000,3957.41,0.00,EUR,C022
NL01-2024-000624,2,2024-05-10,1200,0.00,3957.41,EUR,C022
NL01-2024-000625,1,2024-04-29,1200,18102.57,0.00,EUR,C027
NL01-2024-000625,2,2024-04-29,4000,0.00,14098.60,EUR,C027
NL01-2024-000625,3,2024-04-29,4100,0.00,4003.97,EUR,C027
NL01-2024-000626,1,2024-06-27,1000,18102.57,0.00,EUR,C027
NL01-2024-000626,2,2024-06-27,1200,0.00,18102.57,EUR,C027
NL01-2024-000627,1,2024-04-12,1200,4018.46,0.00,EUR,C001
NL01-2024-000627,2,2024-04-12,4000,0.00,3129.65,EUR,C001
NL01-2024-000627,3,2024-04-12,4100,0.00,888.81,EUR,C001
NL01-2024-000628,1,2024-05-04,1000,4018.46,0.00,EUR,C001
NL01-2024-000628,2,2024-05-04,1200,0.00,4018.46,EUR,C001
NL01-2024-000629,1,2024-04-04,1200,5699.93,0.00,EUR,C011
NL01-2024-000629,2,2024-04-04,4000,0.00,4439.21,EUR,C011
NL01-2024-000629,3,2024-04-04,4100,0.00,1260.72,EUR,C011
NL01-2024-000630,1,2024-05-06,1000,5699.93,0.00,EUR,C011
NL01-2024-000630,2,2024-05-06,1200,0.00,5699.93,EUR,C011
NL01-2024-000631,1,2024-04-12,1200,5216.33,0.00,EUR,C010
NL01-2024-000631,2,2024-04-12,4000,0.00,4062.57,EUR,C010
NL01-2024-000631,3,2024-04-12,4100,0.00,1153.76,EUR,C010
NL01-2024-000632,1,2024-06-05,1000,5216.33,0.00,EUR,C010
NL01-2024-000632,2,2024-06-05,1200,0.00,5216.33,EUR,C010
NL01-2024-000633,1,2024-04-22,1200,15695.35,0.00,EUR,C029
NL01-2024-000633,2,2024-04-22,4000,0.00,12223.82,EUR,C029
NL01-2024-000633,3,2024-04-22,4100,0.00,3471.53,EUR,C029
NL01-2024-000634,1,2024-05-27,1000,15695.35,0.00,EUR,C029
NL01-2024-000634,2,2024-05-27,1200,0.00,15695.35,EUR,C029
NL01-2024-000635,1,2024-04-04,1200,16646.79,0.00,EUR,C040
NL01-2024-000635,2,2024-04-04,4000,0.00,12964.82,EUR,C040
NL01-2024-000635,3,2024-04-04,4100,0.00,3681.97,EUR,C040
NL01-2024-000636,1,2024-05-06,1000,16646.79,0.00,EUR,C040
NL01-2024-000636,2,2024-05-06,1200,0.00,16646.79,EUR,C040
NL01-2024-000637,1,2024-04-22,1200,16765.92,0.00,EUR,C009
NL01-2024-000637,2,2024-04-22,4000,0.00,13057.60,EUR,C009
NL01-2024-000637,3,2024-04-22,4100,0.00,3708.32,EUR,C009
NL01-2024-000638,1,2024-05-25,1000,16765.92,0.00,EUR,C009
NL01-2024-000638,2,2024-05-25,1200,0.00,16765.92,EUR,C009
NL01-2024-000639,1,2024-04-09,1200,10919.21,0.00,EUR,C010
NL01-2024-000639,2,2024-04-09,4000,0.00,8504.07,EUR,C010
NL01-2024-000639,3,2024-04-09,4100,0.00,2415.14,EUR,C010
NL01-2024-000640,1,2024-05-20,1000,10919.21,0.00,EUR,C010
NL01-2024-000640,2,2024-05-20,1200,0.00,10919.21,EUR,C010
NL01-2024-000641,1,2024-04-27,1200,5445.58,0.00,EUR,C008
NL01-2024-000641,2,2024-04-27,4000,0.00,4241.11,EUR,C008
NL01-2024-000641,3,2024-04-27,4100,0.00,1204.47,EUR,C008
NL01-2024-000642,1,2024-05-14,1000,5445.58,0.00,EUR,C008
NL01-2024-000642,2,2024-05-14,1200,0.00,5445.58,EUR,C008
NL01-2024-000643,1,2024-04-02,1200,6853.36,0.00,EUR,C022
NL01-2024-000643,2,2024-04-02,4000,0.00,5337.52,EUR,C022
NL01-2024-000643,3,2024-04-02,4100,0.00,1515.84,EUR,C022
NL01-2024-000644,1,2024-04-23,1000,6853.36,0.00,EUR,C022
NL01-2024-000644,2,2024-04-23,1200,0.00,6853.36,EUR,C022
NL01-2024-000645,1,2024-04-29,1200,5962.55,0.00,EUR,C030
NL01-2024-000645,2,2024-04-29,4000,0.00,4643.74,EUR,C030
NL01-2024-000645,3,2024-04-29,4100,0.00,1318.81,EUR,C030
NL01-2024-000646,1,2024-06-01,1000,5962.55,0.00,EUR,C030
NL01-2024-000646,2,2024-06-01,1200,0.00,5962.55,EUR,C030
NL01-2024-000647,1,2024-04-06,1200,17715.50,0.00,EUR,C010
NL01-2024-000647,2,2024-04-06,4000,0.00,13797.15,EUR,C010
NL01-2024-000647,3,2024-04-06,4100,0.00,3918.35,EUR,C010
NL01-2024-000648,1,2024-05-11,1000,17715.50,0.00,EUR,C010
NL01-2024-000648,2,2024-05-11,1200,0.00,17715.50,EUR,C010
NL01-2024-000649,1,2024-04-30,1200,18652.66,0.00,EUR,C036
NL01-2024-000649,2,2024-04-30,4000,0.00,14527.02,EUR,C036
NL01-2024-000649,3,2024-04-30,4100,0.00,4125.64,EUR,C036
NL01-2024-000650,1,2024-06-09,1000,18652.66,0.00,EUR,C036
NL01-2024-000650,2,2024-06-09,1200,0.00,18652.66,EUR,C036
NL01-2024-000651,1,2024-04-11,1200,9037.11,0.00,EUR,C034
NL01-2024-000651,2,2024-04-11,4000,0.00,7038.26,EUR,C034
NL01-2024-000651,3,2024-04-11,4100,0.00,1998.85,EUR,C034
NL01-2024-000652,1,2024-05-01,1000,9037.11,0.00,EUR,C034
NL01-2024-000652,2,2024-05-01,1200,0.00,9037.11,EUR,C034
NL01-2024-000653,1,2024-04-03,1200,11312.43,0.00,EUR,C002
NL01-2024-000653,2,2024-04-03,4000,0.00,8810.32,EUR,C002
NL01-2024-000653,3,2024-04-03,4100,0.00,2502.11,EUR,C002
NL01-2024-000654,1,2024-05-14,1000,11312.43,0.00,EUR,C002
NL01-2024-000654,2,2024-05-14,1200,0.00,11312.43,EUR,C002
NL01-2024-000655,1,2024-04-09,1200,1901.16,0.00,EUR,C038
NL01-2024-000655,2,2024-04-09,4000,0.00,1480.66,EUR,C038
NL01-2024-000655,3,2024-04-09,4100,0.00,420.50,EUR,C038
NL01-2024-000656,1,2024-05-15,1000,1901.16,0.00,EUR,C038
NL01-2024-000656,2,2024-05-15,1200,0.00,1901.16,EUR,C038
NL01-2024-000657,1,2024-04-28,1200,2876.75,0.00,EUR,C035
NL01-2024-000657,2,2024-04-28,4000,0.00,2240.46,EUR,C035
NL01-2024-000657,3,2024-04-28,4100,0.00,636.29,EUR,C035
NL01-2024-000658,1,2024-06-04,1000,2876.75,0.00,EUR,C035
NL01-2024-000658,2,2024-06-04,1200,0.00,2876.75,EUR,C035
NL01-2024-000659,1,2024-04-01,1200,26591.41,0.00,EUR,C004
NL01-2024-000659,2,2024-04-01,4000,0.00,20709.86,EUR,C004
NL01-2024-000659,3,2024-04-01,4100,0.00,5881.55,EUR,C004
NL01-2024-000660,1,2024-05-20,1000,26591.41,0.00,EUR,C004
NL01-2024-000660,2,2024-05-20,1200,0.00,26591.41,EUR,C004
NL01-2024-000661,1,2024-04-17,1200,5926.46,0.00,EUR,C034
NL01-2024-000661,2,2024-04-17,4000,0.00,4615.63,EUR,C034
NL01-2024-000661,3,2024-04-17,4100,0.00,1310.83,EUR,C034
NL01-2024-000662,1,2024-05-12,1000,5926.46,0.00,EUR,C034
NL01-2024-000662,2,2024-05-12,1200,0.00,5926.46,EUR,C034
NL01-2024-000663,1,2024-04-09,1200,15091.24,0.00,EUR,C036
NL01-2024-000663,2,2024-04-09,4000,0.00,11753.33,EUR,C036
NL01-2024-000663,3,2024-04-09,4100,0.00,3337.91,EUR,C036
NL01-2024-000664,1,2024-05-16,1000,15091.24,0.00,EUR,C036
NL01-2024-000664,2,2024-05-16,1200,0.00,15091.24,EUR,C036
NL01-2024-000665,1,2024-04-20,1200,12809.26,0.00,EUR,C032
NL01-2024-000665,2,2024-04-20,4000,0.00,9976.08,EUR,C032
NL01-2024-000665,3,2024-04-20,4100,0.00,2833.18,EUR,C032
NL01-2024-000666,1,2024-05-08,1000,12809.26,0.00,EUR,C032
NL01-2024-000666,2,2024-05-08,1200,0.00,12809.26,EUR,C032
NL01-2024-000667,1,2024-04-11,1200,9799.32,0.00,EUR,C003
NL01-2024-000667,2,2024-04-11,4000,0.00,7631.88,EUR,C003
NL01-2024-000667,3,2024-04-11,4100,0.00,2167.44,EUR,C003
NL01-2024-000668,1,2024-06-06,1000,9799.32,0.00,EUR,C003
NL01-2024-000668,2,2024-06-06,1200,0.00,9799.32,EUR,C003
NL01-2024-000669,1,2024-04-30,1200,7614.29,0.00,EUR,C035
NL01-2024-000669,2,2024-04-30,4000,0.00,5930.14,EUR,C035
NL01-2024-000669,3,2024-04-30,4100,0.00,1684.15,EUR,C035
NL01-2024-000670,1,2024-05-21,1000,7614.29,0.00,EUR,C035
NL01-2024-000670,2,2024-05-21,1200,0.00,7614.29,EUR,C035
NL01-2024-000671,1,2024-04-08,1200,20178.72,0.00,EUR,C033
NL01-2024-000671,2,2024-04-08,4000,0.00,15715.55,EUR,C033
NL01-2024-000671,3,2024-04-08,4100,0.00,4463.17,EUR,C033
NL01-2024-000672,1,2024-05-08,1000,20178.72,0.00,EUR,C033
NL01-2024-000672,2,2024-05-08,1200,0.00,20178.72,EUR,C033
NL01-2024-000673,1,2024-04-19,1200,7849.04,0.00,EUR,C039
NL01-2024-000673,2,2024-04-19,4000,0.00,6112.97,EUR,C039
NL01-2024-000673,3,2024-04-19,4100,0.00,1736.07,EUR,C039
NL01-2024-000674,1,2024-05-16,1000,7849.04,0.00,EUR,C039
NL01-2024-000674,2,2024-05-16,1200,0.00,7849.04,EUR,C039
NL01-2024-000675,1,2024-04-29,1200,5624.01,0.00,EUR,C026
NL01-2024-000675,2,2024-04-29,4000,0.00,4380.08,EUR,C026
NL01-2024-000675,3,2024-04-29,4100,0.00,1243.93,EUR,C026
NL01-2024-000676,1,2024-06-08,1000,5624.01,0.00,EUR,C026
NL01-2024-000676,2,2024-06-08,1200,0.00,5624.01,EUR,C026
NL01-2024-000677,1,2024-04-18,1200,8440.36,0.00,EUR,C012
NL01-2024-000677,2,2024-04-18,4000,0.00,6573.50,EUR,C012
NL01-2024-000677,3,2024-04-18,4100,0.00,1866.86,EUR,C012
NL01-2024-000678,1,2024-05-06,1000,8440.36,0.00,EUR,C012
NL01-2024-000678,2,2024-05-06,1200,0.00,8440.36,EUR,C012
NL01-2024-000679,1,2024-04-30,1200,2229.67,0.00,EUR,C034
NL01-2024-000679,2,2024-04-30,4000,0.00,1736.51,EUR,C034
NL01-2024-000679,3,2024-04-30,4100,0.00,493.16,EUR,C034
NL01-2024-000680,1,2024-05-30,1000,2229.67,0.00,EUR,C034
NL01-2024-000680,2,2024-05-30,1200,0.00,2229.67,EUR,C034
NL01-2024-000681,1,2024-04-16,1200,16494.82,0.00,EUR,C016
NL01-2024-000681,2,2024-04-16,4000,0.00,12846.46,EUR,C016
NL01-2024-000681,3,2024-04-16,4100,0.00,3648.36,EUR,C016
NL01-2024-000682,1,2024-05-19,1000,16494.82,0.00,EUR,C016
NL01-2024-000682,2,2024-05-19,1200,0.00,16494.82,EUR,C016
NL01-2024-000683,1,2024-04-10,1200,4682.21,0.00,EUR,C028
NL01-2024-000683,2,2024-04-10,4000,0.00,3646.59,EUR,C028
NL01-2024-000683,3,2024-04-10,4100,0.00,1035.62,EUR,C028
NL01-2024-000684,1,2024-04-29,1000,4682.21,0.00,EUR,C028
NL01-2024-000684,2,2024-04-29,1200,0.00,4682.21,EUR,C028
NL01-2024-000685,1,2024-04-01,1200,11156.78,0.00,EUR,C027
NL01-2024-000685,2,2024-04-01,4000,0.00,8689.10,EUR,C027
NL01-2024-000685,3,2024-04-01,4100,0.00,2467.68,EUR,C027
NL01-2024-000686,1,2024-04-27,1000,11156.78,0.00,EUR,C027
NL01-2024-000686,2,2024-04-27,1200,0.00,11156.78,EUR,C027
NL01-2024-000687,1,2024-04-23,1200,5077.96,0.00,EUR,C016
NL01-2024-000687,2,2024-04-23,4000,0.00,3954.81,EUR,C016
NL01-2024-000687,3,2024-04-23,4100,0.00,1123.15,EUR,C016
NL01-2024-000688,1,2024-06-09,1000,5077.96,0.00,EUR,C016
NL01-2024-000688,2,2024-06-09,1200,0.00,5077.96,EUR,C016
NL01-2024-000689,1,2024-04-16,1200,23118.81,0.00,EUR,C019
NL01-2024-000689,2,2024-04-16,4000,0.00,18005.34,EUR,C019
NL01-2024-000689,3,2024-04-16,4100,0.00,5113.47,EUR,C019
NL01-2024-000690,1,2024-05-11,1000,23118.81,0.00,EUR,C019
NL01-2024-000690,2,2024-05-11,1200,0.00,23118.81,EUR,C019
NL01-2024-000691,1,2024-04-17,1200,2957.43,0.00,EUR,C013
NL01-2024-000691,2,2024-04-17,4000,0.00,2303.30,EUR,C013
NL01-2024-000691,3,2024-04-17,4100,0.00,654.13,EUR,C013
NL01-2024-000692,1,2024-05-10,1000,2957.43,0.00,EUR,C013
NL01-2024-000692,2,2024-05-10,1200,0.00,2957.43,EUR,C013
NL01-2024-000693,1,2024-04-10,1200,10307.30,0.00,EUR,C003
NL01-2024-000693,2,2024-04-10,4000,0.00,8027.51,EUR,C003
NL01-2024-000693,3,2024-04-10,4100,0.00,2279.79,EUR,C003
NL01-2024-000694,1,2024-05-03,1000,10307.30,0.00,EUR,C003
NL01-2024-000694,2,2024-05-03,1200,0.00,10307.30,EUR,C003
NL01-2024-000695,1,2024-04-21,1200,6389.24,0.00,EUR,C022
NL01-2024-000695,2,2024-04-21,4000,0.00,4976.05,EUR,C022
NL01-2024-000695,3,2024-04-21,4100,0.00,1413.19,EUR,C022
NL01-2024-000696,1,2024-05-29,1000,6389.24,0.00,EUR,C022
NL01-2024-000696,2,2024-05-29,1200,0.00,6389.24,EUR,C022
NL01-2024-000697,1,2024-04-10,1200,6146.46,0.00,EUR,C028
NL01-2024-000697,2,2024-04-10,4000,0.00,4786.97,EUR,C028
NL01-2024-000697,3,2024-04-10,4100,0.00,1359.49,EUR,C028
NL01-2024-000698,1,2024-05-15,1000,6146.46,0.00,EUR,C028
NL01-2024-000698,2,2024-05-15,1200,0.00,6146.46,EUR,C028
NL01-2024-000699,1,2024-04-08,1200,12153.57,0.00,EUR,C012
NL01-2024-000699,2,2024-04-08,4000,0.00,9465.42,EUR,C012
NL01-2024-000699,3,2024-04-08,4100,0.00,2688.15,EUR,C012
NL01-2024-000700,1,2024-04-30,1000,12153.57,0.00,EUR,C012
NL01-2024-000700,2,2024-04-30,1200,0.00,12153.57,EUR,C012
NL01-2024-000701,1,2024-04-26,1200,17623.02,0.00,EUR,C015
NL01-2024-000701,2,2024-04-26,4000,0.00,13725.12,EUR,C015
NL01-2024-000701,3,2024-04-26,4100,0.00,3897.90,EUR,C015
NL01-2024-000702,1,2024-05-18,1000,17623.02,0.00,EUR,C015
NL01-2024-000702,2,2024-05-18,1200,0.00,17623.02,EUR,C015
NL01-2024-000703,1,2024-04-30,1200,17464.09,0.00,EUR,C007
NL01-2024-000703,2,2024-04-30,4000,0.00,13601.34,EUR,C007
NL01-2024-000703,3,2024-04-30,4100,0.00,3862.75,EUR,C007
NL01-2024-000704,1,2024-07-02,1000,17464.09,0.00,EUR,C007
NL01-2024-000704,2,2024-07-02,1200,0.00,17464.09,EUR,C007
NL01-2024-000705,1,2024-04-30,1200,17431.50,0.00,EUR,C020
NL01-2024-000705,2,2024-04-30,4000,0.00,13575.96,EUR,C020
NL01-2024-000705,3,2024-04-30,4100,0.00,3855.54,EUR,C020
NL01-2024-000706,1,2024-05-20,1000,17431.50,0.00,EUR,C020
NL01-2024-000706,2,2024-05-20,1200,0.00,17431.50,EUR,C020
NL01-2024-000707,1,2024-04-06,1200,10967.22,0.00,EUR,C027
NL01-2024-000707,2,2024-04-06,4000,0.00,8541.47,EUR,C027
NL01-2024-000707,3,2024-04-06,4100,0.00,2425.75,EUR,C027
NL01-2024-000708,1,2024-05-05,1000,10967.22,0.00,EUR,C027
NL01-2024-000708,2,2024-05-05,1200,0.00,10967.22,EUR,C027
NL01-2024-000709,1,2024-04-05,1200,4827.16,0.00,EUR,C029
NL01-2024-000709,2,2024-04-05,4000,0.00,3759.48,EUR,C029
NL01-2024-000709,3,2024-04-05,4100,0.00,1067.68,EUR,C029
NL01-2024-000710,1,2024-04-25,1000,4827.16,0.00,EUR,C029
NL01-2024-000710,2,2024-04-25,1200,0.00,4827.16,EUR,C029
NL01-2024-000711,1,2024-04-25,1200,49253.42,0.00,EUR,C028
NL01-2024-000711,2,2024-04-25,4000,0.00,38359.44,EUR,C028
NL01-2024-000711,3,2024-04-25,4100,0.00,10893.98,EUR,C028
NL01-2024-000712,1,2024-05-25,1000,49253.42,0.00,EUR,C028
NL01-2024-000712,2,2024-05-25,1200,0.00,49253.42,EUR,C028
NL01-2024-000713,1,2024-04-18,1200,14134.16,0.00,EUR,C035
NL01-2024-000713,2,2024-04-18,4000,0.00,11007.94,EUR,C035
NL01-2024-000713,3,2024-04-18,4100,0.00,3126.22,EUR,C035
NL01-2024-000714,1,2024-05-08,1000,14134.16,0.00,EUR,C035
NL01-2024-000714,2,2024-05-08,1200,0.00,14134.16,EUR,C035
NL01-2024-000715,1,2024-04-02,1200,4471.79,0.00,EUR,C009
NL01-2024-000715,2,2024-04-02,4000,0.00,3482.71,EUR,C009
NL01-2024-000715,3,2024-04-02,4100,0.00,989.08,EUR,C009
NL01-2024-000716,1,2024-05-02,1000,4471.79,0.00,EUR,C009
NL01-2024-000716,2,2024-05-02,1200,0.00,4471.79,EUR,C009
NL01-2024-000717,1,2024-04-20,1200,19330.83,0.00,EUR,C020
NL01-2024-000717,2,2024-04-20,4000,0.00,15055.19,EUR,C020
NL01-2024-000717,3,2024-04-20,4100,0.00,4275.64,EUR,C020
NL01-2024-000718,1,2024-05-09,1000,19330.83,0.00,EUR,C020
NL01-2024-000718,2,2024-05-09,1200,0.00,19330.83,EUR,C020
NL01-2024-000719,1,2024-04-15,1200,1852.80,0.00,EUR,C004
NL01-2024-000719,2,2024-04-15,4000,0.00,1442.99,EUR,C004
NL01-2024-000719,3,2024-04-15,4100,0.00,409.81,EUR,C004
NL01-2024-000720,1,2024-05-01,1000,1852.80,0.00,EUR,C004
NL01-2024-000720,2,2024-05-01,1200,0.00,1852.80,EUR,C004
NL01-2024-000721,1,2024-04-07,1300,13953.95,0.00,EUR,V021
NL01-2024-000721,2,2024-04-07,2100,0.00,13953.95,EUR,V021
NL01-2024-000722,1,2024-05-05,2100,13953.95,0.00,EUR,V021
NL01-2024-000722,2,2024-05-05,1000,0.00,13953.95,EUR,V021
NL01-2024-000723,1,2024-04-09,1300,70928.62,0.00,EUR,V007
NL01-2024-000723,2,2024-04-09,2100,0.00,70928.62,EUR,V007
NL01-2024-000724,1,2024-05-11,2100,70928.62,0.00,EUR,V007
NL01-2024-000724,2,2024-05-11,1000,0.00,70928.62,EUR,V007
NL01-2024-000725,1,2024-04-10,1300,60305.50,0.00,EUR,V019
NL01-2024-000725,2,2024-04-10,2100,0.00,60305.50,EUR,V019
NL01-2024-000726,1,2024-05-17,2100,60305.50,0.00,EUR,V019
NL01-2024-000726,2,2024-05-17,1000,0.00,60305.50,EUR,V019
NL01-2024-000727,1,2024-04-24,1300,190543.92,0.00,EUR,V003
NL01-2024-000727,2,2024-04-24,2100,0.00,190543.92,EUR,V003
NL01-2024-000728,1,2024-05-14,2100,190543.92,0.00,EUR,V003
NL01-2024-000728,2,2024-05-14,1000,0.00,190543.92,EUR,V003
NL01-2024-000729,1,2024-04-17,1300,186691.01,0.00,EUR,V023
NL01-2024-000729,2,2024-04-17,2100,0.00,186691.01,EUR,V023
NL01-2024-000730,1,2024-05-21,2100,186691.01,0.00,EUR,V023
NL01-2024-000730,2,2024-05-21,1000,0.00,186691.01,EUR,V023
NL01-2024-000731,1,2024-04-30,5000,478891.40,0.00,EUR,
NL01-2024-000731,2,2024-04-30,1300,0.00,478891.40,EUR,
NL01-2024-000732,1,2024-04-09,6100,43369.15,0.00,EUR,V045
NL01-2024-000732,2,2024-04-09,2100,0.00,43369.15,EUR,V045
NL01-2024-000733,1,2024-05-07,2100,43369.15,0.00,EUR,V045
NL01-2024-000733,2,2024-05-07,1000,0.00,43369.15,EUR,V045
NL01-2024-000734,1,2024-04-14,6200,33940.41,0.00,EUR,V058
NL01-2024-000734,2,2024-04-14,2100,0.00,33940.41,EUR,V058
NL01-2024-000735,1,2024-05-14,2100,33940.41,0.00,EUR,V058
NL01-2024-000735,2,2024-05-14,1000,0.00,33940.41,EUR,V058
NL01-2024-000736,1,2024-04-15,6300,13740.01,0.00,EUR,V050
NL01-2024-000736,2,2024-04-15,2100,0.00,13740.01,EUR,V050
NL01-2024-000737,1,2024-05-20,2100,13740.01,0.00,EUR,V050
NL01-2024-000737,2,2024-05-20,1000,0.00,13740.01,EUR,V050
NL01-2024-000738,1,2024-04-18,6400,30182.04,0.00,EUR,V027
NL01-2024-000738,2,2024-04-18,2100,0.00,30182.04,EUR,V027
NL01-2024-000739,1,2024-05-20,2100,30182.04,0.00,EUR,V027
NL01-2024-000739,2,2024-05-20,1000,0.00,30182.04,EUR,V027
NL01-2024-000740,1,2024-04-25,6000,380377.12,0.00,EUR,
NL01-2024-000740,2,2024-04-25,1000,0.00,380377.12,EUR,
NL01-2024-000741,1,2024-04-30,6900,15625.00,0.00,EUR,
NL01-2024-000741,2,2024-04-30,1590,0.00,15625.00,EUR,
NL01-2024-000742,1,2024-05-08,1200,15075.30,0.00,EUR,C030
NL01-2024-000742,2,2024-05-08,4000,0.00,11466.44,EUR,C030
NL01-2024-000742,3,2024-05-08,4100,0.00,3608.86,EUR,C030
NL01-2024-000743,1,2024-06-03,1000,15075.30,0.00,EUR,C030
NL01-2024-000743,2,2024-06-03,1200,0.00,15075.30,EUR,C030
NL01-2024-000744,1,2024-05-26,1200,3750.06,0.00,EUR,C029
NL01-2024-000744,2,2024-05-26,4000,0.00,2852.34,EUR,C029
NL01-2024-000744,3,2024-05-26,4100,0.00,897.72,EUR,C029
NL01-2024-000745,1,2024-06-27,1000,3750.06,0.00,EUR,C029
NL01-2024-000745,2,2024-06-27,1200,0.00,3750.06,EUR,C029
NL01-2024-000746,1,2024-05-21,1200,17388.26,0.00,EUR,C011
NL01-2024-000746,2,2024-05-21,4000,0.00,13225.70,EUR,C011
NL01-2024-000746,3,2024-05-21,4100,0.00,4162.56,EUR,C011
NL01-2024-000747,1,2024-06-27,1000,17388.26,0.00,EUR,C011
NL01-2024-000747,2,2024-06-27,1200,0.00,17388.26,EUR,C011
NL01-2024-000748,1,2024-05-18,1200,9446.37,0.00,EUR,C024
NL01-2024-000748,2,2024-05-18,4000,0.00,7185.01,EUR,C024
NL01-2024-000748,3,2024-05-18,4100,0.00,2261.36,EUR,C024
NL01-2024-000749,1,2024-06-23,1000,9446.37,0.00,EUR,C024
NL01-2024-000749,2,2024-06-23,1200,0.00,9446.37,EUR,C024
NL01-2024-000750,1,2024-05-20,1200,2626.07,0.00,EUR,C002
NL01-2024-000750,2,2024-05-20,4000,0.00,1997.42,EUR,C002
NL01-2024-000750,3,2024-05-20,4100,0.00,628.65,EUR,C002
NL01-2024-000751,1,2024-07-01,1000,2626.07,0.00,EUR,C002
NL01-2024-000751,2,2024-07-01,1200,0.00,2626.07,EUR,C002
NL01-2024-000752,1,2024-05-23,1200,3284.42,0.00,EUR,C024
NL01-2024-000752,2,2024-05-23,4000,0.00,2498.17,EUR,C024
NL01-2024-000752,3,2024-05-23,4100,0.00,786.25,EUR,C024
NL01-2024-000753,1,2024-06-15,1000,3284.42,0.00,EUR,C024
NL01-2024-000753,2,2024-06-15,1200,0.00,3284.42,EUR,C024
NL01-2024-000754,1,2024-05-30,1200,8748.25,0.00,EUR,C024
NL01-2024-000754,2,2024-05-30,4000,0.00,6654.01,EUR,C024
NL01-2024-000754,3,2024-05-30,4100,0.00,2094.24,EUR,C024
NL01-2024-000755,1,2024-07-01,1000,8748.25,0.00,EUR,C024
NL01-2024-000755,2,2024-07-01,1200,0.00,8748.25,EUR,C024
NL01-2024-000756,1,2024-05-05,1200,6884.36,0.00,EUR,C013
NL01-2024-000756,2,2024-05-05,4000,0.00,5236.32,EUR,C013
NL01-2024-000756,3,2024-05-05,4100,0.00,1648.04,EUR,C013
NL01-2024-000757,1,2024-06-02,1000,6884.36,0.00,EUR,C013
NL01-2024-000757,2,2024-06-02,1200,0.00,6884.36,EUR,C013
NL01-2024-000758,1,2024-05-19,1200,20585.26,0.00,EUR,C007
NL01-2024-000758,2,2024-05-19,4000,0.00,15657.37,EUR,C007
NL01-2024-000758,3,2024-05-19,4100,0.00,4927.89,EUR,C007
NL01-2024-000759,1,2024-06-30,1000,20585.26,0.00,EUR,C007
NL01-2024-000759,2,2024-06-30,1200,0.00,20585.26,EUR,C007
NL01-2024-000760,1,2024-05-30,1200,6976.76,0.00,EUR,C007
NL01-2024-000760,2,2024-05-30,4000,0.00,5306.60,EUR,C007
NL01-2024-000760,3,2024-05-30,4100,0.00,1670.16,EUR,C007
NL01-2024-000761,1,2024-07-13,1000,6976.76,0.00,EUR,C007
NL01-2024-000761,2,2024-07-13,1200,0.00,6976.76,EUR,C007
NL01-2024-000762,1,2024-05-27,1200,17079.46,0.00,EUR,C014
NL01-2024-000762,2,2024-05-27,4000,0.00,12990.82,EUR,C014
NL01-2024-000762,3,2024-05-27,4100,0.00,4088.64,EUR,C014
NL01-2024-000763,1,2024-06-16,1000,17079.46,0.00,EUR,C014
NL01-2024-000763,2,2024-06-16,1200,0.00,17079.46,EUR,C014
NL01-2024-000764,1,2024-05-10,1200,17045.68,0.00,EUR,C037
NL01-2024-000764,2,2024-05-10,4000,0.00,12965.13,EUR,C037
NL01-2024-000764,3,2024-05-10,4100,0.00,4080.55,EUR,C037
NL01-2024-000765,1,2024-06-07,1000,17045.68,0.00,EUR,C037
NL01-2024-000765,2,2024-06-07,1200,0.00,17045.68,EUR,C037
NL01-2024-000766,1,2024-05-07,1200,66063.07,0.00,EUR,C013
NL01-2024-000766,2,2024-05-07,4000,0.00,50248.29,EUR,C013
NL01-2024-000766,3,2024-05-07,4100,0.00,15814.78,EUR,C013
NL01-2024-000767,1,2024-06-06,1000,66063.07,0.00,EUR,C013
NL01-2024-000767,2,2024-06-06,1200,0.00,66063.07,EUR,C013
NL01-2024-000768,1,2024-05-18,1200,22809.64,0.00,EUR,C007
NL01-2024-000768,2,2024-05-18,4000,0.00,17349.26,EUR,C007
NL01-2024-000768,3,2024-05-18,4100,0.00,5460.38,EUR,C007
NL01-2024-000769,1,2024-06-12,1000,22809.64,0.00,EUR,C007
NL01-2024-000769,2,2024-06-12,1200,0.00,22809.64,EUR,C007
NL01-2024-000770,1,2024-05-21,1200,11351.48,0.00,EUR,C031
NL01-2024-000770,2,2024-05-21,4000,0.00,8634.06,EUR,C031
NL01-2024-000770,3,2024-05-21,4100,0.00,2717.42,EUR,C031
NL01-2024-000771,1,2024-06-15,1000,11351.48,0.00,EUR,C031
NL01-2024-000771,2,2024-06-15,1200,0.00,11351.48,EUR,C031
NL01-2024-000772,1,2024-05-13,1200,15082.22,0.00,EUR,C036
NL01-2024-000772,2,2024-05-13,4000,0.00,11471.70,EUR,C036
NL01-2024-000772,3,2024-05-13,4100,0.00,3610.52,EUR,C036
NL01-2024-000773,1,2024-06-07,1000,15082.22,0.00,EUR,C036
NL01-2024-000773,2,2024-06-07,1200,0.00,15082.22,EUR,C036
NL01-2024-000774,1,2024-05-09,1200,1185.67,0.00,EUR,C006
NL01-2024-000774,2,2024-05-09,4000,0.00,901.83,EUR,C006
NL01-2024-000774,3,2024-05-09,4100,0.00,283.84,EUR,C006
NL01-2024-000775,1,2024-06-09,1000,1185.67,0.00,EUR,C006
NL01-2024-000775,2,2024-06-09,1200,0.00,1185.67,EUR,C006
NL01-2024-000776,1,2024-05-30,1200,3615.59,0.00,EUR,C025
NL01-2024-000776,2,2024-05-30,4000,0.00,2750.06,EUR,C025
NL01-2024-000776,3,2024-05-30,4100,0.00,865.53,EUR,C025
NL01-2024-000777,1,2024-07-17,1000,3615.59,0.00,EUR,C025
NL01-2024-000777,2,2024-07-17,1200,0.00,3615.59,EUR,C025
NL01-2024-000778,1,2024-05-31,1200,10720.17,0.00,EUR,C033
NL01-2024-000778,2,2024-05-31,4000,0.00,8153.88,EUR,C033
NL01-2024-000778,3,2024-05-31,4100,0.00,2566.29,EUR,C033
NL01-2024-000779,1,2024-07-07,1000,10720.17,0.00,EUR,C033
NL01-2024-000779,2,2024-07-07,1200,0.00,10720.17,EUR,C033
NL01-2024-000780,1,2024-05-06,1200,5390.32,0.00,EUR,C016
NL01-2024-000780,2,2024-05-06,4000,0.00,4099.94,EUR,C016
NL01-2024-000780,3,2024-05-06,4100,0.00,1290.38,EUR,C016
NL01-2024-000781,1,2024-05-30,1000,5390.32,0.00,EUR,C016
NL01-2024-000781,2,2024-05-30,1200,0.00,5390.32,EUR,C016
NL01-2024-000782,1,2024-05-08,1200,9865.91,0.00,EUR,C009
NL01-2024-000782,2,2024-05-08,4000,0.00,7504.12,EUR,C009
NL01-2024-000782,3,2024-05-08,4100,0.00,2361.79,EUR,C009
NL01-2024-000783,1,2024-06-03,1000,9865.91,0.00,EUR,C009
NL01-2024-000783,2,2024-06-03,1200,0.00,9865.91,EUR,C009
NL01-2024-000784,1,2024-05-28,1200,6442.47,0.00,EUR,C022
NL01-2024-000784,2,2024-05-28,4000,0.00,4900.21,EUR,C022
NL01-2024-000784,3,2024-05-28,4100,0.00,1542.26,EUR,C022
NL01-2024-000785,1,2024-07-07,1000,6442.47,0.00,EUR,C022
NL01-2024-000785,2,2024-07-07,1200,0.00,6442.47,EUR,C022
NL01-2024-000786,1,2024-05-12,1200,15767.51,0.00,EUR,C022
NL01-2024-000786,2,2024-05-12,4000,0.00,11992.94,EUR,C022
NL01-2024-000786,3,2024-05-12,4100,0.00,3774.57,EUR,C022
NL01-2024-000787,1,2024-05-31,1000,15767.51,0.00,EUR,C022
NL01-2024-000787,2,2024-05-31,1200,0.00,15767.51,EUR,C022
NL01-2024-000788,1,2024-05-10,1200,5750.97,0.00,EUR,C031
NL01-2024-000788,2,2024-05-10,4000,0.00,4374.25,EUR,C031
NL01-2024-000788,3,2024-05-10,4100,0.00,1376.72,EUR,C031
NL01-2024-000789,1,2024-06-28,1000,5750.97,0.00,EUR,C031
NL01-2024-000789,2,2024-06-28,1200,0.00,5750.97,EUR,C031
NL01-2024-000790,1,2024-05-28,1200,20624.03,0.00,EUR,C030
NL01-2024-000790,2,2024-05-28,4000,0.00,15686.86,EUR,C030
NL01-2024-000790,3,2024-05-28,4100,0.00,4937.17,EUR,C030
NL01-2024-000791,1,2024-07-03,1000,20624.03,0.00,EUR,C030
NL01-2024-000791,2,2024-07-03,1200,0.00,20624.03,EUR,C030
NL01-2024-000792,1,2024-05-29,1200,6897.67,0.00,EUR,C010
NL01-2024-000792,2,2024-05-29,4000,0.00,5246.44,EUR,C010
NL01-2024-000792,3,2024-05-29,4100,0.00,1651.23,EUR,C010
NL01-2024-000793,1,2024-07-07,1000,6897.67,0.00,EUR,C010
NL01-2024-000793,2,2024-07-07,1200,0.00,6897.67,EUR,C010
NL01-2024-000794,1,2024-05-17,1200,6025.41,0.00,EUR,C025
NL01-2024-000794,2,2024-05-17,4000,0.00,4582.99,EUR,C025
NL01-2024-000794,3,2024-05-17,4100,0.00,1442.42,EUR,C025
NL01-2024-000795,1,2024-06-06,1000,6025.41,0.00,EUR,C025
NL01-2024-000795,2,2024-06-06,1200,0.00,6025.41,EUR,C025
NL01-2024-000796,1,2024-05-03,1200,6376.52,0.00,EUR,C030
NL01-2024-000796,2,2024-05-03,4000,0.00,4850.05,EUR,C030
NL01-2024-000796,3,2024-05-03,4100,0.00,1526.47,EUR,C030
NL01-2024-000797,1,2024-05-25,1000,6376.52,0.00,EUR,C030
NL01-2024-000797,2,2024-05-25,1200,0.00,6376.52,EUR,C030
NL01-2024-000798,1,2024-05-29,1200,6372.81,0.00,EUR,C034
NL01-2024-000798,2,2024-05-29,4000,0.00,4847.23,EUR,C034
NL01-2024-000798,3,2024-05-29,4100,0.00,1525.58,EUR,C034
NL01-2024-000799,1,2024-07-18,1000,6372.81,0.00,EUR,C034
NL01-2024-000799,2,2024-07-18,1200,0.00,6372.81,EUR,C034
NL01-2024-000800,1,2024-05-02,1200,10404.03,0.00,EUR,C032
NL01-2024-000800,2,2024-05-02,4000,0.00,7913.42,EUR,C032
NL01-2024-000800,3,2024-05-02,4100,0.00,2490.61,EUR,C032
NL01-2024-000801,1,2024-05-25,1000,10404.03,0.00,EUR,C032
NL01-2024-000801,2,2024-05-25,1200,0.00,10404.03,EUR,C032
NL01-2024-000802,1,2024-05-08,1200,15264.48,0.00,EUR,C005
NL01-2024-000802,2,2024-05-08,4000,0.00,11610.33,EUR,C005
NL01-2024-000802,3,2024-05-08,4100,0.00,3654.15,EUR,C005
NL01-2024-000803,1,2024-06-25,1000,15264.48,0.00,EUR,C005
NL01-2024-000803,2,2024-06-25,1200,0.00,15264.48,EUR,C005
NL01-2024-000804,1,2024-05-16,1200,40405.98,0.00,EUR,C039
NL01-2024-000804,2,2024-05-16,4000,0.00,30733.23,EUR,C039
NL01-2024-000804,3,2024-05-16,4100,0.00,9672.75,EUR,C039
NL01-2024-000805,1,2024-06-23,1000,40405.98,0.00,EUR,C039
NL01-2024-000805,2,2024-06-23,1200,0.00,40405.98,EUR,C039
NL01-2024-000806,1,2024-05-23,1200,26365.96,0.00,EUR,C004
NL01-2024-000806,2,2024-05-23,4000,0.00,20054.24,EUR,C004
NL01-2024-000806,3,2024-05-23,4100,0.00,6311.72,EUR,C004
NL01-2024-000807,1,2024-06-26,1000,26365.96,0.00,EUR,C004
NL01-2024-000807,2,2024-06-26,1200,0.00,26365.96,EUR,C004
NL01-2024-000808,1,2024-05-16,1200,7016.81,0.00,EUR,C036
NL01-2024-000808,2,2024-05-16,4000,0.00,5337.06,EUR,C036
NL01-2024-000808,3,2024-05-16,4100,0.00,1679.75,EUR,C036
NL01-2024-000809,1,2024-06-16,1000,7016.81,0.00,EUR,C036
NL01-2024-000809,2,2024-06-16,1200,0.00,7016.81,EUR,C036
NL01-2024-000810,1,2024-05-21,1200,9095.83,0.00,EUR,C035
NL01-2024-000810,2,2024-05-21,4000,0.00,6918.39,EUR,C035
NL01-2024-000810,3,2024-05-21,4100,0.00,2177.44,EUR,C035
NL01-2024-000811,1,2024-06-15,1000,9095.83,0.00,EUR,C035
NL01-2024-000811,2,2024-06-15,1200,0.00,9095.83,EUR,C035
NL01-2024-000812,1,2024-05-23,1200,8275.26,0.00,EUR,C033
NL01-2024-000812,2,2024-05-23,4000,0.00,6294.25,EUR,C033
NL01-2024-000812,3,2024-05-23,4100,0.00,1981.01,EUR,C033
NL01-2024-000813,1,2024-07-02,1000,8275.26,0.00,EUR,C033
NL01-2024-000813,2,2024-07-02,1200,0.00,8275.26,EUR,C033
NL01-2024-000814,1,2024-05-20,1200,3895.99,0.00,EUR,C002
NL01-2024-000814,2,2024-05-20,4000,0.00,2963.33,EUR,C002
NL01-2024-000814,3,2024-05-20,4100,0.00,932.66,EUR,C002
NL01-2024-000815,1,2024-06-24,1000,3895.99,0.00,EUR,C002
NL01-2024-000815,2,2024-06-24,1200,0.00,3895.99,EUR,C002
NL01-2024-000816,1,2024-05-26,1200,61103.41,0.00,EUR,C031
NL01-2024-000816,2,2024-05-26,4000,0.00,46475.92,EUR,C031
NL01-2024-000816,3,2024-05-26,4100,0.00,14627.49,EUR,C031
NL01-2024-000817,1,2024-06-24,1000,61103.41,0.00,EUR,C031
NL01-2024-000817,2,2024-06-24,1200,0.00,61103.41,EUR,C031
NL01-2024-000818,1,2024-05-20,1200,8908.01,0.00,EUR,C022
NL01-2024-000818,2,2024-05-20,4000,0.00,6775.53,EUR,C022
NL01-2024-000818,3,2024-05-20,4100,0.00,2132.48,EUR,C022
NL01-2024-000819,1,2024-06-14,1000,8908.01,0.00,EUR,C022
NL01-2024-000819,2,2024-06-14,1200,0.00,8908.01,EUR,C022
NL01-2024-000820,1,2024-05-28,1200,1571.14,0.00,EUR,C035
NL01-2024-000820,2,2024-05-28,4000,0.00,1195.03,EUR,C035
NL01-2024-000820,3,2024-05-28,4100,0.00,376.11,EUR,C035
NL01-2024-000821,1,2024-06-24,1000,1571.14,0.00,EUR,C035
NL01-2024-000821,2,2024-06-24,1200,0.00,1571.14,EUR,C035
NL01-2024-000822,1,2024-05-07,1200,10901.84,0.00,EUR,C020
NL01-2024-000822,2,2024-05-07,4000,0.00,8292.06,EUR,C020
NL01-2024-000822,3,2024-05-07,4100,0.00,2609.78,EUR,C020
NL01-2024-000823,1,2024-06-29,1000,10901.84,0.00,EUR,C020
NL01-2024-000823,2,2024-06-29,1200,0.00,10901.84,EUR,C020
NL01-2024-000824,1,2024-05-08,1200,16476.25,0.00,EUR,C037
NL01-2024-000824,2,2024-05-08,4000,0.00,12532.01,EUR,C037
NL01-2024-000824,3,2024-05-08,4100,0.00,3944.24,EUR,C037
NL01-2024-000825,1,2024-05-29,1000,16476.25,0.00,EUR,C037
NL01-2024-000825,2,2024-05-29,1200,0.00,16476.25,EUR,C037
NL01-2024-000826,1,2024-05-22,1200,6568.16,0.00,EUR,C024
NL01-2024-000826,2,2024-05-22,4000,0.00,4995.81,EUR,C024
NL01-2024-000826,3,2024-05-22,4100,0.00,1572.35,EUR,C024
NL01-2024-000827,1,2024-07-05,1000,6568.16,0.00,EUR,C024
NL01-2024-000827,2,2024-07-05,1200,0.00,6568.16,EUR,C024
NL01-2024-000828,1,2024-05-01,1200,3068.92,0.00,EUR,C038
NL01-2024-000828,2,2024-05-01,4000,0.00,2334.25,EUR,C038
NL01-2024-000828,3,2024-05-01,4100,0.00,734.67,EUR,C038
NL01-2024-000829,1,2024-05-29,1000,3068.92,0.00,EUR,C038
NL01-2024-000829,2,2024-05-29,1200,0.00,3068.92,EUR,C038
NL01-2024-000830,1,2024-05-23,1200,10433.15,0.00,EUR,C020
NL01-2024-000830,2,2024-05-23,4000,0.00,7935.57,EUR,C020
NL01-2024-000830,3,2024-05-23,4100,0.00,2497.58,EUR,C020
NL01-2024-000831,1,2024-06-22,1000,10433.15,0.00,EUR,C020
NL01-2024-000831,2,2024-06-22,1200,0.00,10433.15,EUR,C020
NL01-2024-000832,1,2024-05-06,1200,16913.17,0.00,EUR,C015
NL01-2024-000832,2,2024-05-06,4000,0.00,12864.34,EUR,C015
NL01-2024-000832,3,2024-05-06,4100,0.00,4048.83,EUR,C015
NL01-2024-000833,1,2024-05-30,1000,16913.17,0.00,EUR,C015
NL01-2024-000833,2,2024-05-30,1200,0.00,16913.17,EUR,C015
NL01-2024-000834,1,2024-05-09,1200,4304.39,0.00,EUR,C037
NL01-2024-000834,2,2024-05-09,4000,0.00,3273.97,EUR,C037
NL01-2024-000834,3,2024-05-09,4100,0.00,1030.42,EUR,C037
NL01-2024-000835,1,2024-06-15,1000,4304.39,0.00,EUR,C037
NL01-2024-000835,2,2024-06-15,1200,0.00,4304.39,EUR,C037
NL01-2024-000836,1,2024-05-12,1200,9952.70,0.00,EUR,C001
NL01-2024-000836,2,2024-05-12,4000,0.00,7570.13,EUR,C001
NL01-2024-000836,3,2024-05-12,4100,0.00,2382.57,EUR,C001
NL01-2024-000837,1,2024-06-22,1000,9952.70,0.00,EUR,C001
NL01-2024-000837,2,2024-06-22,1200,0.00,9952.70,EUR,C001
NL01-2024-000838,1,2024-05-30,1200,3634.47,0.00,EUR,C017
NL01-2024-000838,2,2024-05-30,4000,0.00,2764.42,EUR,C017
NL01-2024-000838,3,2024-05-30,4100,0.00,870.05,EUR,C017
NL01-2024-000839,1,2024-07-06,1000,3634.47,0.00,EUR,C017
NL01-2024-000839,2,2024-07-06,1200,0.00,3634.47,EUR,C017
NL01-2024-000840,1,2024-05-22,1200,4389.24,0.00,EUR,C038
NL01-2024-000840,2,2024-05-22,4000,0.00,3338.50,EUR,C038
NL01-2024-000840,3,2024-05-22,4100,0.00,1050.74,EUR,C038
NL01-2024-000841,1,2024-06-13,1000,4389.24,0.00,EUR,C038
NL01-2024-000841,2,2024-06-13,1200,0.00,4389.24,EUR,C038
NL01-2024-000842,1,2024-05-17,1200,6809.08,0.00,EUR,C018
NL01-2024-000842,2,2024-05-17,4000,0.00,5179.06,EUR,C018
NL01-2024-000842,3,2024-05-17,4100,0.00,1630.02,EUR,C018
NL01-2024-000843,1,2024-06-14,1000,6809.08,0.00,EUR,C018
NL01-2024-000843,2,2024-06-14,1200,0.00,6809.08,EUR,C018
NL01-2024-000844,1,2024-05-29,1200,5081.34,0.00,EUR,C032
NL01-2024-000844,2,2024-05-29,4000,0.00,3864.92,EUR,C032
NL01-2024-000844,3,2024-05-29,4100,0.00,1216.42,EUR,C032
NL01-2024-000845,1,2024-07-05,1000,5081.34,0.00,EUR,C032
NL01-2024-000845,2,2024-07-05,1200,0.00,5081.34,EUR,C032
NL01-2024-000846,1,2024-05-26,1200,13907.38,0.00,EUR,C030
NL01-2024-000846,2,2024-05-26,4000,0.00,10578.10,EUR,C030
NL01-2024-000846,3,2024-05-26,4100,0.00,3329.28,EUR,C030
NL01-2024-000847,1,2024-07-03,1000,13907.38,0.00,EUR,C030
NL01-2024-000847,2,2024-07-03,1200,0.00,13907.38,EUR,C030
NL01-2024-000848,1,2024-05-07,1200,9400.76,0.00,EUR,C013
NL01-2024-000848,2,2024-05-07,4000,0.00,7150.32,EUR,C013
NL01-2024-000848,3,2024-05-07,4100,0.00,2250.44,EUR,C013
NL01-2024-000849,1,2024-06-19,1000,9400.76,0.00,EUR,C013
NL01-2024-000849,2,2024-06-19,1200,0.00,9400.76,EUR,C013
NL01-2024-000850,1,2024-05-12,1200,4237.36,0.00,EUR,C030
NL01-2024-000850,2,2024-05-12,4000,0.00,3222.98,EUR,C030
NL01-2024-000850,3,2024-05-12,4100,0.00,1014.38,EUR,C030
NL01-2024-000851,1,2024-06-06,1000,4237.36,0.00,EUR,C030
NL01-2024-000851,2,2024-06-06,1200,0.00,4237.36,EUR,C030
NL01-2024-000852,1,2024-05-19,1200,11857.56,0.00,EUR,C010
NL01-2024-000852,2,2024-05-19,4000,0.00,9018.99,EUR,C010
NL01-2024-000852,3,2024-05-19,4100,0.00,2838.57,EUR,C010
NL01-2024-000853,1,2024-06-17,1000,11857.56,0.00,EUR,C010
NL01-2024-000853,2,2024-06-17,1200,0.00,11857.56,EUR,C010
NL01-2024-000854,1,2024-05-08,1200,3166.06,0.00,EUR,C022
NL01-2024-000854,2,2024-05-08,4000,0.00,2408.14,EUR,C022
NL01-2024-000854,3,2024-05-08,4100,0.00,757.92,EUR,C022
NL01-2024-000855,1,2024-06-02,1000,3166.06,0.00,EUR,C022
NL01-2024-000855,2,2024-06-02,1200,0.00,3166.06,EUR,C022
NL01-2024-000856,1,2024-05-02,1200,15311.21,0.00,EUR,C016
NL01-2024-000856,2,2024-05-02,4000,0.00,11645.87,EUR,C016
NL01-2024-000856,3,2024-05-02,4100,0.00,3665.34,EUR,C016
NL01-2024-000857,1,2024-06-08,1000,15311.21,0.00,EUR,C016
NL01-2024-000857,2,2024-06-08,1200,0.00,15311.21,EUR,C016
NL01-2024-000858,1,2024-05-11,1200,5674.47,0.00,EUR,C020
NL01-2024-000858,2,2024-05-11,4000,0.00,4316.06,EUR,C020
NL01-2024-000858,3,2024-05-11,4100,0.00,1358.41,EUR,C020
NL01-2024-000859,1,2024-06-04,1000,5674.47,0.00,EUR,C020
NL01-2024-000859,2,2024-06-04,1200,0.00,5674.47,EUR,C020
NL01-2024-000860,1,2024-05-23,1200,5068.77,0.00,EUR,C025
NL01-2024-000860,2,2024-05-23,4000,0.00,3855.36,EUR,C025
NL01-2024-000860,3,2024-05-23,4100,0.00,1213.41,EUR,C025
NL01-2024-000861,1,2024-07-15,1000,5068.77,0.00,EUR,C025
NL01-2024-000861,2,2024-07-15,1200,0.00,5068.77,EUR,C025
NL01-2024-000862,1,2024-05-23,1200,4916.50,0.00,EUR,C036
NL01-2024-000862,2,2024-05-23,4000,0.00,3739.54,EUR,C036
NL01-2024-000862,3,2024-05-23,4100,0.00,1176.96,EUR,C036
NL01-2024-000863,1,2024-06-14,1000,4916.50,0.00,EUR,C036
NL01-2024-000863,2,2024-06-14,1200,0.00,4916.50,EUR,C036
NL01-2024-000864,1,2024-05-20,1200,4027.75,0.00,EUR,C012
NL01-2024-000864,2,2024-05-20,4000,0.00,3063.55,EUR,C012
NL01-2024-000864,3,2024-05-20,4100,0.00,964.20,EUR,C012
NL01-2024-000865,1,2024-07-14,1000,4027.75,0.00,EUR,C012
NL01-2024-000865,2,2024-07-14,1200,0.00,4027.75,EUR,C012
NL01-2024-000866,1,2024-05-31,1200,11635.39,0.00,EUR,C025
NL01-2024-000866,2,2024-05-31,4000,0.00,8850.00,EUR,C025
NL01-2024-000866,3,2024-05-31,4100,0.00,2785.39,EUR,C025
NL01-2024-000867,1,2024-06-21,1000,11635.39,0.00,EUR,C025
NL01-2024-000867,2,2024-06-21,1200,0.00,11635.39,EUR,C025
NL01-2024-000868,1,2024-05-25,1200,5509.92,0.00,EUR,C018
NL01-2024-000868,2,2024-05-25,4000,0.00,4190.90,EUR,C018
NL01-2024-000868,3,2024-05-25,4100,0.00,1319.02,EUR,C018
NL01-2024-000869,1,2024-06-25,1000,5509.92,0.00,EUR,C018
NL01-2024-000869,2,2024-06-25,1200,0.00,5509.92,EUR,C018
NL01-2024-000870,1,2024-05-26,1200,31401.10,0.00,EUR,C010
NL01-2024-000870,2,2024-05-26,4000,0.00,23884.02,EUR,C010
NL01-2024-000870,3,2024-05-26,4100,0.00,7517.08,EUR,C010
NL01-2024-000871,1,2024-06-17,1000,31401.10,0.00,EUR,C010
NL01-2024-000871,2,2024-06-17,1200,0.00,31401.10,EUR,C010
NL01-2024-000872,1,2024-05-21,1200,4973.65,0.00,EUR,C002
NL01-2024-000872,2,2024-05-21,4000,0.00,3783.01,EUR,C002
NL01-2024-000872,3,2024-05-21,4100,0.00,1190.64,EUR,C002
NL01-2024-000873,1,2024-06-07,1000,4973.65,0.00,EUR,C002
NL01-2024-000873,2,2024-06-07,1200,0.00,4973.65,EUR,C002
NL01-2024-000874,1,2024-05-10,1200,8976.50,0.00,EUR,C024
NL01-2024-000874,2,2024-05-10,4000,0.00,6827.62,EUR,C024
NL01-2024-000874,3,2024-05-10,4100,0.00,2148.88,EUR,C024
NL01-2024-000875,1,2024-06-28,1000,8976.50,0.00,EUR,C024
NL01-2024-000875,2,2024-06-28,1200,0.00,8976.50,EUR,C024
NL01-2024-000876,1,2024-05-17,1200,2844.39,0.00,EUR,C025
NL01-2024-000876,2,2024-05-17,4000,0.00,2163.47,EUR,C025
NL01-2024-000876,3,2024-05-17,4100,0.00,680.92,EUR,C025
NL01-2024-000877,1,2024-06-21,1000,2844.39,0.00,EUR,C025
NL01-2024-000877,2,2024-06-21,1200,0.00,2844.39,EUR,C025
NL01-2024-000878,1,2024-05-16,1200,6220.72,0.00,EUR,C031
NL01-2024-000878,2,2024-05-16,4000,0.00,4731.55,EUR,C031
NL01-2024-000878,3,2024-05-16,4100,0.00,1489.17,EUR,C031
NL01-2024-000879,1,2024-06-12,1000,6220.72,0.00,EUR,C031
NL01-2024-000879,2,2024-06-12,1200,0.00,6220.72,EUR,C031
NL01-2024-000880,1,2024-05-20,1200,27429.67,0.00,EUR,C002
NL01-2024-000880,2,2024-05-20,4000,0.00,20863.30,EUR,C002
NL01-2024-000880,3,2024-05-20,4100,0.00,6566.37,EUR,C002
NL01-2024-000881,1,2024-06-10,1000,27429.67,0.00,EUR,C002
NL01-2024-000881,2,2024-06-10,1200,0.00,27429.67,EUR,C002
NL01-2024-000882,1,2024-05-30,1200,10546.48,0.00,EUR,C037
NL01-2024-000882,2,2024-05-30,4000,0.00,8021.77,EUR,C037
NL01-2024-000882,3,2024-05-30,4100,0.00,2524.71,EUR,C037
NL01-2024-000883,1,2024-07-15,1000,10546.48,0.00,EUR,C037
NL01-2024-000883,2,2024-07-15,1200,0.00,10546.48,EUR,C037
NL01-2024-000884,1,2024-05-21,1200,6824.40,0.00,EUR,C013
NL01-2024-000884,2,2024-05-21,4000,0.00,5190.71,EUR,C013
NL01-2024-000884,3,2024-05-21,4100,0.00,1633.69,EUR,C013
NL01-2024-000885,1,2024-07-06,1000,6824.40,0.00,EUR,C013
NL01-2024-000885,2,2024-07-06,1200,0.00,6824.40,EUR,C013
NL01-2024-000886,1,2024-05-28,1200,4727.46,0.00,EUR,C034
NL01-2024-000886,2,2024-05-28,4000,0.00,3595.76,EUR,C034
NL01-2024-000886,3,2024-05-28,4100,0.00,1131.70,EUR,C034
NL01-2024-000887,1,2024-06-24,1000,4727.46,0.00,EUR,C034
NL01-2024-000887,2,2024-06-24,1200,0.00,4727.46,EUR,C034
NL01-2024-000888,1,2024-05-22,1200,8273.37,0.00,EUR,C018
NL01-2024-000888,2,2024-05-22,4000,0.00,6292.81,EUR,C018
NL01-2024-000888,3,2024-05-22,4100,0.00,1980.56,EUR,C018
NL01-2024-000889,1,2024-07-08,1000,8273.37,0.00,EUR,C018
NL01-2024-000889,2,2024-07-08,1200,0.00,8273.37,EUR,C018
NL01-2024-000890,1,2024-05-28,1200,15217.95,0.00,EUR,C039
NL01-2024-000890,2,2024-05-28,4000,0.00,11574.94,EUR,C039
NL01-2024-000890,3,2024-05-28,4100,0.00,3643.01,EUR,C039
NL01-2024-000891,1,2024-06-30,1000,15217.95,0.00,EUR,C039
NL01-2024-000891,2,2024-06-30,1200,0.00,15217.95,EUR,C039
NL01-2024-000892,1,2024-05-24,1200,1181.10,0.00,EUR,C039
NL01-2024-000892,2,2024-05-24,4000,0.00,898.36,EUR,C039
NL01-2024-000892,3,2024-05-24,4100,0.00,282.74,EUR,C039
NL01-2024-000893,1,2024-06-23,1000,1181.10,0.00,EUR,C039
NL01-2024-000893,2,2024-06-23,1200,0.00,1181.10,EUR,C039
NL01-2024-000894,1,2024-05-30,1200,41510.47,0.00,EUR,C004
NL01-2024-000894,2,2024-05-30,4000,0.00,31573.31,EUR,C004
NL01-2024-000894,3,2024-05-30,4100,0.00,9937.16,EUR,C004
NL01-2024-000895,1,2024-07-26,1000,41510.47,0.00,EUR,C004
NL01-2024-000895,2,2024-07-26,1200,0.00,41510.47,EUR,C004
NL01-2024-000896,1,2024-05-05,1200,9917.76,0.00,EUR,C008
NL01-2024-000896,2,2024-05-05,4000,0.00,7543.56,EUR,C008
NL01-2024-000896,3,2024-05-05,4100,0.00,2374.20,EUR,C008
NL01-2024-000897,1,2024-05-20,1000,9917.76,0.00,EUR,C008
NL01-2024-000897,2,2024-05-20,1200,0.00,9917.76,EUR,C008
NL01-2024-000898,1,2024-05-08,1200,7447.17,0.00,EUR,C016
NL01-2024-000898,2,2024-05-08,4000,0.00,5664.40,EUR,C016
NL01-2024-000898,3,2024-05-08,4100,0.00,1782.77,EUR,C016
NL01-2024-000899,1,2024-06-18,1000,7447.17,0.00,EUR,C016
NL01-2024-000899,2,2024-06-18,1200,0.00,7447.17,EUR,C016
NL01-2024-000900,1,2024-05-23,1200,13683.28,0.00,EUR,C027
NL01-2024-000900,2,2024-05-23,4000,0.00,10407.65,EUR,C027
NL01-2024-000900,3,2024-05-23,4100,0.00,3275.63,EUR,C027
NL01-2024-000901,1,2024-06-20,1000,13683.28,0.00,EUR,C027
NL01-2024-000901,2,2024-06-20,1200,0.00,13683.28,EUR,C027
NL01-2024-000902,1,2024-05-01,1200,36623.87,0.00,EUR,C033
NL01-2024-000902,2,2024-05-01,4000,0.00,27856.51,EUR,C033
NL01-2024-000902,3,2024-05-01,4100,0.00,8767.36,EUR,C033
NL01-2024-000903,1,2024-05-23,1000,36623.87,0.00,EUR,C033
NL01-2024-000903,2,2024-05-23,1200,0.00,36623.87,EUR,C033
NL01-2024-000904,1,2024-05-30,1200,48732.61,0.00,EUR,C005
NL01-2024-000904,2,2024-05-30,4000,0.00,37066.55,EUR,C005
NL01-2024-000904,3,2024-05-30,4100,0.00,11666.06,EUR,C005
NL01-2024-000905,1,2024-08-28,1000,48732.61,0.00,EUR,C005
NL01-2024-000905,2,2024-08-28,1200,0.00,48732.61,EUR,C005
NL01-2024-000906,1,2024-05-17,1200,9794.77,0.00,EUR,C018
NL01-2024-000906,2,2024-05-17,4000,0.00,7450.01,EUR,C018
NL01-2024-000906,3,2024-05-17,4100,0.00,2344.76,EUR,C018
NL01-2024-000907,1,2024-06-08,1000,9794.77,0.00,EUR,C018
NL01-2024-000907,2,2024-06-08,1200,0.00,9794.77,EUR,C018
NL01-2024-000908,1,2024-05-17,1200,4742.51,0.00,EUR,C028
NL01-2024-000908,2,2024-05-17,4000,0.00,3607.20,EUR,C028
NL01-2024-000908,3,2024-05-17,4100,0.00,1135.31,EUR,C028
NL01-2024-000909,1,2024-06-13,1000,4742.51,0.00,EUR,C028
NL01-2024-000909,2,2024-06-13,1200,0.00,4742.51,EUR,C028
NL01-2024-000910,1,2024-05-15,1200,42050.78,0.00,EUR,C004
NL01-2024-000910,2,2024-05-15,4000,0.00,31984.28,EUR,C004
NL01-2024-000910,3,2024-05-15,4100,0.00,10066.50,EUR,C004
NL01-2024-000911,1,2024-06-30,1000,42050.78,0.00,EUR,C004
NL01-2024-000911,2,2024-06-30,1200,0.00,42050.78,EUR,C004
NL01-2024-000912,1,2024-05-01,1300,214336.13,0.00,EUR,V016
NL01-2024-000912,2,2024-05-01,2100,0.00,214336.13,EUR,V016
NL01-2024-000913,1,2024-05-31,2100,214336.13,0.00,EUR,V016
NL01-2024-000913,2,2024-05-31,1000,0.00,214336.13,EUR,V016
NL01-2024-000914,1,2024-05-14,1300,267490.81,0.00,EUR,V014
NL01-2024-000914,2,2024-05-14,2100,0.00,267490.81,EUR,V014
NL01-2024-000915,1,2024-06-21,2100,267490.81,0.00,EUR,V014
NL01-2024-000915,2,2024-06-21,1000,0.00,267490.81,EUR,V014
NL01-2024-000916,1,2024-05-17,1300,43719.83,0.00,EUR,V024
NL01-2024-000916,2,2024-05-17,2100,0.00,43719.83,EUR,V024
NL01-2024-000917,1,2024-06-20,2100,43719.83,0.00,EUR,V024
NL01-2024-000917,2,2024-06-20,1000,0.00,43719.83,EUR,V024
NL01-2024-000918,1,2024-05-31,5000,487284.89,0.00,EUR,
NL01-2024-000918,2,2024-05-31,1300,0.00,487284.89,EUR,
NL01-2024-000919,1,2024-05-17,6100,39717.09,0.00,EUR,V038
NL01-2024-000919,2,2024-05-17,2100,0.00,39717.09,EUR,V038
NL01-2024-000920,1,2024-06-12,2100,39717.09,0.00,EUR,V038
NL01-2024-000920,2,2024-06-12,1000,0.00,39717.09,EUR,V038
NL01-2024-000921,1,2024-05-08,6200,30823.31,0.00,EUR,V032
NL01-2024-000921,2,2024-05-08,2100,0.00,30823.31,EUR,V032
NL01-2024-000922,1,2024-06-08,2100,30823.31,0.00,EUR,V032
NL01-2024-000922,2,2024-06-08,1000,0.00,30823.31,EUR,V032
NL01-2024-000923,1,2024-05-09,6300,20167.62,0.00,EUR,V039
NL01-2024-000923,2,2024-05-09,2100,0.00,20167.62,EUR,V039
NL01-2024-000924,1,2024-05-25,2100,20167.62,0.00,EUR,V039
NL01-2024-000924,2,2024-05-25,1000,0.00,20167.62,EUR,V039
NL01-2024-000925,1,2024-05-02,6400,27866.08,0.00,EUR,V050
NL01-2024-000925,2,2024-05-02,2100,0.00,27866.08,EUR,V050
NL01-2024-000926,1,2024-06-07,2100,27866.08,0.00,EUR,V050
NL01-2024-000926,2,2024-06-07,1000,0.00,27866.08,EUR,V050
NL01-2024-000927,1,2024-05-25,6000,384746.71,0.00,EUR,
NL01-2024-000927,2,2024-05-25,1000,0.00,384746.71,EUR,
NL01-2024-000928,1,2024-05-31,6900,15625.00,0.00,EUR,
NL01-2024-000928,2,2024-05-31,1590,0.00,15625.00,EUR,
NL01-2024-000929,1,2024-06-15,1200,5703.39,0.00,EUR,C001
NL01-2024-000929,2,2024-06-15,4000,0.00,4336.83,EUR,C001
NL01-2024-000929,3,2024-06-15,4100,0.00,1366.56,EUR,C001
NL01-2024-000930,1,2024-07-30,1000,5703.39,0.00,EUR,C001
NL01-2024-000930,2,2024-07-30,1200,0.00,5703.39,EUR,C001
NL01-2024-000931,1,2024-06-17,1200,4094.21,0.00,EUR,C004
NL01-2024-000931,2,2024-06-17,4000,0.00,3113.22,EUR,C004
NL01-2024-000931,3,2024-06-17,4100,0.00,980.99,EUR,C004
NL01-2024-000932,1,2024-07-15,1000,4094.21,0.00,EUR,C004
NL01-2024-000932,2,2024-07-15,1200,0.00,4094.21,EUR,C004
NL01-2024-000933,1,2024-06-29,1200,2027.06,0.00,EUR,C038
NL01-2024-000933,2,2024-06-29,4000,0.00,1541.37,EUR,C038
NL01-2024-000933,3,2024-06-29,4100,0.00,485.69,EUR,C038
NL01-2024-000934,1,2024-08-31,1000,2027.06,0.00,EUR,C038
NL01-2024-000934,2,2024-08-31,1200,0.00,2027.06,EUR,C038
NL01-2024-000935,1,2024-06-16,1200,7156.09,0.00,EUR,C002
NL01-2024-000935,2,2024-06-16,4000,0.00,5441.46,EUR,C002
NL01-2024-000935,3,2024-06-16,4100,0.00,1714.63,EUR,C002
NL01-2024-000936,1,2024-07-23,1000,7156.09,0.00,EUR,C002
NL01-2024-000936,2,2024-07-23,1200,0.00,7156.09,EUR,C002
NL01-2024-000937,1,2024-06-24,1200,8162.21,0.00,EUR,C019
NL01-2024-000937,2,2024-06-24,4000,0.00,6206.51,EUR,C019
NL01-2024-000937,3,2024-06-24,4100,0.00,1955.70,EUR,C019
NL01-2024-000938,1,2024-07-17,1000,8162.21,0.00,EUR,C019
NL01-2024-000938,2,2024-07-17,1200,0.00,8162.21,EUR,C019
NL01-2024-000939,1,2024-06-20,1200,23836.24,0.00,EUR,C024
NL01-2024-000939,2,2024-06-20,4000,0.00,18124.97,EUR,C024
NL01-2024-000939,3,2024-06-20,4100,0.00,5711.27,EUR,C024
NL01-2024-000940,1,2024-07-03,1000,23836.24,0.00,EUR,C024
NL01-2024-000940,2,2024-07-03,1200,0.00,23836.24,EUR,C024
NL01-2024-000941,1,2024-06-07,1200,2741.99,0.00,EUR,C036
NL01-2024-000941,2,2024-06-07,4000,0.00,2085.00,EUR,C036
NL01-2024-000941,3,2024-06-07,4100,0.00,656.99,EUR,C036
NL01-2024-000942,1,2024-07-15,1000,2741.99,0.00,EUR,C036
NL01-2024-000942,2,2024-07-15,1200,0.00,2741.99,EUR,C036
NL01-2024-000943,1,2024-06-03,1200,4497.37,0.00,EUR,C001
NL01-2024-000943,2,2024-06-03,4000,0.00,3419.78,EUR,C001
NL01-2024-000943,3,2024-06-03,4100,0.00,1077.59,EUR,C001
NL01-2024-000944,1,2024-07-09,1000,4497.37,0.00,EUR,C001
NL01-2024-000944,2,2024-07-09,1200,0.00,4497.37,EUR,C001
NL01-2024-000945,1,2024-06-05,1200,11148.78,0.00,EUR,C013
NL01-2024-000945,2,2024-06-05,4000,0.00,8477.48,EUR,C013
NL01-2024-000945,3,2024-06-05,4100,0.00,2671.30,EUR,C013
NL01-2024-000946,1,2024-06-23,1000,11148.78,0.00,EUR,C013
NL01-2024-000946,2,2024-06-23,1200,0.00,11148.78,EUR,C013
NL01-2024-000947,1,2024-06-02,1200,4891.34,0.00,EUR,C015
NL01-2024-000947,2,2024-06-02,4000,0.00,3719.35,EUR,C015
NL01-2024-000947,3,2024-06-02,4100,0.00,1171.99,EUR,C015
NL01-2024-000948,1,2024-06-29,1000,4891.34,0.00,EUR,C015
NL01-2024-000948,2,2024-06-29,1200,0.00,4891.34,EUR,C015
NL01-2024-000949,1,2024-06-06,1200,24226.00,0.00,EUR,C039
NL01-2024-000949,2,2024-06-06,4000,0.00,18421.34,EUR,C039
NL01-2024-000949,3,2024-06-06,4100,0.00,5804.66,EUR,C039
NL01-2024-000950,1,2024-07-16,1000,24226.00,0.00,EUR,C039
NL01-2024-000950,2,2024-07-16,1200,0.00,24226.00,EUR,C039
NL01-2024-000951,1,2024-06-05,1200,1711.38,0.00,EUR,C018
NL01-2024-000951,2,2024-06-05,4000,0.00,1301.33,EUR,C018
NL01-2024-000951,3,2024-06-05,4100,0.00,410.05,EUR,C018
NL01-2024-000952,1,2024-07-20,1000,1711.38,0.00,EUR,C018
NL01-2024-000952,2,2024-07-20,1200,0.00,1711.38,EUR,C018
NL01-2024-000953,1,2024-06-10,1200,5883.37,0.00,EUR,C024
NL01-2024-000953,2,2024-06-10,4000,0.00,4473.69,EUR,C024
NL01-2024-000953,3,2024-06-10,4100,0.00,1409.68,EUR,C024
NL01-2024-000954,1,2024-07-21,1000,5883.37,0.00,EUR,C024
NL01-2024-000954,2,2024-07-21,1200,0.00,5883.37,EUR,C024
NL01-2024-000955,1,2024-06-25,1200,3342.17,0.00,EUR,C002
NL01-2024-000955,2,2024-06-25,4000,0.00,2541.37,EUR,C002
NL01-2024-000955,3,2024-06-25,4100,0.00,800.80,EUR,C002
NL01-2024-000956,1,2024-07-09,1000,3342.17,0.00,EUR,C002
NL01-2024-000956,2,2024-07-09,1200,0.00,3342.17,EUR,C002
NL01-2024-000957,1,2024-06-29,1200,3676.79,0.00,EUR,C009
NL01-2024-000957,2,2024-06-29,4000,0.00,2795.82,EUR,C009
NL01-2024-000957,3,2024-06-29,4100,0.00,880.97,EUR,C009
NL01-2024-000958,1,2024-07-28,1000,3676.79,0.00,EUR,C009
NL01-2024-000958,2,2024-07-28,1200,0.00,3676.79,EUR,C009
NL01-2024-000959,1,2024-06-11,1200,14649.41,0.00,EUR,C034
NL01-2024-000959,2,2024-06-11,4000,0.00,11139.35,EUR,C034
NL01-2024-000959,3,2024-06-11,4100,0.00,3510.06,EUR,C034
NL01-2024-000960,1,2024-07-30,1000,14649.41,0.00,EUR,C034
NL01-2024-000960,2,2024-07-30,1200,0.00,14649.41,EUR,C034
NL01-2024-000961,1,2024-06-11,1200,2373.92,0.00,EUR,C025
NL01-2024-000961,2,2024-06-11,4000,0.00,1805.12,EUR,C025
NL01-2024-000961,3,2024-06-11,4100,0.00,568.80,EUR,C025
NL01-2024-000962,1,2024-07-22,1000,2373.92,0.00,EUR,C025
NL01-2024-000962,2,2024-07-22,1200,0.00,2373.92,EUR,C025
NL01-2024-000963,1,2024-06-18,1200,66239.86,0.00,EUR,C019
NL01-2024-000963,2,2024-06-18,4000,0.00,50368.50,EUR,C019
NL01-2024-000963,3,2024-06-18,4100,0.00,15871.36,EUR,C019
NL01-2024-000964,1,2024-07-03,1000,66239.86,0.00,EUR,C019
NL01-2024-000964,2,2024-07-03,1200,0.00,66239.86,EUR,C019
NL01-2024-000965,1,2024-06-21,1200,5960.47,0.00,EUR,C017
NL01-2024-000965,2,2024-06-21,4000,0.00,4532.32,EUR,C017
NL01-2024-000965,3,2024-06-21,4100,0.00,1428.15,EUR,C017
NL01-2024-000966,1,2024-07-23,1000,5960.47,0.00,EUR,C017
NL01-2024-000966,2,2024-07-23,1200,0.00,5960.47,EUR,C017
NL01-2024-000967,1,2024-06-09,1200,8381.24,0.00,EUR,C009
NL01-2024-000967,2,2024-06-09,4000,0.00,6373.06,EUR,C009
NL01-2024-000967,3,2024-06-09,4100,0.00,2008.18,EUR,C009
NL01-2024-000968,1,2024-08-14,1000,8381.24,0.00,EUR,C009
NL01-2024-000968,2,2024-08-14,1200,0.00,8381.24,EUR,C009
NL01-2024-000969,1,2024-06-11,1200,13989.40,0.00,EUR,C035
NL01-2024-000969,2,2024-06-11,4000,0.00,10637.48,EUR,C035
NL01-2024-000969,3,2024-06-11,4100,0.00,3351.92,EUR,C035
NL01-2024-000970,1,2024-07-23,1000,13989.40,0.00,EUR,C035
NL01-2024-000970,2,2024-07-23,1200,0.00,13989.40,EUR,C035
NL01-2024-000971,1,2024-06-25,1200,20368.36,0.00,EUR,C020
NL01-2024-000971,2,2024-06-25,4000,0.00,15488.01,EUR,C020
NL01-2024-000971,3,2024-06-25,4100,0.00,4880.35,EUR,C020
NL01-2024-000972,1,2024-07-27,1000,20368.36,0.00,EUR,C020
NL01-2024-000972,2,2024-07-27,1200,0.00,20368.36,EUR,C020
NL01-2024-000973,1,2024-06-13,1200,21914.63,0.00,EUR,C037
NL01-2024-000973,2,2024-06-13,4000,0.00,16663.79,EUR,C037
NL01-2024-000973,3,2024-06-13,4100,0.00,5250.84,EUR,C037
NL01-2024-000974,1,2024-07-09,1000,21914.63,0.00,EUR,C037
NL01-2024-000974,2,2024-07-09,1200,0.00,21914.63,EUR,C037
NL01-2024-000975,1,2024-06-28,1200,9697.03,0.00,EUR,C039
NL01-2024-000975,2,2024-06-28,4000,0.00,7373.58,EUR,C039
NL01-2024-000975,3,2024-06-28,4100,0.00,2323.45,EUR,C039
NL01-2024-000976,1,2024-08-11,1000,9697.03,0.00,EUR,C039
NL01-2024-000976,2,2024-08-11,1200,0.00,9697.03,EUR,C039
NL01-2024-000977,1,2024-06-19,1200,5469.15,0.00,EUR,C004
NL01-2024-000977,2,2024-06-19,4000,0.00,4158.72,EUR,C004
NL01-2024-000977,3,2024-06-19,4100,0.00,1310.43,EUR,C004
NL01-2024-000978,1,2024-07-30,1000,5469.15,0.00,EUR,C004
NL01-2024-000978,2,2024-07-30,1200,0.00,5469.15,EUR,C004
NL01-2024-000979,1,2024-06-14,1200,11302.17,0.00,EUR,C024
NL01-2024-000979,2,2024-06-14,4000,0.00,8594.12,EUR,C024
NL01-2024-000979,3,2024-06-14,4100,0.00,2708.05,EUR,C024
NL01-2024-000980,1,2024-08-12,1000,11302.17,0.00,EUR,C024
NL01-2024-000980,2,2024-08-12,1200,0.00,11302.17,EUR,C024
NL01-2024-000981,1,2024-06-01,1200,6745.05,0.00,EUR,C020
NL01-2024-000981,2,2024-06-01,4000,0.00,5128.91,EUR,C020
NL01-2024-000981,3,2024-06-01,4100,0.00,1616.14,EUR,C020
NL01-2024-000982,1,2024-07-21,1000,6745.05,0.00,EUR,C020
NL01-2024-000982,2,2024-07-21,1200,0.00,6745.05,EUR,C020
NL01-2024-000983,1,2024-06-07,1200,2290.20,0.00,EUR,C009
NL01-2024-000983,2,2024-06-07,4000,0.00,1741.46,EUR,C009
NL01-2024-000983,3,2024-06-07,4100,0.00,548.74,EUR,C009
NL01-2024-000984,1,2024-08-16,1000,2290.20,0.00,EUR,C009
NL01-2024-000984,2,2024-08-16,1200,0.00,2290.20,EUR,C009
NL01-2024-000985,1,2024-06-13,1200,13211.83,0.00,EUR,C033
NL01-2024-000985,2,2024-06-13,4000,0.00,10046.22,EUR,C033
NL01-2024-000985,3,2024-06-13,4100,0.00,3165.61,EUR,C033
NL01-2024-000986,1,2024-07-17,1000,13211.83,0.00,EUR,C033
NL01-2024-000986,2,2024-07-17,1200,0.00,13211.83,EUR,C033
NL01-2024-000987,1,2024-06-04,1200,10110.00,0.00,EUR,C038
NL01-2024-000987,2,2024-06-04,4000,0.00,7687.60,EUR,C038
NL01-2024-000987,3,2024-06-04,4100,0.00,2422.40,EUR,C038
NL01-2024-000988,1,2024-08-03,1000,10110.00,0.00,EUR,C038
NL01-2024-000988,2,2024-08-03,1200,0.00,10110.00,EUR,C038
NL01-2024-000989,1,2024-06-27,1200,5475.58,0.00,EUR,C010
NL01-2024-000989,2,2024-06-27,4000,0.00,4163.61,EUR,C010
NL01-2024-000989,3,2024-06-27,4100,0.00,1311.97,EUR,C010
NL01-2024-000990,1,2024-08-10,1000,5475.58,0.00,EUR,C010
NL01-2024-000990,2,2024-08-10,1200,0.00,5475.58,EUR,C010
NL01-2024-000991,1,2024-06-26,1200,15809.67,0.00,EUR,C008
NL01-2024-000991,2,2024-06-26,4000,0.00,12021.60,EUR,C008
NL01-2024-000991,3,2024-06-26,4100,0.00,3788.07,EUR,C008
NL01-2024-000992,1,2024-07-18,1000,15809.67,0.00,EUR,C008
NL01-2024-000992,2,2024-07-18,1200,0.00,15809.67,EUR,C008
NL01-2024-000993,1,2024-06-26,1200,36549.44,0.00,EUR,C031
NL01-2024-000993,2,2024-06-26,4000,0.00,27792.03,EUR,C031
NL01-2024-000993,3,2024-06-26,4100,0.00,8757.41,EUR,C031
NL01-2024-000994,1,2024-08-04,1000,36549.44,0.00,EUR,C031
NL01-2024-000994,2,2024-08-04,1200,0.00,36549.44,EUR,C031
NL01-2024-000995,1,2024-06-12,1200,2772.10,0.00,EUR,C019
NL01-2024-000995,2,2024-06-12,4000,0.00,2107.89,EUR,C019
NL01-2024-000995,3,2024-06-12,4100,0.00,664.21,EUR,C019
NL01-2024-000996,1,2024-07-03,1000,2772.10,0.00,EUR,C019
NL01-2024-000996,2,2024-07-03,1200,0.00,2772.10,EUR,C019
NL01-2024-000997,1,2024-06-07,1200,1958.56,0.00,EUR,C021
NL01-2024-000997,2,2024-06-07,4000,0.00,1489.28,EUR,C021
NL01-2024-000997,3,2024-06-07,4100,0.00,469.28,EUR,C021
NL01-2024-000998,1,2024-07-15,1000,1958.56,0.00,EUR,C021
NL01-2024-000998,2,2024-07-15,1200,0.00,1958.56,EUR,C021
NL01-2024-000999,1,2024-06-05,1200,9946.09,0.00,EUR,C009
NL01-2024-000999,2,2024-06-05,4000,0.00,7562.96,EUR,C009
NL01-2024-000999,3,2024-06-05,4100,0.00,2383.13,EUR,C009
NL01-2024-001000,1,2024-06-30,1000,9946.09,0.00,EUR,C009
NL01-2024-001000,2,2024-06-30,1200,0.00,9946.09,EUR,C009
NL01-2024-001001,1,2024-06-22,1200,15051.14,0.00,EUR,C028
NL01-2024-001001,2,2024-06-22,4000,0.00,11444.82,EUR,C028
NL01-2024-001001,3,2024-06-22,4100,0.00,3606.32,EUR,C028
NL01-2024-001002,1,2024-08-12,1000,15051.14,0.00,EUR,C028
NL01-2024-001002,2,2024-08-12,1200,0.00,15051.14,EUR,C028
NL01-2024-001003,1,2024-06-30,1200,19377.48,0.00,EUR,C014
NL01-2024-001003,2,2024-06-30,4000,0.00,14734.55,EUR,C014
NL01-2024-001003,3,2024-06-30,4100,0.00,4642.93,EUR,C014
NL01-2024-001004,1,2024-08-04,1000,19377.48,0.00,EUR,C014
NL01-2024-001004,2,2024-08-04,1200,0.00,19377.48,EUR,C014
NL01-2024-001005,1,2024-06-14,1200,7547.65,0.00,EUR,C026
NL01-2024-001005,2,2024-06-14,4000,0.00,5739.20,EUR,C026
NL01-2024-001005,3,2024-06-14,4100,0.00,1808.45,EUR,C026
NL01-2024-001006,1,2024-07-12,1000,7547.65,0.00,EUR,C026
NL01-2024-001006,2,2024-07-12,1200,0.00,7547.65,EUR,C026
NL01-2024-001007,1,2024-06-07,1200,12749.63,0.00,EUR,C035
NL01-2024-001007,2,2024-06-07,4000,0.00,9694.76,EUR,C035
NL01-2024-001007,3,2024-06-07,4100,0.00,3054.87,EUR,C035
NL01-2024-001008,1,2024-06-27,1000,12749.63,0.00,EUR,C035
NL01-2024-001008,2,2024-06-27,1200,0.00,12749.63,EUR,C035
NL01-2024-001009,1,2024-06-20,1200,5273.61,0.00,EUR,C011
NL01-2024-001009,2,2024-06-20,4000,0.00,4010.03,EUR,C011
NL01-2024-001009,3,2024-06-20,4100,0.00,1263.58,EUR,C011
NL01-2024-001010,1,2024-08-11,1000,5273.61,0.00,EUR,C011
NL01-2024-001010,2,2024-08-11,1200,0.00,5273.61,EUR,C011
NL01-2024-001011,1,2024-06-20,1200,7949.86,0.00,EUR,C033
NL01-2024-001011,2,2024-06-20,4000,0.00,6045.04,EUR,C033
NL01-2024-001011,3,2024-06-20,4100,0.00,1904.82,EUR,C033
NL01-2024-001012,1,2024-08-12,1000,7949.86,0.00,EUR,C033
NL01-2024-001012,2,2024-08-12,1200,0.00,7949.86,EUR,C033
NL01-2024-001013,1,2024-06-25,1200,13513.94,0.00,EUR,C016
NL01-2024-001013,2,2024-06-25,4000,0.00,10275.94,EUR,C016
NL01-2024-001013,3,2024-06-25,4100,0.00,3238.00,EUR,C016
NL01-2024-001014,1,2024-07-19,1000,13513.94,0.00,EUR,C016
NL01-2024-001014,2,2024-07-19,1200,0.00,13513.94,EUR,C016
NL01-2024-001015,1,2024-06-04,1200,4001.41,0.00,EUR,C009
NL01-2024-001015,2,2024-06-04,4000,0.00,3042.65,EUR,C009
NL01-2024-001015,3,2024-06-04,4100,0.00,958.76,EUR,C009
NL01-2024-001016,1,2024-07-27,1000,4001.41,0.00,EUR,C009
NL01-2024-001016,2,2024-07-27,1200,0.00,4001.41,EUR,C009
NL01-2024-001017,1,2024-06-08,1200,7896.86,0.00,EUR,C027
NL01-2024-001017,2,2024-06-08,4000,0.00,6004.74,EUR,C027
NL01-2024-001017,3,2024-06-08,4100,0.00,1892.12,EUR,C027
NL01-2024-001018,1,2024-06-27,1000,7896.86,0.00,EUR,C027
NL01-2024-001018,2,2024-06-27,1200,0.00,7896.86,EUR,C027
NL01-2024-001019,1,2024-06-23,1200,6845.02,0.00,EUR,C021
NL01-2024-001019,2,2024-06-23,4000,0.00,5204.92,EUR,C021
NL01-2024-001019,3,2024-06-23,4100,0.00,1640.10,EUR,C021
NL01-2024-001020,1,2024-07-23,1000,6845.02,0.00,EUR,C021
NL01-2024-001020,2,2024-07-23,1200,0.00,6845.02,EUR,C021
NL01-2024-001021,1,2024-06-06,1200,24474.17,0.00,EUR,C006
NL01-2024-001021,2,2024-06-06,4000,0.00,18610.05,EUR,C006
NL01-2024-001021,3,2024-06-06,4100,0.00,5864.12,EUR,C006
NL01-2024-001022,1,2024-06-21,1000,24474.17,0.00,EUR,C006
NL01-2024-001022,2,2024-06-21,1200,0.00,24474.17,EUR,C006
NL01-2024-001023,1,2024-06-24,1200,26421.25,0.00,EUR,C013
NL01-2024-001023,2,2024-06-24,4000,0.00,20090.60,EUR,C013
NL01-2024-001023,3,2024-06-24,4100,0.00,6330.65,EUR,C013
NL01-2024-001024,1,2024-08-15,1000,26421.25,0.00,EUR,C013
NL01-2024-001024,2,2024-08-15,1200,0.00,26421.25,EUR,C013
NL01-2024-001025,1,2024-06-07,1200,7797.81,0.00,EUR,C034
NL01-2024-001025,2,2024-06-07,4000,0.00,5929.42,EUR,C034
NL01-2024-001025,3,2024-06-07,4100,0.00,1868.39,EUR,C034
NL01-2024-001026,1,2024-06-30,1000,7797.81,0.00,EUR,C034
NL01-2024-001026,2,2024-06-30,1200,0.00,7797.81,EUR,C034
NL01-2024-001027,1,2024-06-18,1200,2818.97,0.00,EUR,C013
NL01-2024-001027,2,2024-06-18,4000,0.00,2143.53,EUR,C013
NL01-2024-001027,3,2024-06-18,4100,0.00,675.44,EUR,C013
NL01-2024-001028,1,2024-08-03,1000,2818.97,0.00,EUR,C013
NL01-2024-001028,2,2024-08-03,1200,0.00,2818.97,EUR,C013
NL01-2024-001029,1,2024-06-12,1200,3695.98,0.00,EUR,C029
NL01-2024-001029,2,2024-06-12,4000,0.00,2810.41,EUR,C029
NL01-2024-001029,3,2024-06-12,4100,0.00,885.57,EUR,C029
NL01-2024-001030,1,2024-07-08,1000,3695.98,0.00,EUR,C029
NL01-2024-001030,2,2024-07-08,1200,0.00,3695.98,EUR,C029
NL01-2024-001031,1,2024-06-01,1200,6691.87,0.00,EUR,C012
NL01-2024-001031,2,2024-06-01,4000,0.00,5088.47,EUR,C012
NL01-2024-001031,3,2024-06-01,4100,0.00,1603.40,EUR,C012
NL01-2024-001032,1,2024-07-13,1000,6691.87,0.00,EUR,C012
NL01-2024-001032,2,2024-07-13,1200,0.00,6691.87,EUR,C012
NL01-2024-001033,1,2024-06-03,1200,7280.21,0.00,EUR,C034
NL01-2024-001033,2,2024-06-03,4000,0.00,5535.84,EUR,C034
NL01-2024-001033,3,2024-06-03,4100,0.00,1744.37,EUR,C034
NL01-2024-001034,1,2024-06-25,1000,7280.21,0.00,EUR,C034
NL01-2024-001034,2,2024-06-25,1200,0.00,7280.21,EUR,C034
NL01-2024-001035,1,2024-06-17,1200,7098.51,0.00,EUR,C032
NL01-2024-001035,2,2024-06-17,4000,0.00,5397.68,EUR,C032
NL01-2024-001035,3,2024-06-17,4100,0.00,1700.83,EUR,C032
NL01-2024-001036,1,2024-07-18,1000,7098.51,0.00,EUR,C032
NL01-2024-001036,2,2024-07-18,1200,0.00,7098.51,EUR,C032
NL01-2024-001037,1,2024-06-27,1200,21690.64,0.00,EUR,C026
NL01-2024-001037,2,2024-06-27,4000,0.00,16493.47,EUR,C026
NL01-2024-001037,3,2024-06-27,4100,0.00,5197.17,EUR,C026
NL01-2024-001038,1,2024-08-13,1000,21690.64,0.00,EUR,C026
NL01-2024-001038,2,2024-08-13,1200,0.00,21690.64,EUR,C026
NL01-2024-001039,1,2024-06-10,1200,2107.13,0.00,EUR,C025
NL01-2024-001039,2,2024-06-10,4000,0.00,1602.25,EUR,C025
NL01-2024-001039,3,2024-06-10,4100,0.00,504.88,EUR,C025
NL01-2024-001040,1,2024-08-02,1000,2107.13,0.00,EUR,C025
NL01-2024-001040,2,2024-08-02,1200,0.00,2107.13,EUR,C025
NL01-2024-001041,1,2024-06-20,1200,5441.82,0.00,EUR,C011
NL01-2024-001041,2,2024-06-20,4000,0.00,4137.94,EUR,C011
NL01-2024-001041,3,2024-06-20,4100,0.00,1303.88,EUR,C011
NL01-2024-001042,1,2024-07-28,1000,5441.82,0.00,EUR,C011
NL01-2024-001042,2,2024-07-28,1200,0.00,5441.82,EUR,C011
NL01-2024-001043,1,2024-06-11,1200,9583.89,0.00,EUR,C009
NL01-2024-001043,2,2024-06-11,4000,0.00,7287.55,EUR,C009
NL01-2024-001043,3,2024-06-11,4100,0.00,2296.34,EUR,C009
NL01-2024-001044,1,2024-07-08,1000,9583.89,0.00,EUR,C009
NL01-2024-001044,2,2024-07-08,1200,0.00,9583.89,EUR,C009
NL01-2024-001045,1,2024-06-23,1200,6710.98,0.00,EUR,C038
NL01-2024-001045,2,2024-06-23,4000,0.00,5103.00,EUR,C038
NL01-2024-001045,3,2024-06-23,4100,0.00,1607.98,EUR,C038
NL01-2024-001046,1,2024-07-23,1000,6710.98,0.00,EUR,C038
NL01-2024-001046,2,2024-07-23,1200,0.00,6710.98,EUR,C038
NL01-2024-001047,1,2024-06-07,1200,18348.54,0.00,EUR,C032
NL01-2024-001047,2,2024-06-07,4000,0.00,13952.15,EUR,C032
NL01-2024-001047,3,2024-06-07,4100,0.00,4396.39,EUR,C032
NL01-2024-001048,1,2024-07-19,1000,18348.54,0.00,EUR,C032
NL01-2024-001048,2,2024-07-19,1200,0.00,18348.54,EUR,C032
NL01-2024-001049,1,2024-06-07,1200,7663.97,0.00,EUR,C037
NL01-2024-001049,2,2024-06-07,4000,0.00,5827.65,EUR,C037
NL01-2024-001049,3,2024-06-07,4100,0.00,1836.32,EUR,C037
NL01-2024-001050,1,2024-07-01,1000,7663.97,0.00,EUR,C037
NL01-2024-001050,2,2024-07-01,1200,0.00,7663.97,EUR,C037
NL01-2024-001051,1,2024-06-04,1200,6637.63,0.00,EUR,C021
NL01-2024-001051,2,2024-06-04,4000,0.00,5047.22,EUR,C021
NL01-2024-001051,3,2024-06-04,4100,0.00,1590.41,EUR,C021
NL01-2024-001052,1,2024-08-01,1000,6637.63,0.00,EUR,C021
NL01-2024-001052,2,2024-08-01,1200,0.00,6637.63,EUR,C021
NL01-2024-001053,1,2024-06-02,1200,9551.15,0.00,EUR,C039
NL01-2024-001053,2,2024-06-02,4000,0.00,7262.65,EUR,C039
NL01-2024-001053,3,2024-06-02,4100,0.00,2288.50,EUR,C039
NL01-2024-001054,1,2024-07-01,1000,9551.15,0.00,EUR,C039
NL01-2024-001054,2,2024-07-01,1200,0.00,9551.15,EUR,C039
NL01-2024-001055,1,2024-06-09,1200,12737.67,0.00,EUR,C027
NL01-2024-001055,2,2024-06-09,4000,0.00,9685.67,EUR,C027
NL01-2024-001055,3,2024-06-09,4100,0.00,3052.00,EUR,C027
NL01-2024-001056,1,2024-06-29,1000,12737.67,0.00,EUR,C027
NL01-2024-001056,2,2024-06-29,1200,0.00,12737.67,EUR,C027
NL01-2024-001057,1,2024-06-06,1200,1265.88,0.00,EUR,C012
NL01-2024-001057,2,2024-06-06,4000,0.00,962.57,EUR,C012
NL01-2024-001057,3,2024-06-06,4100,0.00,303.31,EUR,C012
NL01-2024-001058,1,2024-07-11,1000,1265.88,0.00,EUR,C012
NL01-2024-001058,2,2024-07-11,1200,0.00,1265.88,EUR,C012
NL01-2024-001059,1,2024-06-12,1200,1712.63,0.00,EUR,C040
NL01-2024-001059,2,2024-06-12,4000,0.00,1302.28,EUR,C040
NL01-2024-001059,3,2024-06-12,4100,0.00,410.35,EUR,C040
NL01-2024-001060,1,2024-07-21,1000,1712.63,0.00,EUR,C040
NL01-2024-001060,2,2024-07-21,1200,0.00,1712.63,EUR,C040
NL01-2024-001061,1,2024-06-26,1200,3756.10,0.00,EUR,C036
NL01-2024-001061,2,2024-06-26,4000,0.00,2856.12,EUR,C036
NL01-2024-001061,3,2024-06-26,4100,0.00,899.98,EUR,C036
NL01-2024-001062,1,2024-07-31,1000,3756.10,0.00,EUR,C036
NL01-2024-001062,2,2024-07-31,1200,0.00,3756.10,EUR,C036
NL01-2024-001063,1,2024-06-21,1200,2741.85,0.00,EUR,C022
NL01-2024-001063,2,2024-06-21,4000,0.00,2084.89,EUR,C022
NL01-2024-001063,3,2024-06-21,4100,0.00,656.96,EUR,C022
NL01-2024-001064,1,2024-08-08,1000,2741.85,0.00,EUR,C022
NL01-2024-001064,2,2024-08-08,1200,0.00,2741.85,EUR,C022
NL01-2024-001065,1,2024-06-04,1200,8589.19,0.00,EUR,C023
NL01-2024-001065,2,2024-06-04,4000,0.00,6531.18,EUR,C023
NL01-2024-001065,3,2024-06-04,4100,0.00,2058.01,EUR,C023
NL01-2024-001066,1,2024-07-14,1000,8589.19,0.00,EUR,C023
NL01-2024-001066,2,2024-07-14,1200,0.00,8589.19,EUR,C023
NL01-2024-001067,1,2024-06-27,1200,11210.44,0.00,EUR,C037
NL01-2024-001067,2,2024-06-27,4000,0.00,8524.37,EUR,C037
NL01-2024-001067,3,2024-06-27,4100,0.00,2686.07,EUR,C037
NL01-2024-001068,1,2024-07-20,1000,11210.44,0.00,EUR,C037
NL01-2024-001068,2,2024-07-20,1200,0.00,11210.44,EUR,C037
NL01-2024-001069,1,2024-06-12,1200,17149.81,0.00,EUR,C006
NL01-2024-001069,2,2024-06-12,4000,0.00,13040.64,EUR,C006
NL01-2024-001069,3,2024-06-12,4100,0.00,4109.17,EUR,C006
NL01-2024-001070,1,2024-07-31,1000,17149.81,0.00,EUR,C006
NL01-2024-001070,2,2024-07-31,1200,0.00,17149.81,EUR,C006
NL01-2024-001071,1,2024-06-06,1200,26955.47,0.00,EUR,C002
NL01-2024-001071,2,2024-06-06,4000,0.00,20496.82,EUR,C002
NL01-2024-001071,3,2024-06-06,4100,0.00,6458.65,EUR,C002
NL01-2024-001072,1,2024-06-30,1000,26955.47,0.00,EUR,C002
NL01-2024-001072,2,2024-06-30,1200,0.00,26955.47,EUR,C002
NL01-2024-001073,1,2024-06-21,1200,31496.39,0.00,EUR,C003
NL01-2024-001073,2,2024-06-21,4000,0.00,23949.72,EUR,C003
NL01-2024-001073,3,2024-06-21,4100,0.00,7546.67,EUR,C003
NL01-2024-001074,1,2024-07-29,1000,31496.39,0.00,EUR,C003
NL01-2024-001074,2,2024-07-29,1200,0.00,31496.39,EUR,C003
NL01-2024-001075,1,2024-06-26,1200,2416.97,0.00,EUR,C031
NL01-2024-001075,2,2024-06-26,4000,0.00,1837.85,EUR,C031
NL01-2024-001075,3,2024-06-26,4100,0.00,579.12,EUR,C031
NL01-2024-001076,1,2024-07-12,1000,2416.97,0.00,EUR,C031
NL01-2024-001076,2,2024-07-12,1200,0.00,2416.97,EUR,C031
NL01-2024-001077,1,2024-06-13,1200,21727.98,0.00,EUR,C007
NL01-2024-001077,2,2024-06-13,4000,0.00,16521.86,EUR,C007
NL01-2024-001077,3,2024-06-13,4100,0.00,5206.12,EUR,C007
NL01-2024-001078,1,2024-07-19,1000,21727.98,0.00,EUR,C007
NL01-2024-001078,2,2024-07-19,1200,0.00,21727.98,EUR,C007
NL01-2024-001079,1,2024-06-18,1200,3364.95,0.00,EUR,C040
NL01-2024-001079,2,2024-06-18,4000,0.00,2558.69,EUR,C040
NL01-2024-001079,3,2024-06-18,4100,0.00,806.26,EUR,C040
NL01-2024-001080,1,2024-07-09,1000,3364.95,0.00,EUR,C040
NL01-2024-001080,2,2024-07-09,1200,0.00,3364.95,EUR,C040
NL01-2024-001081,1,2024-06-03,1200,5047.00,0.00,EUR,C002
NL01-2024-001081,2,2024-06-03,4000,0.00,3837.72,EUR,C002
NL01-2024-001081,3,2024-06-03,4100,0.00,1209.28,EUR,C002
NL01-2024-001082,1,2024-06-29,1000,5047.00,0.00,EUR,C002
NL01-2024-001082,2,2024-06-29,1200,0.00,5047.00,EUR,C002
NL01-2024-001083,1,2024-06-01,1200,13946.88,0.00,EUR,C015
NL01-2024-001083,2,2024-06-01,4000,0.00,10605.15,EUR,C015
NL01-2024-001083,3,2024-06-01,4100,0.00,3341.73,EUR,C015
NL01-2024-001084,1,2024-06-28,1000,13946.88,0.00,EUR,C015
NL01-2024-001084,2,2024-06-28,1200,0.00,13946.88,EUR,C015
NL01-2024-001085,1,2024-06-16,1200,70548.96,0.00,EUR,C001
NL01-2024-001085,2,2024-06-16,4000,0.00,53645.12,EUR,C001
NL01-2024-001085,3,2024-06-16,4100,0.00,16903.84,EUR,C001
NL01-2024-001086,1,2024-08-09,1000,70548.96,0.00,EUR,C001
NL01-2024-001086,2,2024-08-09,1200,0.00,70548.96,EUR,C001
NL01-2024-001087,1,2024-06-10,1200,7671.42,0.00,EUR,C026
NL01-2024-001087,2,2024-06-10,4000,0.00,5833.31,EUR,C026
NL01-2024-001087,3,2024-06-10,4100,0.00,1838.11,EUR,C026
NL01-2024-001088,1,2024-07-01,1000,7671.42,0.00,EUR,C026
NL01-2024-001088,2,2024-07-01,1200,0.00,7671.42,EUR,C026
NL01-2024-001089,1,2024-06-09,1200,9571.22,0.00,EUR,C033
NL01-2024-001089,2,2024-06-09,4000,0.00,7277.91,EUR,C033
NL01-2024-001089,3,2024-06-09,4100,0.00,2293.31,EUR,C033
NL01-2024-001090,1,2024-07-23,1000,9571.22,0.00,EUR,C033
NL01-2024-001090,2,2024-07-23,1200,0.00,9571.22,EUR,C033
NL01-2024-001091,1,2024-06-25,1200,43403.01,0.00,EUR,C040
NL01-2024-001091,2,2024-06-25,4000,0.00,33003.46,EUR,C040
NL01-2024-001091,3,2024-06-25,4100,0.00,10399.55,EUR,C040
NL01-2024-001092,1,2024-07-21,1000,43403.01,0.00,EUR,C040
NL01-2024-001092,2,2024-07-21,1200,0.00,43403.01,EUR,C040
NL01-2024-001093,1,2024-06-26,1200,3153.97,0.00,EUR,C034
NL01-2024-001093,2,2024-06-26,4000,0.00,2398.27,EUR,C034
NL01-2024-001093,3,2024-06-26,4100,0.00,755.70,EUR,C034
NL01-2024-001094,1,2024-07-25,1000,3153.97,0.00,EUR,C034
NL01-2024-001094,2,2024-07-25,1200,0.00,3153.97,EUR,C034
NL01-2024-001095,1,2024-06-21,1200,14098.94,0.00,EUR,C039
NL01-2024-001095,2,2024-06-21,4000,0.00,10720.77,EUR,C039
NL01-2024-001095,3,2024-06-21,4100,0.00,3378.17,EUR,C039
NL01-2024-001096,1,2024-07-24,1000,14098.94,0.00,EUR,C039
NL01-2024-001096,2,2024-07-24,1200,0.00,14098.94,EUR,C039
NL01-2024-001097,1,2024-06-09,1200,7803.85,0.00,EUR,C034
NL01-2024-001097,2,2024-06-09,4000,0.00,5934.01,EUR,C034
NL01-2024-001097,3,2024-06-09,4100,0.00,1869.84,EUR,C034
NL01-2024-001098,1,2024-07-10,1000,7803.85,0.00,EUR,C034
NL01-2024-001098,2,2024-07-10,1200,0.00,7803.85,EUR,C034
NL01-2024-001099,1,2024-06-02,1200,51651.38,0.00,EUR,C018
NL01-2024-001099,2,2024-06-02,4000,0.00,39275.48,EUR,C018
NL01-2024-001099,3,2024-06-02,4100,0.00,12375.90,EUR,C018
NL01-2024-001100,1,2024-07-14,1000,51651.38,0.00,EUR,C018
NL01-2024-001100,2,2024-07-14,1200,0.00,51651.38,EUR,C018
NL01-2024-001101,1,2024-06-18,1200,18256.62,0.00,EUR,C008
NL01-2024-001101,2,2024-06-18,4000,0.00,13882.25,EUR,C008
NL01-2024-001101,3,2024-06-18,4100,0.00,4374.37,EUR,C008
NL01-2024-001102,1,2024-07-21,1000,18256.62,0.00,EUR,C008
NL01-2024-001102,2,2024-07-21,1200,0.00,18256.62,EUR,C008
NL01-2024-001103,1,2024-06-14,1200,5585.88,0.00,EUR,C032
NL01-2024-001103,2,2024-06-14,4000,0.00,4247.48,EUR,C032
NL01-2024-001103,3,2024-06-14,4100,0.00,1338.40,EUR,C032
NL01-2024-001104,1,2024-07-12,1000,5585.88,0.00,EUR,C032
NL01-2024-001104,2,2024-07-12,1200,0.00,5585.88,EUR,C032
NL01-2024-001105,1,2024-06-30,1200,36611.86,0.00,EUR,C018
NL01-2024-001105,2,2024-06-30,4000,0.00,27839.50,EUR,C018
NL01-2024-001105,3,2024-06-30,4100,0.00,8772.36,EUR,C018
NL01-2024-001106,1,2024-07-14,1000,36611.86,0.00,EUR,C018
NL01-2024-001106,2,2024-07-14,1200,0.00,36611.86,EUR,C018
NL01-2024-001107,1,2024-06-25,1200,2161.83,0.00,EUR,C024
NL01-2024-001107,2,2024-06-25,4000,0.00,1643.85,EUR,C024
NL01-2024-001107,3,2024-06-25,4100,0.00,517.98,EUR,C024
NL01-2024-001108,1,2024-08-07,1000,2161.83,0.00,EUR,C024
NL01-2024-001108,2,2024-08-07,1200,0.00,2161.83,EUR,C024
NL01-2024-001109,1,2024-06-14,1200,5222.10,0.00,EUR,C031
NL01-2024-001109,2,2024-06-14,4000,0.00,3970.86,EUR,C031
NL01-2024-001109,3,2024-06-14,4100,0.00,1251.24,EUR,C031
NL01-2024-001110,1,2024-07-16,1000,5222.10,0.00,EUR,C031
NL01-2024-001110,2,2024-07-16,1200,0.00,5222.10,EUR,C031
NL01-2024-001111,1,2024-06-15,1300,15882.75,0.00,EUR,V006
NL01-2024-001111,2,2024-06-15,2100,0.00,15882.75,EUR,V006
NL01-2024-001112,1,2024-07-10,2100,15882.75,0.00,EUR,V006
NL01-2024-001112,2,2024-07-10,1000,0.00,15882.75,EUR,V006
NL01-2024-001113,1,2024-06-16,1300,350074.41,0.00,EUR,V021
NL01-2024-001113,2,2024-06-16,2100,0.00,350074.41,EUR,V021
NL01-2024-001114,1,2024-07-14,2100,350074.41,0.00,EUR,V021
NL01-2024-001114,2,2024-07-14,1000,0.00,350074.41,EUR,V021
NL01-2024-001115,1,2024-06-17,1300,111532.17,0.00,EUR,V014
NL01-2024-001115,2,2024-06-17,2100,0.00,111532.17,EUR,V014
NL01-2024-001116,1,2024-07-21,2100,111532.17,0.00,EUR,V014
NL01-2024-001116,2,2024-07-21,1000,0.00,111532.17,EUR,V014
NL01-2024-001117,1,2024-06-10,1300,22667.83,0.00,EUR,V016
NL01-2024-001117,2,2024-06-10,2100,0.00,22667.83,EUR,V016
NL01-2024-001118,1,2024-07-06,2100,22667.83,0.00,EUR,V016
NL01-2024-001118,2,2024-07-06,1000,0.00,22667.83,EUR,V016
NL01-2024-001119,1,2024-06-30,5000,504833.83,0.00,EUR,
NL01-2024-001119,2,2024-06-30,1300,0.00,504833.83,EUR,
NL01-2024-001120,1,2024-06-07,6100,53287.82,0.00,EUR,V039
NL01-2024-001120,2,2024-06-07,2100,0.00,53287.82,EUR,V039
NL01-2024-001121,1,2024-07-02,2100,53287.82,0.00,EUR,V039
NL01-2024-001121,2,2024-07-02,1000,0.00,53287.82,EUR,V039
NL01-2024-001122,1,2024-06-12,6200,43273.56,0.00,EUR,V050
NL01-2024-001122,2,2024-06-12,2100,0.00,43273.56,EUR,V050
NL01-2024-001123,1,2024-07-17,2100,43273.56,0.00,EUR,V050
NL01-2024-001123,2,2024-07-17,1000,0.00,43273.56,EUR,V050
NL01-2024-001124,1,2024-06-19,6300,20329.26,0.00,EUR,V045
NL01-2024-001124,2,2024-06-19,2100,0.00,20329.26,EUR,V045
NL01-2024-001125,1,2024-07-21,2100,20329.26,0.00,EUR,V045
NL01-2024-001125,2,2024-07-21,1000,0.00,20329.26,EUR,V045
NL01-2024-001126,1,2024-06-12,6400,26233.41,0.00,EUR,V034
NL01-2024-001126,2,2024-06-12,2100,0.00,26233.41,EUR,V034
NL01-2024-001127,1,2024-07-01,2100,26233.41,0.00,EUR,V034
NL01-2024-001127,2,2024-07-01,1000,0.00,26233.41,EUR,V034
NL01-2024-001128,1,2024-06-25,6000,382927.89,0.00,EUR,
NL01-2024-001128,2,2024-06-25,1000,0.00,382927.89,EUR,
NL01-2024-001129,1,2024-06-30,6900,15625.00,0.00,EUR,
NL01-2024-001129,2,2024-06-30,1590,0.00,15625.00,EUR,
NL01-2024-001130,1,2024-07-13,1200,2330.01,0.00,EUR,C027
NL01-2024-001130,2,2024-07-13,4000,0.00,1783.39,EUR,C027
NL01-2024-001130,3,2024-07-13,4100,0.00,546.62,EUR,C027
NL01-2024-001131,1,2024-08-12,1000,2330.01,0.00,EUR,C027
NL01-2024-001131,2,2024-08-12,1200,0.00,2330.01,EUR,C027
NL01-2024-001132,1,2024-07-29,1200,3418.27,0.00,EUR,C038
NL01-2024-001132,2,2024-07-29,4000,0.00,2616.34,EUR,C038
NL01-2024-001132,3,2024-07-29,4100,0.00,801.93,EUR,C038
NL01-2024-001133,1,2024-08-13,1000,3418.27,0.00,EUR,C038
NL01-2024-001133,2,2024-08-13,1200,0.00,3418.27,EUR,C038
NL01-2024-001134,1,2024-07-30,1200,61055.53,0.00,EUR,C018
NL01-2024-001134,2,2024-07-30,4000,0.00,46731.79,EUR,C018
NL01-2024-001134,3,2024-07-30,4100,0.00,14323.74,EUR,C018
NL01-2024-001135,1,2024-09-02,1000,61055.53,0.00,EUR,C018
NL01-2024-001135,2,2024-09-02,1200,0.00,61055.53,EUR,C018
NL01-2024-001136,1,2024-07-16,1200,14225.19,0.00,EUR,C038
NL01-2024-001136,2,2024-07-16,4000,0.00,10887.93,EUR,C038
NL01-2024-001136,3,2024-07-16,4100,0.00,3337.26,EUR,C038
NL01-2024-001137,1,2024-10-03,1000,14225.19,0.00,EUR,C038
NL01-2024-001137,2,2024-10-03,1200,0.00,14225.19,EUR,C038
NL01-2024-001138,1,2024-07-03,1200,28469.13,0.00,EUR,C007
NL01-2024-001138,2,2024-07-03,4000,0.00,21790.22,EUR,C007
NL01-2024-001138,3,2024-07-03,4100,0.00,6678.91,EUR,C007
NL01-2024-001139,1,2024-09-06,1000,28469.13,0.00,EUR,C007
NL01-2024-001139,2,2024-09-06,1200,0.00,28469.13,EUR,C007
NL01-2024-001140,1,2024-07-11,1200,8884.72,0.00,EUR,C006
NL01-2024-001140,2,2024-07-11,4000,0.00,6800.35,EUR,C006
NL01-2024-001140,3,2024-07-11,4100,0.00,2084.37,EUR,C006
NL01-2024-001141,1,2024-08-06,1000,8884.72,0.00,EUR,C006
NL01-2024-001141,2,2024-08-06,1200,0.00,8884.72,EUR,C006
NL01-2024-001142,1,2024-07-01,1200,6962.71,0.00,EUR,C024
NL01-2024-001142,2,2024-07-01,4000,0.00,5329.25,EUR,C024
NL01-2024-001142,3,2024-07-01,4100,0.00,1633.46,EUR,C024
NL01-2024-001143,1,2024-07-31,1000,6962.71,0.00,EUR,C024
NL01-2024-001143,2,2024-07-31,1200,0.00,6962.71,EUR,C024
NL01-2024-001144,1,2024-07-10,1200,9830.03,0.00,EUR,C026
NL01-2024-001144,2,2024-07-10,4000,0.00,7523.89,EUR,C026
NL01-2024-001144,3,2024-07-10,4100,0.00,2306.14,EUR,C026
NL01-2024-001145,1,2024-08-21,1000,9830.03,0.00,EUR,C026
NL01-2024-001145,2,2024-08-21,1200,0.00,9830.03,EUR,C026
NL01-2024-001146,1,2024-07-13,1200,9156.13,0.00,EUR,C032
NL01-2024-001146,2,2024-07-13,4000,0.00,7008.08,EUR,C032
NL01-2024-001146,3,2024-07-13,4100,0.00,2148.05,EUR,C032
NL01-2024-001147,1,2024-08-17,1000,9156.13,0.00,EUR,C032
NL01-2024-001147,2,2024-08-17,1200,0.00,9156.13,EUR,C032
NL01-2024-001148,1,2024-07-13,1200,752.77,0.00,EUR,C017
NL01-2024-001148,2,2024-07-13,4000,0.00,576.17,EUR,C017
NL01-2024-001148,3,2024-07-13,4100,0.00,176.60,EUR,C017
NL01-2024-001149,1,2024-08-07,1000,752.77,0.00,EUR,C017
NL01-2024-001149,2,2024-08-07,1200,0.00,752.77,EUR,C017
NL01-2024-001150,1,2024-07-05,1200,5136.01,0.00,EUR,C036
NL01-2024-001150,2,2024-07-05,4000,0.00,3931.09,EUR,C036
NL01-2024-001150,3,2024-07-05,4100,0.00,1204.92,EUR,C036
NL01-2024-001151,1,2024-08-18,1000,5136.01,0.00,EUR,C036
NL01-2024-001151,2,2024-08-18,1200,0.00,5136.01,EUR,C036
NL01-2024-001152,1,2024-07-31,1200,5552.30,0.00,EUR,C017
NL01-2024-001152,2,2024-07-31,4000,0.00,4249.72,EUR,C017
NL01-2024-001152,3,2024-07-31,4100,0.00,1302.58,EUR,C017
NL01-2024-001153,1,2024-08-30,1000,5552.30,0.00,EUR,C017
NL01-2024-001153,2,2024-08-30,1200,0.00,5552.30,EUR,C017
NL01-2024-001154,1,2024-07-12,1200,15378.77,0.00,EUR,C019
NL01-2024-001154,2,2024-07-12,4000,0.00,11770.88,EUR,C019
NL01-2024-001154,3,2024-07-12,4100,0.00,3607.89,EUR,C019
NL01-2024-001155,1,2024-08-14,1000,15378.77,0.00,EUR,C019
NL01-2024-001155,2,2024-08-14,1200,0.00,15378.77,EUR,C019
NL01-2024-001156,1,2024-07-30,1200,11514.01,0.00,EUR,C008
NL01-2024-001156,2,2024-07-30,4000,0.00,8812.80,EUR,C008
NL01-2024-001156,3,2024-07-30,4100,0.00,2701.21,EUR,C008
NL01-2024-001157,1,2024-09-27,1000,11514.01,0.00,EUR,C008
NL01-2024-001157,2,2024-09-27,1200,0.00,11514.01,EUR,C008
NL01-2024-001158,1,2024-07-23,1200,2605.36,0.00,EUR,C002
NL01-2024-001158,2,2024-07-23,4000,0.00,1994.14,EUR,C002
NL01-2024-001158,3,2024-07-23,4100,0.00,611.22,EUR,C002
NL01-2024-001159,1,2024-08-24,1000,2605.36,0.00,EUR,C002
NL01-2024-001159,2,2024-08-24,1200,0.00,2605.36,EUR,C002
NL01-2024-001160,1,2024-07-09,1200,11995.59,0.00,EUR,C021
NL01-2024-001160,2,2024-07-09,4000,0.00,9181.40,EUR,C021
NL01-2024-001160,3,2024-07-09,4100,0.00,2814.19,EUR,C021
NL01-2024-001161,1,2024-08-28,1000,11995.59,0.00,EUR,C021
NL01-2024-001161,2,2024-08-28,1200,0.00,11995.59,EUR,C021
NL01-2024-001162,1,2024-07-22,1200,3223.18,0.00,EUR,C027
NL01-2024-001162,2,2024-07-22,4000,0.00,2467.02,EUR,C027
NL01-2024-001162,3,2024-07-22,4100,0.00,756.16,EUR,C027
NL01-2024-001163,1,2024-08-16,1000,3223.18,0.00,EUR,C027
NL01-2024-001163,2,2024-08-16,1200,0.00,3223.18,EUR,C027
NL01-2024-001164,1,2024-07-14,1200,5837.78,0.00,EUR,C022
NL01-2024-001164,2,2024-07-14,4000,0.00,4468.23,EUR,C022
NL01-2024-001164,3,2024-07-14,4100,0.00,1369.55,EUR,C022
NL01-2024-001165,1,2024-08-16,1000,5837.78,0.00,EUR,C022
NL01-2024-001165,2,2024-08-16,1200,0.00,5837.78,EUR,C022
NL01-2024-001166,1,2024-07-13,1200,5810.32,0.00,EUR,C004
NL01-2024-001166,2,2024-07-13,4000,0.00,4447.21,EUR,C004
NL01-2024-001166,3,2024-07-13,4100,0.00,1363.11,EUR,C004
NL01-2024-001167,1,2024-08-21,1000,5810.32,0.00,EUR,C004
NL01-2024-001167,2,2024-08-21,1200,0.00,5810.32,EUR,C004
NL01-2024-001168,1,2024-07-17,1200,4226.69,0.00,EUR,C029
NL01-2024-001168,2,2024-07-17,4000,0.00,3235.10,EUR,C029
NL01-2024-001168,3,2024-07-17,4100,0.00,991.59,EUR,C029
NL01-2024-001169,1,2024-08-22,1000,4226.69,0.00,EUR,C029
NL01-2024-001169,2,2024-08-22,1200,0.00,4226.69,EUR,C029
NL01-2024-001170,1,2024-07-11,1200,14481.82,0.00,EUR,C021
NL01-2024-001170,2,2024-07-11,4000,0.00,11084.36,EUR,C021
NL01-2024-001170,3,2024-07-11,4100,0.00,3397.46,EUR,C021
NL01-2024-001171,1,2024-08-05,1000,14481.82,0.00,EUR,C021
NL01-2024-001171,2,2024-08-05,1200,0.00,14481.82,EUR,C021
NL01-2024-001172,1,2024-07-17,1200,6029.17,0.00,EUR,C001
NL01-2024-001172,2,2024-07-17,4000,0.00,4614.72,EUR,C001
NL01-2024-001172,3,2024-07-17,4100,0.00,1414.45,EUR,C001
NL01-2024-001173,1,2024-08-15,1000,6029.17,0.00,EUR,C001
NL01-2024-001173,2,2024-08-15,1200,0.00,6029.17,EUR,C001
NL01-2024-001174,1,2024-07-10,1200,25045.94,0.00,EUR,C026
NL01-2024-001174,2,2024-07-10,4000,0.00,19170.12,EUR,C026
NL01-2024-001174,3,2024-07-10,4100,0.00,5875.82,EUR,C026
NL01-2024-001175,1,2024-08-01,1000,25045.94,0.00,EUR,C026
NL01-2024-001175,2,2024-08-01,1200,0.00,25045.94,EUR,C026
NL01-2024-001176,1,2024-07-12,1200,19588.34,0.00,EUR,C010
NL01-2024-001176,2,2024-07-12,4000,0.00,14992.88,EUR,C010
NL01-2024-001176,3,2024-07-12,4100,0.00,4595.46,EUR,C010
NL01-2024-001177,1,2024-08-16,1000,19588.34,0.00,EUR,C010
NL01-2024-001177,2,2024-08-16,1200,0.00,19588.34,EUR,C010
NL01-2024-001178,1,2024-07-20,1200,24040.83,0.00,EUR,C039
NL01-2024-001178,2,2024-07-20,4000,0.00,18400.81,EUR,C039
NL01-2024-001178,3,2024-07-20,4100,0.00,5640.02,EUR,C039
NL01-2024-001179,1,2024-08-03,1000,24040.83,0.00,EUR,C039
NL01-2024-001179,2,2024-08-03,1200,0.00,24040.83,EUR,C039
NL01-2024-001180,1,2024-07-27,1200,3721.74,0.00,EUR,C020
NL01-2024-001180,2,2024-07-27,4000,0.00,2848.61,EUR,C020
NL01-2024-001180,3,2024-07-27,4100,0.00,873.13,EUR,C020
NL01-2024-001181,1,2024-08-21,1000,3721.74,0.00,EUR,C020
NL01-2024-001181,2,2024-08-21,1200,0.00,3721.74,EUR,C020
NL01-2024-001182,1,2024-07-30,1200,6579.31,0.00,EUR,C034
NL01-2024-001182,2,2024-07-30,4000,0.00,5035.79,EUR,C034
NL01-2024-001182,3,2024-07-30,4100,0.00,1543.52,EUR,C034
NL01-2024-001183,1,2024-09-19,1000,6579.31,0.00,EUR,C034
NL01-2024-001183,2,2024-09-19,1200,0.00,6579.31,EUR,C034
NL01-2024-001184,1,2024-07-20,1200,1919.32,0.00,EUR,C013
NL01-2024-001184,2,2024-07-20,4000,0.00,1469.04,EUR,C013
NL01-2024-001184,3,2024-07-20,4100,0.00,450.28,EUR,C013
NL01-2024-001185,1,2024-08-28,1000,1919.32,0.00,EUR,C013
NL01-2024-001185,2,2024-08-28,1200,0.00,1919.32,EUR,C013
NL01-2024-001186,1,2024-07-18,1200,2216.96,0.00,EUR,C027
NL01-2024-001186,2,2024-07-18,4000,0.00,1696.86,EUR,C027
NL01-2024-001186,3,2024-07-18,4100,0.00,520.10,EUR,C027
NL01-2024-001187,1,2024-10-23,1000,2216.96,0.00,EUR,C027
NL01-2024-001187,2,2024-10-23,1200,0.00,2216.96,EUR,C027
NL01-2024-001188,1,2024-07-24,1200,17931.37,0.00,EUR,C008
NL01-2024-001188,2,2024-07-24,4000,0.00,13724.64,EUR,C008
NL01-2024-001188,3,2024-07-24,4100,0.00,4206.73,EUR,C008
NL01-2024-001189,1,2024-08-26,1000,17931.37,0.00,EUR,C008
NL01-2024-001189,2,2024-08-26,1200,0.00,17931.37,EUR,C008
NL01-2024-001190,1,2024-07-24,1200,22554.72,0.00,EUR,C015
NL01-2024-001190,2,2024-07-24,4000,0.00,17263.34,EUR,C015
NL01-2024-001190,3,2024-07-24,4100,0.00,5291.38,EUR,C015
NL01-2024-001191,1,2024-08-29,1000,22554.72,0.00,EUR,C015
NL01-2024-001191,2,2024-08-29,1200,0.00,22554.72,EUR,C015
NL01-2024-001192,1,2024-07-07,1200,5885.47,0.00,EUR,C035
NL01-2024-001192,2,2024-07-07,4000,0.00,4504.73,EUR,C035
NL01-2024-001192,3,2024-07-07,4100,0.00,1380.74,EUR,C035
NL01-2024-001193,1,2024-08-13,1000,5885.47,0.00,EUR,C035
NL01-2024-001193,2,2024-08-13,1200,0.00,5885.47,EUR,C035
NL01-2024-001194,1,2024-07-07,1200,4310.03,0.00,EUR,C040
NL01-2024-001194,2,2024-07-07,4000,0.00,3298.89,EUR,C040
NL01-2024-001194,3,2024-07-07,4100,0.00,1011.14,EUR,C040
NL01-2024-001195,1,2024-07-24,1000,4310.03,0.00,EUR,C040
NL01-2024-001195,2,2024-07-24,1200,0.00,4310.03,EUR,C040
NL01-2024-001196,1,2024-07-21,1200,9843.70,0.00,EUR,C011
NL01-2024-001196,2,2024-07-21,4000,0.00,7534.35,EUR,C011
NL01-2024-001196,3,2024-07-21,4100,0.00,2309.35,EUR,C011
NL01-2024-001197,1,2024-08-31,1000,9843.70,0.00,EUR,C011
NL01-2024-001197,2,2024-08-31,1200,0.00,9843.70,EUR,C011
NL01-2024-001198,1,2024-07-26,1200,11612.19,0.00,EUR,C012
NL01-2024-001198,2,2024-07-26,4000,0.00,8887.95,EUR,C012
NL01-2024-001198,3,2024-07-26,4100,0.00,2724.24,EUR,C012
NL01-2024-001199,1,2024-08-16,1000,11612.19,0.00,EUR,C012
NL01-2024-001199,2,2024-08-16,1200,0.00,11612.19,EUR,C012
NL01-2024-001200,1,2024-07-24,1200,14792.88,0.00,EUR,C012
NL01-2024-001200,2,2024-07-24,4000,0.00,11322.44,EUR,C012
NL01-2024-001200,3,2024-07-24,4100,0.00,3470.44,EUR,C012
NL01-2024-001201,1,2024-09-09,1000,14792.88,0.00,EUR,C012
NL01-2024-001201,2,2024-09-09,1200,0.00,14792.88,EUR,C012
NL01-2024-001202,1,2024-07-28,1200,6348.58,0.00,EUR,C016
NL01-2024-001202,2,2024-07-28,4000,0.00,4859.19,EUR,C016
NL01-2024-001202,3,2024-07-28,4100,0.00,1489.39,EUR,C016
NL01-2024-001203,1,2024-08-31,1000,6348.58,0.00,EUR,C016
NL01-2024-001203,2,2024-08-31,1200,0.00,6348.58,EUR,C016
NL01-2024-001204,1,2024-07-29,1200,37100.66,0.00,EUR,C002
NL01-2024-001204,2,2024-07-29,4000,0.00,28396.78,EUR,C002
NL01-2024-001204,3,2024-07-29,4100,0.00,8703.88,EUR,C002
NL01-2024-001205,1,2024-08-19,1000,37100.66,0.00,EUR,C002
NL01-2024-001205,2,2024-08-19,1200,0.00,37100.66,EUR,C002
NL01-2024-001206,1,2024-07-24,1200,3952.26,0.00,EUR,C006
NL01-2024-001206,2,2024-07-24,4000,0.00,3025.05,EUR,C006
NL01-2024-001206,3,2024-07-24,4100,0.00,927.21,EUR,C006
NL01-2024-001207,1,2024-08-13,1000,3952.26,0.00,EUR,C006
NL01-2024-001207,2,2024-08-13,1200,0.00,3952.26,EUR,C006
NL01-2024-001208,1,2024-07-06,1200,1027.85,0.00,EUR,C006
NL01-2024-001208,2,2024-07-06,4000,0.00,786.71,EUR,C006
NL01-2024-001208,3,2024-07-06,4100,0.00,241.14,EUR,C006
NL01-2024-001209,1,2024-07-28,1000,1027.85,0.00,EUR,C006
NL01-2024-001209,2,2024-07-28,1200,0.00,1027.85,EUR,C006
NL01-2024-001210,1,2024-07-14,1200,59783.78,0.00,EUR,C006
NL01-2024-001210,2,2024-07-14,4000,0.00,45758.39,EUR,C006
NL01-2024-001210,3,2024-07-14,4100,0.00,14025.39,EUR,C006
NL01-2024-001211,1,2024-08-18,1000,59783.78,0.00,EUR,C006
NL01-2024-001211,2,2024-08-18,1200,0.00,59783.78,EUR,C006
NL01-2024-001212,1,2024-07-09,1200,6243.55,0.00,EUR,C012
NL01-2024-001212,2,2024-07-09,4000,0.00,4778.80,EUR,C012
NL01-2024-001212,3,2024-07-09,4100,0.00,1464.75,EUR,C012
NL01-2024-001213,1,2024-08-08,1000,6243.55,0.00,EUR,C012
NL01-2024-001213,2,2024-08-08,1200,0.00,6243.55,EUR,C012
NL01-2024-001214,1,2024-07-01,1200,25284.23,0.00,EUR,C003
NL01-2024-001214,2,2024-07-01,4000,0.00,19352.50,EUR,C003
NL01-2024-001214,3,2024-07-01,4100,0.00,5931.73,EUR,C003
NL01-2024-001215,1,2024-09-10,1000,25284.23,0.00,EUR,C003
NL01-2024-001215,2,2024-09-10,1200,0.00,25284.23,EUR,C003
NL01-2024-001216,1,2024-07-30,1200,6292.92,0.00,EUR,C004
NL01-2024-001216,2,2024-07-30,4000,0.00,4816.59,EUR,C004
NL01-2024-001216,3,2024-07-30,4100,0.00,1476.33,EUR,C004
NL01-2024-001217,1,2024-08-22,1000,6292.92,0.00,EUR,C004
NL01-2024-001217,2,2024-08-22,1200,0.00,6292.92,EUR,C004
NL01-2024-001218,1,2024-07-03,1200,25338.08,0.00,EUR,C003
NL01-2024-001218,2,2024-07-03,4000,0.00,19393.72,EUR,C003
NL01-2024-001218,3,2024-07-03,4100,0.00,5944.36,EUR,C003
NL01-2024-001219,1,2024-07-29,1000,25338.08,0.00,EUR,C003
NL01-2024-001219,2,2024-07-29,1200,0.00,25338.08,EUR,C003
NL01-2024-001220,1,2024-07-16,1200,19750.20,0.00,EUR,C004
NL01-2024-001220,2,2024-07-16,4000,0.00,15116.77,EUR,C004
NL01-2024-001220,3,2024-07-16,4100,0.00,4633.43,EUR,C004
NL01-2024-001221,1,2024-08-01,1000,19750.20,0.00,EUR,C004
NL01-2024-001221,2,2024-08-01,1200,0.00,19750.20,EUR,C004
NL01-2024-001222,1,2024-07-09,1200,11248.91,0.00,EUR,C029
NL01-2024-001222,2,2024-07-09,4000,0.00,8609.89,EUR,C029
NL01-2024-001222,3,2024-07-09,4100,0.00,2639.02,EUR,C029
NL01-2024-001223,1,2024-08-01,1000,11248.91,0.00,EUR,C029
NL01-2024-001223,2,2024-08-01,1200,0.00,11248.91,EUR,C029
NL01-2024-001224,1,2024-07-10,1200,1397.78,0.00,EUR,C032
NL01-2024-001224,2,2024-07-10,4000,0.00,1069.86,EUR,C032
NL01-2024-001224,3,2024-07-10,4100,0.00,327.92,EUR,C032
NL01-2024-001225,1,2024-08-02,1000,1397.78,0.00,EUR,C032
NL01-2024-001225,2,2024-08-02,1200,0.00,1397.78,EUR,C032
NL01-2024-001226,1,2024-07-05,1200,6840.52,0.00,EUR,C032
NL01-2024-001226,2,2024-07-05,4000,0.00,5235.72,EUR,C032
NL01-2024-001226,3,2024-07-05,4100,0.00,1604.80,EUR,C032
NL01-2024-001227,1,2024-08-23,1000,6840.52,0.00,EUR,C032
NL01-2024-001227,2,2024-08-23,1200,0.00,6840.52,EUR,C032
NL01-2024-001228,1,2024-07-08,1200,7646.51,0.00,EUR,C038
NL01-2024-001228,2,2024-07-08,4000,0.00,5852.62,EUR,C038
NL01-2024-001228,3,2024-07-08,4100,0.00,1793.89,EUR,C038
NL01-2024-001229,1,2024-08-13,1000,7646.51,0.00,EUR,C038
NL01-2024-001229,2,2024-08-13,1200,0.00,7646.51,EUR,C038
NL01-2024-001230,1,2024-07-23,1200,24511.11,0.00,EUR,C015
NL01-2024-001230,2,2024-07-23,4000,0.00,18760.76,EUR,C015
NL01-2024-001230,3,2024-07-23,4100,0.00,5750.35,EUR,C015
NL01-2024-001231,1,2024-08-23,1000,24511.11,0.00,EUR,C015
NL01-2024-001231,2,2024-08-23,1200,0.00,24511.11,EUR,C015
NL01-2024-001232,1,2024-07-04,1200,2988.41,0.00,EUR,C013
NL01-2024-001232,2,2024-07-04,4000,0.00,2287.32,EUR,C013
NL01-2024-001232,3,2024-07-04,4100,0.00,701.09,EUR,C013
NL01-2024-001233,1,2024-08-12,1000,2988.41,0.00,EUR,C013
NL01-2024-001233,2,2024-08-12,1200,0.00,2988.41,EUR,C013
NL01-2024-001234,1,2024-07-25,1200,42705.70,0.00,EUR,C003
NL01-2024-001234,2,2024-07-25,4000,0.00,32686.86,EUR,C003
NL01-2024-001234,3,2024-07-25,4100,0.00,10018.84,EUR,C003
NL01-2024-001235,1,2024-09-02,1000,42705.70,0.00,EUR,C003
NL01-2024-001235,2,2024-09-02,1200,0.00,42705.70,EUR,C003
NL01-2024-001236,1,2024-07-26,1200,52353.01,0.00,EUR,C025
NL01-2024-001236,2,2024-07-26,4000,0.00,40070.90,EUR,C025
NL01-2024-001236,3,2024-07-26,4100,0.00,12282.11,EUR,C025
NL01-2024-001237,1,2024-09-01,1000,52353.01,0.00,EUR,C025
NL01-2024-001237,2,2024-09-01,1200,0.00,52353.01,EUR,C025
NL01-2024-001238,1,2024-07-18,1200,3979.17,0.00,EUR,C031
NL01-2024-001238,2,2024-07-18,4000,0.00,3045.65,EUR,C031
NL01-2024-001238,3,2024-07-18,4100,0.00,933.52,EUR,C031
NL01-2024-001239,1,2024-08-11,1000,3979.17,0.00,EUR,C031
NL01-2024-001239,2,2024-08-11,1200,0.00,3979.17,EUR,C031
NL01-2024-001240,1,2024-07-28,1200,10485.20,0.00,EUR,C012
NL01-2024-001240,2,2024-07-28,4000,0.00,8025.35,EUR,C012
NL01-2024-001240,3,2024-07-28,4100,0.00,2459.85,EUR,C012
NL01-2024-001241,1,2024-08-24,1000,10485.20,0.00,EUR,C012
NL01-2024-001241,2,2024-08-24,1200,0.00,10485.20,EUR,C012
NL01-2024-001242,1,2024-07-05,1200,13245.49,0.00,EUR,C030
NL01-2024-001242,2,2024-07-05,4000,0.00,10138.07,EUR,C030
NL01-2024-001242,3,2024-07-05,4100,0.00,3107.42,EUR,C030
NL01-2024-001243,1,2024-08-25,1000,13245.49,0.00,EUR,C030
NL01-2024-001243,2,2024-08-25,1200,0.00,13245.49,EUR,C030
NL01-2024-001244,1,2024-07-31,1200,9502.47,0.00,EUR,C022
NL01-2024-001244,2,2024-07-31,4000,0.00,7273.17,EUR,C022
NL01-2024-001244,3,2024-07-31,4100,0.00,2229.30,EUR,C022
NL01-2024-001245,1,2024-09-06,1000,9502.47,0.00,EUR,C022
NL01-2024-001245,2,2024-09-06,1200,0.00,9502.47,EUR,C022
NL01-2024-001246,1,2024-07-30,1200,4043.45,0.00,EUR,C030
NL01-2024-001246,2,2024-07-30,4000,0.00,3094.85,EUR,C030
NL01-2024-001246,3,2024-07-30,4100,0.00,948.60,EUR,C030
NL01-2024-001247,1,2024-08-18,1000,4043.45,0.00,EUR,C030
NL01-2024-001247,2,2024-08-18,1200,0.00,4043.45,EUR,C030
NL01-2024-001248,1,2024-07-19,1200,14275.36,0.00,EUR,C011
NL01-2024-001248,2,2024-07-19,4000,0.00,10926.33,EUR,C011
NL01-2024-001248,3,2024-07-19,4100,0.00,3349.03,EUR,C011
NL01-2024-001249,1,2024-08-13,1000,14275.36,0.00,EUR,C011
NL01-2024-001249,2,2024-08-13,1200,0.00,14275.36,EUR,C011
NL01-2024-001250,1,2024-07-09,1200,7716.08,0.00,EUR,C022
NL01-2024-001250,2,2024-07-09,4000,0.00,5905.87,EUR,C022
NL01-2024-001250,3,2024-07-09,4100,0.00,1810.21,EUR,C022
NL01-2024-001251,1,2024-08-30,1000,7716.08,0.00,EUR,C022
NL01-2024-001251,2,2024-08-30,1200,0.00,7716.08,EUR,C022
NL01-2024-001252,1,2024-07-24,1200,9458.41,0.00,EUR,C027
NL01-2024-001252,2,2024-07-24,4000,0.00,7239.45,EUR,C027
NL01-2024-001252,3,2024-07-24,4100,0.00,2218.96,EUR,C027
NL01-2024-001253,1,2024-08-28,1000,9458.41,0.00,EUR,C027
NL01-2024-001253,2,2024-08-28,1200,0.00,9458.41,EUR,C027
NL01-2024-001254,1,2024-07-19,1200,8747.23,0.00,EUR,C032
NL01-2024-001254,2,2024-07-19,4000,0.00,6695.11,EUR,C032
NL01-2024-001254,3,2024-07-19,4100,0.00,2052.12,EUR,C032
NL01-2024-001255,1,2024-08-15,1000,8747.23,0.00,EUR,C032
NL01-2024-001255,2,2024-08-15,1200,0.00,8747.23,EUR,C032
NL01-2024-001256,1,2024-07-22,1200,7020.17,0.00,EUR,C034
NL01-2024-001256,2,2024-07-22,4000,0.00,5373.23,EUR,C034
NL01-2024-001256,3,2024-07-22,4100,0.00,1646.94,EUR,C034
NL01-2024-001257,1,2024-08-28,1000,7020.17,0.00,EUR,C034
NL01-2024-001257,2,2024-08-28,1200,0.00,7020.17,EUR,C034
NL01-2024-001258,1,2024-07-19,1200,13168.30,0.00,EUR,C020
NL01-2024-001258,2,2024-07-19,4000,0.00,10078.99,EUR,C020
NL01-2024-001258,3,2024-07-19,4100,0.00,3089.31,EUR,C020
NL01-2024-001259,1,2024-09-24,1000,13168.30,0.00,EUR,C020
NL01-2024-001259,2,2024-09-24,1200,0.00,13168.30,EUR,C020
NL01-2024-001260,1,2024-07-22,1200,8092.79,0.00,EUR,C034
NL01-2024-001260,2,2024-07-22,4000,0.00,6194.21,EUR,C034
NL01-2024-001260,3,2024-07-22,4100,0.00,1898.58,EUR,C034
NL01-2024-001261,1,2024-09-07,1000,8092.79,0.00,EUR,C034
NL01-2024-001261,2,2024-09-07,1200,0.00,8092.79,EUR,C034
NL01-2024-001262,1,2024-07-25,1200,9428.13,0.00,EUR,C028
NL01-2024-001262,2,2024-07-25,4000,0.00,7216.27,EUR,C028
NL01-2024-001262,3,2024-07-25,4100,0.00,2211.86,EUR,C028
NL01-2024-001263,1,2024-08-12,1000,9428.13,0.00,EUR,C028
NL01-2024-001263,2,2024-08-12,1200,0.00,9428.13,EUR,C028
NL01-2024-001264,1,2024-07-10,1200,8814.92,0.00,EUR,C017
NL01-2024-001264,2,2024-07-10,4000,0.00,6746.92,EUR,C017
NL01-2024-001264,3,2024-07-10,4100,0.00,2068.00,EUR,C017
NL01-2024-001265,1,2024-08-03,1000,8814.92,0.00,EUR,C017
NL01-2024-001265,2,2024-08-03,1200,0.00,8814.92,EUR,C017
NL01-2024-001266,1,2024-07-15,1200,5300.85,0.00,EUR,C020
NL01-2024-001266,2,2024-07-15,4000,0.00,4057.26,EUR,C020
NL01-2024-001266,3,2024-07-15,4100,0.00,1243.59,EUR,C020
NL01-2024-001267,1,2024-08-16,1000,5300.85,0.00,EUR,C020
NL01-2024-001267,2,2024-08-16,1200,0.00,5300.85,EUR,C020
NL01-2024-001268,1,2024-07-09,1200,3630.06,0.00,EUR,C012
NL01-2024-001268,2,2024-07-09,4000,0.00,2778.44,EUR,C012
NL01-2024-001268,3,2024-07-09,4100,0.00,851.62,EUR,C012
NL01-2024-001269,1,2024-07-28,1000,3630.06,0.00,EUR,C012
NL01-2024-001269,2,2024-07-28,1200,0.00,3630.06,EUR,C012
NL01-2024-001270,1,2024-07-26,1200,8929.53,0.00,EUR,C012
NL01-2024-001270,2,2024-07-26,4000,0.00,6834.65,EUR,C012
NL01-2024-001270,3,2024-07-26,4100,0.00,2094.88,EUR,C012
NL01-2024-001271,1,2024-08-29,1000,8929.53,0.00,EUR,C012
NL01-2024-001271,2,2024-08-29,1200,0.00,8929.53,EUR,C012
NL01-2024-001272,1,2024-07-04,1200,6480.64,0.00,EUR,C040
NL01-2024-001272,2,2024-07-04,4000,0.00,4960.27,EUR,C040
NL01-2024-001272,3,2024-07-04,4100,0.00,1520.37,EUR,C040
NL01-2024-001273,1,2024-07-31,1000,6480.64,0.00,EUR,C040
NL01-2024-001273,2,2024-07-31,1200,0.00,6480.64,EUR,C040
NL01-2024-001274,1,2024-07-10,1200,2973.28,0.00,EUR,C037
NL01-2024-001274,2,2024-07-10,4000,0.00,2275.74,EUR,C037
NL01-2024-001274,3,2024-07-10,4100,0.00,697.54,EUR,C037
NL01-2024-001275,1,2024-08-08,1000,2973.28,0.00,EUR,C037
NL01-2024-001275,2,2024-08-08,1200,0.00,2973.28,EUR,C037
NL01-2024-001276,1,2024-07-17,1200,43754.35,0.00,EUR,C035
NL01-2024-001276,2,2024-07-17,4000,0.00,33489.50,EUR,C035
NL01-2024-001276,3,2024-07-17,4100,0.00,10264.85,EUR,C035
NL01-2024-001277,1,2024-08-05,1000,43754.35,0.00,EUR,C035
NL01-2024-001277,2,2024-08-05,1200,0.00,43754.35,EUR,C035
NL01-2024-001278,1,2024-07-23,1200,18798.11,0.00,EUR,C010
NL01-2024-001278,2,2024-07-23,4000,0.00,14388.04,EUR,C010
NL01-2024-001278,3,2024-07-23,4100,0.00,4410.07,EUR,C010
NL01-2024-001279,1,2024-08-19,1000,18798.11,0.00,EUR,C010
NL01-2024-001279,2,2024-08-19,1200,0.00,18798.11,EUR,C010
NL01-2024-001280,1,2024-07-10,1200,16116.03,0.00,EUR,C033
NL01-2024-001280,2,2024-07-10,4000,0.00,12335.18,EUR,C033
NL01-2024-001280,3,2024-07-10,4100,0.00,3780.85,EUR,C033
NL01-2024-001281,1,2024-08-07,1000,16116.03,0.00,EUR,C033
NL01-2024-001281,2,2024-08-07,1200,0.00,16116.03,EUR,C033
NL01-2024-001282,1,2024-07-09,1200,7397.35,0.00,EUR,C026
NL01-2024-001282,2,2024-07-09,4000,0.00,5661.92,EUR,C026
NL01-2024-001282,3,2024-07-09,4100,0.00,1735.43,EUR,C026
NL01-2024-001283,1,2024-08-28,1000,7397.35,0.00,EUR,C026
NL01-2024-001283,2,2024-08-28,1200,0.00,7397.35,EUR,C026
NL01-2024-001284,1,2024-07-26,1200,7765.11,0.00,EUR,C030
NL01-2024-001284,2,2024-07-26,4000,0.00,5943.40,EUR,C030
NL01-2024-001284,3,2024-07-26,4100,0.00,1821.71,EUR,C030
NL01-2024-001285,1,2024-09-06,1000,7765.11,0.00,EUR,C030
NL01-2024-001285,2,2024-09-06,1200,0.00,7765.11,EUR,C030
NL01-2024-001286,1,2024-07-28,1200,6855.60,0.00,EUR,C021
NL01-2024-001286,2,2024-07-28,4000,0.00,5247.26,EUR,C021
NL01-2024-001286,3,2024-07-28,4100,0.00,1608.34,EUR,C021
NL01-2024-001287,1,2024-08-22,1000,6855.60,0.00,EUR,C021
NL01-2024-001287,2,2024-08-22,1200,0.00,6855.60,EUR,C021
NL01-2024-001288,1,2024-07-07,1200,7141.97,0.00,EUR,C027
NL01-2024-001288,2,2024-07-07,4000,0.00,5466.45,EUR,C027
NL01-2024-001288,3,2024-07-07,4100,0.00,1675.52,EUR,C027
NL01-2024-001289,1,2024-08-13,1000,7141.97,0.00,EUR,C027
NL01-2024-001289,2,2024-08-13,1200,0.00,7141.97,EUR,C027
NL01-2024-001290,1,2024-07-08,1200,5588.62,0.00,EUR,C037
NL01-2024-001290,2,2024-07-08,4000,0.00,4277.52,EUR,C037
NL01-2024-001290,3,2024-07-08,4100,0.00,1311.10,EUR,C037
NL01-2024-001291,1,2024-07-25,1000,5588.62,0.00,EUR,C037
NL01-2024-001291,2,2024-07-25,1200,0.00,5588.62,EUR,C037
NL01-2024-001292,1,2024-07-29,1200,33879.10,0.00,EUR,C003
NL01-2024-001292,2,2024-07-29,4000,0.00,25931.00,EUR,C003
NL01-2024-001292,3,2024-07-29,4100,0.00,7948.10,EUR,C003
NL01-2024-001293,1,2024-08-29,1000,33879.10,0.00,EUR,C003
NL01-2024-001293,2,2024-08-29,1200,0.00,33879.10,EUR,C003
NL01-2024-001294,1,2024-07-19,1200,4504.14,0.00,EUR,C034
NL01-2024-001294,2,2024-07-19,4000,0.00,3447.46,EUR,C034
NL01-2024-001294,3,2024-07-19,4100,0.00,1056.68,EUR,C034
NL01-2024-001295,1,2024-08-24,1000,4504.14,0.00,EUR,C034
NL01-2024-001295,2,2024-08-24,1200,0.00,4504.14,EUR,C034
NL01-2024-001296,1,2024-07-19,1200,5112.19,0.00,EUR,C011
NL01-2024-001296,2,2024-07-19,4000,0.00,3912.86,EUR,C011
NL01-2024-001296,3,2024-07-19,4100,0.00,1199.33,EUR,C011
NL01-2024-001297,1,2024-08-15,1000,5112.19,0.00,EUR,C011
NL01-2024-001297,2,2024-08-15,1200,0.00,5112.19,EUR,C011
NL01-2024-001298,1,2024-07-17,1200,5809.87,0.00,EUR,C039
NL01-2024-001298,2,2024-07-17,4000,0.00,4446.86,EUR,C039
NL01-2024-001298,3,2024-07-17,4100,0.00,1363.01,EUR,C039
NL01-2024-001299,1,2024-08-25,1000,5809.87,0.00,EUR,C039
NL01-2024-001299,2,2024-08-25,1200,0.00,5809.87,EUR,C039
NL01-2024-001300,1,2024-07-29,1200,9608.44,0.00,EUR,C021
NL01-2024-001300,2,2024-07-29,4000,0.00,7354.28,EUR,C021
NL01-2024-001300,3,2024-07-29,4100,0.00,2254.16,EUR,C021
NL01-2024-001301,1,2024-09-03,1000,9608.44,0.00,EUR,C021
NL01-2024-001301,2,2024-09-03,1200,0.00,9608.44,EUR,C021
NL01-2024-001302,1,2024-07-09,1300,121041.86,0.00,EUR,V005
NL01-2024-001302,2,2024-07-09,2100,0.00,121041.86,EUR,V005
NL01-2024-001303,1,2024-08-01,2100,121041.86,0.00,EUR,V005
NL01-2024-001303,2,2024-08-01,1000,0.00,121041.86,EUR,V005
NL01-2024-001304,1,2024-07-15,1300,68175.38,0.00,EUR,V002
NL01-2024-001304,2,2024-07-15,2100,0.00,68175.38,EUR,V002
NL01-2024-001305,1,2024-08-16,2100,68175.38,0.00,EUR,V002
NL01-2024-001305,2,2024-08-16,1000,0.00,68175.38,EUR,V002
NL01-2024-001306,1,2024-07-12,1300,204434.81,0.00,EUR,V018
NL01-2024-001306,2,2024-07-12,2100,0.00,204434.81,EUR,V018
NL01-2024-001307,1,2024-07-31,2100,204434.81,0.00,EUR,V018
NL01-2024-001307,2,2024-07-31,1000,0.00,204434.81,EUR,V018
NL01-2024-001308,1,2024-07-01,1300,137843.77,0.00,EUR,V022
NL01-2024-001308,2,2024-07-01,2100,0.00,137843.77,EUR,V022
NL01-2024-001309,1,2024-07-31,2100,137843.77,0.00,EUR,V022
NL01-2024-001309,2,2024-07-31,1000,0.00,137843.77,EUR,V022
NL01-2024-001310,1,2024-07-31,5000,492725.99,0.00,EUR,
NL01-2024-001310,2,2024-07-31,1300,0.00,492725.99,EUR,
NL01-2024-001311,1,2024-07-09,6100,52437.28,0.00,EUR,V040
NL01-2024-001311,2,2024-07-09,2100,0.00,52437.28,EUR,V040
NL01-2024-001312,1,2024-08-13,2100,52437.28,0.00,EUR,V040
NL01-2024-001312,2,2024-08-13,1000,0.00,52437.28,EUR,V040
NL01-2024-001313,1,2024-07-07,6200,44263.37,0.00,EUR,V027
NL01-2024-001313,2,2024-07-07,2100,0.00,44263.37,EUR,V027
NL01-2024-001314,1,2024-07-30,2100,44263.37,0.00,EUR,V027
NL01-2024-001314,2,2024-07-30,1000,0.00,44263.37,EUR,V027
NL01-2024-001315,1,2024-07-04,6300,15759.70,0.00,EUR,V058
NL01-2024-001315,2,2024-07-04,2100,0.00,15759.70,EUR,V058
NL01-2024-001316,1,2024-08-13,2100,15759.70,0.00,EUR,V058
NL01-2024-001316,2,2024-08-13,1000,0.00,15759.70,EUR,V058
NL01-2024-001317,1,2024-07-08,6400,20846.71,0.00,EUR,V056
NL01-2024-001317,2,2024-07-08,2100,0.00,20846.71,EUR,V056
NL01-2024-001318,1,2024-07-28,2100,20846.71,0.00,EUR,V056
NL01-2024-001318,2,2024-07-28,1000,0.00,20846.71,EUR,V056
NL01-2024-001319,1,2024-07-25,6000,388266.85,0.00,EUR,
NL01-2024-001319,2,2024-07-25,1000,0.00,388266.85,EUR,
NL01-2024-001320,1,2024-07-31,6900,15625.00,0.00,EUR,
NL01-2024-001320,2,2024-07-31,1590,0.00,15625.00,EUR,
NL01-2024-001321,1,2024-08-10,1200,18052.61,0.00,EUR,C037
NL01-2024-001321,2,2024-08-10,4000,0.00,13633.87,EUR,C037
NL01-2024-001321,3,2024-08-10,4100,0.00,4418.74,EUR,C037
NL01-2024-001322,1,2024-09-21,1000,18052.61,0.00,EUR,C037
NL01-2024-001322,2,2024-09-21,1200,0.00,18052.61,EUR,C037
NL01-2024-001323,1,2024-08-21,1200,17864.04,0.00,EUR,C016
NL01-2024-001323,2,2024-08-21,4000,0.00,13491.46,EUR,C016
NL01-2024-001323,3,2024-08-21,4100,0.00,4372.58,EUR,C016
NL01-2024-001324,1,2024-09-20,1000,17864.04,0.00,EUR,C016
NL01-2024-001324,2,2024-09-20,1200,0.00,17864.04,EUR,C016
NL01-2024-001325,1,2024-08-08,1200,2017.32,0.00,EUR,C021
NL01-2024-001325,2,2024-08-08,4000,0.00,1523.54,EUR,C021
NL01-2024-001325,3,2024-08-08,4100,0.00,493.78,EUR,C021
NL01-2024-001326,1,2024-08-22,1000,2017.32,0.00,EUR,C021
NL01-2024-001326,2,2024-08-22,1200,0.00,2017.32,EUR,C021
NL01-2024-001327,1,2024-08-22,1200,4803.45,0.00,EUR,C033
NL01-2024-001327,2,2024-08-22,4000,0.00,3627.71,EUR,C033
NL01-2024-001327,3,2024-08-22,4100,0.00,1175.74,EUR,C033
NL01-2024-001328,1,2024-09-18,1000,4803.45,0.00,EUR,C033
NL01-2024-001328,2,2024-09-18,1200,0.00,4803.45,EUR,C033
NL01-2024-001329,1,2024-08-01,1200,22951.51,0.00,EUR,C014
NL01-2024-001329,2,2024-08-01,4000,0.00,17333.67,EUR,C014
NL01-2024-001329,3,2024-08-01,4100,0.00,5617.84,EUR,C014
NL01-2024-001330,1,2024-09-07,1000,22951.51,0.00,EUR,C014
NL01-2024-001330,2,2024-09-07,1200,0.00,22951.51,EUR,C014
NL01-2024-001331,1,2024-08-26,1200,23268.02,0.00,EUR,C037
NL01-2024-001331,2,2024-08-26,4000,0.00,17572.71,EUR,C037
NL01-2024-001331,3,2024-08-26,4100,0.00,5695.31,EUR,C037
NL01-2024-001332,1,2024-09-26,1000,23268.02,0.00,EUR,C037
NL01-2024-001332,2,2024-09-26,1200,0.00,23268.02,EUR,C037
NL01-2024-001333,1,2024-08-07,1200,6120.66,0.00,EUR,C038
NL01-2024-001333,2,2024-08-07,4000,0.00,4622.51,EUR,C038
NL01-2024-001333,3,2024-08-07,4100,0.00,1498.15,EUR,C038
NL01-2024-001334,1,2024-09-22,1000,6120.66,0.00,EUR,C038
NL01-2024-001334,2,2024-09-22,1200,0.00,6120.66,EUR,C038
NL01-2024-001335,1,2024-08-21,1200,25411.38,0.00,EUR,C004
NL01-2024-001335,2,2024-08-21,4000,0.00,19191.44,EUR,C004
NL01-2024-001335,3,2024-08-21,4100,0.00,6219.94,EUR,C004
NL01-2024-001336,1,2024-09-24,1000,25411.38,0.00,EUR,C004
NL01-2024-001336,2,2024-09-24,1200,0.00,25411.38,EUR,C004
NL01-2024-001337,1,2024-08-24,1200,23537.25,0.00,EUR,C040
NL01-2024-001337,2,2024-08-24,4000,0.00,17776.04,EUR,C040
NL01-2024-001337,3,2024-08-24,4100,0.00,5761.21,EUR,C040
NL01-2024-001338,1,2024-09-07,1000,23537.25,0.00,EUR,C040
NL01-2024-001338,2,2024-09-07,1200,0.00,23537.25,EUR,C040
NL01-2024-001339,1,2024-08-05,1200,10704.65,0.00,EUR,C021
NL01-2024-001339,2,2024-08-05,4000,0.00,8084.47,EUR,C021
NL01-2024-001339,3,2024-08-05,4100,0.00,2620.18,EUR,C021
NL01-2024-001340,1,2024-09-08,1000,10704.65,0.00,EUR,C021
NL01-2024-001340,2,2024-09-08,1200,0.00,10704.65,EUR,C021
NL01-2024-001341,1,2024-08-15,1200,13815.59,0.00,EUR,C010
NL01-2024-001341,2,2024-08-15,4000,0.00,10433.95,EUR,C010
NL01-2024-001341,3,2024-08-15,4100,0.00,3381.64,EUR,C010
NL01-2024-001342,1,2024-10-09,1000,13815.59,0.00,EUR,C010
NL01-2024-001342,2,2024-10-09,1200,0.00,13815.59,EUR,C010
NL01-2024-001343,1,2024-08-10,1200,14870.66,0.00,EUR,C025
NL01-2024-001343,2,2024-08-10,4000,0.00,11230.77,EUR,C025
NL01-2024-001343,3,2024-08-10,4100,0.00,3639.89,EUR,C025
NL01-2024-001344,1,2024-08-28,1000,14870.66,0.00,EUR,C025
NL01-2024-001344,2,2024-08-28,1200,0.00,14870.66,EUR,C025
NL01-2024-001345,1,2024-08-17,1200,4605.07,0.00,EUR,C020
NL01-2024-001345,2,2024-08-17,4000,0.00,3477.89,EUR,C020
NL01-2024-001345,3,2024-08-17,4100,0.00,1127.18,EUR,C020
NL01-2024-001346,1,2024-10-04,1000,4605.07,0.00,EUR,C020
NL01-2024-001346,2,2024-10-04,1200,0.00,4605.07,EUR,C020
NL01-2024-001347,1,2024-08-06,1200,6367.88,0.00,EUR,C012
NL01-2024-001347,2,2024-08-06,4000,0.00,4809.21,EUR,C012
NL01-2024-001347,3,2024-08-06,4100,0.00,1558.67,EUR,C012
NL01-2024-001348,1,2024-09-05,1000,6367.88,0.00,EUR,C012
NL01-2024-001348,2,2024-09-05,1200,0.00,6367.88,EUR,C012
NL01-2024-001349,1,2024-08-11,1200,4259.88,0.00,EUR,C038
NL01-2024-001349,2,2024-08-11,4000,0.00,3217.19,EUR,C038
NL01-2024-001349,3,2024-08-11,4100,0.00,1042.69,EUR,C038
NL01-2024-001350,1,2024-10-26,1000,4259.88,0.00,EUR,C038
NL01-2024-001350,2,2024-10-26,1200,0.00,4259.88,EUR,C038
NL01-2024-001351,1,2024-08-17,1200,19972.10,0.00,EUR,C025
NL01-2024-001351,2,2024-08-17,4000,0.00,15083.53,EUR,C025
NL01-2024-001351,3,2024-08-17,4100,0.00,4888.57,EUR,C025
NL01-2024-001352,1,2024-09-15,1000,19972.10,0.00,EUR,C025
NL01-2024-001352,2,2024-09-15,1200,0.00,19972.10,EUR,C025
NL01-2024-001353,1,2024-08-06,1200,30535.73,0.00,EUR,C039
NL01-2024-001353,2,2024-08-06,4000,0.00,23061.50,EUR,C039
NL01-2024-001353,3,2024-08-06,4100,0.00,7474.23,EUR,C039
NL01-2024-001354,1,2024-08-24,1000,30535.73,0.00,EUR,C039
NL01-2024-001354,2,2024-08-24,1200,0.00,30535.73,EUR,C039
NL01-2024-001355,1,2024-08-18,1200,1783.43,0.00,EUR,C039
NL01-2024-001355,2,2024-08-18,4000,0.00,1346.90,EUR,C039
NL01-2024-001355,3,2024-08-18,4100,0.00,436.53,EUR,C039
NL01-2024-001356,1,2024-09-25,1000,1783.43,0.00,EUR,C039
NL01-2024-001356,2,2024-09-25,1200,0.00,1783.43,EUR,C039
NL01-2024-001357,1,2024-08-20,1200,2254.50,0.00,EUR,C012
NL01-2024-001357,2,2024-08-20,4000,0.00,1702.67,EUR,C012
NL01-2024-001357,3,2024-08-20,4100,0.00,551.83,EUR,C012
NL01-2024-001358,1,2024-10-05,1000,2254.50,0.00,EUR,C012
NL01-2024-001358,2,2024-10-05,1200,0.00,2254.50,EUR,C012
NL01-2024-001359,1,2024-08-29,1200,1256.87,0.00,EUR,C026
NL01-2024-001359,2,2024-08-29,4000,0.00,949.23,EUR,C026
NL01-2024-001359,3,2024-08-29,4100,0.00,307.64,EUR,C026
NL01-2024-001360,1,2024-10-04,1000,1256.87,0.00,EUR,C026
NL01-2024-001360,2,2024-10-04,1200,0.00,1256.87,EUR,C026
NL01-2024-001361,1,2024-08-13,1200,2811.93,0.00,EUR,C025
NL01-2024-001361,2,2024-08-13,4000,0.00,2123.65,EUR,C025
NL01-2024-001361,3,2024-08-13,4100,0.00,688.28,EUR,C025
NL01-2024-001362,1,2024-09-11,1000,2811.93,0.00,EUR,C025
NL01-2024-001362,2,2024-09-11,1200,0.00,2811.93,EUR,C025
NL01-2024-001363,1,2024-08-24,1200,24640.95,0.00,EUR,C024
NL01-2024-001363,2,2024-08-24,4000,0.00,18609.59,EUR,C024
NL01-2024-001363,3,2024-08-24,4100,0.00,6031.36,EUR,C024
NL01-2024-001364,1,2024-09-30,1000,24640.95,0.00,EUR,C024
NL01-2024-001364,2,2024-09-30,1200,0.00,24640.95,EUR,C024
NL01-2024-001365,1,2024-08-11,1200,29779.21,0.00,EUR,C029
NL01-2024-001365,2,2024-08-11,4000,0.00,22490.16,EUR,C029
NL01-2024-001365,3,2024-08-11,4100,0.00,7289.05,EUR,C029
NL01-2024-001366,1,2024-09-28,1000,29779.21,0.00,EUR,C029
NL01-2024-001366,2,2024-09-28,1200,0.00,29779.21,EUR,C029
NL01-2024-001367,1,2024-08-16,1200,19877.64,0.00,EUR,C005
NL01-2024-001367,2,2024-08-16,4000,0.00,15012.19,EUR,C005
NL01-2024-001367,3,2024-08-16,4100,0.00,4865.45,EUR,C005
NL01-2024-001368,1,2024-09-24,1000,19877.64,0.00,EUR,C005
NL01-2024-001368,2,2024-09-24,1200,0.00,19877.64,EUR,C005
NL01-2024-001369,1,2024-08-01,1200,7172.67,0.00,EUR,C014
NL01-2024-001369,2,2024-08-01,4000,0.00,5417.02,EUR,C014
NL01-2024-001369,3,2024-08-01,4100,0.00,1755.65,EUR,C014
NL01-2024-001370,1,2024-09-02,1000,7172.67,0.00,EUR,C014
NL01-2024-001370,2,2024-09-02,1200,0.00,7172.67,EUR,C014
NL01-2024-001371,1,2024-08-02,1200,2571.19,0.00,EUR,C037
NL01-2024-001371,2,2024-08-02,4000,0.00,1941.84,EUR,C037
NL01-2024-001371,3,2024-08-02,4100,0.00,629.35,EUR,C037
NL01-2024-001372,1,2024-09-19,1000,2571.19,0.00,EUR,C037
NL01-2024-001372,2,2024-09-19,1200,0.00,2571.19,EUR,C037
NL01-2024-001373,1,2024-08-02,1200,6098.14,0.00,EUR,C022
NL01-2024-001373,2,2024-08-02,4000,0.00,4605.50,EUR,C022
NL01-2024-001373,3,2024-08-02,4100,0.00,1492.64,EUR,C022
NL01-2024-001374,1,2024-08-27,1000,6098.14,0.00,EUR,C022
NL01-2024-001374,2,2024-08-27,1200,0.00,6098.14,EUR,C022
NL01-2024-001375,1,2024-08-27,1200,1723.07,0.00,EUR,C024
NL01-2024-001375,2,2024-08-27,4000,0.00,1301.31,EUR,C024
NL01-2024-001375,3,2024-08-27,4100,0.00,421.76,EUR,C024
NL01-2024-001376,1,2024-09-23,1000,1723.07,0.00,EUR,C024
NL01-2024-001376,2,2024-09-23,1200,0.00,1723.07,EUR,C024
NL01-2024-001377,1,2024-08-03,1200,7330.26,0.00,EUR,C037
NL01-2024-001377,2,2024-08-03,4000,0.00,5536.03,EUR,C037
NL01-2024-001377,3,2024-08-03,4100,0.00,1794.23,EUR,C037
NL01-2024-001378,1,2024-09-19,1000,7330.26,0.00,EUR,C037
NL01-2024-001378,2,2024-09-19,1200,0.00,7330.26,EUR,C037
NL01-2024-001379,1,2024-08-28,1200,15272.18,0.00,EUR,C029
NL01-2024-001379,2,2024-08-28,4000,0.00,11534.01,EUR,C029
NL01-2024-001379,3,2024-08-28,4100,0.00,3738.17,EUR,C029
NL01-2024-001380,1,2024-10-05,1000,15272.18,0.00,EUR,C029
NL01-2024-001380,2,2024-10-05,1200,0.00,15272.18,EUR,C029
NL01-2024-001381,1,2024-08-20,1200,37713.81,0.00,EUR,C013
NL01-2024-001381,2,2024-08-20,4000,0.00,28482.60,EUR,C013
NL01-2024-001381,3,2024-08-20,4100,0.00,9231.21,EUR,C013
NL01-2024-001382,1,2024-09-06,1000,37713.81,0.00,EUR,C013
NL01-2024-001382,2,2024-09-06,1200,0.00,37713.81,EUR,C013
NL01-2024-001383,1,2024-08-24,1200,21285.44,0.00,EUR,C010
NL01-2024-001383,2,2024-08-24,4000,0.00,16075.40,EUR,C010
NL01-2024-001383,3,2024-08-24,4100,0.00,5210.04,EUR,C010
NL01-2024-001384,1,2024-10-20,1000,21285.44,0.00,EUR,C010
NL01-2024-001384,2,2024-10-20,1200,0.00,21285.44,EUR,C010
NL01-2024-001385,1,2024-08-14,1200,2499.53,0.00,EUR,C029
NL01-2024-001385,2,2024-08-14,4000,0.00,1887.72,EUR,C029
NL01-2024-001385,3,2024-08-14,4100,0.00,611.81,EUR,C029
NL01-2024-001386,1,2024-09-13,1000,2499.53,0.00,EUR,C029
NL01-2024-001386,2,2024-09-13,1200,0.00,2499.53,EUR,C029
NL01-2024-001387,1,2024-08-12,1200,5283.89,0.00,EUR,C011
NL01-2024-001387,2,2024-08-12,4000,0.00,3990.55,EUR,C011
NL01-2024-001387,3,2024-08-12,4100,0.00,1293.34,EUR,C011
NL01-2024-001388,1,2024-09-17,1000,5283.89,0.00,EUR,C011
NL01-2024-001388,2,2024-09-17,1200,0.00,5283.89,EUR,C011
NL01-2024-001389,1,2024-08-08,1200,65301.13,0.00,EUR,C003
NL01-2024-001389,2,2024-08-08,4000,0.00,49317.38,EUR,C003
NL01-2024-001389,3,2024-08-08,4100,0.00,15983.75,EUR,C003
NL01-2024-001390,1,2024-10-28,1000,65301.13,0.00,EUR,C003
NL01-2024-001390,2,2024-10-28,1200,0.00,65301.13,EUR,C003
NL01-2024-001391,1,2024-08-12,1200,4581.45,0.00,EUR,C040
NL01-2024-001391,2,2024-08-12,4000,0.00,3460.05,EUR,C040
NL01-2024-001391,3,2024-08-12,4100,0.00,1121.40,EUR,C040
NL01-2024-001392,1,2024-09-07,1000,4581.45,0.00,EUR,C040
NL01-2024-001392,2,2024-09-07,1200,0.00,4581.45,EUR,C040
NL01-2024-001393,1,2024-08-18,1200,2844.53,0.00,EUR,C020
NL01-2024-001393,2,2024-08-18,4000,0.00,2148.27,EUR,C020
NL01-2024-001393,3,2024-08-18,4100,0.00,696.26,EUR,C020
NL01-2024-001394,1,2024-09-10,1000,2844.53,0.00,EUR,C020
NL01-2024-001394,2,2024-09-10,1200,0.00,2844.53,EUR,C020
NL01-2024-001395,1,2024-08-13,1200,3353.56,0.00,EUR,C025
NL01-2024-001395,2,2024-08-13,4000,0.00,2532.71,EUR,C025
NL01-2024-001395,3,2024-08-13,4100,0.00,820.85,EUR,C025
NL01-2024-001396,1,2024-09-02,1000,3353.56,0.00,EUR,C025
NL01-2024-001396,2,2024-09-02,1200,0.00,3353.56,EUR,C025
NL01-2024-001397,1,2024-08-01,1200,15471.69,0.00,EUR,C014
NL01-2024-001397,2,2024-08-01,4000,0.00,11684.69,EUR,C014
NL01-2024-001397,3,2024-08-01,4100,0.00,3787.00,EUR,C014
NL01-2024-001398,1,2024-09-08,1000,15471.69,0.00,EUR,C014
NL01-2024-001398,2,2024-09-08,1200,0.00,15471.69,EUR,C014
NL01-2024-001399,1,2024-08-16,1200,13351.65,0.00,EUR,C011
NL01-2024-001399,2,2024-08-16,4000,0.00,10083.57,EUR,C011
NL01-2024-001399,3,2024-08-16,4100,0.00,3268.08,EUR,C011
NL01-2024-001400,1,2024-09-17,1000,13351.65,0.00,EUR,C011
NL01-2024-001400,2,2024-09-17,1200,0.00,13351.65,EUR,C011
NL01-2024-001401,1,2024-08-06,1200,16240.74,0.00,EUR,C023
NL01-2024-001401,2,2024-08-06,4000,0.00,12265.50,EUR,C023
NL01-2024-001401,3,2024-08-06,4100,0.00,3975.24,EUR,C023
NL01-2024-001402,1,2024-10-07,1000,16240.74,0.00,EUR,C023
NL01-2024-001402,2,2024-10-07,1200,0.00,16240.74,EUR,C023
NL01-2024-001403,1,2024-08-16,1200,6168.61,0.00,EUR,C020
NL01-2024-001403,2,2024-08-16,4000,0.00,4658.72,EUR,C020
NL01-2024-001403,3,2024-08-16,4100,0.00,1509.89,EUR,C020
NL01-2024-001404,1,2024-09-19,1000,6168.61,0.00,EUR,C020
NL01-2024-001404,2,2024-09-19,1200,0.00,6168.61,EUR,C020
NL01-2024-001405,1,2024-08-21,1200,5600.71,0.00,EUR,C025
NL01-2024-001405,2,2024-08-21,4000,0.00,4229.82,EUR,C025
NL01-2024-001405,3,2024-08-21,4100,0.00,1370.89,EUR,C025
NL01-2024-001406,1,2024-09-12,1000,5600.71,0.00,EUR,C025
NL01-2024-001406,2,2024-09-12,1200,0.00,5600.71,EUR,C025
NL01-2024-001407,1,2024-08-11,1200,5200.17,0.00,EUR,C027
NL01-2024-001407,2,2024-08-11,4000,0.00,3927.32,EUR,C027
NL01-2024-001407,3,2024-08-11,4100,0.00,1272.85,EUR,C027
NL01-2024-001408,1,2024-09-08,1000,5200.17,0.00,EUR,C027
NL01-2024-001408,2,2024-09-08,1200,0.00,5200.17,EUR,C027
NL01-2024-001409,1,2024-08-05,1200,6048.31,0.00,EUR,C040
NL01-2024-001409,2,2024-08-05,4000,0.00,4567.87,EUR,C040
NL01-2024-001409,3,2024-08-05,4100,0.00,1480.44,EUR,C040
NL01-2024-001410,1,2024-09-11,1000,6048.31,0.00,EUR,C040
NL01-2024-001410,2,2024-09-11,1200,0.00,6048.31,EUR,C040
NL01-2024-001411,1,2024-08-26,1200,5018.61,0.00,EUR,C004
NL01-2024-001411,2,2024-08-26,4000,0.00,3790.21,EUR,C004
NL01-2024-001411,3,2024-08-26,4100,0.00,1228.40,EUR,C004
NL01-2024-001412,1,2024-10-06,1000,5018.61,0.00,EUR,C004
NL01-2024-001412,2,2024-10-06,1200,0.00,5018.61,EUR,C004
NL01-2024-001413,1,2024-08-22,1200,17395.48,0.00,EUR,C012
NL01-2024-001413,2,2024-08-22,4000,0.00,13137.59,EUR,C012
NL01-2024-001413,3,2024-08-22,4100,0.00,4257.89,EUR,C012
NL01-2024-001414,1,2024-09-25,1000,17395.48,0.00,EUR,C012
NL01-2024-001414,2,2024-09-25,1200,0.00,17395.48,EUR,C012
NL01-2024-001415,1,2024-08-29,1200,18658.62,0.00,EUR,C029
NL01-2024-001415,2,2024-08-29,4000,0.00,14091.55,EUR,C029
NL01-2024-001415,3,2024-08-29,4100,0.00,4567.07,EUR,C029
NL01-2024-001416,1,2024-10-12,1000,18658.62,0.00,EUR,C029
NL01-2024-001416,2,2024-10-12,1200,0.00,18658.62,EUR,C029
NL01-2024-001417,1,2024-08-15,1200,7494.75,0.00,EUR,C010
NL01-2024-001417,2,2024-08-15,4000,0.00,5660.26,EUR,C010
NL01-2024-001417,3,2024-08-15,4100,0.00,1834.49,EUR,C010
NL01-2024-001418,1,2024-10-03,1000,7494.75,0.00,EUR,C010
NL01-2024-001418,2,2024-10-03,1200,0.00,7494.75,EUR,C010
NL01-2024-001419,1,2024-08-13,1200,7798.27,0.00,EUR,C026
NL01-2024-001419,2,2024-08-13,4000,0.00,5889.49,EUR,C026
NL01-2024-001419,3,2024-08-13,4100,0.00,1908.78,EUR,C026
NL01-2024-001420,1,2024-09-18,1000,7798.27,0.00,EUR,C026
NL01-2024-001420,2,2024-09-18,1200,0.00,7798.27,EUR,C026
NL01-2024-001421,1,2024-08-31,1200,10485.34,0.00,EUR,C008
NL01-2024-001421,2,2024-08-31,4000,0.00,7918.84,EUR,C008
NL01-2024-001421,3,2024-08-31,4100,0.00,2566.50,EUR,C008
NL01-2024-001422,1,2024-09-27,1000,10485.34,0.00,EUR,C008
NL01-2024-001422,2,2024-09-27,1200,0.00,10485.34,EUR,C008
NL01-2024-001423,1,2024-08-08,1200,3246.18,0.00,EUR,C026
NL01-2024-001423,2,2024-08-08,4000,0.00,2451.61,EUR,C026
NL01-2024-001423,3,2024-08-08,4100,0.00,794.57,EUR,C026
NL01-2024-001424,1,2024-09-04,1000,3246.18,0.00,EUR,C026
NL01-2024-001424,2,2024-09-04,1200,0.00,3246.18,EUR,C026
NL01-2024-001425,1,2024-08-23,1200,27933.21,0.00,EUR,C030
NL01-2024-001425,2,2024-08-23,4000,0.00,21096.00,EUR,C030
NL01-2024-001425,3,2024-08-23,4100,0.00,6837.21,EUR,C030
NL01-2024-001426,1,2024-09-30,1000,27933.21,0.00,EUR,C030
NL01-2024-001426,2,2024-09-30,1200,0.00,27933.21,EUR,C030
NL01-2024-001427,1,2024-08-17,1200,4176.21,0.00,EUR,C035
NL01-2024-001427,2,2024-08-17,4000,0.00,3154.00,EUR,C035
NL01-2024-001427,3,2024-08-17,4100,0.00,1022.21,EUR,C035
NL01-2024-001428,1,2024-09-10,1000,4176.21,0.00,EUR,C035
NL01-2024-001428,2,2024-09-10,1200,0.00,4176.21,EUR,C035
NL01-2024-001429,1,2024-08-13,1200,838.34,0.00,EUR,C034
NL01-2024-001429,2,2024-08-13,4000,0.00,633.14,EUR,C034
NL01-2024-001429,3,2024-08-13,4100,0.00,205.20,EUR,C034
NL01-2024-001430,1,2024-09-15,1000,838.34,0.00,EUR,C034
NL01-2024-001430,2,2024-09-15,1200,0.00,838.34,EUR,C034
NL01-2024-001431,1,2024-08-26,1200,5095.48,0.00,EUR,C023
NL01-2024-001431,2,2024-08-26,4000,0.00,3848.26,EUR,C023
NL01-2024-001431,3,2024-08-26,4100,0.00,1247.22,EUR,C023
NL01-2024-001432,1,2024-09-20,1000,5095.48,0.00,EUR,C023
NL01-2024-001432,2,2024-09-20,1200,0.00,5095.48,EUR,C023
NL01-2024-001433,1,2024-08-27,1200,32109.87,0.00,EUR,C003
NL01-2024-001433,2,2024-08-27,4000,0.00,24250.34,EUR,C003
NL01-2024-001433,3,2024-08-27,4100,0.00,7859.53,EUR,C003
NL01-2024-001434,1,2024-09-15,1000,32109.87,0.00,EUR,C003
NL01-2024-001434,2,2024-09-15,1200,0.00,32109.87,EUR,C003
NL01-2024-001435,1,2024-08-12,1200,12316.56,0.00,EUR,C001
NL01-2024-001435,2,2024-08-12,4000,0.00,9301.84,EUR,C001
NL01-2024-001435,3,2024-08-12,4100,0.00,3014.72,EUR,C001
NL01-2024-001436,1,2024-08-29,1000,12316.56,0.00,EUR,C001
NL01-2024-001436,2,2024-08-29,1200,0.00,12316.56,EUR,C001
NL01-2024-001437,1,2024-08-09,1200,3948.51,0.00,EUR,C028
NL01-2024-001437,2,2024-08-09,4000,0.00,2982.03,EUR,C028
NL01-2024-001437,3,2024-08-09,4100,0.00,966.48,EUR,C028
NL01-2024-001438,1,2024-09-05,1000,3948.51,0.00,EUR,C028
NL01-2024-001438,2,2024-09-05,1200,0.00,3948.51,EUR,C028
NL01-2024-001439,1,2024-08-22,1200,13485.70,0.00,EUR,C013
NL01-2024-001439,2,2024-08-22,4000,0.00,10184.81,EUR,C013
NL01-2024-001439,3,2024-08-22,4100,0.00,3300.89,EUR,C013
NL01-2024-001440,1,2024-09-21,1000,13485.70,0.00,EUR,C013
NL01-2024-001440,2,2024-09-21,1200,0.00,13485.70,EUR,C013
NL01-2024-001441,1,2024-08-21,1200,19726.87,0.00,EUR,C007
NL01-2024-001441,2,2024-08-21,4000,0.00,14898.33,EUR,C007
NL01-2024-001441,3,2024-08-21,4100,0.00,4828.54,EUR,C007
NL01-2024-001442,1,2024-09-09,1000,19726.87,0.00,EUR,C007
NL01-2024-001442,2,2024-09-09,1200,0.00,19726.87,EUR,C007
NL01-2024-001443,1,2024-08-06,1200,12562.95,0.00,EUR,C033
NL01-2024-001443,2,2024-08-06,4000,0.00,9487.92,EUR,C033
NL01-2024-001443,3,2024-08-06,4100,0.00,3075.03,EUR,C033
NL01-2024-001444,1,2024-09-11,1000,12562.95,0.00,EUR,C033
NL01-2024-001444,2,2024-09-11,1200,0.00,12562.95,EUR,C033
NL01-2024-001445,1,2024-08-20,1200,10504.59,0.00,EUR,C014
NL01-2024-001445,2,2024-08-20,4000,0.00,7933.38,EUR,C014
NL01-2024-001445,3,2024-08-20,4100,0.00,2571.21,EUR,C014
NL01-2024-001446,1,2024-09-21,1000,10504.59,0.00,EUR,C014
NL01-2024-001446,2,2024-09-21,1200,0.00,10504.59,EUR,C014
NL01-2024-001447,1,2024-08-19,1200,2790.67,0.00,EUR,C039
NL01-2024-001447,2,2024-08-19,4000,0.00,2107.60,EUR,C039
NL01-2024-001447,3,2024-08-19,4100,0.00,683.07,EUR,C039
NL01-2024-001448,1,2024-09-16,1000,2790.67,0.00,EUR,C039
NL01-2024-001448,2,2024-09-16,1200,0.00,2790.67,EUR,C039
NL01-2024-001449,1,2024-08-10,1200,4480.32,0.00,EUR,C036
NL01-2024-001449,2,2024-08-10,4000,0.00,3383.67,EUR,C036
NL01-2024-001449,3,2024-08-10,4100,0.00,1096.65,EUR,C036
NL01-2024-001450,1,2024-08-25,1000,4480.32,0.00,EUR,C036
NL01-2024-001450,2,2024-08-25,1200,0.00,4480.32,EUR,C036
NL01-2024-001451,1,2024-08-04,1200,7824.49,0.00,EUR,C018
NL01-2024-001451,2,2024-08-04,4000,0.00,5909.29,EUR,C018
NL01-2024-001451,3,2024-08-04,4100,0.00,1915.20,EUR,C018
NL01-2024-001452,1,2024-09-04,1000,7824.49,0.00,EUR,C018
NL01-2024-001452,2,2024-09-04,1200,0.00,7824.49,EUR,C018
NL01-2024-001453,1,2024-08-01,1200,12093.51,0.00,EUR,C033
NL01-2024-001453,2,2024-08-01,4000,0.00,9133.38,EUR,C033
NL01-2024-001453,3,2024-08-01,4100,0.00,2960.13,EUR,C033
NL01-2024-001454,1,2024-08-20,1000,12093.51,0.00,EUR,C033
NL01-2024-001454,2,2024-08-20,1200,0.00,12093.51,EUR,C033
NL01-2024-001455,1,2024-08-25,1200,11216.11,0.00,EUR,C018
NL01-2024-001455,2,2024-08-25,4000,0.00,8470.74,EUR,C018
NL01-2024-001455,3,2024-08-25,4100,0.00,2745.37,EUR,C018
NL01-2024-001456,1,2024-09-25,1000,11216.11,0.00,EUR,C018
NL01-2024-001456,2,2024-09-25,1200,0.00,11216.11,EUR,C018
NL01-2024-001457,1,2024-08-16,1200,8402.99,0.00,EUR,C040
NL01-2024-001457,2,2024-08-16,4000,0.00,6346.19,EUR,C040
NL01-2024-001457,3,2024-08-16,4100,0.00,2056.80,EUR,C040
NL01-2024-001458,1,2024-09-10,1000,8402.99,0.00,EUR,C040
NL01-2024-001458,2,2024-09-10,1200,0.00,8402.99,EUR,C040
NL01-2024-001459,1,2024-08-03,1200,38038.74,0.00,EUR,C012
NL01-2024-001459,2,2024-08-03,4000,0.00,28728.00,EUR,C012
NL01-2024-001459,3,2024-08-03,4100,0.00,9310.74,EUR,C012
NL01-2024-001460,1,2024-09-14,1000,38038.74,0.00,EUR,C012
NL01-2024-001460,2,2024-09-14,1200,0.00,38038.74,EUR,C012
NL01-2024-001461,1,2024-08-18,1200,11503.55,0.00,EUR,C032
NL01-2024-001461,2,2024-08-18,4000,0.00,8687.83,EUR,C032
NL01-2024-001461,3,2024-08-18,4100,0.00,2815.72,EUR,C032
NL01-2024-001462,1,2024-09-14,1000,11503.55,0.00,EUR,C032
NL01-2024-001462,2,2024-09-14,1200,0.00,11503.55,EUR,C032
NL01-2024-001463,1,2024-08-13,1200,5614.42,0.00,EUR,C024
NL01-2024-001463,2,2024-08-13,4000,0.00,4240.18,EUR,C024
NL01-2024-001463,3,2024-08-13,4100,0.00,1374.24,EUR,C024
NL01-2024-001464,1,2024-09-01,1000,5614.42,0.00,EUR,C024
NL01-2024-001464,2,2024-09-01,1200,0.00,5614.42,EUR,C024
NL01-2024-001465,1,2024-08-26,1200,22805.01,0.00,EUR,C027
NL01-2024-001465,2,2024-08-26,4000,0.00,17223.03,EUR,C027
NL01-2024-001465,3,2024-08-26,4100,0.00,5581.98,EUR,C027
NL01-2024-001466,1,2024-09-20,1000,22805.01,0.00,EUR,C027
NL01-2024-001466,2,2024-09-20,1200,0.00,22805.01,EUR,C027
NL01-2024-001467,1,2024-08-11,1200,14744.77,0.00,EUR,C029
NL01-2024-001467,2,2024-08-11,4000,0.00,11135.69,EUR,C029
NL01-2024-001467,3,2024-08-11,4100,0.00,3609.08,EUR,C029
NL01-2024-001468,1,2024-09-09,1000,14744.77,0.00,EUR,C029
NL01-2024-001468,2,2024-09-09,1200,0.00,14744.77,EUR,C029
NL01-2024-001469,1,2024-08-17,1200,9294.03,0.00,EUR,C004
NL01-2024-001469,2,2024-08-17,4000,0.00,7019.13,EUR,C004
NL01-2024-001469,3,2024-08-17,4100,0.00,2274.90,EUR,C004
NL01-2024-001470,1,2024-09-28,1000,9294.03,0.00,EUR,C004
NL01-2024-001470,2,2024-09-28,1200,0.00,9294.03,EUR,C004
NL01-2024-001471,1,2024-08-29,1200,8953.39,0.00,EUR,C037
NL01-2024-001471,2,2024-08-29,4000,0.00,6761.87,EUR,C037
NL01-2024-001471,3,2024-08-29,4100,0.00,2191.52,EUR,C037
NL01-2024-001472,1,2024-10-31,1000,8953.39,0.00,EUR,C037
NL01-2024-001472,2,2024-10-31,1200,0.00,8953.39,EUR,C037
NL01-2024-001473,1,2024-08-27,1200,4894.03,0.00,EUR,C033
NL01-2024-001473,2,2024-08-27,4000,0.00,3696.12,EUR,C033
NL01-2024-001473,3,2024-08-27,4100,0.00,1197.91,EUR,C033
NL01-2024-001474,1,2024-10-16,1000,4894.03,0.00,EUR,C033
NL01-2024-001474,2,2024-10-16,1200,0.00,4894.03,EUR,C033
NL01-2024-001475,1,2024-08-12,1200,32808.08,0.00,EUR,C019
NL01-2024-001475,2,2024-08-12,4000,0.00,24777.65,EUR,C019
NL01-2024-001475,3,2024-08-12,4100,0.00,8030.43,EUR,C019
NL01-2024-001476,1,2024-09-10,1000,32808.08,0.00,EUR,C019
NL01-2024-001476,2,2024-09-10,1200,0.00,32808.08,EUR,C019
NL01-2024-001477,1,2024-08-02,1200,7641.81,0.00,EUR,C030
NL01-2024-001477,2,2024-08-02,4000,0.00,5771.32,EUR,C030
NL01-2024-001477,3,2024-08-02,4100,0.00,1870.49,EUR,C030
NL01-2024-001478,1,2024-09-24,1000,7641.81,0.00,EUR,C030
NL01-2024-001478,2,2024-09-24,1200,0.00,7641.81,EUR,C030
NL01-2024-001479,1,2024-08-21,1200,13775.40,0.00,EUR,C014
NL01-2024-001479,2,2024-08-21,4000,0.00,10403.60,EUR,C014
NL01-2024-001479,3,2024-08-21,4100,0.00,3371.80,EUR,C014
NL01-2024-001480,1,2024-10-14,1000,13775.40,0.00,EUR,C014
NL01-2024-001480,2,2024-10-14,1200,0.00,13775.40,EUR,C014
NL01-2024-001481,1,2024-08-18,1200,5114.85,0.00,EUR,C040
NL01-2024-001481,2,2024-08-18,4000,0.00,3862.89,EUR,C040
NL01-2024-001481,3,2024-08-18,4100,0.00,1251.96,EUR,C040
NL01-2024-001482,1,2024-09-02,1000,5114.85,0.00,EUR,C040
NL01-2024-001482,2,2024-09-02,1200,0.00,5114.85,EUR,C040
NL01-2024-001483,1,2024-08-16,1200,1541.50,0.00,EUR,C004
NL01-2024-001483,2,2024-08-16,4000,0.00,1164.19,EUR,C004
NL01-2024-001483,3,2024-08-16,4100,0.00,377.31,EUR,C004
NL01-2024-001484,1,2024-09-11,1000,1541.50,0.00,EUR,C004
NL01-2024-001484,2,2024-09-11,1200,0.00,1541.50,EUR,C004
NL01-2024-001485,1,2024-08-25,1200,3826.39,0.00,EUR,C001
NL01-2024-001485,2,2024-08-25,4000,0.00,2889.80,EUR,C001
NL01-2024-001485,3,2024-08-25,4100,0.00,936.59,EUR,C001
NL01-2024-001486,1,2024-09-13,1000,3826.39,0.00,EUR,C001
NL01-2024-001486,2,2024-09-13,1200,0.00,3826.39,EUR,C001
NL01-2024-001487,1,2024-08-07,1200,25853.41,0.00,EUR,C019
NL01-2024-001487,2,2024-08-07,4000,0.00,19525.27,EUR,C019
NL01-2024-001487,3,2024-08-07,4100,0.00,6328.14,EUR,C019
NL01-2024-001488,1,2024-09-19,1000,25853.41,0.00,EUR,C019
NL01-2024-001488,2,2024-09-19,1200,0.00,25853.41,EUR,C019
NL01-2024-001489,1,2024-08-19,1300,32637.97,0.00,EUR,V018
NL01-2024-001489,2,2024-08-19,2100,0.00,32637.97,EUR,V018
NL01-2024-001490,1,2024-09-11,2100,32637.97,0.00,EUR,V018
NL01-2024-001490,2,2024-09-11,1000,0.00,32637.97,EUR,V018
NL01-2024-001491,1,2024-08-17,1300,130374.25,0.00,EUR,V015
NL01-2024-001491,2,2024-08-17,2100,0.00,130374.25,EUR,V015
NL01-2024-001492,1,2024-09-11,2100,130374.25,0.00,EUR,V015
NL01-2024-001492,2,2024-09-11,1000,0.00,130374.25,EUR,V015
NL01-2024-001493,1,2024-08-06,1300,279778.86,0.00,EUR,V017
NL01-2024-001493,2,2024-08-06,2100,0.00,279778.86,EUR,V017
NL01-2024-001494,1,2024-09-05,2100,279778.86,0.00,EUR,V017
NL01-2024-001494,2,2024-09-05,1000,0.00,279778.86,EUR,V017
NL01-2024-001495,1,2024-08-12,1300,32981.51,0.00,EUR,V013
NL01-2024-001495,2,2024-08-12,2100,0.00,32981.51,EUR,V013
NL01-2024-001496,1,2024-09-10,2100,32981.51,0.00,EUR,V013
NL01-2024-001496,2,2024-09-10,1000,0.00,32981.51,EUR,V013
NL01-2024-001497,1,2024-08-31,5000,474970.00,0.00,EUR,
NL01-2024-001497,2,2024-08-31,1300,0.00,474970.00,EUR,
NL01-2024-001498,1,2024-08-05,6100,44607.88,0.00,EUR,V034
NL01-2024-001498,2,2024-08-05,2100,0.00,44607.88,EUR,V034
NL01-2024-001499,1,2024-08-30,2100,44607.88,0.00,EUR,V034
NL01-2024-001499,2,2024-08-30,1000,0.00,44607.88,EUR,V034
NL01-2024-001500,1,2024-08-17,6200,38368.15,0.00,EUR,V030
NL01-2024-001500,2,2024-08-17,2100,0.00,38368.15,EUR,V030
NL01-2024-001501,1,2024-09-10,2100,38368.15,0.00,EUR,V030
NL01-2024-001501,2,2024-09-10,1000,0.00,38368.15,EUR,V030
NL01-2024-001502,1,2024-08-17,6300,14377.20,0.00,EUR,V029
NL01-2024-001502,2,2024-08-17,2100,0.00,14377.20,EUR,V029
NL01-2024-001503,1,2024-09-14,2100,14377.20,0.00,EUR,V029
NL01-2024-001503,2,2024-09-14,1000,0.00,14377.20,EUR,V029
NL01-2024-001504,1,2024-08-14,6400,21788.57,0.00,EUR,V029
NL01-2024-001504,2,2024-08-14,2100,0.00,21788.57,EUR,V029
NL01-2024-001505,1,2024-09-15,2100,21788.57,0.00,EUR,V029
NL01-2024-001505,2,2024-09-15,1000,0.00,21788.57,EUR,V029
NL01-2024-001506,1,2024-08-25,6000,384589.03,0.00,EUR,
NL01-2024-001506,2,2024-08-25,1000,0.00,384589.03,EUR,
NL01-2024-001507,1,2024-08-31,6900,15625.00,0.00,EUR,
NL01-2024-001507,2,2024-08-31,1590,0.00,15625.00,EUR,
NL01-2024-001508,1,2024-09-04,1200,14650.29,0.00,EUR,C021
NL01-2024-001508,2,2024-09-04,4000,0.00,11032.64,EUR,C021
NL01-2024-001508,3,2024-09-04,4100,0.00,3617.65,EUR,C021
NL01-2024-001509,1,2024-09-21,1000,14650.29,0.00,EUR,C021
NL01-2024-001509,2,2024-09-21,1200,0.00,14650.29,EUR,C021
NL01-2024-001510,1,2024-09-14,1200,10679.40,0.00,EUR,C031
NL01-2024-001510,2,2024-09-14,4000,0.00,8042.30,EUR,C031
NL01-2024-001510,3,2024-09-14,4100,0.00,2637.10,EUR,C031
NL01-2024-001511,1,2024-10-08,1000,10679.40,0.00,EUR,C031
NL01-2024-001511,2,2024-10-08,1200,0.00,10679.40,EUR,C031
NL01-2024-001512,1,2024-09-16,1200,7972.11,0.00,EUR,C030
NL01-2024-001512,2,2024-09-16,4000,0.00,6003.53,EUR,C030
NL01-2024-001512,3,2024-09-16,4100,0.00,1968.58,EUR,C030
NL01-2024-001513,1,2024-10-22,1000,7972.11,0.00,EUR,C030
NL01-2024-001513,2,2024-10-22,1200,0.00,7972.11,EUR,C030
NL01-2024-001514,1,2024-09-23,1200,7544.64,0.00,EUR,C003
NL01-2024-001514,2,2024-09-23,4000,0.00,5681.62,EUR,C003
NL01-2024-001514,3,2024-09-23,4100,0.00,1863.02,EUR,C003
NL01-2024-001515,1,2024-10-13,1000,7544.64,0.00,EUR,C003
NL01-2024-001515,2,2024-10-13,1200,0.00,7544.64,EUR,C003
NL01-2024-001516,1,2024-09-08,1200,18023.66,0.00,EUR,C007
NL01-2024-001516,2,2024-09-08,4000,0.00,13573.01,EUR,C007
NL01-2024-001516,3,2024-09-08,4100,0.00,4450.65,EUR,C007
NL01-2024-001517,1,2024-10-15,1000,18023.66,0.00,EUR,C007
NL01-2024-001517,2,2024-10-15,1200,0.00,18023.66,EUR,C007
NL01-2024-001518,1,2024-09-15,1200,6333.56,0.00,EUR,C027
NL01-2024-001518,2,2024-09-15,4000,0.00,4769.59,EUR,C027
NL01-2024-001518,3,2024-09-15,4100,0.00,1563.97,EUR,C027
NL01-2024-001519,1,2024-10-10,1000,6333.56,0.00,EUR,C027
NL01-2024-001519,2,2024-10-10,1200,0.00,6333.56,EUR,C027
NL01-2024-001520,1,2024-09-21,1200,28462.89,0.00,EUR,C003
NL01-2024-001520,2,2024-09-21,4000,0.00,21434.45,EUR,C003
NL01-2024-001520,3,2024-09-21,4100,0.00,7028.44,EUR,C003
NL01-2024-001521,1,2024-11-03,1000,28462.89,0.00,EUR,C003
NL01-2024-001521,2,2024-11-03,1200,0.00,28462.89,EUR,C003
NL01-2024-001522,1,2024-09-28,1200,11876.95,0.00,EUR,C018
NL01-2024-001522,2,2024-09-28,4000,0.00,8944.13,EUR,C018
NL01-2024-001522,3,2024-09-28,4100,0.00,2932.82,EUR,C018
NL01-2024-001523,1,2024-10-24,1000,11876.95,0.00,EUR,C018
NL01-2024-001523,2,2024-10-24,1200,0.00,11876.95,EUR,C018
NL01-2024-001524,1,2024-09-25,1200,3877.59,0.00,EUR,C012
NL01-2024-001524,2,2024-09-25,4000,0.00,2920.08,EUR,C012
NL01-2024-001524,3,2024-09-25,4100,0.00,957.51,EUR,C012
NL01-2024-001525,1,2024-10-11,1000,3877.59,0.00,EUR,C012
NL01-2024-001525,2,2024-10-11,1200,0.00,3877.59,EUR,C012
NL01-2024-001526,1,2024-09-19,1200,1665.28,0.00,EUR,C015
NL01-2024-001526,2,2024-09-19,4000,0.00,1254.07,EUR,C015
NL01-2024-001526,3,2024-09-19,4100,0.00,411.21,EUR,C015
NL01-2024-001527,1,2024-10-30,1000,1665.28,0.00,EUR,C015
NL01-2024-001527,2,2024-10-30,1200,0.00,1665.28,EUR,C015
NL01-2024-001528,1,2024-09-28,1200,6876.43,0.00,EUR,C012
NL01-2024-001528,2,2024-09-28,4000,0.00,5178.41,EUR,C012
NL01-2024-001528,3,2024-09-28,4100,0.00,1698.02,EUR,C012
NL01-2024-001529,1,2024-12-30,1000,6876.43,0.00,EUR,C012
NL01-2024-001529,2,2024-12-30,1200,0.00,6876.43,EUR,C012
NL01-2024-001530,1,2024-09-05,1200,17134.48,0.00,EUR,C016
NL01-2024-001530,2,2024-09-05,4000,0.00,12903.40,EUR,C016
NL01-2024-001530,3,2024-09-05,4100,0.00,4231.08,EUR,C016
NL01-2024-001531,1,2024-10-19,1000,17134.48,0.00,EUR,C016
NL01-2024-001531,2,2024-10-19,1200,0.00,17134.48,EUR,C016
NL01-2024-001532,1,2024-09-02,1200,12038.21,0.00,EUR,C002
NL01-2024-001532,2,2024-09-02,4000,0.00,9065.57,EUR,C002
NL01-2024-001532,3,2024-09-02,4100,0.00,2972.64,EUR,C002
NL01-2024-001533,1,2024-10-08,1000,12038.21,0.00,EUR,C002
NL01-2024-001533,2,2024-10-08,1200,0.00,12038.21,EUR,C002
NL01-2024-001534,1,2024-09-03,1200,22615.63,0.00,EUR,C003
NL01-2024-001534,2,2024-09-03,4000,0.00,17031.07,EUR,C003
NL01-2024-001534,3,2024-09-03,4100,0.00,5584.56,EUR,C003
NL01-2024-001535,1,2024-10-13,1000,22615.63,0.00,EUR,C003
NL01-2024-001535,2,2024-10-13,1200,0.00,22615.63,EUR,C003
NL01-2024-001536,1,2024-09-29,1200,11545.99,0.00,EUR,C003
NL01-2024-001536,2,2024-09-29,4000,0.00,8694.90,EUR,C003
NL01-2024-001536,3,2024-09-29,4100,0.00,2851.09,EUR,C003
NL01-2024-001537,1,2024-10-24,1000,11545.99,0.00,EUR,C003
NL01-2024-001537,2,2024-10-24,1200,0.00,11545.99,EUR,C003
NL01-2024-001538,1,2024-09-02,1200,15289.36,0.00,EUR,C027
NL01-2024-001538,2,2024-09-02,4000,0.00,11513.90,EUR,C027
NL01-2024-001538,3,2024-09-02,4100,0.00,3775.46,EUR,C027
NL01-2024-001539,1,2024-09-28,1000,15289.36,0.00,EUR,C027
NL01-2024-001539,2,2024-09-28,1200,0.00,15289.36,EUR,C027
NL01-2024-001540,1,2024-09-18,1200,8516.99,0.00,EUR,C034
NL01-2024-001540,2,2024-09-18,4000,0.00,6413.86,EUR,C034
NL01-2024-001540,3,2024-09-18,4100,0.00,2103.13,EUR,C034
NL01-2024-001541,1,2024-10-14,1000,8516.99,0.00,EUR,C034
NL01-2024-001541,2,2024-10-14,1200,0.00,8516.99,EUR,C034
NL01-2024-001542,1,2024-09-13,1200,3445.45,0.00,EUR,C018
NL01-2024-001542,2,2024-09-13,4000,0.00,2594.65,EUR,C018
NL01-2024-001542,3,2024-09-13,4100,0.00,850.80,EUR,C018
NL01-2024-001543,1,2024-10-08,1000,3445.45,0.00,EUR,C018
NL01-2024-001543,2,2024-10-08,1200,0.00,3445.45,EUR,C018
NL01-2024-001544,1,2024-09-19,1200,8977.50,0.00,EUR,C018
NL01-2024-001544,2,2024-09-19,4000,0.00,6760.65,EUR,C018
NL01-2024-001544,3,2024-09-19,4100,0.00,2216.85,EUR,C018
NL01-2024-001545,1,2024-10-15,1000,8977.50,0.00,EUR,C018
NL01-2024-001545,2,2024-10-15,1200,0.00,8977.50,EUR,C018
NL01-2024-001546,1,2024-09-24,1200,38133.21,0.00,EUR,C030
NL01-2024-001546,2,2024-09-24,4000,0.00,28716.84,EUR,C030
NL01-2024-001546,3,2024-09-24,4100,0.00,9416.37,EUR,C030
NL01-2024-001547,1,2024-12-08,1000,38133.21,0.00,EUR,C030
NL01-2024-001547,2,2024-12-08,1200,0.00,38133.21,EUR,C030
NL01-2024-001548,1,2024-09-10,1200,6479.68,0.00,EUR,C025
NL01-2024-001548,2,2024-09-10,4000,0.00,4879.63,EUR,C025
NL01-2024-001548,3,2024-09-10,4100,0.00,1600.05,EUR,C025
NL01-2024-001549,1,2024-10-17,1000,6479.68,0.00,EUR,C025
NL01-2024-001549,2,2024-10-17,1200,0.00,6479.68,EUR,C025
NL01-2024-001550,1,2024-09-06,1200,6462.49,0.00,EUR,C038
NL01-2024-001550,2,2024-09-06,4000,0.00,4866.68,EUR,C038
NL01-2024-001550,3,2024-09-06,4100,0.00,1595.81,EUR,C038
NL01-2024-001551,1,2024-10-17,1000,6462.49,0.00,EUR,C038
NL01-2024-001551,2,2024-10-17,1200,0.00,6462.49,EUR,C038
NL01-2024-001552,1,2024-09-17,1200,8104.51,0.00,EUR,C021
NL01-2024-001552,2,2024-09-17,4000,0.00,6103.23,EUR,C021
NL01-2024-001552,3,2024-09-17,4100,0.00,2001.28,EUR,C021
NL01-2024-001553,1,2024-10-17,1000,8104.51,0.00,EUR,C021
NL01-2024-001553,2,2024-10-17,1200,0.00,8104.51,EUR,C021
NL01-2024-001554,1,2024-09-30,1200,37136.75,0.00,EUR,C032
NL01-2024-001554,2,2024-09-30,4000,0.00,27966.44,EUR,C032
NL01-2024-001554,3,2024-09-30,4100,0.00,9170.31,EUR,C032
NL01-2024-001555,1,2024-11-01,1000,37136.75,0.00,EUR,C032
NL01-2024-001555,2,2024-11-01,1200,0.00,37136.75,EUR,C032
NL01-2024-001556,1,2024-09-16,1200,8389.97,0.00,EUR,C038
NL01-2024-001556,2,2024-09-16,4000,0.00,6318.20,EUR,C038
NL01-2024-001556,3,2024-09-16,4100,0.00,2071.77,EUR,C038
NL01-2024-001557,1,2024-10-27,1000,8389.97,0.00,EUR,C038
NL01-2024-001557,2,2024-10-27,1200,0.00,8389.97,EUR,C038
NL01-2024-001558,1,2024-09-23,1200,7608.76,0.00,EUR,C019
NL01-2024-001558,2,2024-09-23,4000,0.00,5729.90,EUR,C019
NL01-2024-001558,3,2024-09-23,4100,0.00,1878.86,EUR,C019
NL01-2024-001559,1,2024-10-21,1000,7608.76,0.00,EUR,C019
NL01-2024-001559,2,2024-10-21,1200,0.00,7608.76,EUR,C019
NL01-2024-001560,1,2024-09-10,1200,6440.29,0.00,EUR,C030
NL01-2024-001560,2,2024-09-10,4000,0.00,4849.97,EUR,C030
NL01-2024-001560,3,2024-09-10,4100,0.00,1590.32,EUR,C030
NL01-2024-001561,1,2024-10-06,1000,6440.29,0.00,EUR,C030
NL01-2024-001561,2,2024-10-06,1200,0.00,6440.29,EUR,C030
NL01-2024-001562,1,2024-09-28,1200,8271.93,0.00,EUR,C022
NL01-2024-001562,2,2024-09-28,4000,0.00,6229.31,EUR,C022
NL01-2024-001562,3,2024-09-28,4100,0.00,2042.62,EUR,C022
NL01-2024-001563,1,2024-10-24,1000,8271.93,0.00,EUR,C022
NL01-2024-001563,2,2024-10-24,1200,0.00,8271.93,EUR,C022
NL01-2024-001564,1,2024-09-12,1200,539.82,0.00,EUR,C011
NL01-2024-001564,2,2024-09-12,4000,0.00,406.52,EUR,C011
NL01-2024-001564,3,2024-09-12,4100,0.00,133.30,EUR,C011
NL01-2024-001565,1,2024-10-05,1000,539.82,0.00,EUR,C011
NL01-2024-001565,2,2024-10-05,1200,0.00,539.82,EUR,C011
NL01-2024-001566,1,2024-09-10,1200,6154.99,0.00,EUR,C012
NL01-2024-001566,2,2024-09-10,4000,0.00,4635.12,EUR,C012
NL01-2024-001566,3,2024-09-10,4100,0.00,1519.87,EUR,C012
NL01-2024-001567,1,2024-10-10,1000,6154.99,0.00,EUR,C012
NL01-2024-001567,2,2024-10-10,1200,0.00,6154.99,EUR,C012
NL01-2024-001568,1,2024-09-20,1200,3613.89,0.00,EUR,C029
NL01-2024-001568,2,2024-09-20,4000,0.00,2721.50,EUR,C029
NL01-2024-001568,3,2024-09-20,4100,0.00,892.39,EUR,C029
NL01-2024-001569,1,2024-11-01,1000,3613.89,0.00,EUR,C029
NL01-2024-001569,2,2024-11-01,1200,0.00,3613.89,EUR,C029
NL01-2024-001570,1,2024-09-29,1200,3922.04,0.00,EUR,C018
NL01-2024-001570,2,2024-09-29,4000,0.00,2953.56,EUR,C018
NL01-2024-001570,3,2024-09-29,4100,0.00,968.48,EUR,C018
NL01-2024-001571,1,2024-11-03,1000,3922.04,0.00,EUR,C018
NL01-2024-001571,2,2024-11-03,1200,0.00,3922.04,EUR,C018
NL01-2024-001572,1,2024-09-20,1200,25299.04,0.00,EUR,C030
NL01-2024-001572,2,2024-09-20,4000,0.00,19051.86,EUR,C030
NL01-2024-001572,3,2024-09-20,4100,0.00,6247.18,EUR,C030
NL01-2024-001573,1,2024-11-13,1000,25299.04,0.00,EUR,C030
NL01-2024-001573,2,2024-11-13,1200,0.00,25299.04,EUR,C030
NL01-2024-001574,1,2024-09-20,1200,55222.98,0.00,EUR,C026
NL01-2024-001574,2,2024-09-20,4000,0.00,41586.57,EUR,C026
NL01-2024-001574,3,2024-09-20,4100,0.00,13636.41,EUR,C026
NL01-2024-001575,1,2024-11-09,1000,55222.98,0.00,EUR,C026
NL01-2024-001575,2,2024-11-09,1200,0.00,55222.98,EUR,C026
NL01-2024-001576,1,2024-09-18,1200,21653.15,0.00,EUR,C029
NL01-2024-001576,2,2024-09-18,4000,0.00,16306.26,EUR,C029
NL01-2024-001576,3,2024-09-18,4100,0.00,5346.89,EUR,C029
NL01-2024-001577,1,2024-10-25,1000,21653.15,0.00,EUR,C029
NL01-2024-001577,2,2024-10-25,1200,0.00,21653.15,EUR,C029
NL01-2024-001578,1,2024-09-14,1200,23747.35,0.00,EUR,C007
NL01-2024-001578,2,2024-09-14,4000,0.00,17883.33,EUR,C007
NL01-2024-001578,3,2024-09-14,4100,0.00,5864.02,EUR,C007
NL01-2024-001579,1,2024-10-10,1000,23747.35,0.00,EUR,C007
NL01-2024-001579,2,2024-10-10,1200,0.00,23747.35,EUR,C007
NL01-2024-001580,1,2024-09-15,1200,7657.65,0.00,EUR,C029
NL01-2024-001580,2,2024-09-15,4000,0.00,5766.72,EUR,C029
NL01-2024-001580,3,2024-09-15,4100,0.00,1890.93,EUR,C029
NL01-2024-001581,1,2024-10-11,1000,7657.65,0.00,EUR,C029
NL01-2024-001581,2,2024-10-11,1200,0.00,7657.65,EUR,C029
NL01-2024-001582,1,2024-09-27,1200,17398.98,0.00,EUR,C032
NL01-2024-001582,2,2024-09-27,4000,0.00,13102.59,EUR,C032
NL01-2024-001582,3,2024-09-27,4100,0.00,4296.39,EUR,C032
NL01-2024-001583,1,2024-10-31,1000,17398.98,0.00,EUR,C032
NL01-2024-001583,2,2024-10-31,1200,0.00,17398.98,EUR,C032
NL01-2024-001584,1,2024-09-02,1200,3329.01,0.00,EUR,C001
NL01-2024-001584,2,2024-09-02,4000,0.00,2506.97,EUR,C001
NL01-2024-001584,3,2024-09-02,4100,0.00,822.04,EUR,C001
NL01-2024-001585,1,2024-10-01,1000,3329.01,0.00,EUR,C001
NL01-2024-001585,2,2024-10-01,1200,0.00,3329.01,EUR,C001
NL01-2024-001586,1,2024-09-01,1200,12264.80,0.00,EUR,C035
NL01-2024-001586,2,2024-09-01,4000,0.00,9236.21,EUR,C035
NL01-2024-001586,3,2024-09-01,4100,0.00,3028.59,EUR,C035
NL01-2024-001587,1,2024-09-20,1000,12264.80,0.00,EUR,C035
NL01-2024-001587,2,2024-09-20,1200,0.00,12264.80,EUR,C035
NL01-2024-001588,1,2024-09-18,1200,3620.14,0.00,EUR,C006
NL01-2024-001588,2,2024-09-18,4000,0.00,2726.21,EUR,C006
NL01-2024-001588,3,2024-09-18,4100,0.00,893.93,EUR,C006
NL01-2024-001589,1,2024-10-12,1000,3620.14,0.00,EUR,C006
NL01-2024-001589,2,2024-10-12,1200,0.00,3620.14,EUR,C006
NL01-2024-001590,1,2024-09-06,1200,38579.14,0.00,EUR,C034
NL01-2024-001590,2,2024-09-06,4000,0.00,29052.65,EUR,C034
NL01-2024-001590,3,2024-09-06,4100,0.00,9526.49,EUR,C034
NL01-2024-001591,1,2024-09-28,1000,38579.14,0.00,EUR,C034
NL01-2024-001591,2,2024-09-28,1200,0.00,38579.14,EUR,C034
NL01-2024-001592,1,2024-09-30,1200,22092.96,0.00,EUR,C015
NL01-2024-001592,2,2024-09-30,4000,0.00,16637.47,EUR,C015
NL01-2024-001592,3,2024-09-30,4100,0.00,5455.49,EUR,C015
NL01-2024-001593,1,2024-11-04,1000,22092.96,0.00,EUR,C015
NL01-2024-001593,2,2024-11-04,1200,0.00,22092.96,EUR,C015
NL01-2024-001594,1,2024-09-01,1200,2769.27,0.00,EUR,C022
NL01-2024-001594,2,2024-09-01,4000,0.00,2085.44,EUR,C022
NL01-2024-001594,3,2024-09-01,4100,0.00,683.83,EUR,C022
NL01-2024-001595,1,2024-09-30,1000,2769.27,0.00,EUR,C022
NL01-2024-001595,2,2024-09-30,1200,0.00,2769.27,EUR,C022
NL01-2024-001596,1,2024-09-21,1200,3904.78,0.00,EUR,C037
NL01-2024-001596,2,2024-09-21,4000,0.00,2940.56,EUR,C037
NL01-2024-001596,3,2024-09-21,4100,0.00,964.22,EUR,C037
NL01-2024-001597,1,2024-11-23,1000,3904.78,0.00,EUR,C037
NL01-2024-001597,2,2024-11-23,1200,0.00,3904.78,EUR,C037
NL01-2024-001598,1,2024-09-11,1200,2995.10,0.00,EUR,C040
NL01-2024-001598,2,2024-09-11,4000,0.00,2255.51,EUR,C040
NL01-2024-001598,3,2024-09-11,4100,0.00,739.59,EUR,C040
NL01-2024-001599,1,2024-10-04,1000,2995.10,0.00,EUR,C040
NL01-2024-001599,2,2024-10-04,1200,0.00,2995.10,EUR,C040
NL01-2024-001600,1,2024-09-18,1200,4448.23,0.00,EUR,C021
NL01-2024-001600,2,2024-09-18,4000,0.00,3349.81,EUR,C021
NL01-2024-001600,3,2024-09-18,4100,0.00,1098.42,EUR,C021
NL01-2024-001601,1,2024-10-12,1000,4448.23,0.00,EUR,C021
NL01-2024-001601,2,2024-10-12,1200,0.00,4448.23,EUR,C021
NL01-2024-001602,1,2024-09-08,1200,10427.83,0.00,EUR,C015
NL01-2024-001602,2,2024-09-08,4000,0.00,7852.85,EUR,C015
NL01-2024-001602,3,2024-09-08,4100,0.00,2574.98,EUR,C015
NL01-2024-001603,1,2024-10-20,1000,10427.83,0.00,EUR,C015
NL01-2024-001603,2,2024-10-20,1200,0.00,10427.83,EUR,C015
NL01-2024-001604,1,2024-09-17,1200,1831.74,0.00,EUR,C026
NL01-2024-001604,2,2024-09-17,4000,0.00,1379.42,EUR,C026
NL01-2024-001604,3,2024-09-17,4100,0.00,452.32,EUR,C026
NL01-2024-001605,1,2024-10-12,1000,1831.74,0.00,EUR,C026
NL01-2024-001605,2,2024-10-12,1200,0.00,1831.74,EUR,C026
NL01-2024-001606,1,2024-09-08,1200,4337.10,0.00,EUR,C027
NL01-2024-001606,2,2024-09-08,4000,0.00,3266.12,EUR,C027
NL01-2024-001606,3,2024-09-08,4100,0.00,1070.98,EUR,C027
NL01-2024-001607,1,2024-11-02,1000,4337.10,0.00,EUR,C027
NL01-2024-001607,2,2024-11-02,1200,0.00,4337.10,EUR,C027
NL01-2024-001608,1,2024-09-11,1200,19160.62,0.00,EUR,C002
NL01-2024-001608,2,2024-09-11,4000,0.00,14429.22,EUR,C002
NL01-2024-001608,3,2024-09-11,4100,0.00,4731.40,EUR,C002
NL01-2024-001609,1,2024-10-19,1000,19160.62,0.00,EUR,C002
NL01-2024-001609,2,2024-10-19,1200,0.00,19160.62,EUR,C002
NL01-2024-001610,1,2024-09-01,1200,7139.64,0.00,EUR,C006
NL01-2024-001610,2,2024-09-01,4000,0.00,5376.62,EUR,C006
NL01-2024-001610,3,2024-09-01,4100,0.00,1763.02,EUR,C006
NL01-2024-001611,1,2024-09-30,1000,7139.64,0.00,EUR,C006
NL01-2024-001611,2,2024-09-30,1200,0.00,7139.64,EUR,C006
NL01-2024-001612,1,2024-09-06,1200,5192.85,0.00,EUR,C001
NL01-2024-001612,2,2024-09-06,4000,0.00,3910.56,EUR,C001
NL01-2024-001612,3,2024-09-06,4100,0.00,1282.29,EUR,C001
NL01-2024-001613,1,2024-10-26,1000,5192.85,0.00,EUR,C001
NL01-2024-001613,2,2024-10-26,1200,0.00,5192.85,EUR,C001
NL01-2024-001614,1,2024-09-22,1200,6461.52,0.00,EUR,C006
NL01-2024-001614,2,2024-09-22,4000,0.00,4865.95,EUR,C006
NL01-2024-001614,3,2024-09-22,4100,0.00,1595.57,EUR,C006
NL01-2024-001615,1,2024-10-20,1000,6461.52,0.00,EUR,C006
NL01-2024-001615,2,2024-10-20,1200,0.00,6461.52,EUR,C006
NL01-2024-001616,1,2024-09-24,1200,5299.97,0.00,EUR,C011
NL01-2024-001616,2,2024-09-24,4000,0.00,3991.23,EUR,C011
NL01-2024-001616,3,2024-09-24,4100,0.00,1308.74,EUR,C011
NL01-2024-001617,1,2024-10-18,1000,5299.97,0.00,EUR,C011
NL01-2024-001617,2,2024-10-18,1200,0.00,5299.97,EUR,C011
NL01-2024-001618,1,2024-09-10,1200,13280.92,0.00,EUR,C037
NL01-2024-001618,2,2024-09-10,4000,0.00,10001.41,EUR,C037
NL01-2024-001618,3,2024-09-10,4100,0.00,3279.51,EUR,C037
NL01-2024-001619,1,2024-10-01,1000,13280.92,0.00,EUR,C037
NL01-2024-001619,2,2024-10-01,1200,0.00,13280.92,EUR,C037
NL01-2024-001620,1,2024-09-04,1200,4633.42,0.00,EUR,C009
NL01-2024-001620,2,2024-09-04,4000,0.00,3489.27,EUR,C009
NL01-2024-001620,3,2024-09-04,4100,0.00,1144.15,EUR,C009
NL01-2024-001621,1,2024-09-19,1000,4633.42,0.00,EUR,C009
NL01-2024-001621,2,2024-09-19,1200,0.00,4633.42,EUR,C009
NL01-2024-001622,1,2024-09-19,1200,16503.73,0.00,EUR,C024
NL01-2024-001622,2,2024-09-19,4000,0.00,12428.40,EUR,C024
NL01-2024-001622,3,2024-09-19,4100,0.00,4075.33,EUR,C024
NL01-2024-001623,1,2024-11-09,1000,16503.73,0.00,EUR,C024
NL01-2024-001623,2,2024-11-09,1200,0.00,16503.73,EUR,C024
NL01-2024-001624,1,2024-09-19,1200,2515.52,0.00,EUR,C009
NL01-2024-001624,2,2024-09-19,4000,0.00,1894.35,EUR,C009
NL01-2024-001624,3,2024-09-19,4100,0.00,621.17,EUR,C009
NL01-2024-001625,1,2024-10-05,1000,2515.52,0.00,EUR,C009
NL01-2024-001625,2,2024-10-05,1200,0.00,2515.52,EUR,C009
NL01-2024-001626,1,2024-09-14,1200,47391.01,0.00,EUR,C018
NL01-2024-001626,2,2024-09-14,4000,0.00,35688.58,EUR,C018
NL01-2024-001626,3,2024-09-14,4100,0.00,11702.43,EUR,C018
NL01-2024-001627,1,2024-10-16,1000,47391.01,0.00,EUR,C018
NL01-2024-001627,2,2024-10-16,1200,0.00,47391.01,EUR,C018
NL01-2024-001628,1,2024-09-07,1200,8356.07,0.00,EUR,C027
NL01-2024-001628,2,2024-09-07,4000,0.00,6292.68,EUR,C027
NL01-2024-001628,3,2024-09-07,4100,0.00,2063.39,EUR,C027
NL01-2024-001629,1,2024-11-17,1000,8356.07,0.00,EUR,C027
NL01-2024-001629,2,2024-11-17,1200,0.00,8356.07,EUR,C027
NL01-2024-001630,1,2024-09-30,1200,5602.37,0.00,EUR,C035
NL01-2024-001630,2,2024-09-30,4000,0.00,4218.96,EUR,C035
NL01-2024-001630,3,2024-09-30,4100,0.00,1383.41,EUR,C035
NL01-2024-001631,1,2024-11-03,1000,5602.37,0.00,EUR,C035
NL01-2024-001631,2,2024-11-03,1200,0.00,5602.37,EUR,C035
NL01-2024-001632,1,2024-09-12,1200,17482.43,0.00,EUR,C019
NL01-2024-001632,2,2024-09-12,4000,0.00,13165.43,EUR,C019
NL01-2024-001632,3,2024-09-12,4100,0.00,4317.00,EUR,C019
NL01-2024-001633,1,2024-11-16,1000,17482.43,0.00,EUR,C019
NL01-2024-001633,2,2024-11-16,1200,0.00,17482.43,EUR,C019
NL01-2024-001634,1,2024-09-01,1200,24578.84,0.00,EUR,C012
NL01-2024-001634,2,2024-09-01,4000,0.00,18509.50,EUR,C012
NL01-2024-001634,3,2024-09-01,4100,0.00,6069.34,EUR,C012
NL01-2024-001635,1,2024-10-11,1000,24578.84,0.00,EUR,C012
NL01-2024-001635,2,2024-10-11,1200,0.00,24578.84,EUR,C012
NL01-2024-001636,1,2024-09-13,1200,5717.83,0.00,EUR,C009
NL01-2024-001636,2,2024-09-13,4000,0.00,4305.91,EUR,C009
NL01-2024-001636,3,2024-09-13,4100,0.00,1411.92,EUR,C009
NL01-2024-001637,1,2024-10-05,1000,5717.83,0.00,EUR,C009
NL01-2024-001637,2,2024-10-05,1200,0.00,5717.83,EUR,C009
NL01-2024-001638,1,2024-09-15,1200,8153.63,0.00,EUR,C029
NL01-2024-001638,2,2024-09-15,4000,0.00,6140.22,EUR,C029
NL01-2024-001638,3,2024-09-15,4100,0.00,2013.41,EUR,C029
NL01-2024-001639,1,2024-11-03,1000,8153.63,0.00,EUR,C029
NL01-2024-001639,2,2024-11-03,1200,0.00,8153.63,EUR,C029
NL01-2024-001640,1,2024-09-02,1200,7289.74,0.00,EUR,C006
NL01-2024-001640,2,2024-09-02,4000,0.00,5489.66,EUR,C006
NL01-2024-001640,3,2024-09-02,4100,0.00,1800.08,EUR,C006
NL01-2024-001641,1,2024-10-07,1000,7289.74,0.00,EUR,C006
NL01-2024-001641,2,2024-10-07,1200,0.00,7289.74,EUR,C006
NL01-2024-001642,1,2024-09-29,1200,24737.09,0.00,EUR,C004
NL01-2024-001642,2,2024-09-29,4000,0.00,18628.67,EUR,C004
NL01-2024-001642,3,2024-09-29,4100,0.00,6108.42,EUR,C004
NL01-2024-001643,1,2024-11-23,1000,24737.09,0.00,EUR,C004
NL01-2024-001643,2,2024-11-23,1200,0.00,24737.09,EUR,C004
NL01-2024-001644,1,2024-09-10,1200,11252.80,0.00,EUR,C037
NL01-2024-001644,2,2024-09-10,4000,0.00,8474.11,EUR,C037
NL01-2024-001644,3,2024-09-10,4100,0.00,2778.69,EUR,C037
NL01-2024-001645,1,2024-10-24,1000,11252.80,0.00,EUR,C037
NL01-2024-001645,2,2024-10-24,1200,0.00,11252.80,EUR,C037
NL01-2024-001646,1,2024-09-18,1200,9825.76,0.00,EUR,C032
NL01-2024-001646,2,2024-09-18,4000,0.00,7399.45,EUR,C032
NL01-2024-001646,3,2024-09-18,4100,0.00,2426.31,EUR,C032
NL01-2024-001647,1,2024-10-22,1000,9825.76,0.00,EUR,C032
NL01-2024-001647,2,2024-10-22,1200,0.00,9825.76,EUR,C032
NL01-2024-001648,1,2024-09-12,1200,20103.22,0.00,EUR,C017
NL01-2024-001648,2,2024-09-12,4000,0.00,15139.06,EUR,C017
NL01-2024-001648,3,2024-09-12,4100,0.00,4964.16,EUR,C017
NL01-2024-001649,1,2024-10-20,1000,20103.22,0.00,EUR,C017
NL01-2024-001649,2,2024-10-20,1200,0.00,20103.22,EUR,C017
NL01-2024-001650,1,2024-09-21,1200,34255.06,0.00,EUR,C023
NL01-2024-001650,2,2024-09-21,4000,0.00,25796.34,EUR,C023
NL01-2024-001650,3,2024-09-21,4100,0.00,8458.72,EUR,C023
NL01-2024-001651,1,2024-10-20,1000,34255.06,0.00,EUR,C023
NL01-2024-001651,2,2024-10-20,1200,0.00,34255.06,EUR,C023
NL01-2024-001652,1,2024-09-13,1200,33483.12,0.00,EUR,C032
NL01-2024-001652,2,2024-09-13,4000,0.00,25215.01,EUR,C032
NL01-2024-001652,3,2024-09-13,4100,0.00,8268.11,EUR,C032
NL01-2024-001653,1,2024-10-11,1000,33483.12,0.00,EUR,C032
NL01-2024-001653,2,2024-10-11,1200,0.00,33483.12,EUR,C032
NL01-2024-001654,1,2024-09-05,1200,9238.27,0.00,EUR,C017
NL01-2024-001654,2,2024-09-05,4000,0.00,6957.03,EUR,C017
NL01-2024-001654,3,2024-09-05,4100,0.00,2281.24,EUR,C017
NL01-2024-001655,1,2024-09-26,1000,9238.27,0.00,EUR,C017
NL01-2024-001655,2,2024-09-26,1200,0.00,9238.27,EUR,C017
NL01-2024-001656,1,2024-09-04,1200,16757.35,0.00,EUR,C021
NL01-2024-001656,2,2024-09-04,4000,0.00,12619.40,EUR,C021
NL01-2024-001656,3,2024-09-04,4100,0.00,4137.95,EUR,C021
NL01-2024-001657,1,2024-10-18,1000,16757.35,0.00,EUR,C021
NL01-2024-001657,2,2024-10-18,1200,0.00,16757.35,EUR,C021
NL01-2024-001658,1,2024-09-19,1200,9759.95,0.00,EUR,C016
NL01-2024-001658,2,2024-09-19,4000,0.00,7349.89,EUR,C016
NL01-2024-001658,3,2024-09-19,4100,0.00,2410.06,EUR,C016
NL01-2024-001659,1,2024-10-16,1000,9759.95,0.00,EUR,C016
NL01-2024-001659,2,2024-10-16,1200,0.00,9759.95,EUR,C016
NL01-2024-001660,1,2024-09-14,1200,12067.56,0.00,EUR,C009
NL01-2024-001660,2,2024-09-14,4000,0.00,9087.67,EUR,C009
NL01-2024-001660,3,2024-09-14,4100,0.00,2979.89,EUR,C009
NL01-2024-001661,1,2024-09-29,1000,12067.56,0.00,EUR,C009
NL01-2024-001661,2,2024-09-29,1200,0.00,12067.56,EUR,C009
NL01-2024-001662,1,2024-09-06,1200,15938.55,0.00,EUR,C016
NL01-2024-001662,2,2024-09-06,4000,0.00,12002.79,EUR,C016
NL01-2024-001662,3,2024-09-06,4100,0.00,3935.76,EUR,C016
NL01-2024-001663,1,2024-09-29,1000,15938.55,0.00,EUR,C016
NL01-2024-001663,2,2024-09-29,1200,0.00,15938.55,EUR,C016
NL01-2024-001664,1,2024-09-02,1200,11533.73,0.00,EUR,C005
NL01-2024-001664,2,2024-09-02,4000,0.00,8685.66,EUR,C005
NL01-2024-001664,3,2024-09-02,4100,0.00,2848.07,EUR,C005
NL01-2024-001665,1,2024-10-10,1000,11533.73,0.00,EUR,C005
NL01-2024-001665,2,2024-10-10,1200,0.00,11533.73,EUR,C005
NL01-2024-001666,1,2024-09-03,1200,22188.23,0.00,EUR,C022
NL01-2024-001666,2,2024-09-03,4000,0.00,16709.21,EUR,C022
NL01-2024-001666,3,2024-09-03,4100,0.00,5479.02,EUR,C022
NL01-2024-001667,1,2024-10-21,1000,22188.23,0.00,EUR,C022
NL01-2024-001667,2,2024-10-21,1200,0.00,22188.23,EUR,C022
NL01-2024-001668,1,2024-09-23,1200,6827.30,0.00,EUR,C032
NL01-2024-001668,2,2024-09-23,4000,0.00,5141.41,EUR,C032
NL01-2024-001668,3,2024-09-23,4100,0.00,1685.89,EUR,C032
NL01-2024-001669,1,2024-10-22,1000,6827.30,0.00,EUR,C032
NL01-2024-001669,2,2024-10-22,1200,0.00,6827.30,EUR,C032
NL01-2024-001670,1,2024-09-29,1200,6606.20,0.00,EUR,C022
NL01-2024-001670,2,2024-09-29,4000,0.00,4974.91,EUR,C022
NL01-2024-001670,3,2024-09-29,4100,0.00,1631.29,EUR,C022
NL01-2024-001671,1,2024-11-11,1000,6606.20,0.00,EUR,C022
NL01-2024-001671,2,2024-11-11,1200,0.00,6606.20,EUR,C022
NL01-2024-001672,1,2024-09-04,1200,6826.80,0.00,EUR,C024
NL01-2024-001672,2,2024-09-04,4000,0.00,5141.03,EUR,C024
NL01-2024-001672,3,2024-09-04,4100,0.00,1685.77,EUR,C024
NL01-2024-001673,1,2024-09-26,1000,6826.80,0.00,EUR,C024
NL01-2024-001673,2,2024-09-26,1200,0.00,6826.80,EUR,C024
NL01-2024-001674,1,2024-09-19,1200,22552.81,0.00,EUR,C028
NL01-2024-001674,2,2024-09-19,4000,0.00,16983.76,EUR,C028
NL01-2024-001674,3,2024-09-19,4100,0.00,5569.05,EUR,C028
NL01-2024-001675,1,2024-10-19,1000,22552.81,0.00,EUR,C028
NL01-2024-001675,2,2024-10-19,1200,0.00,22552.81,EUR,C028
NL01-2024-001676,1,2024-09-19,1200,23941.36,0.00,EUR,C034
NL01-2024-001676,2,2024-09-19,4000,0.00,18029.43,EUR,C034
NL01-2024-001676,3,2024-09-19,4100,0.00,5911.93,EUR,C034
NL01-2024-001677,1,2024-10-13,1000,23941.36,0.00,EUR,C034
NL01-2024-001677,2,2024-10-13,1200,0.00,23941.36,EUR,C034
NL01-2024-001678,1,2024-09-10,1200,13945.96,0.00,EUR,C011
NL01-2024-001678,2,2024-09-10,4000,0.00,10502.23,EUR,C011
NL01-2024-001678,3,2024-09-10,4100,0.00,3443.73,EUR,C011
NL01-2024-001679,1,2024-10-02,1000,13945.96,0.00,EUR,C011
NL01-2024-001679,2,2024-10-02,1200,0.00,13945.96,EUR,C011
NL01-2024-001680,1,2024-09-07,1200,11520.71,0.00,EUR,C040
NL01-2024-001680,2,2024-09-07,4000,0.00,8675.86,EUR,C040
NL01-2024-001680,3,2024-09-07,4100,0.00,2844.85,EUR,C040
NL01-2024-001681,1,2024-10-13,1000,11520.71,0.00,EUR,C040
NL01-2024-001681,2,2024-10-13,1200,0.00,11520.71,EUR,C040
NL01-2024-001682,1,2024-09-04,1200,3304.52,0.00,EUR,C021
NL01-2024-001682,2,2024-09-04,4000,0.00,2488.52,EUR,C021
NL01-2024-001682,3,2024-09-04,4100,0.00,816.00,EUR,C021
NL01-2024-001683,1,2024-10-29,1000,3304.52,0.00,EUR,C021
NL01-2024-001683,2,2024-10-29,1200,0.00,3304.52,EUR,C021
NL01-2024-001684,1,2024-09-02,1200,2459.60,0.00,EUR,C037
NL01-2024-001684,2,2024-09-02,4000,0.00,1852.24,EUR,C037
NL01-2024-001684,3,2024-09-02,4100,0.00,607.36,EUR,C037
NL01-2024-001685,1,2024-09-21,1000,2459.60,0.00,EUR,C037
NL01-2024-001685,2,2024-09-21,1200,0.00,2459.60,EUR,C037
NL01-2024-001686,1,2024-09-17,1200,24208.29,0.00,EUR,C009
NL01-2024-001686,2,2024-09-17,4000,0.00,18230.45,EUR,C009
NL01-2024-001686,3,2024-09-17,4100,0.00,5977.84,EUR,C009
NL01-2024-001687,1,2024-10-20,1000,24208.29,0.00,EUR,C009
NL01-2024-001687,2,2024-10-20,1200,0.00,24208.29,EUR,C009
NL01-2024-001688,1,2024-09-11,1200,4327.28,0.00,EUR,C001
NL01-2024-001688,2,2024-09-11,4000,0.00,3258.73,EUR,C001
NL01-2024-001688,3,2024-09-11,4100,0.00,1068.55,EUR,C001
NL01-2024-001689,1,2024-10-20,1000,4327.28,0.00,EUR,C001
NL01-2024-001689,2,2024-10-20,1200,0.00,4327.28,EUR,C001
NL01-2024-001690,1,2024-09-18,1200,8839.44,0.00,EUR,C019
NL01-2024-001690,2,2024-09-18,4000,0.00,6656.69,EUR,C019
NL01-2024-001690,3,2024-09-18,4100,0.00,2182.75,EUR,C019
NL01-2024-001691,1,2024-11-01,1000,8839.44,0.00,EUR,C019
NL01-2024-001691,2,2024-11-01,1200,0.00,8839.44,EUR,C019
NL01-2024-001692,1,2024-09-30,1200,2416.81,0.00,EUR,C009
NL01-2024-001692,2,2024-09-30,4000,0.00,1820.02,EUR,C009
NL01-2024-001692,3,2024-09-30,4100,0.00,596.79,EUR,C009
NL01-2024-001693,1,2024-10-28,1000,2416.81,0.00,EUR,C009
NL01-2024-001693,2,2024-10-28,1200,0.00,2416.81,EUR,C009
NL01-2024-001694,1,2024-09-10,1200,3756.65,0.00,EUR,C040
NL01-2024-001694,2,2024-09-10,4000,0.00,2829.01,EUR,C040
NL01-2024-001694,3,2024-09-10,4100,0.00,927.64,EUR,C040
NL01-2024-001695,1,2024-10-14,1000,3756.65,0.00,EUR,C040
NL01-2024-001695,2,2024-10-14,1200,0.00,3756.65,EUR,C040
NL01-2024-001696,1,2024-09-03,1200,7462.03,0.00,EUR,C015
NL01-2024-001696,2,2024-09-03,4000,0.00,5619.40,EUR,C015
NL01-2024-001696,3,2024-09-03,4100,0.00,1842.63,EUR,C015
NL01-2024-001697,1,2024-10-29,1000,7462.03,0.00,EUR,C015
NL01-2024-001697,2,2024-10-29,1200,0.00,7462.03,EUR,C015
NL01-2024-001698,1,2024-09-08,1200,10100.45,0.00,EUR,C025
NL01-2024-001698,2,2024-09-08,4000,0.00,7606.31,EUR,C025
NL01-2024-001698,3,2024-09-08,4100,0.00,2494.14,EUR,C025
NL01-2024-001699,1,2024-10-12,1000,10100.45,0.00,EUR,C025
NL01-2024-001699,2,2024-10-12,1200,0.00,10100.45,EUR,C025
NL01-2024-001700,1,2024-09-03,1200,6888.68,0.00,EUR,C037
NL01-2024-001700,2,2024-09-03,4000,0.00,5187.63,EUR,C037
NL01-2024-001700,3,2024-09-03,4100,0.00,1701.05,EUR,C037
NL01-2024-001701,1,2024-10-16,1000,6888.68,0.00,EUR,C037
NL01-2024-001701,2,2024-10-16,1200,0.00,6888.68,EUR,C037
NL01-2024-001702,1,2024-09-14,1300,219612.39,0.00,EUR,V022
NL01-2024-001702,2,2024-09-14,2100,0.00,219612.39,EUR,V022
NL01-2024-001703,1,2024-10-12,2100,219612.39,0.00,EUR,V022
NL01-2024-001703,2,2024-10-12,1000,0.00,219612.39,EUR,V022
NL01-2024-001704,1,2024-09-14,1300,25686.21,0.00,EUR,V005
NL01-2024-001704,2,2024-09-14,2100,0.00,25686.21,EUR,V005
NL01-2024-001705,1,2024-10-18,2100,25686.21,0.00,EUR,V005
NL01-2024-001705,2,2024-10-18,1000,0.00,25686.21,EUR,V005
NL01-2024-001706,1,2024-09-02,1300,235858.48,0.00,EUR,V016
NL01-2024-001706,2,2024-09-02,2100,0.00,235858.48,EUR,V016
NL01-2024-001707,1,2024-09-30,2100,235858.48,0.00,EUR,V016
NL01-2024-001707,2,2024-09-30,1000,0.00,235858.48,EUR,V016
NL01-2024-001708,1,2024-09-01,1300,24867.73,0.00,EUR,V001
NL01-2024-001708,2,2024-09-01,2100,0.00,24867.73,EUR,V001
NL01-2024-001709,1,2024-10-03,2100,24867.73,0.00,EUR,V001
NL01-2024-001709,2,2024-10-03,1000,0.00,24867.73,EUR,V001
NL01-2024-001710,1,2024-09-02,1300,90803.39,0.00,EUR,V025
NL01-2024-001710,2,2024-09-02,2100,0.00,90803.39,EUR,V025
NL01-2024-001711,1,2024-10-06,2100,90803.39,0.00,EUR,V025
NL01-2024-001711,2,2024-10-06,1000,0.00,90803.39,EUR,V025
NL01-2024-001712,1,2024-09-30,5000,552253.26,0.00,EUR,
NL01-2024-001712,2,2024-09-30,1300,0.00,552253.26,EUR,
NL01-2024-001713,1,2024-09-13,6100,41149.38,0.00,EUR,V041
NL01-2024-001713,2,2024-09-13,2100,0.00,41149.38,EUR,V041
NL01-2024-001714,1,2024-10-17,2100,41149.38,0.00,EUR,V041
NL01-2024-001714,2,2024-10-17,1000,0.00,41149.38,EUR,V041
NL01-2024-001715,1,2024-09-15,6200,47638.68,0.00,EUR,V058
NL01-2024-001715,2,2024-09-15,2100,0.00,47638.68,EUR,V058
NL01-2024-001716,1,2024-10-14,2100,47638.68,0.00,EUR,V058
NL01-2024-001716,2,2024-10-14,1000,0.00,47638.68,EUR,V058
NL01-2024-001717,1,2024-09-07,6300,16525.22,0.00,EUR,V026
NL01-2024-001717,2,2024-09-07,2100,0.00,16525.22,EUR,V026
NL01-2024-001718,1,2024-10-09,2100,16525.22,0.00,EUR,V026
NL01-2024-001718,2,2024-10-09,1000,0.00,16525.22,EUR,V026
NL01-2024-001719,1,2024-09-14,6400,29071.04,0.00,EUR,V053
NL01-2024-001719,2,2024-09-14,2100,0.00,29071.04,EUR,V053
NL01-2024-001720,1,2024-10-25,2100,29071.04,0.00,EUR,V053
NL01-2024-001720,2,2024-10-25,1000,0.00,29071.04,EUR,V053
NL01-2024-001721,1,2024-09-25,6000,386513.23,0.00,EUR,
NL01-2024-001721,2,2024-09-25,1000,0.00,386513.23,EUR,
NL01-2024-001722,1,2024-09-30,6900,15625.00,0.00,EUR,
NL01-2024-001722,2,2024-09-30,1590,0.00,15625.00,EUR,
NL01-2024-001723,1,2024-10-11,1200,31620.52,0.00,EUR,C028
NL01-2024-001723,2,2024-10-11,4000,0.00,24383.98,EUR,C028
NL01-2024-001723,3,2024-10-11,4100,0.00,7236.54,EUR,C028
NL01-2024-001724,1,2024-11-21,1000,31620.52,0.00,EUR,C028
NL01-2024-001724,2,2024-11-21,1200,0.00,31620.52,EUR,C028
NL01-2024-001725,1,2024-10-19,1200,11671.90,0.00,EUR,C019
NL01-2024-001725,2,2024-10-19,4000,0.00,9000.72,EUR,C019
NL01-2024-001725,3,2024-10-19,4100,0.00,2671.18,EUR,C019
NL01-2024-001726,1,2024-11-15,1000,11671.90,0.00,EUR,C019
NL01-2024-001726,2,2024-11-15,1200,0.00,11671.90,EUR,C019
NL01-2024-001727,1,2024-10-17,1200,3811.83,0.00,EUR,C012
NL01-2024-001727,2,2024-10-17,4000,0.00,2939.47,EUR,C012
NL01-2024-001727,3,2024-10-17,4100,0.00,872.36,EUR,C012
NL01-2024-001728,1,2024-11-20,1000,3811.83,0.00,EUR,C012
NL01-2024-001728,2,2024-11-20,1200,0.00,3811.83,EUR,C012
NL01-2024-001729,1,2024-10-11,1200,12181.69,0.00,EUR,C039
NL01-2024-001729,2,2024-10-11,4000,0.00,9393.84,EUR,C039
NL01-2024-001729,3,2024-10-11,4100,0.00,2787.85,EUR,C039
NL01-2024-001730,1,2024-11-11,1000,12181.69,0.00,EUR,C039
NL01-2024-001730,2,2024-11-11,1200,0.00,12181.69,EUR,C039
NL01-2024-001731,1,2024-10-06,1200,2568.67,0.00,EUR,C035
NL01-2024-001731,2,2024-10-06,4000,0.00,1980.82,EUR,C035
NL01-2024-001731,3,2024-10-06,4100,0.00,587.85,EUR,C035
NL01-2024-001732,1,2024-11-10,1000,2568.67,0.00,EUR,C035
NL01-2024-001732,2,2024-11-10,1200,0.00,2568.67,EUR,C035
NL01-2024-001733,1,2024-10-31,1200,5006.28,0.00,EUR,C039
NL01-2024-001733,2,2024-10-31,4000,0.00,3860.56,EUR,C039
NL01-2024-001733,3,2024-10-31,4100,0.00,1145.72,EUR,C039
NL01-2024-001734,1,2024-12-17,1000,5006.28,0.00,EUR,C039
NL01-2024-001734,2,2024-12-17,1200,0.00,5006.28,EUR,C039
NL01-2024-001735,1,2024-10-18,1200,9781.97,0.00,EUR,C006
NL01-2024-001735,2,2024-10-18,4000,0.00,7543.31,EUR,C006
NL01-2024-001735,3,2024-10-18,4100,0.00,2238.66,EUR,C006
NL01-2024-001736,1,2024-11-02,1000,9781.97,0.00,EUR,C006
NL01-2024-001736,2,2024-11-02,1200,0.00,9781.97,EUR,C006
NL01-2024-001737,1,2024-10-20,1200,8554.72,0.00,EUR,C002
NL01-2024-001737,2,2024-10-20,4000,0.00,6596.92,EUR,C002
NL01-2024-001737,3,2024-10-20,4100,0.00,1957.80,EUR,C002
NL01-2024-001738,1,2024-11-26,1000,8554.72,0.00,EUR,C002
NL01-2024-001738,2,2024-11-26,1200,0.00,8554.72,EUR,C002
NL01-2024-001739,1,2024-10-14,1200,1842.16,0.00,EUR,C004
NL01-2024-001739,2,2024-10-14,4000,0.00,1420.57,EUR,C004
NL01-2024-001739,3,2024-10-14,4100,0.00,421.59,EUR,C004
NL01-2024-001740,1,2024-11-12,1000,1842.16,0.00,EUR,C004
NL01-2024-001740,2,2024-11-12,1200,0.00,1842.16,EUR,C004
NL01-2024-001741,1,2024-10-14,1200,67752.02,0.00,EUR,C033
NL01-2024-001741,2,2024-10-14,4000,0.00,52246.58,EUR,C033
NL01-2024-001741,3,2024-10-14,4100,0.00,15505.44,EUR,C033
NL01-2024-001742,1,2024-11-17,1000,67752.02,0.00,EUR,C033
NL01-2024-001742,2,2024-11-17,1200,0.00,67752.02,EUR,C033
NL01-2024-001743,1,2024-10-24,1200,29241.06,0.00,EUR,C002
NL01-2024-001743,2,2024-10-24,4000,0.00,22549.07,EUR,C002
NL01-2024-001743,3,2024-10-24,4100,0.00,6691.99,EUR,C002
NL01-2024-001744,1,2024-11-15,1000,29241.06,0.00,EUR,C002
NL01-2024-001744,2,2024-11-15,1200,0.00,29241.06,EUR,C002
NL01-2024-001745,1,2024-10-17,1200,3762.87,0.00,EUR,C040
NL01-2024-001745,2,2024-10-17,4000,0.00,2901.72,EUR,C040
NL01-2024-001745,3,2024-10-17,4100,0.00,861.15,EUR,C040
NL01-2024-001746,1,2024-12-06,1000,3762.87,0.00,EUR,C040
NL01-2024-001746,2,2024-12-06,1200,0.00,3762.87,EUR,C040
NL01-2024-001747,1,2024-10-07,1200,83952.22,0.00,EUR,C029
NL01-2024-001747,2,2024-10-07,4000,0.00,64739.27,EUR,C029
NL01-2024-001747,3,2024-10-07,4100,0.00,19212.95,EUR,C029
NL01-2024-001748,1,2024-10-30,1000,83952.22,0.00,EUR,C029
NL01-2024-001748,2,2024-10-30,1200,0.00,83952.22,EUR,C029
NL01-2024-001749,1,2024-10-20,1200,16585.11,0.00,EUR,C032
NL01-2024-001749,2,2024-10-20,4000,0.00,12789.51,EUR,C032
NL01-2024-001749,3,2024-10-20,4100,0.00,3795.60,EUR,C032
NL01-2024-001750,1,2024-11-16,1000,16585.11,0.00,EUR,C032
NL01-2024-001750,2,2024-11-16,1200,0.00,16585.11,EUR,C032
NL01-2024-001751,1,2024-10-26,1200,11651.12,0.00,EUR,C032
NL01-2024-001751,2,2024-10-26,4000,0.00,8984.69,EUR,C032
NL01-2024-001751,3,2024-10-26,4100,0.00,2666.43,EUR,C032
NL01-2024-001752,1,2024-11-23,1000,11651.12,0.00,EUR,C032
NL01-2024-001752,2,2024-11-23,1200,0.00,11651.12,EUR,C032
NL01-2024-001753,1,2024-10-24,1200,8608.99,0.00,EUR,C011
NL01-2024-001753,2,2024-10-24,4000,0.00,6638.77,EUR,C011
NL01-2024-001753,3,2024-10-24,4100,0.00,1970.22,EUR,C011
NL01-2024-001754,1,2024-12-14,1000,8608.99,0.00,EUR,C011
NL01-2024-001754,2,2024-12-14,1200,0.00,8608.99,EUR,C011
NL01-2024-001755,1,2024-10-02,1200,7843.00,0.00,EUR,C003
NL01-2024-001755,2,2024-10-02,4000,0.00,6048.08,EUR,C003
NL01-2024-001755,3,2024-10-02,4100,0.00,1794.92,EUR,C003
NL01-2024-001756,1,2024-10-24,1000,7843.00,0.00,EUR,C003
NL01-2024-001756,2,2024-10-24,1200,0.00,7843.00,EUR,C003
NL01-2024-001757,1,2024-10-23,1200,7016.19,0.00,EUR,C025
NL01-2024-001757,2,2024-10-23,4000,0.00,5410.49,EUR,C025
NL01-2024-001757,3,2024-10-23,4100,0.00,1605.70,EUR,C025
NL01-2024-001758,1,2024-11-22,1000,7016.19,0.00,EUR,C025
NL01-2024-001758,2,2024-11-22,1200,0.00,7016.19,EUR,C025
NL01-2024-001759,1,2024-10-21,1200,38246.61,0.00,EUR,C026
NL01-2024-001759,2,2024-10-21,4000,0.00,29493.65,EUR,C026
NL01-2024-001759,3,2024-10-21,4100,0.00,8752.96,EUR,C026
NL01-2024-001760,1,2024-11-22,1000,38246.61,0.00,EUR,C026
NL01-2024-001760,2,2024-11-22,1200,0.00,38246.61,EUR,C026
NL01-2024-001761,1,2024-10-02,1200,17385.75,0.00,EUR,C014
NL01-2024-001761,2,2024-10-02,4000,0.00,13406.92,EUR,C014
NL01-2024-001761,3,2024-10-02,4100,0.00,3978.83,EUR,C014
NL01-2024-001762,1,2024-11-09,1000,17385.75,0.00,EUR,C014
NL01-2024-001762,2,2024-11-09,1200,0.00,17385.75,EUR,C014
NL01-2024-001763,1,2024-10-03,1200,7338.08,0.00,EUR,C039
NL01-2024-001763,2,2024-10-03,4000,0.00,5658.72,EUR,C039
NL01-2024-001763,3,2024-10-03,4100,0.00,1679.36,EUR,C039
NL01-2024-001764,1,2024-10-30,1000,7338.08,0.00,EUR,C039
NL01-2024-001764,2,2024-10-30,1200,0.00,7338.08,EUR,C039
NL01-2024-001765,1,2024-10-02,1200,3471.25,0.00,EUR,C007
NL01-2024-001765,2,2024-10-02,4000,0.00,2676.83,EUR,C007
NL01-2024-001765,3,2024-10-02,4100,0.00,794.42,EUR,C007
NL01-2024-001766,1,2024-11-16,1000,3471.25,0.00,EUR,C007
NL01-2024-001766,2,2024-11-16,1200,0.00,3471.25,EUR,C007
NL01-2024-001767,1,2024-10-08,1200,3585.00,0.00,EUR,C038
NL01-2024-001767,2,2024-10-08,4000,0.00,2764.55,EUR,C038
NL01-2024-001767,3,2024-10-08,4100,0.00,820.45,EUR,C038
NL01-2024-001768,1,2024-11-11,1000,3585.00,0.00,EUR,C038
NL01-2024-001768,2,2024-11-11,1200,0.00,3585.00,EUR,C038
NL01-2024-001769,1,2024-10-16,1200,11673.97,0.00,EUR,C027
NL01-2024-001769,2,2024-10-16,4000,0.00,9002.31,EUR,C027
NL01-2024-001769,3,2024-10-16,4100,0.00,2671.66,EUR,C027
NL01-2024-001770,1,2024-11-11,1000,11673.97,0.00,EUR,C027
NL01-2024-001770,2,2024-11-11,1200,0.00,11673.97,EUR,C027
NL01-2024-001771,1,2024-10-27,1200,7731.69,0.00,EUR,C021
NL01-2024-001771,2,2024-10-27,4000,0.00,5962.25,EUR,C021
NL01-2024-001771,3,2024-10-27,4100,0.00,1769.44,EUR,C021
NL01-2024-001772,1,2024-11-18,1000,7731.69,0.00,EUR,C021
NL01-2024-001772,2,2024-11-18,1200,0.00,7731.69,EUR,C021
NL01-2024-001773,1,2024-10-03,1200,19036.83,0.00,EUR,C002
NL01-2024-001773,2,2024-10-03,4000,0.00,14680.14,EUR,C002
NL01-2024-001773,3,2024-10-03,4100,0.00,4356.69,EUR,C002
NL01-2024-001774,1,2024-10-25,1000,19036.83,0.00,EUR,C002
NL01-2024-001774,2,2024-10-25,1200,0.00,19036.83,EUR,C002
NL01-2024-001775,1,2024-10-03,1200,23591.15,0.00,EUR,C009
NL01-2024-001775,2,2024-10-03,4000,0.00,18192.18,EUR,C009
NL01-2024-001775,3,2024-10-03,4100,0.00,5398.97,EUR,C009
NL01-2024-001776,1,2024-11-05,1000,23591.15,0.00,EUR,C009
NL01-2024-001776,2,2024-11-05,1200,0.00,23591.15,EUR,C009
NL01-2024-001777,1,2024-10-18,1200,4371.30,0.00,EUR,C008
NL01-2024-001777,2,2024-10-18,4000,0.00,3370.90,EUR,C008
NL01-2024-001777,3,2024-10-18,4100,0.00,1000.40,EUR,C008
NL01-2024-001778,1,2024-11-19,1000,4371.30,0.00,EUR,C008
NL01-2024-001778,2,2024-11-19,1200,0.00,4371.30,EUR,C008
NL01-2024-001779,1,2024-10-14,1200,2600.46,0.00,EUR,C013
NL01-2024-001779,2,2024-10-14,4000,0.00,2005.33,EUR,C013
NL01-2024-001779,3,2024-10-14,4100,0.00,595.13,EUR,C013
NL01-2024-001780,1,2024-11-24,1000,2600.46,0.00,EUR,C013
NL01-2024-001780,2,2024-11-24,1200,0.00,2600.46,EUR,C013
NL01-2024-001781,1,2024-10-15,1200,17419.05,0.00,EUR,C027
NL01-2024-001781,2,2024-10-15,4000,0.00,13432.60,EUR,C027
NL01-2024-001781,3,2024-10-15,4100,0.00,3986.45,EUR,C027
NL01-2024-001782,1,2024-11-03,1000,17419.05,0.00,EUR,C027
NL01-2024-001782,2,2024-11-03,1200,0.00,17419.05,EUR,C027
NL01-2024-001783,1,2024-10-07,1200,15109.29,0.00,EUR,C029
NL01-2024-001783,2,2024-10-07,4000,0.00,11651.44,EUR,C029
NL01-2024-001783,3,2024-10-07,4100,0.00,3457.85,EUR,C029
NL01-2024-001784,1,2024-10-31,1000,15109.29,0.00,EUR,C029
NL01-2024-001784,2,2024-10-31,1200,0.00,15109.29,EUR,C029
NL01-2024-001785,1,2024-10-28,1200,5853.10,0.00,EUR,C038
NL01-2024-001785,2,2024-10-28,4000,0.00,4513.58,EUR,C038
NL01-2024-001785,3,2024-10-28,4100,0.00,1339.52,EUR,C038
NL01-2024-001786,1,2024-12-02,1000,5853.10,0.00,EUR,C038
NL01-2024-001786,2,2024-12-02,1200,0.00,5853.10,EUR,C038
NL01-2024-001787,1,2024-10-24,1200,1975.36,0.00,EUR,C010
NL01-2024-001787,2,2024-10-24,4000,0.00,1523.29,EUR,C010
NL01-2024-001787,3,2024-10-24,4100,0.00,452.07,EUR,C010
NL01-2024-001788,1,2024-11-14,1000,1975.36,0.00,EUR,C010
NL01-2024-001788,2,2024-11-14,1200,0.00,1975.36,EUR,C010
NL01-2024-001789,1,2024-10-30,1200,4343.23,0.00,EUR,C014
NL01-2024-001789,2,2024-10-30,4000,0.00,3349.26,EUR,C014
NL01-2024-001789,3,2024-10-30,4100,0.00,993.97,EUR,C014
NL01-2024-001790,1,2024-12-04,1000,4343.23,0.00,EUR,C014
NL01-2024-001790,2,2024-12-04,1200,0.00,4343.23,EUR,C014
NL01-2024-001791,1,2024-10-11,1200,27961.02,0.00,EUR,C015
NL01-2024-001791,2,2024-10-11,4000,0.00,21561.98,EUR,C015
NL01-2024-001791,3,2024-10-11,4100,0.00,6399.04,EUR,C015
NL01-2024-001792,1,2024-11-15,1000,27961.02,0.00,EUR,C015
NL01-2024-001792,2,2024-11-15,1200,0.00,27961.02,EUR,C015
NL01-2024-001793,1,2024-10-31,1200,4727.58,0.00,EUR,C027
NL01-2024-001793,2,2024-10-31,4000,0.00,3645.65,EUR,C027
NL01-2024-001793,3,2024-10-31,4100,0.00,1081.93,EUR,C027
NL01-2024-001794,1,2024-12-11,1000,4727.58,0.00,EUR,C027
NL01-2024-001794,2,2024-12-11,1200,0.00,4727.58,EUR,C027
NL01-2024-001795,1,2024-10-15,1200,27001.55,0.00,EUR,C002
NL01-2024-001795,2,2024-10-15,4000,0.00,20822.09,EUR,C002
NL01-2024-001795,3,2024-10-15,4100,0.00,6179.46,EUR,C002
NL01-2024-001796,1,2024-11-23,1000,27001.55,0.00,EUR,C002
NL01-2024-001796,2,2024-11-23,1200,0.00,27001.55,EUR,C002
NL01-2024-001797,1,2024-10-07,1200,6211.42,0.00,EUR,C036
NL01-2024-001797,2,2024-10-07,4000,0.00,4789.90,EUR,C036
NL01-2024-001797,3,2024-10-07,4100,0.00,1421.52,EUR,C036
NL01-2024-001798,1,2024-11-30,1000,6211.42,0.00,EUR,C036
NL01-2024-001798,2,2024-11-30,1200,0.00,6211.42,EUR,C036
NL01-2024-001799,1,2024-10-11,1200,12045.42,0.00,EUR,C027
NL01-2024-001799,2,2024-10-11,4000,0.00,9288.76,EUR,C027
NL01-2024-001799,3,2024-10-11,4100,0.00,2756.66,EUR,C027
NL01-2024-001800,1,2024-11-10,1000,12045.42,0.00,EUR,C027
NL01-2024-001800,2,2024-11-10,1200,0.00,12045.42,EUR,C027
NL01-2024-001801,1,2024-10-06,1200,29089.58,0.00,EUR,C006
NL01-2024-001801,2,2024-10-06,4000,0.00,22432.26,EUR,C006
NL01-2024-001801,3,2024-10-06,4100,0.00,6657.32,EUR,C006
NL01-2024-001802,1,2024-11-12,1000,29089.58,0.00,EUR,C006
NL01-2024-001802,2,2024-11-12,1200,0.00,29089.58,EUR,C006
NL01-2024-001803,1,2024-10-30,1200,12124.35,0.00,EUR,C034
NL01-2024-001803,2,2024-10-30,4000,0.00,9349.62,EUR,C034
NL01-2024-001803,3,2024-10-30,4100,0.00,2774.73,EUR,C034
NL01-2024-001804,1,2024-11-22,1000,12124.35,0.00,EUR,C034
NL01-2024-001804,2,2024-11-22,1200,0.00,12124.35,EUR,C034
NL01-2024-001805,1,2024-10-15,1200,3002.51,0.00,EUR,C005
NL01-2024-001805,2,2024-10-15,4000,0.00,2315.37,EUR,C005
NL01-2024-001805,3,2024-10-15,4100,0.00,687.14,EUR,C005
NL01-2024-001806,1,2024-11-05,1000,3002.51,0.00,EUR,C005
NL01-2024-001806,2,2024-11-05,1200,0.00,3002.51,EUR,C005
NL01-2024-001807,1,2024-10-31,1200,2597.39,0.00,EUR,C028
NL01-2024-001807,2,2024-10-31,4000,0.00,2002.96,EUR,C028
NL01-2024-001807,3,2024-10-31,4100,0.00,594.43,EUR,C028
NL01-2024-001808,1,2024-11-23,1000,2597.39,0.00,EUR,C028
NL01-2024-001808,2,2024-11-23,1200,0.00,2597.39,EUR,C028
NL01-2024-001809,1,2024-10-29,1200,11211.70,0.00,EUR,C040
NL01-2024-001809,2,2024-10-29,4000,0.00,8645.84,EUR,C040
NL01-2024-001809,3,2024-10-29,4100,0.00,2565.86,EUR,C040
NL01-2024-001810,1,2024-11-26,1000,11211.70,0.00,EUR,C040
NL01-2024-001810,2,2024-11-26,1200,0.00,11211.70,EUR,C040
NL01-2024-001811,1,2024-10-13,1200,2024.22,0.00,EUR,C040
NL01-2024-001811,2,2024-10-13,4000,0.00,1560.97,EUR,C040
NL01-2024-001811,3,2024-10-13,4100,0.00,463.25,EUR,C040
NL01-2024-001812,1,2024-11-18,1000,2024.22,0.00,EUR,C040
NL01-2024-001812,2,2024-11-18,1200,0.00,2024.22,EUR,C040
NL01-2024-001813,1,2024-10-05,1200,19689.63,0.00,EUR,C030
NL01-2024-001813,2,2024-10-05,4000,0.00,15183.54,EUR,C030
NL01-2024-001813,3,2024-10-05,4100,0.00,4506.09,EUR,C030
NL01-2024-001814,1,2024-11-15,1000,19689.63,0.00,EUR,C030
NL01-2024-001814,2,2024-11-15,1200,0.00,19689.63,EUR,C030
NL01-2024-001815,1,2024-10-18,1200,2106.66,0.00,EUR,C011
NL01-2024-001815,2,2024-10-18,4000,0.00,1624.54,EUR,C011
NL01-2024-001815,3,2024-10-18,4100,0.00,482.12,EUR,C011
NL01-2024-001816,1,2024-11-14,1000,2106.66,0.00,EUR,C011
NL01-2024-001816,2,2024-11-14,1200,0.00,2106.66,EUR,C011
NL01-2024-001817,1,2024-10-17,1200,5343.50,0.00,EUR,C040
NL01-2024-001817,2,2024-10-17,4000,0.00,4120.61,EUR,C040
NL01-2024-001817,3,2024-10-17,4100,0.00,1222.89,EUR,C040
NL01-2024-001818,1,2024-11-16,1000,5343.50,0.00,EUR,C040
NL01-2024-001818,2,2024-11-16,1200,0.00,5343.50,EUR,C040
NL01-2024-001819,1,2024-10-15,1200,8629.57,0.00,EUR,C037
NL01-2024-001819,2,2024-10-15,4000,0.00,6654.64,EUR,C037
NL01-2024-001819,3,2024-10-15,4100,0.00,1974.93,EUR,C037
NL01-2024-001820,1,2024-11-07,1000,8629.57,0.00,EUR,C037
NL01-2024-001820,2,2024-11-07,1200,0.00,8629.57,EUR,C037
NL01-2024-001821,1,2024-10-10,1200,9309.89,0.00,EUR,C017
NL01-2024-001821,2,2024-10-10,4000,0.00,7179.27,EUR,C017
NL01-2024-001821,3,2024-10-10,4100,0.00,2130.62,EUR,C017
NL01-2024-001822,1,2024-11-13,1000,9309.89,0.00,EUR,C017
NL01-2024-001822,2,2024-11-13,1200,0.00,9309.89,EUR,C017
NL01-2024-001823,1,2024-10-20,1200,1023.72,0.00,EUR,C020
NL01-2024-001823,2,2024-10-20,4000,0.00,789.44,EUR,C020
NL01-2024-001823,3,2024-10-20,4100,0.00,234.28,EUR,C020
NL01-2024-001824,1,2024-12-18,1000,1023.72,0.00,EUR,C020
NL01-2024-001824,2,2024-12-18,1200,0.00,1023.72,EUR,C020
NL01-2024-001825,1,2024-10-06,1200,3852.76,0.00,EUR,C007
NL01-2024-001825,2,2024-10-06,4000,0.00,2971.03,EUR,C007
NL01-2024-001825,3,2024-10-06,4100,0.00,881.73,EUR,C007
NL01-2024-001826,1,2024-11-02,1000,3852.76,0.00,EUR,C007
NL01-2024-001826,2,2024-11-02,1200,0.00,3852.76,EUR,C007
NL01-2024-001827,1,2024-10-02,1200,12274.82,0.00,EUR,C040
NL01-2024-001827,2,2024-10-02,4000,0.00,9465.66,EUR,C040
NL01-2024-001827,3,2024-10-02,4100,0.00,2809.16,EUR,C040
NL01-2024-001828,1,2024-11-20,1000,12274.82,0.00,EUR,C040
NL01-2024-001828,2,2024-11-20,1200,0.00,12274.82,EUR,C040
NL01-2024-001829,1,2024-10-13,1200,3229.55,0.00,EUR,C012
NL01-2024-001829,2,2024-10-13,4000,0.00,2490.45,EUR,C012
NL01-2024-001829,3,2024-10-13,4100,0.00,739.10,EUR,C012
NL01-2024-001830,1,2024-11-20,1000,3229.55,0.00,EUR,C012
NL01-2024-001830,2,2024-11-20,1200,0.00,3229.55,EUR,C012
NL01-2024-001831,1,2024-10-28,1200,3675.95,0.00,EUR,C007
NL01-2024-001831,2,2024-10-28,4000,0.00,2834.69,EUR,C007
NL01-2024-001831,3,2024-10-28,4100,0.00,841.26,EUR,C007
NL01-2024-001832,1,2024-12-03,1000,3675.95,0.00,EUR,C007
NL01-2024-001832,2,2024-12-03,1200,0.00,3675.95,EUR,C007
NL01-2024-001833,1,2024-10-07,1200,24124.80,0.00,EUR,C021
NL01-2024-001833,2,2024-10-07,4000,0.00,18603.70,EUR,C021
NL01-2024-001833,3,2024-10-07,4100,0.00,5521.10,EUR,C021
NL01-2024-001834,1,2024-12-14,1000,24124.80,0.00,EUR,C021
NL01-2024-001834,2,2024-12-14,1200,0.00,24124.80,EUR,C021
NL01-2024-001835,1,2024-10-12,1200,3597.51,0.00,EUR,C009
NL01-2024-001835,2,2024-10-12,4000,0.00,2774.20,EUR,C009
NL01-2024-001835,3,2024-10-12,4100,0.00,823.31,EUR,C009
NL01-2024-001836,1,2024-10-30,1000,3597.51,0.00,EUR,C009
NL01-2024-001836,2,2024-10-30,1200,0.00,3597.51,EUR,C009
NL01-2024-001837,1,2024-10-30,1200,10032.13,0.00,EUR,C037
NL01-2024-001837,2,2024-10-30,4000,0.00,7736.22,EUR,C037
NL01-2024-001837,3,2024-10-30,4100,0.00,2295.91,EUR,C037
NL01-2024-001838,1,2024-12-09,1000,10032.13,0.00,EUR,C037
NL01-2024-001838,2,2024-12-09,1200,0.00,10032.13,EUR,C037
NL01-2024-001839,1,2024-10-23,1200,35814.36,0.00,EUR,C028
NL01-2024-001839,2,2024-10-23,4000,0.00,27618.04,EUR,C028
NL01-2024-001839,3,2024-10-23,4100,0.00,8196.32,EUR,C028
NL01-2024-001840,1,2024-11-12,1000,35814.36,0.00,EUR,C028
NL01-2024-001840,2,2024-11-12,1200,0.00,35814.36,EUR,C028
NL01-2024-001841,1,2024-10-11,1200,24464.74,0.00,EUR,C037
NL01-2024-001841,2,2024-10-11,4000,0.00,18865.84,EUR,C037
NL01-2024-001841,3,2024-10-11,4100,0.00,5598.90,EUR,C037
NL01-2024-001842,1,2024-11-12,1000,24464.74,0.00,EUR,C037
NL01-2024-001842,2,2024-11-12,1200,0.00,24464.74,EUR,C037
NL01-2024-001843,1,2024-10-16,1200,10272.71,0.00,EUR,C012
NL01-2024-001843,2,2024-10-16,4000,0.00,7921.74,EUR,C012
NL01-2024-001843,3,2024-10-16,4100,0.00,2350.97,EUR,C012
NL01-2024-001844,1,2024-11-09,1000,10272.71,0.00,EUR,C012
NL01-2024-001844,2,2024-11-09,1200,0.00,10272.71,EUR,C012
NL01-2024-001845,1,2024-10-18,1200,9093.10,0.00,EUR,C014
NL01-2024-001845,2,2024-10-18,4000,0.00,7012.09,EUR,C014
NL01-2024-001845,3,2024-10-18,4100,0.00,2081.01,EUR,C014
NL01-2024-001846,1,2024-11-18,1000,9093.10,0.00,EUR,C014
NL01-2024-001846,2,2024-11-18,1200,0.00,9093.10,EUR,C014
NL01-2024-001847,1,2024-10-30,1200,23298.70,0.00,EUR,C039
NL01-2024-001847,2,2024-10-30,4000,0.00,17966.66,EUR,C039
NL01-2024-001847,3,2024-10-30,4100,0.00,5332.04,EUR,C039
NL01-2024-001848,1,2024-11-23,1000,23298.70,0.00,EUR,C039
NL01-2024-001848,2,2024-11-23,1200,0.00,23298.70,EUR,C039
NL01-2024-001849,1,2024-10-10,1200,19182.97,0.00,EUR,C023
NL01-2024-001849,2,2024-10-10,4000,0.00,14792.84,EUR,C023
NL01-2024-001849,3,2024-10-10,4100,0.00,4390.13,EUR,C023
NL01-2024-001850,1,2024-11-26,1000,19182.97,0.00,EUR,C023
NL01-2024-001850,2,2024-11-26,1200,0.00,19182.97,EUR,C023
NL01-2024-001851,1,2024-10-22,1200,5464.85,0.00,EUR,C002
NL01-2024-001851,2,2024-10-22,4000,0.00,4214.19,EUR,C002
NL01-2024-001851,3,2024-10-22,4100,0.00,1250.66,EUR,C002
NL01-2024-001852,1,2024-11-18,1000,5464.85,0.00,EUR,C002
NL01-2024-001852,2,2024-11-18,1200,0.00,5464.85,EUR,C002
NL01-2024-001853,1,2024-10-19,1200,1741.58,0.00,EUR,C012
NL01-2024-001853,2,2024-10-19,4000,0.00,1343.01,EUR,C012
NL01-2024-001853,3,2024-10-19,4100,0.00,398.57,EUR,C012
NL01-2024-001854,1,2024-11-26,1000,1741.58,0.00,EUR,C012
NL01-2024-001854,2,2024-11-26,1200,0.00,1741.58,EUR,C012
NL01-2024-001855,1,2024-10-26,1200,8423.71,0.00,EUR,C013
NL01-2024-001855,2,2024-10-26,4000,0.00,6495.90,EUR,C013
NL01-2024-001855,3,2024-10-26,4100,0.00,1927.81,EUR,C013
NL01-2024-001856,1,2024-11-20,1000,8423.71,0.00,EUR,C013
NL01-2024-001856,2,2024-11-20,1200,0.00,8423.71,EUR,C013
NL01-2024-001857,1,2024-10-13,1200,4311.65,0.00,EUR,C036
NL01-2024-001857,2,2024-10-13,4000,0.00,3324.90,EUR,C036
NL01-2024-001857,3,2024-10-13,4100,0.00,986.75,EUR,C036
NL01-2024-001858,1,2024-11-11,1000,4311.65,0.00,EUR,C036
NL01-2024-001858,2,2024-11-11,1200,0.00,4311.65,EUR,C036
NL01-2024-001859,1,2024-10-11,1200,12723.55,0.00,EUR,C037
NL01-2024-001859,2,2024-10-11,4000,0.00,9811.69,EUR,C037
NL01-2024-001859,3,2024-10-11,4100,0.00,2911.86,EUR,C037
NL01-2024-001860,1,2024-11-23,1000,12723.55,0.00,EUR,C037
NL01-2024-001860,2,2024-11-23,1200,0.00,12723.55,EUR,C037
NL01-2024-001861,1,2024-10-21,1200,11791.45,0.00,EUR,C021
NL01-2024-001861,2,2024-10-21,4000,0.00,9092.91,EUR,C021
NL01-2024-001861,3,2024-10-21,4100,0.00,2698.54,EUR,C021
NL01-2024-001862,1,2024-11-05,1000,11791.45,0.00,EUR,C021
NL01-2024-001862,2,2024-11-05,1200,0.00,11791.45,EUR,C021
NL01-2024-001863,1,2024-10-07,1200,2708.41,0.00,EUR,C015
NL01-2024-001863,2,2024-10-07,4000,0.00,2088.57,EUR,C015
NL01-2024-001863,3,2024-10-07,4100,0.00,619.84,EUR,C015
NL01-2024-001864,1,2024-11-26,1000,2708.41,0.00,EUR,C015
NL01-2024-001864,2,2024-11-26,1200,0.00,2708.41,EUR,C015
NL01-2024-001865,1,2024-10-16,1200,12211.36,0.00,EUR,C022
NL01-2024-001865,2,2024-10-16,4000,0.00,9416.72,EUR,C022
NL01-2024-001865,3,2024-10-16,4100,0.00,2794.64,EUR,C022
NL01-2024-001866,1,2024-11-15,1000,12211.36,0.00,EUR,C022
NL01-2024-001866,2,2024-11-15,1200,0.00,12211.36,EUR,C022
NL01-2024-001867,1,2024-10-08,1200,3598.75,0.00,EUR,C012
NL01-2024-001867,2,2024-10-08,4000,0.00,2775.16,EUR,C012
NL01-2024-001867,3,2024-10-08,4100,0.00,823.59,EUR,C012
NL01-2024-001868,1,2024-10-30,1000,3598.75,0.00,EUR,C012
NL01-2024-001868,2,2024-10-30,1200,0.00,3598.75,EUR,C012
NL01-2024-001869,1,2024-10-20,1200,12965.69,0.00,EUR,C003
NL01-2024-001869,2,2024-10-20,4000,0.00,9998.42,EUR,C003
NL01-2024-001869,3,2024-10-20,4100,0.00,2967.27,EUR,C003
NL01-2024-001870,1,2024-11-02,1000,12965.69,0.00,EUR,C003
NL01-2024-001870,2,2024-11-02,1200,0.00,12965.69,EUR,C003
NL01-2024-001871,1,2024-10-24,1200,7692.32,0.00,EUR,C017
NL01-2024-001871,2,2024-10-24,4000,0.00,5931.89,EUR,C017
NL01-2024-001871,3,2024-10-24,4100,0.00,1760.43,EUR,C017
NL01-2024-001872,1,2024-11-20,1000,7692.32,0.00,EUR,C017
NL01-2024-001872,2,2024-11-20,1200,0.00,7692.32,EUR,C017
NL01-2024-001873,1,2024-10-25,1200,4133.17,0.00,EUR,C039
NL01-2024-001873,2,2024-10-25,4000,0.00,3187.27,EUR,C039
NL01-2024-001873,3,2024-10-25,4100,0.00,945.90,EUR,C039
NL01-2024-001874,1,2024-11-18,1000,4133.17,0.00,EUR,C039
NL01-2024-001874,2,2024-11-18,1200,0.00,4133.17,EUR,C039
NL01-2024-001875,1,2024-10-08,1200,13878.24,0.00,EUR,C023
NL01-2024-001875,2,2024-10-08,4000,0.00,10702.12,EUR,C023
NL01-2024-001875,3,2024-10-08,4100,0.00,3176.12,EUR,C023
NL01-2024-001876,1,2024-11-24,1000,13878.24,0.00,EUR,C023
NL01-2024-001876,2,2024-11-24,1200,0.00,13878.24,EUR,C023
NL01-2024-001877,1,2024-10-24,1200,16256.19,0.00,EUR,C003
NL01-2024-001877,2,2024-10-24,4000,0.00,12535.87,EUR,C003
NL01-2024-001877,3,2024-10-24,4100,0.00,3720.32,EUR,C003
NL01-2024-001878,1,2024-11-10,1000,16256.19,0.00,EUR,C003
NL01-2024-001878,2,2024-11-10,1200,0.00,16256.19,EUR,C003
NL01-2024-001879,1,2024-10-24,1200,3127.37,0.00,EUR,C028
NL01-2024-001879,2,2024-10-24,4000,0.00,2411.65,EUR,C028
NL01-2024-001879,3,2024-10-24,4100,0.00,715.72,EUR,C028
NL01-2024-001880,1,2024-12-16,1000,3127.37,0.00,EUR,C028
NL01-2024-001880,2,2024-12-16,1200,0.00,3127.37,EUR,C028
NL01-2024-001881,1,2024-10-23,1200,7283.88,0.00,EUR,C026
NL01-2024-001881,2,2024-10-23,4000,0.00,5616.92,EUR,C026
NL01-2024-001881,3,2024-10-23,4100,0.00,1666.96,EUR,C026
NL01-2024-001882,1,2024-11-10,1000,7283.88,0.00,EUR,C026
NL01-2024-001882,2,2024-11-10,1200,0.00,7283.88,EUR,C026
NL01-2024-001883,1,2024-10-20,1200,32579.83,0.00,EUR,C019
NL01-2024-001883,2,2024-10-20,4000,0.00,25123.75,EUR,C019
NL01-2024-001883,3,2024-10-20,4100,0.00,7456.08,EUR,C019
NL01-2024-001884,1,2024-11-13,1000,32579.83,0.00,EUR,C019
NL01-2024-001884,2,2024-11-13,1200,0.00,32579.83,EUR,C019
NL01-2024-001885,1,2024-10-21,1200,4105.28,0.00,EUR,C015
NL01-2024-001885,2,2024-10-21,4000,0.00,3165.76,EUR,C015
NL01-2024-001885,3,2024-10-21,4100,0.00,939.52,EUR,C015
NL01-2024-001886,1,2024-12-05,1000,4105.28,0.00,EUR,C015
NL01-2024-001886,2,2024-12-05,1200,0.00,4105.28,EUR,C015
NL01-2024-001887,1,2024-10-26,1200,6894.88,0.00,EUR,C025
NL01-2024-001887,2,2024-10-26,4000,0.00,5316.95,EUR,C025
NL01-2024-001887,3,2024-10-26,4100,0.00,1577.93,EUR,C025
NL01-2024-001888,1,2024-11-28,1000,6894.88,0.00,EUR,C025
NL01-2024-001888,2,2024-11-28,1200,0.00,6894.88,EUR,C025
NL01-2024-001889,1,2024-10-19,1200,3257.50,0.00,EUR,C029
NL01-2024-001889,2,2024-10-19,4000,0.00,2512.00,EUR,C029
NL01-2024-001889,3,2024-10-19,4100,0.00,745.50,EUR,C029
NL01-2024-001890,1,2024-11-22,1000,3257.50,0.00,EUR,C029
NL01-2024-001890,2,2024-11-22,1200,0.00,3257.50,EUR,C029
NL01-2024-001891,1,2024-10-09,1200,3166.88,0.00,EUR,C028
NL01-2024-001891,2,2024-10-09,4000,0.00,2442.12,EUR,C028
NL01-2024-001891,3,2024-10-09,4100,0.00,724.76,EUR,C028
NL01-2024-001892,1,2024-12-10,1000,3166.88,0.00,EUR,C028
NL01-2024-001892,2,2024-12-10,1200,0.00,3166.88,EUR,C028
NL01-2024-001893,1,2024-10-25,1200,43748.40,0.00,EUR,C006
NL01-2024-001893,2,2024-10-25,4000,0.00,33736.33,EUR,C006
NL01-2024-001893,3,2024-10-25,4100,0.00,10012.07,EUR,C006
NL01-2024-001894,1,2024-12-22,1000,43748.40,0.00,EUR,C006
NL01-2024-001894,2,2024-12-22,1200,0.00,43748.40,EUR,C006
NL01-2024-001895,1,2024-10-03,1200,5648.34,0.00,EUR,C019
NL01-2024-001895,2,2024-10-03,4000,0.00,4355.68,EUR,C019
NL01-2024-001895,3,2024-10-03,4100,0.00,1292.66,EUR,C019
NL01-2024-001896,1,2024-11-02,1000,5648.34,0.00,EUR,C019
NL01-2024-001896,2,2024-11-02,1200,0.00,5648.34,EUR,C019
NL01-2024-001897,1,2024-10-16,1200,6847.22,0.00,EUR,C029
NL01-2024-001897,2,2024-10-16,4000,0.00,5280.19,EUR,C029
NL01-2024-001897,3,2024-10-16,4100,0.00,1567.03,EUR,C029
NL01-2024-001898,1,2024-11-30,1000,6847.22,0.00,EUR,C029
NL01-2024-001898,2,2024-11-30,1200,0.00,6847.22,EUR,C029
NL01-2024-001899,1,2024-10-22,1200,11625.29,0.00,EUR,C016
NL01-2024-001899,2,2024-10-22,4000,0.00,8964.78,EUR,C016
NL01-2024-001899,3,2024-10-22,4100,0.00,2660.51,EUR,C016
NL01-2024-001900,1,2024-11-10,1000,11625.29,0.00,EUR,C016
NL01-2024-001900,2,2024-11-10,1200,0.00,11625.29,EUR,C016
NL01-2024-001901,1,2024-10-25,1200,21325.40,0.00,EUR,C023
NL01-2024-001901,2,2024-10-25,4000,0.00,16444.96,EUR,C023
NL01-2024-001901,3,2024-10-25,4100,0.00,4880.44,EUR,C023
NL01-2024-001902,1,2025-01-13,1000,21325.40,0.00,EUR,C023
NL01-2024-001902,2,2025-01-13,1200,0.00,21325.40,EUR,C023
NL01-2024-001903,1,2024-10-25,1200,3648.61,0.00,EUR,C008
NL01-2024-001903,2,2024-10-25,4000,0.00,2813.60,EUR,C008
NL01-2024-001903,3,2024-10-25,4100,0.00,835.01,EUR,C008
NL01-2024-001904,1,2024-12-01,1000,3648.61,0.00,EUR,C008
NL01-2024-001904,2,2024-12-01,1200,0.00,3648.61,EUR,C008
NL01-2024-001905,1,2024-10-21,1200,2962.65,0.00,EUR,C040
NL01-2024-001905,2,2024-10-21,4000,0.00,2284.63,EUR,C040
NL01-2024-001905,3,2024-10-21,4100,0.00,678.02,EUR,C040
NL01-2024-001906,1,2024-11-28,1000,2962.65,0.00,EUR,C040
NL01-2024-001906,2,2024-11-28,1200,0.00,2962.65,EUR,C040
NL01-2024-001907,1,2024-10-29,1200,13414.97,0.00,EUR,C008
NL01-2024-001907,2,2024-10-29,4000,0.00,10344.88,EUR,C008
NL01-2024-001907,3,2024-10-29,4100,0.00,3070.09,EUR,C008
NL01-2024-001908,1,2024-12-15,1000,13414.97,0.00,EUR,C008
NL01-2024-001908,2,2024-12-15,1200,0.00,13414.97,EUR,C008
NL01-2024-001909,1,2024-10-24,1200,31377.58,0.00,EUR,C004
NL01-2024-001909,2,2024-10-24,4000,0.00,24196.64,EUR,C004
NL01-2024-001909,3,2024-10-24,4100,0.00,7180.94,EUR,C004
NL01-2024-001910,1,2024-11-30,1000,31377.58,0.00,EUR,C004
NL01-2024-001910,2,2024-11-30,1200,0.00,31377.58,EUR,C004
NL01-2024-001911,1,2024-10-24,1200,5212.90,0.00,EUR,C010
NL01-2024-001911,2,2024-10-24,4000,0.00,4019.90,EUR,C010
NL01-2024-001911,3,2024-10-24,4100,0.00,1193.00,EUR,C010
NL01-2024-001912,1,2024-12-11,1000,5212.90,0.00,EUR,C010
NL01-2024-001912,2,2024-12-11,1200,0.00,5212.90,EUR,C010
NL01-2024-001913,1,2024-10-24,1200,22400.26,0.00,EUR,C033
NL01-2024-001913,2,2024-10-24,4000,0.00,17273.83,EUR,C033
NL01-2024-001913,3,2024-10-24,4100,0.00,5126.43,EUR,C033
NL01-2024-001914,1,2024-11-23,1000,22400.26,0.00,EUR,C033
NL01-2024-001914,2,2024-11-23,1200,0.00,22400.26,EUR,C033
NL01-2024-001915,1,2024-10-03,1200,5677.03,0.00,EUR,C030
NL01-2024-001915,2,2024-10-03,4000,0.00,4377.81,EUR,C030
NL01-2024-001915,3,2024-10-03,4100,0.00,1299.22,EUR,C030
NL01-2024-001916,1,2024-11-11,1000,5677.03,0.00,EUR,C030
NL01-2024-001916,2,2024-11-11,1200,0.00,5677.03,EUR,C030
NL01-2024-001917,1,2024-10-07,1200,6852.76,0.00,EUR,C022
NL01-2024-001917,2,2024-10-07,4000,0.00,5284.47,EUR,C022
NL01-2024-001917,3,2024-10-07,4100,0.00,1568.29,EUR,C022
NL01-2024-001918,1,2024-10-24,1000,6852.76,0.00,EUR,C022
NL01-2024-001918,2,2024-10-24,1200,0.00,6852.76,EUR,C022
NL01-2024-001919,1,2024-10-13,1200,38054.28,0.00,EUR,C027
NL01-2024-001919,2,2024-10-13,4000,0.00,29345.34,EUR,C027
NL01-2024-001919,3,2024-10-13,4100,0.00,8708.94,EUR,C027
NL01-2024-001920,1,2024-11-03,1000,38054.28,0.00,EUR,C027
NL01-2024-001920,2,2024-11-03,1200,0.00,38054.28,EUR,C027
NL01-2024-001921,1,2024-10-11,1200,8037.69,0.00,EUR,C001
NL01-2024-001921,2,2024-10-11,4000,0.00,6198.22,EUR,C001
NL01-2024-001921,3,2024-10-11,4100,0.00,1839.47,EUR,C001
NL01-2024-001922,1,2024-11-24,1000,8037.69,0.00,EUR,C001
NL01-2024-001922,2,2024-11-24,1200,0.00,8037.69,EUR,C001
NL01-2024-001923,1,2024-10-17,1200,6552.22,0.00,EUR,C002
NL01-2024-001923,2,2024-10-17,4000,0.00,5052.71,EUR,C002
NL01-2024-001923,3,2024-10-17,4100,0.00,1499.51,EUR,C002
NL01-2024-001924,1,2024-11-20,1000,6552.22,0.00,EUR,C002
NL01-2024-001924,2,2024-11-20,1200,0.00,6552.22,EUR,C002
NL01-2024-001925,1,2024-10-24,1300,119542.88,0.00,EUR,V007
NL01-2024-001925,2,2024-10-24,2100,0.00,119542.88,EUR,V007
NL01-2024-001926,1,2024-12-01,2100,119542.88,0.00,EUR,V007
NL01-2024-001926,2,2024-12-01,1000,0.00,119542.88,EUR,V007
NL01-2024-001927,1,2024-10-14,1300,217348.45,0.00,EUR,V007
NL01-2024-001927,2,2024-10-14,2100,0.00,217348.45,EUR,V007
NL01-2024-001928,1,2024-11-09,2100,217348.45,0.00,EUR,V007
NL01-2024-001928,2,2024-11-09,1000,0.00,217348.45,EUR,V007
NL01-2024-001929,1,2024-10-05,1300,29994.31,0.00,EUR,V006
NL01-2024-001929,2,2024-10-05,2100,0.00,29994.31,EUR,V006
NL01-2024-001930,1,2024-11-03,2100,29994.31,0.00,EUR,V006
NL01-2024-001930,2,2024-11-03,1000,0.00,29994.31,EUR,V006
NL01-2024-001931,1,2024-10-18,1300,195942.95,0.00,EUR,V007
NL01-2024-001931,2,2024-10-18,2100,0.00,195942.95,EUR,V007
NL01-2024-001932,1,2024-11-07,2100,195942.95,0.00,EUR,V007
NL01-2024-001932,2,2024-11-07,1000,0.00,195942.95,EUR,V007
NL01-2024-001933,1,2024-10-17,1300,91631.36,0.00,EUR,V018
NL01-2024-001933,2,2024-10-17,2100,0.00,91631.36,EUR,V018
NL01-2024-001934,1,2024-11-21,2100,91631.36,0.00,EUR,V018
NL01-2024-001934,2,2024-11-21,1000,0.00,91631.36,EUR,V018
NL01-2024-001935,1,2024-10-31,5000,594450.14,0.00,EUR,
NL01-2024-001935,2,2024-10-31,1300,0.00,594450.14,EUR,
NL01-2024-001936,1,2024-10-01,6100,58549.20,0.00,EUR,V057
NL01-2024-001936,2,2024-10-01,2100,0.00,58549.20,EUR,V057
NL01-2024-001937,1,2024-11-04,2100,58549.20,0.00,EUR,V057
NL01-2024-001937,2,2024-11-04,1000,0.00,58549.20,EUR,V057
NL01-2024-001938,1,2024-10-07,6200,46752.88,0.00,EUR,V035
NL01-2024-001938,2,2024-10-07,2100,0.00,46752.88,EUR,V035
NL01-2024-001939,1,2024-10-27,2100,46752.88,0.00,EUR,V035
NL01-2024-001939,2,2024-10-27,1000,0.00,46752.88,EUR,V035
NL01-2024-001940,1,2024-10-05,6300,22730.46,0.00,EUR,V030
NL01-2024-001940,2,2024-10-05,2100,0.00,22730.46,EUR,V030
NL01-2024-001941,1,2024-10-31,2100,22730.46,0.00,EUR,V030
NL01-2024-001941,2,2024-10-31,1000,0.00,22730.46,EUR,V030
NL01-2024-001942,1,2024-10-20,6400,33348.45,0.00,EUR,V047
NL01-2024-001942,2,2024-10-20,2100,0.00,33348.45,EUR,V047
NL01-2024-001943,1,2024-11-14,2100,33348.45,0.00,EUR,V047
NL01-2024-001943,2,2024-11-14,1000,0.00,33348.45,EUR,V047
NL01-2024-001944,1,2024-10-25,6000,383662.40,0.00,EUR,
NL01-2024-001944,2,2024-10-25,1000,0.00,383662.40,EUR,
NL01-2024-001945,1,2024-10-31,6900,15625.00,0.00,EUR,
NL01-2024-001945,2,2024-10-31,1590,0.00,15625.00,EUR,
NL01-2024-001946,1,2024-11-17,1200,15476.83,0.00,EUR,C030
NL01-2024-001946,2,2024-11-17,4000,0.00,11880.33,EUR,C030
NL01-2024-001946,3,2024-11-17,4100,0.00,3596.50,EUR,C030
NL01-2024-001947,1,2024-12-08,1000,15476.83,0.00,EUR,C030
NL01-2024-001947,2,2024-12-08,1200,0.00,15476.83,EUR,C030
NL01-2024-001948,1,2024-11-06,1200,72333.56,0.00,EUR,C029
NL01-2024-001948,2,2024-11-06,4000,0.00,55524.71,EUR,C029
NL01-2024-001948,3,2024-11-06,4100,0.00,16808.85,EUR,C029
NL01-2024-001949,1,2024-12-11,1000,72333.56,0.00,EUR,C029
NL01-2024-001949,2,2024-12-11,1200,0.00,72333.56,EUR,C029
NL01-2024-001950,1,2024-11-20,1200,5261.95,0.00,EUR,C040
NL01-2024-001950,2,2024-11-20,4000,0.00,4039.18,EUR,C040
NL01-2024-001950,3,2024-11-20,4100,0.00,1222.77,EUR,C040
NL01-2024-001951,1,2024-12-16,1000,5261.95,0.00,EUR,C040
NL01-2024-001951,2,2024-12-16,1200,0.00,5261.95,EUR,C040
NL01-2024-001952,1,2024-11-24,1200,8767.93,0.00,EUR,C007
NL01-2024-001952,2,2024-11-24,4000,0.00,6730.44,EUR,C007
NL01-2024-001952,3,2024-11-24,4100,0.00,2037.49,EUR,C007
NL01-2024-001953,1,2024-12-27,1000,8767.93,0.00,EUR,C007
NL01-2024-001953,2,2024-12-27,1200,0.00,8767.93,EUR,C007
NL01-2024-001954,1,2024-11-09,1200,2099.93,0.00,EUR,C003
NL01-2024-001954,2,2024-11-09,4000,0.00,1611.95,EUR,C003
NL01-2024-001954,3,2024-11-09,4100,0.00,487.98,EUR,C003
NL01-2024-001955,1,2024-12-01,1000,2099.93,0.00,EUR,C003
NL01-2024-001955,2,2024-12-01,1200,0.00,2099.93,EUR,C003
NL01-2024-001956,1,2024-11-03,1200,54611.01,0.00,EUR,C020
NL01-2024-001956,2,2024-11-03,4000,0.00,41920.52,EUR,C020
NL01-2024-001956,3,2024-11-03,4100,0.00,12690.49,EUR,C020
NL01-2024-001957,1,2025-01-03,1000,54611.01,0.00,EUR,C020
NL01-2024-001957,2,2025-01-03,1200,0.00,54611.01,EUR,C020
NL01-2024-001958,1,2024-11-17,1200,5695.88,0.00,EUR,C004
NL01-2024-001958,2,2024-11-17,4000,0.00,4372.27,EUR,C004
NL01-2024-001958,3,2024-11-17,4100,0.00,1323.61,EUR,C004
NL01-2024-001959,1,2024-12-10,1000,5695.88,0.00,EUR,C004
NL01-2024-001959,2,2024-12-10,1200,0.00,5695.88,EUR,C004
NL01-2024-001960,1,2024-11-21,1200,8819.24,0.00,EUR,C035
NL01-2024-001960,2,2024-11-21,4000,0.00,6769.83,EUR,C035
NL01-2024-001960,3,2024-11-21,4100,0.00,2049.41,EUR,C035
NL01-2024-001961,1,2024-12-21,1000,8819.24,0.00,EUR,C035
NL01-2024-001961,2,2024-12-21,1200,0.00,8819.24,EUR,C035
NL01-2024-001962,1,2024-11-20,1200,3424.39,0.00,EUR,C037
NL01-2024-001962,2,2024-11-20,4000,0.00,2628.63,EUR,C037
NL01-2024-001962,3,2024-11-20,4100,0.00,795.76,EUR,C037
NL01-2024-001963,1,2024-12-14,1000,3424.39,0.00,EUR,C037
NL01-2024-001963,2,2024-12-14,1200,0.00,3424.39,EUR,C037
NL01-2024-001964,1,2024-11-21,1200,21658.45,0.00,EUR,C032
NL01-2024-001964,2,2024-11-21,4000,0.00,16625.47,EUR,C032
NL01-2024-001964,3,2024-11-21,4100,0.00,5032.98,EUR,C032
NL01-2024-001965,1,2025-01-27,1000,21658.45,0.00,EUR,C032
NL01-2024-001965,2,2025-01-27,1200,0.00,21658.45,EUR,C032
NL01-2024-001966,1,2024-11-08,1200,15552.86,0.00,EUR,C019
NL01-2024-001966,2,2024-11-08,4000,0.00,11938.69,EUR,C019
NL01-2024-001966,3,2024-11-08,4100,0.00,3614.17,EUR,C019
NL01-2024-001967,1,2024-12-03,1000,15552.86,0.00,EUR,C019
NL01-2024-001967,2,2024-12-03,1200,0.00,15552.86,EUR,C019
NL01-2024-001968,1,2024-11-12,1200,8530.07,0.00,EUR,C001
NL01-2024-001968,2,2024-11-12,4000,0.00,6547.85,EUR,C001
NL01-2024-001968,3,2024-11-12,4100,0.00,1982.22,EUR,C001
NL01-2024-001969,1,2024-12-15,1000,8530.07,0.00,EUR,C001
NL01-2024-001969,2,2024-12-15,1200,0.00,8530.07,EUR,C001
NL01-2024-001970,1,2024-11-18,1200,37465.70,0.00,EUR,C038
NL01-2024-001970,2,2024-11-18,4000,0.00,28759.43,EUR,C038
NL01-2024-001970,3,2024-11-18,4100,0.00,8706.27,EUR,C038
NL01-2024-001971,1,2024-12-21,1000,37465.70,0.00,EUR,C038
NL01-2024-001971,2,2024-12-21,1200,0.00,37465.70,EUR,C038
NL01-2024-001972,1,2024-11-04,1200,2392.85,0.00,EUR,C014
NL01-2024-001972,2,2024-11-04,4000,0.00,1836.80,EUR,C014
NL01-2024-001972,3,2024-11-04,4100,0.00,556.05,EUR,C014
NL01-2024-001973,1,2024-12-08,1000,2392.85,0.00,EUR,C014
NL01-2024-001973,2,2024-12-08,1200,0.00,2392.85,EUR,C014
NL01-2024-001974,1,2024-11-10,1200,4982.83,0.00,EUR,C034
NL01-2024-001974,2,2024-11-10,4000,0.00,3824.92,EUR,C034
NL01-2024-001974,3,2024-11-10,4100,0.00,1157.91,EUR,C034
NL01-2024-001975,1,2024-12-05,1000,4982.83,0.00,EUR,C034
NL01-2024-001975,2,2024-12-05,1200,0.00,4982.83,EUR,C034
NL01-2024-001976,1,2024-11-21,1200,5572.57,0.00,EUR,C006
NL01-2024-001976,2,2024-11-21,4000,0.00,4277.62,EUR,C006
NL01-2024-001976,3,2024-11-21,4100,0.00,1294.95,EUR,C006
NL01-2024-001977,1,2024-12-30,1000,5572.57,0.00,EUR,C006
NL01-2024-001977,2,2024-12-30,1200,0.00,5572.57,EUR,C006
NL01-2024-001978,1,2024-11-18,1200,17508.19,0.00,EUR,C001
NL01-2024-001978,2,2024-11-18,4000,0.00,13439.64,EUR,C001
NL01-2024-001978,3,2024-11-18,4100,0.00,4068.55,EUR,C001
NL01-2024-001979,1,2025-01-03,1000,17508.19,0.00,EUR,C001
NL01-2024-001979,2,2025-01-03,1200,0.00,17508.19,EUR,C001
NL01-2024-001980,1,2024-11-04,1200,6309.76,0.00,EUR,C026
NL01-2024-001980,2,2024-11-04,4000,0.00,4843.50,EUR,C026
NL01-2024-001980,3,2024-11-04,4100,0.00,1466.26,EUR,C026
NL01-2024-001981,1,2024-12-04,1000,6309.76,0.00,EUR,C026
NL01-2024-001981,2,2024-12-04,1200,0.00,6309.76,EUR,C026
NL01-2024-001982,1,2024-11-12,1200,6334.00,0.00,EUR,C037
NL01-2024-001982,2,2024-11-12,4000,0.00,4862.11,EUR,C037
NL01-2024-001982,3,2024-11-12,4100,0.00,1471.89,EUR,C037
NL01-2024-001983,1,2024-12-05,1000,6334.00,0.00,EUR,C037
NL01-2024-001983,2,2024-12-05,1200,0.00,6334.00,EUR,C037
NL01-2024-001984,1,2024-11-21,1200,8528.22,0.00,EUR,C037
NL01-2024-001984,2,2024-11-21,4000,0.00,6546.43,EUR,C037
NL01-2024-001984,3,2024-11-21,4100,0.00,1981.79,EUR,C037
NL01-2024-001985,1,2025-01-03,1000,8528.22,0.00,EUR,C037
NL01-2024-001985,2,2025-01-03,1200,0.00,8528.22,EUR,C037
NL01-2024-001986,1,2024-11-26,1200,7055.96,0.00,EUR,C040
NL01-2024-001986,2,2024-11-26,4000,0.00,5416.30,EUR,C040
NL01-2024-001986,3,2024-11-26,4100,0.00,1639.66,EUR,C040
NL01-2024-001987,1,2024-12-21,1000,7055.96,0.00,EUR,C040
NL01-2024-001987,2,2024-12-21,1200,0.00,7055.96,EUR,C040
NL01-2024-001988,1,2024-11-03,1200,1950.89,0.00,EUR,C009
NL01-2024-001988,2,2024-11-03,4000,0.00,1497.54,EUR,C009
NL01-2024-001988,3,2024-11-03,4100,0.00,453.35,EUR,C009
NL01-2024-001989,1,2024-11-26,1000,1950.89,0.00,EUR,C009
NL01-2024-001989,2,2024-11-26,1200,0.00,1950.89,EUR,C009
NL01-2024-001990,1,2024-11-22,1200,6731.63,0.00,EUR,C028
NL01-2024-001990,2,2024-11-22,4000,0.00,5167.34,EUR,C028
NL01-2024-001990,3,2024-11-22,4100,0.00,1564.29,EUR,C028
NL01-2024-001991,1,2024-12-31,1000,6731.63,0.00,EUR,C028
NL01-2024-001991,2,2024-12-31,1200,0.00,6731.63,EUR,C028
NL01-2024-001992,1,2024-11-14,1200,8080.08,0.00,EUR,C003
NL01-2024-001992,2,2024-11-14,4000,0.00,6202.43,EUR,C003
NL01-2024-001992,3,2024-11-14,4100,0.00,1877.65,EUR,C003
NL01-2024-001993,1,2024-12-14,1000,8080.08,0.00,EUR,C003
NL01-2024-001993,2,2024-12-14,1200,0.00,8080.08,EUR,C003
NL01-2024-001994,1,2024-11-07,1200,32987.15,0.00,EUR,C018
NL01-2024-001994,2,2024-11-07,4000,0.00,25321.60,EUR,C018
NL01-2024-001994,3,2024-11-07,4100,0.00,7665.55,EUR,C018
NL01-2024-001995,1,2024-12-01,1000,32987.15,0.00,EUR,C018
NL01-2024-001995,2,2024-12-01,1200,0.00,32987.15,EUR,C018
NL01-2024-001996,1,2024-11-24,1200,6711.56,0.00,EUR,C035
NL01-2024-001996,2,2024-11-24,4000,0.00,5151.93,EUR,C035
NL01-2024-001996,3,2024-11-24,4100,0.00,1559.63,EUR,C035
NL01-2024-001997,1,2024-12-12,1000,6711.56,0.00,EUR,C035
NL01-2024-001997,2,2024-12-12,1200,0.00,6711.56,EUR,C035
NL01-2024-001998,1,2024-11-07,1200,2234.98,0.00,EUR,C014
NL01-2024-001998,2,2024-11-07,4000,0.00,1715.62,EUR,C014
NL01-2024-001998,3,2024-11-07,4100,0.00,519.36,EUR,C014
NL01-2024-001999,1,2024-12-13,1000,2234.98,0.00,EUR,C014
NL01-2024-001999,2,2024-12-13,1200,0.00,2234.98,EUR,C014
NL01-2024-002000,1,2024-11-11,1200,16271.39,0.00,EUR,C029
NL01-2024-002000,2,2024-11-11,4000,0.00,12490.25,EUR,C029
NL01-2024-002000,3,2024-11-11,4100,0.00,3781.14,EUR,C029
NL01-2024-002001,1,2024-12-12,1000,16271.39,0.00,EUR,C029
NL01-2024-002001,2,2024-12-12,1200,0.00,16271.39,EUR,C029
NL01-2024-002002,1,2024-11-22,1200,8073.62,0.00,EUR,C025
NL01-2024-002002,2,2024-11-22,4000,0.00,6197.47,EUR,C025
NL01-2024-002002,3,2024-11-22,4100,0.00,1876.15,EUR,C025
NL01-2024-002003,1,2024-12-22,1000,8073.62,0.00,EUR,C025
NL01-2024-002003,2,2024-12-22,1200,0.00,8073.62,EUR,C025
NL01-2024-002004,1,2024-11-28,1200,2311.47,0.00,EUR,C010
NL01-2024-002004,2,2024-11-28,4000,0.00,1774.33,EUR,C010
NL01-2024-002004,3,2024-11-28,4100,0.00,537.14,EUR,C010
NL01-2024-002005,1,2025-01-10,1000,2311.47,0.00,EUR,C010
NL01-2024-002005,2,2025-01-10,1200,0.00,2311.47,EUR,C010
NL01-2024-002006,1,2024-11-04,1200,51294.94,0.00,EUR,C026
NL01-2024-002006,2,2024-11-04,4000,0.00,39375.04,EUR,C026
NL01-2024-002006,3,2024-11-04,4100,0.00,11919.90,EUR,C026
NL01-2024-002007,1,2024-12-02,1000,51294.94,0.00,EUR,C026
NL01-2024-002007,2,2024-12-02,1200,0.00,51294.94,EUR,C026
NL01-2024-002008,1,2024-11-28,1200,11716.51,0.00,EUR,C024
NL01-2024-002008,2,2024-11-28,4000,0.00,8993.83,EUR,C024
NL01-2024-002008,3,2024-11-28,4100,0.00,2722.68,EUR,C024
NL01-2024-002009,1,2025-01-05,1000,11716.51,0.00,EUR,C024
NL01-2024-002009,2,2025-01-05,1200,0.00,11716.51,EUR,C024
NL01-2024-002010,1,2024-11-09,1200,4097.32,0.00,EUR,C029
NL01-2024-002010,2,2024-11-09,4000,0.00,3145.19,EUR,C029
NL01-2024-002010,3,2024-11-09,4100,0.00,952.13,EUR,C029
NL01-2024-002011,1,2024-11-29,1000,4097.32,0.00,EUR,C029
NL01-2024-002011,2,2024-11-29,1200,0.00,4097.32,EUR,C029
NL01-2024-002012,1,2024-11-25,1200,28514.16,0.00,EUR,C025
NL01-2024-002012,2,2024-11-25,4000,0.00,21888.05,EUR,C025
NL01-2024-002012,3,2024-11-25,4100,0.00,6626.11,EUR,C025
NL01-2024-002013,1,2025-01-05,1000,28514.16,0.00,EUR,C025
NL01-2024-002013,2,2025-01-05,1200,0.00,28514.16,EUR,C025
NL01-2024-002014,1,2024-11-10,1200,4496.67,0.00,EUR,C010
NL01-2024-002014,2,2024-11-10,4000,0.00,3451.74,EUR,C010
NL01-2024-002014,3,2024-11-10,4100,0.00,1044.93,EUR,C010
NL01-2024-002015,1,2025-01-03,1000,4496.67,0.00,EUR,C010
NL01-2024-002015,2,2025-01-03,1200,0.00,4496.67,EUR,C010
NL01-2024-002016,1,2024-11-24,1200,2592.99,0.00,EUR,C007
NL01-2024-002016,2,2024-11-24,4000,0.00,1990.43,EUR,C007
NL01-2024-002016,3,2024-11-24,4100,0.00,602.56,EUR,C007
NL01-2024-002017,1,2024-12-09,1000,2592.99,0.00,EUR,C007
NL01-2024-002017,2,2024-12-09,1200,0.00,2592.99,EUR,C007
NL01-2024-002018,1,2024-11-19,1200,10286.51,0.00,EUR,C026
NL01-2024-002018,2,2024-11-19,4000,0.00,7896.13,EUR,C026
NL01-2024-002018,3,2024-11-19,4100,0.00,2390.38,EUR,C026
NL01-2024-002019,1,2024-12-06,1000,10286.51,0.00,EUR,C026
NL01-2024-002019,2,2024-12-06,1200,0.00,10286.51,EUR,C026
NL01-2024-002020,1,2024-11-22,1200,9083.81,0.00,EUR,C023
NL01-2024-002020,2,2024-11-22,4000,0.00,6972.92,EUR,C023
NL01-2024-002020,3,2024-11-22,4100,0.00,2110.89,EUR,C023
NL01-2024-002021,1,2025-01-09,1000,9083.81,0.00,EUR,C023
NL01-2024-002021,2,2025-01-09,1200,0.00,9083.81,EUR,C023
NL01-2024-002022,1,2024-11-04,1200,12917.65,0.00,EUR,C022
NL01-2024-002022,2,2024-11-04,4000,0.00,9915.85,EUR,C022
NL01-2024-002022,3,2024-11-04,4100,0.00,3001.80,EUR,C022
NL01-2024-002023,1,2024-12-01,1000,12917.65,0.00,EUR,C022
NL01-2024-002023,2,2024-12-01,1200,0.00,12917.65,EUR,C022
NL01-2024-002024,1,2024-11-20,1200,37578.91,0.00,EUR,C028
NL01-2024-002024,2,2024-11-20,4000,0.00,28846.33,EUR,C028
NL01-2024-002024,3,2024-11-20,4100,0.00,8732.58,EUR,C028
NL01-2024-002025,1,2024-12-17,1000,37578.91,0.00,EUR,C028
NL01-2024-002025,2,2024-12-17,1200,0.00,37578.91,EUR,C028
NL01-2024-002026,1,2024-11-13,1200,4028.67,0.00,EUR,C033
NL01-2024-002026,2,2024-11-13,4000,0.00,3092.49,EUR,C033
NL01-2024-002026,3,2024-11-13,4100,0.00,936.18,EUR,C033
NL01-2024-002027,1,2024-12-07,1000,4028.67,0.00,EUR,C033
NL01-2024-002027,2,2024-12-07,1200,0.00,4028.67,EUR,C033
NL01-2024-002028,1,2024-11-11,1200,4971.76,0.00,EUR,C022
NL01-2024-002028,2,2024-11-11,4000,0.00,3816.42,EUR,C022
NL01-2024-002028,3,2024-11-11,4100,0.00,1155.34,EUR,C022
NL01-2024-002029,1,2025-01-22,1000,4971.76,0.00,EUR,C022
NL01-2024-002029,2,2025-01-22,1200,0.00,4971.76,EUR,C022
NL01-2024-002030,1,2024-11-21,1200,7200.14,0.00,EUR,C001
NL01-2024-002030,2,2024-11-21,4000,0.00,5526.97,EUR,C001
NL01-2024-002030,3,2024-11-21,4100,0.00,1673.17,EUR,C001
NL01-2024-002031,1,2025-01-03,1000,7200.14,0.00,EUR,C001
NL01-2024-002031,2,2025-01-03,1200,0.00,7200.14,EUR,C001
NL01-2024-002032,1,2024-11-12,1200,8193.61,0.00,EUR,C017
NL01-2024-002032,2,2024-11-12,4000,0.00,6289.58,EUR,C017
NL01-2024-002032,3,2024-11-12,4100,0.00,1904.03,EUR,C017
NL01-2024-002033,1,2024-12-12,1000,8193.61,0.00,EUR,C017
NL01-2024-002033,2,2024-12-12,1200,0.00,8193.61,EUR,C017
NL01-2024-002034,1,2024-11-18,1200,3604.65,0.00,EUR,C008
NL01-2024-002034,2,2024-11-18,4000,0.00,2767.00,EUR,C008
NL01-2024-002034,3,2024-11-18,4100,0.00,837.65,EUR,C008
NL01-2024-002035,1,2024-12-23,1000,3604.65,0.00,EUR,C008
NL01-2024-002035,2,2024-12-23,1200,0.00,3604.65,EUR,C008
NL01-2024-002036,1,2024-11-28,1200,21999.86,0.00,EUR,C025
NL01-2024-002036,2,2024-11-28,4000,0.00,16887.54,EUR,C025
NL01-2024-002036,3,2024-11-28,4100,0.00,5112.32,EUR,C025
NL01-2024-002037,1,2024-12-24,1000,21999.86,0.00,EUR,C025
NL01-2024-002037,2,2024-12-24,1200,0.00,21999.86,EUR,C025
NL01-2024-002038,1,2024-11-25,1200,32765.96,0.00,EUR,C004
NL01-2024-002038,2,2024-11-25,4000,0.00,25151.81,EUR,C004
NL01-2024-002038,3,2024-11-25,4100,0.00,7614.15,EUR,C004
NL01-2024-002039,1,2024-12-27,1000,32765.96,0.00,EUR,C004
NL01-2024-002039,2,2024-12-27,1200,0.00,32765.96,EUR,C004
NL01-2024-002040,1,2024-11-11,1200,3048.33,0.00,EUR,C005
NL01-2024-002040,2,2024-11-11,4000,0.00,2339.96,EUR,C005
NL01-2024-002040,3,2024-11-11,4100,0.00,708.37,EUR,C005
NL01-2024-002041,1,2024-12-11,1000,3048.33,0.00,EUR,C005
NL01-2024-002041,2,2024-12-11,1200,0.00,3048.33,EUR,C005
NL01-2024-002042,1,2024-11-19,1200,4683.13,0.00,EUR,C010
NL01-2024-002042,2,2024-11-19,4000,0.00,3594.87,EUR,C010
NL01-2024-002042,3,2024-11-19,4100,0.00,1088.26,EUR,C010
NL01-2024-002043,1,2025-01-12,1000,4683.13,0.00,EUR,C010
NL01-2024-002043,2,2025-01-12,1200,0.00,4683.13,EUR,C010
NL01-2024-002044,1,2024-11-11,1200,21078.76,0.00,EUR,C037
NL01-2024-002044,2,2024-11-11,4000,0.00,16180.48,EUR,C037
NL01-2024-002044,3,2024-11-11,4100,0.00,4898.28,EUR,C037
NL01-2024-002045,1,2024-12-08,1000,21078.76,0.00,EUR,C037
NL01-2024-002045,2,2024-12-08,1200,0.00,21078.76,EUR,C037
NL01-2024-002046,1,2024-11-21,1200,91921.50,0.00,EUR,C017
NL01-2024-002046,2,2024-11-21,4000,0.00,70560.81,EUR,C017
NL01-2024-002046,3,2024-11-21,4100,0.00,21360.69,EUR,C017
NL01-2024-002047,1,2025-01-26,1000,91921.50,0.00,EUR,C017
NL01-2024-002047,2,2025-01-26,1200,0.00,91921.50,EUR,C017
NL01-2024-002048,1,2024-11-12,1200,9896.23,0.00,EUR,C022
NL01-2024-002048,2,2024-11-12,4000,0.00,7596.55,EUR,C022
NL01-2024-002048,3,2024-11-12,4100,0.00,2299.68,EUR,C022
NL01-2024-002049,1,2024-12-13,1000,9896.23,0.00,EUR,C022
NL01-2024-002049,2,2024-12-13,1200,0.00,9896.23,EUR,C022
NL01-2024-002050,1,2024-11-07,1200,6543.90,0.00,EUR,C007
NL01-2024-002050,2,2024-11-07,4000,0.00,5023.23,EUR,C007
NL01-2024-002050,3,2024-11-07,4100,0.00,1520.67,EUR,C007
NL01-2024-002051,1,2024-11-26,1000,6543.90,0.00,EUR,C007
NL01-2024-002051,2,2024-11-26,1200,0.00,6543.90,EUR,C007
NL01-2024-002052,1,2024-11-01,1200,8129.12,0.00,EUR,C016
NL01-2024-002052,2,2024-11-01,4000,0.00,6240.08,EUR,C016
NL01-2024-002052,3,2024-11-01,4100,0.00,1889.04,EUR,C016
NL01-2024-002053,1,2024-11-27,1000,8129.12,0.00,EUR,C016
NL01-2024-002053,2,2024-11-27,1200,0.00,8129.12,EUR,C016
NL01-2024-002054,1,2024-11-06,1200,1975.17,0.00,EUR,C008
NL01-2024-002054,2,2024-11-06,4000,0.00,1516.18,EUR,C008
NL01-2024-002054,3,2024-11-06,4100,0.00,458.99,EUR,C008
NL01-2024-002055,1,2024-12-20,1000,1975.17,0.00,EUR,C008
NL01-2024-002055,2,2024-12-20,1200,0.00,1975.17,EUR,C008
NL01-2024-002056,1,2024-11-27,1200,3707.08,0.00,EUR,C035
NL01-2024-002056,2,2024-11-27,4000,0.00,2845.63,EUR,C035
NL01-2024-002056,3,2024-11-27,4100,0.00,861.45,EUR,C035
NL01-2024-002057,1,2024-12-26,1000,3707.08,0.00,EUR,C035
NL01-2024-002057,2,2024-12-26,1200,0.00,3707.08,EUR,C035
NL01-2024-002058,1,2024-11-15,1200,10223.11,0.00,EUR,C018
NL01-2024-002058,2,2024-11-15,4000,0.00,7847.47,EUR,C018
NL01-2024-002058,3,2024-11-15,4100,0.00,2375.64,EUR,C018
NL01-2024-002059,1,2025-01-09,1000,10223.11,0.00,EUR,C018
NL01-2024-002059,2,2025-01-09,1200,0.00,10223.11,EUR,C018
NL01-2024-002060,1,2024-11-20,1200,2624.89,0.00,EUR,C025
NL01-2024-002060,2,2024-11-20,4000,0.00,2014.92,EUR,C025
NL01-2024-002060,3,2024-11-20,4100,0.00,609.97,EUR,C025
NL01-2024-002061,1,2024-12-24,1000,2624.89,0.00,EUR,C025
NL01-2024-002061,2,2024-12-24,1200,0.00,2624.89,EUR,C025
NL01-2024-002062,1,2024-11-07,1200,7604.37,0.00,EUR,C031
NL01-2024-002062,2,2024-11-07,4000,0.00,5837.27,EUR,C031
NL01-2024-002062,3,2024-11-07,4100,0.00,1767.10,EUR,C031
NL01-2024-002063,1,2024-12-01,1000,7604.37,0.00,EUR,C031
NL01-2024-002063,2,2024-12-01,1200,0.00,7604.37,EUR,C031
NL01-2024-002064,1,2024-11-29,1200,14729.85,0.00,EUR,C015
NL01-2024-002064,2,2024-11-29,4000,0.00,11306.93,EUR,C015
NL01-2024-002064,3,2024-11-29,4100,0.00,3422.92,EUR,C015
NL01-2024-002065,1,2025-01-27,1000,14729.85,0.00,EUR,C015
NL01-2024-002065,2,2025-01-27,1200,0.00,14729.85,EUR,C015
NL01-2024-002066,1,2024-11-21,1200,2484.35,0.00,EUR,C019
NL01-2024-002066,2,2024-11-21,4000,0.00,1907.04,EUR,C019
NL01-2024-002066,3,2024-11-21,4100,0.00,577.31,EUR,C019
NL01-2024-002067,1,2024-12-19,1000,2484.35,0.00,EUR,C019
NL01-2024-002067,2,2024-12-19,1200,0.00,2484.35,EUR,C019
NL01-2024-002068,1,2024-11-16,1200,19050.44,0.00,EUR,C026
NL01-2024-002068,2,2024-11-16,4000,0.00,14623.50,EUR,C026
NL01-2024-002068,3,2024-11-16,4100,0.00,4426.94,EUR,C026
NL01-2024-002069,1,2024-12-06,1000,19050.44,0.00,EUR,C026
NL01-2024-002069,2,2024-12-06,1200,0.00,19050.44,EUR,C026
NL01-2024-002070,1,2024-11-18,1200,6165.44,0.00,EUR,C023
NL01-2024-002070,2,2024-11-18,4000,0.00,4732.72,EUR,C023
NL01-2024-002070,3,2024-11-18,4100,0.00,1432.72,EUR,C023
NL01-2024-002071,1,2024-12-22,1000,6165.44,0.00,EUR,C023
NL01-2024-002071,2,2024-12-22,1200,0.00,6165.44,EUR,C023
NL01-2024-002072,1,2024-11-07,1200,5143.74,0.00,EUR,C015
NL01-2024-002072,2,2024-11-07,4000,0.00,3948.44,EUR,C015
NL01-2024-002072,3,2024-11-07,4100,0.00,1195.30,EUR,C015
NL01-2024-002073,1,2024-12-18,1000,5143.74,0.00,EUR,C015
NL01-2024-002073,2,2024-12-18,1200,0.00,5143.74,EUR,C015
NL01-2024-002074,1,2024-11-30,1200,1937.73,0.00,EUR,C034
NL01-2024-002074,2,2024-11-30,4000,0.00,1487.44,EUR,C034
NL01-2024-002074,3,2024-11-30,4100,0.00,450.29,EUR,C034
NL01-2024-002075,1,2024-12-18,1000,1937.73,0.00,EUR,C034
NL01-2024-002075,2,2024-12-18,1200,0.00,1937.73,EUR,C034
NL01-2024-002076,1,2024-11-07,1200,10358.00,0.00,EUR,C022
NL01-2024-002076,2,2024-11-07,4000,0.00,7951.01,EUR,C022
NL01-2024-002076,3,2024-11-07,4100,0.00,2406.99,EUR,C022
NL01-2024-002077,1,2024-12-17,1000,10358.00,0.00,EUR,C022
NL01-2024-002077,2,2024-12-17,1200,0.00,10358.00,EUR,C022
NL01-2024-002078,1,2024-11-12,1200,12959.53,0.00,EUR,C036
NL01-2024-002078,2,2024-11-12,4000,0.00,9948.00,EUR,C036
NL01-2024-002078,3,2024-11-12,4100,0.00,3011.53,EUR,C036
NL01-2024-002079,1,2024-12-04,1000,12959.53,0.00,EUR,C036
NL01-2024-002079,2,2024-12-04,1200,0.00,12959.53,EUR,C036
NL01-2024-002080,1,2024-11-12,1200,3682.59,0.00,EUR,C014
NL01-2024-002080,2,2024-11-12,4000,0.00,2826.83,EUR,C014
NL01-2024-002080,3,2024-11-12,4100,0.00,855.76,EUR,C014
NL01-2024-002081,1,2024-12-14,1000,3682.59,0.00,EUR,C014
NL01-2024-002081,2,2024-12-14,1200,0.00,3682.59,EUR,C014
NL01-2024-002082,1,2024-11-29,1200,15852.46,0.00,EUR,C016
NL01-2024-002082,2,2024-11-29,4000,0.00,12168.67,EUR,C016
NL01-2024-002082,3,2024-11-29,4100,0.00,3683.79,EUR,C016
NL01-2024-002083,1,2025-02-02,1000,15852.46,0.00,EUR,C016
NL01-2024-002083,2,2025-02-02,1200,0.00,15852.46,EUR,C016
NL01-2024-002084,1,2024-11-29,1200,7851.69,0.00,EUR,C024
NL01-2024-002084,2,2024-11-29,4000,0.00,6027.12,EUR,C024
NL01-2024-002084,3,2024-11-29,4100,0.00,1824.57,EUR,C024
NL01-2024-002085,1,2024-12-20,1000,7851.69,0.00,EUR,C024
NL01-2024-002085,2,2024-12-20,1200,0.00,7851.69,EUR,C024
NL01-2024-002086,1,2024-11-01,1200,8741.46,0.00,EUR,C007
NL01-2024-002086,2,2024-11-01,4000,0.00,6710.12,EUR,C007
NL01-2024-002086,3,2024-11-01,4100,0.00,2031.34,EUR,C007
NL01-2024-002087,1,2024-12-16,1000,8741.46,0.00,EUR,C007
NL01-2024-002087,2,2024-12-16,1200,0.00,8741.46,EUR,C007
NL01-2024-002088,1,2024-11-12,1200,8635.97,0.00,EUR,C023
NL01-2024-002088,2,2024-11-12,4000,0.00,6629.15,EUR,C023
NL01-2024-002088,3,2024-11-12,4100,0.00,2006.82,EUR,C023
NL01-2024-002089,1,2024-12-29,1000,8635.97,0.00,EUR,C023
NL01-2024-002089,2,2024-12-29,1200,0.00,8635.97,EUR,C023
NL01-2024-002090,1,2024-11-19,1200,3893.95,0.00,EUR,C015
NL01-2024-002090,2,2024-11-19,4000,0.00,2989.07,EUR,C015
NL01-2024-002090,3,2024-11-19,4100,0.00,904.88,EUR,C015
NL01-2024-002091,1,2025-01-01,1000,3893.95,0.00,EUR,C015
NL01-2024-002091,2,2025-01-01,1200,0.00,3893.95,EUR,C015
NL01-2024-002092,1,2024-11-07,1200,12865.94,0.00,EUR,C040
NL01-2024-002092,2,2024-11-07,4000,0.00,9876.16,EUR,C040
NL01-2024-002092,3,2024-11-07,4100,0.00,2989.78,EUR,C040
NL01-2024-002093,1,2024-12-04,1000,12865.94,0.00,EUR,C040
NL01-2024-002093,2,2024-12-04,1200,0.00,12865.94,EUR,C040
NL01-2024-002094,1,2024-11-08,1200,4700.75,0.00,EUR,C035
NL01-2024-002094,2,2024-11-08,4000,0.00,3608.39,EUR,C035
NL01-2024-002094,3,2024-11-08,4100,0.00,1092.36,EUR,C035
NL01-2024-002095,1,2024-12-08,1000,4700.75,0.00,EUR,C035
NL01-2024-002095,2,2024-12-08,1200,0.00,4700.75,EUR,C035
NL01-2024-002096,1,2024-11-25,1200,46606.08,0.00,EUR,C026
NL01-2024-002096,2,2024-11-25,4000,0.00,35775.77,EUR,C026
NL01-2024-002096,3,2024-11-25,4100,0.00,10830.31,EUR,C026
NL01-2024-002097,1,2024-12-31,1000,46606.08,0.00,EUR,C026
NL01-2024-002097,2,2024-12-31,1200,0.00,46606.08,EUR,C026
NL01-2024-002098,1,2024-11-20,1200,5156.22,0.00,EUR,C030
NL01-2024-002098,2,2024-11-20,4000,0.00,3958.02,EUR,C030
NL01-2024-002098,3,2024-11-20,4100,0.00,1198.20,EUR,C030
NL01-2024-002099,1,2024-12-09,1000,5156.22,0.00,EUR,C030
NL01-2024-002099,2,2024-12-09,1200,0.00,5156.22,EUR,C030
NL01-2024-002100,1,2024-11-06,1200,8808.20,0.00,EUR,C017
NL01-2024-002100,2,2024-11-06,4000,0.00,6761.35,EUR,C017
NL01-2024-002100,3,2024-11-06,4100,0.00,2046.85,EUR,C017
NL01-2024-002101,1,2024-12-24,1000,8808.20,0.00,EUR,C017
NL01-2024-002101,2,2024-12-24,1200,0.00,8808.20,EUR,C017
NL01-2024-002102,1,2024-11-28,1200,2044.95,0.00,EUR,C022
NL01-2024-002102,2,2024-11-28,4000,0.00,1569.75,EUR,C022
NL01-2024-002102,3,2024-11-28,4100,0.00,475.20,EUR,C022
NL01-2024-002103,1,2024-12-29,1000,2044.95,0.00,EUR,C022
NL01-2024-002103,2,2024-12-29,1200,0.00,2044.95,EUR,C022
NL01-2024-002104,1,2024-11-17,1200,20215.89,0.00,EUR,C014
NL01-2024-002104,2,2024-11-17,4000,0.00,15518.13,EUR,C014
NL01-2024-002104,3,2024-11-17,4100,0.00,4697.76,EUR,C014
NL01-2024-002105,1,2024-12-20,1000,20215.89,0.00,EUR,C014
NL01-2024-002105,2,2024-12-20,1200,0.00,20215.89,EUR,C014
NL01-2024-002106,1,2024-11-12,1200,1619.87,0.00,EUR,C034
NL01-2024-002106,2,2024-11-12,4000,0.00,1243.45,EUR,C034
NL01-2024-002106,3,2024-11-12,4100,0.00,376.42,EUR,C034
NL01-2024-002107,1,2024-12-30,1000,1619.87,0.00,EUR,C034
NL01-2024-002107,2,2024-12-30,1200,0.00,1619.87,EUR,C034
NL01-2024-002108,1,2024-11-07,1200,10270.96,0.00,EUR,C005
NL01-2024-002108,2,2024-11-07,4000,0.00,7884.20,EUR,C005
NL01-2024-002108,3,2024-11-07,4100,0.00,2386.76,EUR,C005
NL01-2024-002109,1,2024-12-01,1000,10270.96,0.00,EUR,C005
NL01-2024-002109,2,2024-12-01,1200,0.00,10270.96,EUR,C005
NL01-2024-002110,1,2024-11-11,1200,26784.52,0.00,EUR,C027
NL01-2024-002110,2,2024-11-11,4000,0.00,20560.34,EUR,C027
NL01-2024-002110,3,2024-11-11,4100,0.00,6224.18,EUR,C027
NL01-2024-002111,1,2024-11-30,1000,26784.52,0.00,EUR,C027
NL01-2024-002111,2,2024-11-30,1200,0.00,26784.52,EUR,C027
NL01-2024-002112,1,2024-11-03,1200,6593.93,0.00,EUR,C011
NL01-2024-002112,2,2024-11-03,4000,0.00,5061.63,EUR,C011
NL01-2024-002112,3,2024-11-03,4100,0.00,1532.30,EUR,C011
NL01-2024-002113,1,2024-12-12,1000,6593.93,0.00,EUR,C011
NL01-2024-002113,2,2024-12-12,1200,0.00,6593.93,EUR,C011
NL01-2024-002114,1,2024-11-15,1200,3121.54,0.00,EUR,C033
NL01-2024-002114,2,2024-11-15,4000,0.00,2396.16,EUR,C033
NL01-2024-002114,3,2024-11-15,4100,0.00,725.38,EUR,C033
NL01-2024-002115,1,2024-12-26,1000,3121.54,0.00,EUR,C033
NL01-2024-002115,2,2024-12-26,1200,0.00,3121.54,EUR,C033
NL01-2024-002116,1,2024-11-17,1200,2711.30,0.00,EUR,C019
NL01-2024-002116,2,2024-11-17,4000,0.00,2081.25,EUR,C019
NL01-2024-002116,3,2024-11-17,4100,0.00,630.05,EUR,C019
NL01-2024-002117,1,2024-12-05,1000,2711.30,0.00,EUR,C019
NL01-2024-002117,2,2024-12-05,1200,0.00,2711.30,EUR,C019
NL01-2024-002118,1,2024-11-22,1200,17759.28,0.00,EUR,C026
NL01-2024-002118,2,2024-11-22,4000,0.00,13632.38,EUR,C026
NL01-2024-002118,3,2024-11-22,4100,0.00,4126.90,EUR,C026
NL01-2024-002119,1,2024-12-07,1000,17759.28,0.00,EUR,C026
NL01-2024-002119,2,2024-12-07,1200,0.00,17759.28,EUR,C026
NL01-2024-002120,1,2024-11-04,1200,4687.51,0.00,EUR,C040
NL01-2024-002120,2,2024-11-04,4000,0.00,3598.23,EUR,C040
NL01-2024-002120,3,2024-11-04,4100,0.00,1089.28,EUR,C040
NL01-2024-002121,1,2024-11-21,1000,4687.51,0.00,EUR,C040
NL01-2024-002121,2,2024-11-21,1200,0.00,4687.51,EUR,C040
NL01-2024-002122,1,2024-11-17,1200,26318.76,0.00,EUR,C012
NL01-2024-002122,2,2024-11-17,4000,0.00,20202.81,EUR,C012
NL01-2024-002122,3,2024-11-17,4100,0.00,6115.95,EUR,C012
NL01-2024-002123,1,2024-12-26,1000,26318.76,0.00,EUR,C012
NL01-2024-002123,2,2024-12-26,1200,0.00,26318.76,EUR,C012
NL01-2024-002124,1,2024-11-18,1200,2232.95,0.00,EUR,C033
NL01-2024-002124,2,2024-11-18,4000,0.00,1714.06,EUR,C033
NL01-2024-002124,3,2024-11-18,4100,0.00,518.89,EUR,C033
NL01-2024-002125,1,2024-12-17,1000,2232.95,0.00,EUR,C033
NL01-2024-002125,2,2024-12-17,1200,0.00,2232.95,EUR,C033
NL01-2024-002126,1,2024-11-03,1200,6514.14,0.00,EUR,C033
NL01-2024-002126,2,2024-11-03,4000,0.00,5000.39,EUR,C033
NL01-2024-002126,3,2024-11-03,4100,0.00,1513.75,EUR,C033
NL01-2024-002127,1,2024-12-08,1000,6514.14,0.00,EUR,C033
NL01-2024-002127,2,2024-12-08,1200,0.00,6514.14,EUR,C033
NL01-2024-002128,1,2024-11-08,1200,32757.17,0.00,EUR,C038
NL01-2024-002128,2,2024-11-08,4000,0.00,25145.07,EUR,C038
NL01-2024-002128,3,2024-11-08,4100,0.00,7612.10,EUR,C038
NL01-2024-002129,1,2024-11-28,1000,32757.17,0.00,EUR,C038
NL01-2024-002129,2,2024-11-28,1200,0.00,32757.17,EUR,C038
NL01-2024-002130,1,2024-11-16,1200,9218.69,0.00,EUR,C039
NL01-2024-002130,2,2024-11-16,4000,0.00,7076.45,EUR,C039
NL01-2024-002130,3,2024-11-16,4100,0.00,2142.24,EUR,C039
NL01-2024-002131,1,2024-12-28,1000,9218.69,0.00,EUR,C039
NL01-2024-002131,2,2024-12-28,1200,0.00,9218.69,EUR,C039
NL01-2024-002132,1,2024-11-25,1200,6144.22,0.00,EUR,C019
NL01-2024-002132,2,2024-11-25,4000,0.00,4716.43,EUR,C019
NL01-2024-002132,3,2024-11-25,4100,0.00,1427.79,EUR,C019
NL01-2024-002133,1,2024-12-23,1000,6144.22,0.00,EUR,C019
NL01-2024-002133,2,2024-12-23,1200,0.00,6144.22,EUR,C019
NL01-2024-002134,1,2024-11-16,1200,11423.50,0.00,EUR,C013
NL01-2024-002134,2,2024-11-16,4000,0.00,8768.91,EUR,C013
NL01-2024-002134,3,2024-11-16,4100,0.00,2654.59,EUR,C013
NL01-2024-002135,1,2024-12-21,1000,11423.50,0.00,EUR,C013
NL01-2024-002135,2,2024-12-21,1200,0.00,11423.50,EUR,C013
NL01-2024-002136,1,2024-11-02,1200,11528.66,0.00,EUR,C016
NL01-2024-002136,2,2024-11-02,4000,0.00,8849.63,EUR,C016
NL01-2024-002136,3,2024-11-02,4100,0.00,2679.03,EUR,C016
NL01-2024-002137,1,2025-01-23,1000,11528.66,0.00,EUR,C016
NL01-2024-002137,2,2025-01-23,1200,0.00,11528.66,EUR,C016
NL01-2024-002138,1,2024-11-06,1200,14240.64,0.00,EUR,C032
NL01-2024-002138,2,2024-11-06,4000,0.00,10931.40,EUR,C032
NL01-2024-002138,3,2024-11-06,4100,0.00,3309.24,EUR,C032
NL01-2024-002139,1,2024-12-21,1000,14240.64,0.00,EUR,C032
NL01-2024-002139,2,2024-12-21,1200,0.00,14240.64,EUR,C032
NL01-2024-002140,1,2024-11-01,1200,1159.54,0.00,EUR,C031
NL01-2024-002140,2,2024-11-01,4000,0.00,890.09,EUR,C031
NL01-2024-002140,3,2024-11-01,4100,0.00,269.45,EUR,C031
NL01-2024-002141,1,2024-12-07,1000,1159.54,0.00,EUR,C031
NL01-2024-002141,2,2024-12-07,1200,0.00,1159.54,EUR,C031
NL01-2024-002142,1,2024-11-29,1200,18539.01,0.00,EUR,C026
NL01-2024-002142,2,2024-11-29,4000,0.00,14230.92,EUR,C026
NL01-2024-002142,3,2024-11-29,4100,0.00,4308.09,EUR,C026
NL01-2024-002143,1,2024-12-24,1000,18539.01,0.00,EUR,C026
NL01-2024-002143,2,2024-12-24,1200,0.00,18539.01,EUR,C026
NL01-2024-002144,1,2024-11-15,1200,10818.39,0.00,EUR,C021
NL01-2024-002144,2,2024-11-15,4000,0.00,8304.42,EUR,C021
NL01-2024-002144,3,2024-11-15,4100,0.00,2513.97,EUR,C021
NL01-2024-002145,1,2024-12-13,1000,10818.39,0.00,EUR,C021
NL01-2024-002145,2,2024-12-13,1200,0.00,10818.39,EUR,C021
NL01-2024-002146,1,2024-11-12,1200,6629.63,0.00,EUR,C037
NL01-2024-002146,2,2024-11-12,4000,0.00,5089.04,EUR,C037
NL01-2024-002146,3,2024-11-12,4100,0.00,1540.59,EUR,C037
NL01-2024-002147,1,2024-12-25,1000,6629.63,0.00,EUR,C037
NL01-2024-002147,2,2024-12-25,1200,0.00,6629.63,EUR,C037
NL01-2024-002148,1,2024-11-22,1300,422930.98,0.00,EUR,V008
NL01-2024-002148,2,2024-11-22,2100,0.00,422930.98,EUR,V008
NL01-2024-002149,1,2024-12-17,2100,422930.98,0.00,EUR,V008
NL01-2024-002149,2,2024-12-17,1000,0.00,422930.98,EUR,V008
NL01-2024-002150,1,2024-11-06,1300,89564.86,0.00,EUR,V023
NL01-2024-002150,2,2024-11-06,2100,0.00,89564.86,EUR,V023
NL01-2024-002151,1,2024-12-07,2100,89564.86,0.00,EUR,V023
NL01-2024-002151,2,2024-12-07,1000,0.00,89564.86,EUR,V023
NL01-2024-002152,1,2024-11-19,1300,140989.94,0.00,EUR,V010
NL01-2024-002152,2,2024-11-19,2100,0.00,140989.94,EUR,V010
NL01-2024-002153,1,2024-12-16,2100,140989.94,0.00,EUR,V010
NL01-2024-002153,2,2024-12-16,1000,0.00,140989.94,EUR,V010
NL01-2024-002154,1,2024-11-30,5000,589345.19,0.00,EUR,
NL01-2024-002154,2,2024-11-30,1300,0.00,589345.19,EUR,
NL01-2024-002155,1,2024-11-06,6100,59964.18,0.00,EUR,V059
NL01-2024-002155,2,2024-11-06,2100,0.00,59964.18,EUR,V059
NL01-2024-002156,1,2024-11-30,2100,59964.18,0.00,EUR,V059
NL01-2024-002156,2,2024-11-30,1000,0.00,59964.18,EUR,V059
NL01-2024-002157,1,2024-11-15,6200,40080.78,0.00,EUR,V052
NL01-2024-002157,2,2024-11-15,2100,0.00,40080.78,EUR,V052
NL01-2024-002158,1,2024-12-05,2100,40080.78,0.00,EUR,V052
NL01-2024-002158,2,2024-12-05,1000,0.00,40080.78,EUR,V052
NL01-2024-002159,1,2024-11-02,6300,18920.96,0.00,EUR,V043
NL01-2024-002159,2,2024-11-02,2100,0.00,18920.96,EUR,V043
NL01-2024-002160,1,2024-12-12,2100,18920.96,0.00,EUR,V043
NL01-2024-002160,2,2024-12-12,1000,0.00,18920.96,EUR,V043
NL01-2024-002161,1,2024-11-18,6400,34848.33,0.00,EUR,V048
NL01-2024-002161,2,2024-11-18,2100,0.00,34848.33,EUR,V048
NL01-2024-002162,1,2024-12-21,2100,34848.33,0.00,EUR,V048
NL01-2024-002162,2,2024-12-21,1000,0.00,34848.33,EUR,V048
NL01-2024-002163,1,2024-11-25,6000,383934.12,0.00,EUR,
NL01-2024-002163,2,2024-11-25,1000,0.00,383934.12,EUR,
NL01-2024-002164,1,2024-11-30,6900,15625.00,0.00,EUR,
NL01-2024-002164,2,2024-11-30,1590,0.00,15625.00,EUR,
NL01-2024-002165,1,2024-12-01,1200,21549.63,0.00,EUR,C025
NL01-2024-002165,2,2024-12-01,4000,0.00,16502.18,EUR,C025
NL01-2024-002165,3,2024-12-01,4100,0.00,5047.45,EUR,C025
NL01-2024-002166,1,2024-12-23,1000,21549.63,0.00,EUR,C025
NL01-2024-002166,2,2024-12-23,1200,0.00,21549.63,EUR,C025
NL01-2024-002167,1,2024-12-30,1200,8391.98,0.00,EUR,C034
NL01-2024-002167,2,2024-12-30,4000,0.00,6426.37,EUR,C034
NL01-2024-002167,3,2024-12-30,4100,0.00,1965.61,EUR,C034
NL01-2024-002168,1,2025-02-03,1000,8391.98,0.00,EUR,C034
NL01-2024-002168,2,2025-02-03,1200,0.00,8391.98,EUR,C034
NL01-2024-002169,1,2024-12-24,1200,30055.63,0.00,EUR,C012
NL01-2024-002169,2,2024-12-24,4000,0.00,23015.86,EUR,C012
NL01-2024-002169,3,2024-12-24,4100,0.00,7039.77,EUR,C012
NL01-2024-002170,1,2025-01-13,1000,30055.63,0.00,EUR,C012
NL01-2024-002170,2,2025-01-13,1200,0.00,30055.63,EUR,C012
NL01-2024-002171,1,2024-12-31,1200,1842.00,0.00,EUR,C008
NL01-2024-002171,2,2024-12-31,4000,0.00,1410.56,EUR,C008
NL01-2024-002171,3,2024-12-31,4100,0.00,431.44,EUR,C008
NL01-2024-002172,1,2025-02-08,1000,1842.00,0.00,EUR,C008
NL01-2024-002172,2,2025-02-08,1200,0.00,1842.00,EUR,C008
NL01-2024-002173,1,2024-12-08,1200,11883.48,0.00,EUR,C037
NL01-2024-002173,2,2024-12-08,4000,0.00,9100.08,EUR,C037
NL01-2024-002173,3,2024-12-08,4100,0.00,2783.40,EUR,C037
NL01-2024-002174,1,2025-01-06,1000,11883.48,0.00,EUR,C037
NL01-2024-002174,2,2025-01-06,1200,0.00,11883.48,EUR,C037
NL01-2024-002175,1,2024-12-27,1200,4451.18,0.00,EUR,C004
NL01-2024-002175,2,2024-12-27,4000,0.00,3408.60,EUR,C004
NL01-2024-002175,3,2024-12-27,4100,0.00,1042.58,EUR,C004
NL01-2024-002176,1,2025-01-24,1000,4451.18,0.00,EUR,C004
NL01-2024-002176,2,2025-01-24,1200,0.00,4451.18,EUR,C004
NL01-2024-002177,1,2024-12-01,1200,2199.65,0.00,EUR,C027
NL01-2024-002177,2,2024-12-01,4000,0.00,1684.44,EUR,C027
NL01-2024-002177,3,2024-12-01,4100,0.00,515.21,EUR,C027
NL01-2024-002178,1,2024-12-30,1000,2199.65,0.00,EUR,C027
NL01-2024-002178,2,2024-12-30,1200,0.00,2199.65,EUR,C027
NL01-2024-002179,1,2024-12-29,1200,3625.41,0.00,EUR,C032
NL01-2024-002179,2,2024-12-29,4000,0.00,2776.25,EUR,C032
NL01-2024-002179,3,2024-12-29,4100,0.00,849.16,EUR,C032
NL01-2024-002180,1,2025-02-02,1000,3625.41,0.00,EUR,C032
NL01-2024-002180,2,2025-02-02,1200,0.00,3625.41,EUR,C032
NL01-2024-002181,1,2024-12-21,1200,1911.81,0.00,EUR,C032
NL01-2024-002181,2,2024-12-21,4000,0.00,1464.02,EUR,C032
NL01-2024-002181,3,2024-12-21,4100,0.00,447.79,EUR,C032
NL01-2024-002182,1,2025-01-12,1000,1911.81,0.00,EUR,C032
NL01-2024-002182,2,2025-01-12,1200,0.00,1911.81,EUR,C032
NL01-2024-002183,1,2024-12-26,1200,17946.39,0.00,EUR,C019
NL01-2024-002183,2,2024-12-26,4000,0.00,13742.90,EUR,C019
NL01-2024-002183,3,2024-12-26,4100,0.00,4203.49,EUR,C019
NL01-2024-002184,1,2025-01-23,1000,17946.39,0.00,EUR,C019
NL01-2024-002184,2,2025-01-23,1200,0.00,17946.39,EUR,C019
NL01-2024-002185,1,2024-12-15,1200,6801.05,0.00,EUR,C034
NL01-2024-002185,2,2024-12-15,4000,0.00,5208.08,EUR,C034
NL01-2024-002185,3,2024-12-15,4100,0.00,1592.97,EUR,C034
NL01-2024-002186,1,2025-01-12,1000,6801.05,0.00,EUR,C034
NL01-2024-002186,2,2025-01-12,1200,0.00,6801.05,EUR,C034
NL01-2024-002187,1,2024-12-28,1200,11185.01,0.00,EUR,C002
NL01-2024-002187,2,2024-12-28,4000,0.00,8565.21,EUR,C002
NL01-2024-002187,3,2024-12-28,4100,0.00,2619.80,EUR,C002
NL01-2024-002188,1,2025-02-11,1000,11185.01,0.00,EUR,C002
NL01-2024-002188,2,2025-02-11,1200,0.00,11185.01,EUR,C002
NL01-2024-002189,1,2024-12-30,1200,1768.20,0.00,EUR,C011
NL01-2024-002189,2,2024-12-30,4000,0.00,1354.04,EUR,C011
NL01-2024-002189,3,2024-12-30,4100,0.00,414.16,EUR,C011
NL01-2024-002190,1,2025-02-04,1000,1768.20,0.00,EUR,C011
NL01-2024-002190,2,2025-02-04,1200,0.00,1768.20,EUR,C011
NL01-2024-002191,1,2024-12-18,1200,15170.20,0.00,EUR,C008
NL01-2024-002191,2,2024-12-18,4000,0.00,11616.97,EUR,C008
NL01-2024-002191,3,2024-12-18,4100,0.00,3553.23,EUR,C008
NL01-2024-002192,1,2025-01-22,1000,15170.20,0.00,EUR,C008
NL01-2024-002192,2,2025-01-22,1200,0.00,15170.20,EUR,C008
NL01-2024-002193,1,2024-12-01,1200,4623.49,0.00,EUR,C035
NL01-2024-002193,2,2024-12-01,4000,0.00,3540.55,EUR,C035
NL01-2024-002193,3,2024-12-01,4100,0.00,1082.94,EUR,C035
NL01-2024-002194,1,2025-02-07,1000,4623.49,0.00,EUR,C035
NL01-2024-002194,2,2025-02-07,1200,0.00,4623.49,EUR,C035
NL01-2024-002195,1,2024-12-19,1200,10786.59,0.00,EUR,C007
NL01-2024-002195,2,2024-12-19,4000,0.00,8260.10,EUR,C007
NL01-2024-002195,3,2024-12-19,4100,0.00,2526.49,EUR,C007
NL01-2024-002196,1,2025-01-24,1000,10786.59,0.00,EUR,C007
NL01-2024-002196,2,2025-01-24,1200,0.00,10786.59,EUR,C007
NL01-2024-002197,1,2024-12-06,1200,5816.79,0.00,EUR,C025
NL01-2024-002197,2,2024-12-06,4000,0.00,4454.35,EUR,C025
NL01-2024-002197,3,2024-12-06,4100,0.00,1362.44,EUR,C025
NL01-2024-002198,1,2025-01-06,1000,5816.79,0.00,EUR,C025
NL01-2024-002198,2,2025-01-06,1200,0.00,5816.79,EUR,C025
NL01-2024-002199,1,2024-12-29,1200,14278.91,0.00,EUR,C024
NL01-2024-002199,2,2024-12-29,4000,0.00,10934.44,EUR,C024
NL01-2024-002199,3,2024-12-29,4100,0.00,3344.47,EUR,C024
NL01-2024-002200,1,2025-02-13,1000,14278.91,0.00,EUR,C024
NL01-2024-002200,2,2025-02-13,1200,0.00,14278.91,EUR,C024
NL01-2024-002201,1,2024-12-10,1200,2423.99,0.00,EUR,C031
NL01-2024-002201,2,2024-12-10,4000,0.00,1856.23,EUR,C031
NL01-2024-002201,3,2024-12-10,4100,0.00,567.76,EUR,C031
NL01-2024-002202,1,2025-01-07,1000,2423.99,0.00,EUR,C031
NL01-2024-002202,2,2025-01-07,1200,0.00,2423.99,EUR,C031
NL01-2024-002203,1,2024-12-07,1200,1883.91,0.00,EUR,C018
NL01-2024-002203,2,2024-12-07,4000,0.00,1442.65,EUR,C018
NL01-2024-002203,3,2024-12-07,4100,0.00,441.26,EUR,C018
NL01-2024-002204,1,2024-12-28,1000,1883.91,0.00,EUR,C018
NL01-2024-002204,2,2024-12-28,1200,0.00,1883.91,EUR,C018
NL01-2024-002205,1,2024-12-12,1200,19622.60,0.00,EUR,C025
NL01-2024-002205,2,2024-12-12,4000,0.00,15026.50,EUR,C025
NL01-2024-002205,3,2024-12-12,4100,0.00,4596.10,EUR,C025
NL01-2024-002206,1,2025-01-06,1000,19622.60,0.00,EUR,C025
NL01-2024-002206,2,2025-01-06,1200,0.00,19622.60,EUR,C025
NL01-2024-002207,1,2024-12-03,1200,28958.62,0.00,EUR,C005
NL01-2024-002207,2,2024-12-03,4000,0.00,22175.80,EUR,C005
NL01-2024-002207,3,2024-12-03,4100,0.00,6782.82,EUR,C005
NL01-2024-002208,1,2025-01-03,1000,28958.62,0.00,EUR,C005
NL01-2024-002208,2,2025-01-03,1200,0.00,28958.62,EUR,C005
NL01-2024-002209,1,2024-12-04,1200,15825.85,0.00,EUR,C004
NL01-2024-002209,2,2024-12-04,4000,0.00,12119.05,EUR,C004
NL01-2024-002209,3,2024-12-04,4100,0.00,3706.80,EUR,C004
NL01-2024-002210,1,2025-01-08,1000,15825.85,0.00,EUR,C004
NL01-2024-002210,2,2025-01-08,1200,0.00,15825.85,EUR,C004
NL01-2024-002211,1,2024-12-16,1200,11987.45,0.00,EUR,C037
NL01-2024-002211,2,2024-12-16,4000,0.00,9179.69,EUR,C037
NL01-2024-002211,3,2024-12-16,4100,0.00,2807.76,EUR,C037
NL01-2024-002212,1,2025-01-25,1000,11987.45,0.00,EUR,C037
NL01-2024-002212,2,2025-01-25,1200,0.00,11987.45,EUR,C037
NL01-2024-002213,1,2024-12-29,1200,8317.67,0.00,EUR,C012
NL01-2024-002213,2,2024-12-29,4000,0.00,6369.47,EUR,C012
NL01-2024-002213,3,2024-12-29,4100,0.00,1948.20,EUR,C012
NL01-2024-002214,1,2025-02-01,1000,8317.67,0.00,EUR,C012
NL01-2024-002214,2,2025-02-01,1200,0.00,8317.67,EUR,C012
NL01-2024-002215,1,2024-12-04,1200,17732.39,0.00,EUR,C001
NL01-2024-002215,2,2024-12-04,4000,0.00,13579.03,EUR,C001
NL01-2024-002215,3,2024-12-04,4100,0.00,4153.36,EUR,C001
NL01-2024-002216,1,2024-12-28,1000,17732.39,0.00,EUR,C001
NL01-2024-002216,2,2024-12-28,1200,0.00,17732.39,EUR,C001
NL01-2024-002217,1,2024-12-31,1200,36099.37,0.00,EUR,C031
NL01-2024-002217,2,2024-12-31,4000,0.00,27644.01,EUR,C031
NL01-2024-002217,3,2024-12-31,4100,0.00,8455.36,EUR,C031
NL01-2024-002218,1,2025-02-07,1000,36099.37,0.00,EUR,C031
NL01-2024-002218,2,2025-02-07,1200,0.00,36099.37,EUR,C031
NL01-2024-002219,1,2024-12-31,1200,3376.58,0.00,EUR,C014
NL01-2024-002219,2,2024-12-31,4000,0.00,2585.70,EUR,C014
NL01-2024-002219,3,2024-12-31,4100,0.00,790.88,EUR,C014
NL01-2024-002220,1,2025-02-08,1000,3376.58,0.00,EUR,C014
NL01-2024-002220,2,2025-02-08,1200,0.00,3376.58,EUR,C014
NL01-2024-002221,1,2024-12-23,1200,5690.37,0.00,EUR,C004
NL01-2024-002221,2,2024-12-23,4000,0.00,4357.55,EUR,C004
NL01-2024-002221,3,2024-12-23,4100,0.00,1332.82,EUR,C004
NL01-2024-002222,1,2025-01-21,1000,5690.37,0.00,EUR,C004
NL01-2024-002222,2,2025-01-21,1200,0.00,5690.37,EUR,C004
NL01-2024-002223,1,2024-12-06,1200,7672.06,0.00,EUR,C022
NL01-2024-002223,2,2024-12-06,4000,0.00,5875.07,EUR,C022
NL01-2024-002223,3,2024-12-06,4100,0.00,1796.99,EUR,C022
NL01-2024-002224,1,2025-01-01,1000,7672.06,0.00,EUR,C022
NL01-2024-002224,2,2025-01-01,1200,0.00,7672.06,EUR,C022
NL01-2024-002225,1,2024-12-17,1200,41132.39,0.00,EUR,C028
NL01-2024-002225,2,2024-12-17,4000,0.00,31498.17,EUR,C028
NL01-2024-002225,3,2024-12-17,4100,0.00,9634.22,EUR,C028
NL01-2024-002226,1,2025-01-18,1000,41132.39,0.00,EUR,C028
NL01-2024-002226,2,2025-01-18,1200,0.00,41132.39,EUR,C028
NL01-2024-002227,1,2024-12-14,1200,7446.26,0.00,EUR,C019
NL01-2024-002227,2,2024-12-14,4000,0.00,5702.16,EUR,C019
NL01-2024-002227,3,2024-12-14,4100,0.00,1744.10,EUR,C019
NL01-2024-002228,1,2025-01-14,1000,7446.26,0.00,EUR,C019
NL01-2024-002228,2,2025-01-14,1200,0.00,7446.26,EUR,C019
NL01-2024-002229,1,2024-12-13,1200,9956.04,0.00,EUR,C001
NL01-2024-002229,2,2024-12-13,4000,0.00,7624.09,EUR,C001
NL01-2024-002229,3,2024-12-13,4100,0.00,2331.95,EUR,C001
NL01-2024-002230,1,2024-12-30,1000,9956.04,0.00,EUR,C001
NL01-2024-002230,2,2024-12-30,1200,0.00,9956.04,EUR,C001
NL01-2024-002231,1,2024-12-07,1200,28769.02,0.00,EUR,C003
NL01-2024-002231,2,2024-12-07,4000,0.00,22030.61,EUR,C003
NL01-2024-002231,3,2024-12-07,4100,0.00,6738.41,EUR,C003
NL01-2024-002232,1,2024-12-27,1000,28769.02,0.00,EUR,C003
NL01-2024-002232,2,2024-12-27,1200,0.00,28769.02,EUR,C003
NL01-2024-002233,1,2024-12-15,1200,9956.14,0.00,EUR,C012
NL01-2024-002233,2,2024-12-15,4000,0.00,7624.17,EUR,C012
NL01-2024-002233,3,2024-12-15,4100,0.00,2331.97,EUR,C012
NL01-2024-002234,1,2025-02-06,1000,9956.14,0.00,EUR,C012
NL01-2024-002234,2,2025-02-06,1200,0.00,9956.14,EUR,C012
NL01-2024-002235,1,2024-12-28,1200,12029.07,0.00,EUR,C003
NL01-2024-002235,2,2024-12-28,4000,0.00,9211.57,EUR,C003
NL01-2024-002235,3,2024-12-28,4100,0.00,2817.50,EUR,C003
NL01-2024-002236,1,2025-01-26,1000,12029.07,0.00,EUR,C003
NL01-2024-002236,2,2025-01-26,1200,0.00,12029.07,EUR,C003
NL01-2024-002237,1,2024-12-08,1200,8977.83,0.00,EUR,C016
NL01-2024-002237,2,2024-12-08,4000,0.00,6875.00,EUR,C016
NL01-2024-002237,3,2024-12-08,4100,0.00,2102.83,EUR,C016
NL01-2024-002238,1,2025-01-14,1000,8977.83,0.00,EUR,C016
NL01-2024-002238,2,2025-01-14,1200,0.00,8977.83,EUR,C016
NL01-2024-002239,1,2024-12-01,1200,10255.88,0.00,EUR,C007
NL01-2024-002239,2,2024-12-01,4000,0.00,7853.70,EUR,C007
NL01-2024-002239,3,2024-12-01,4100,0.00,2402.18,EUR,C007
NL01-2024-002240,1,2024-12-17,1000,10255.88,0.00,EUR,C007
NL01-2024-002240,2,2024-12-17,1200,0.00,10255.88,EUR,C007
NL01-2024-002241,1,2024-12-31,1200,6669.57,0.00,EUR,C026
NL01-2024-002241,2,2024-12-31,4000,0.00,5107.39,EUR,C026
NL01-2024-002241,3,2024-12-31,4100,0.00,1562.18,EUR,C026
NL01-2024-002242,1,2025-01-26,1000,6669.57,0.00,EUR,C026
NL01-2024-002242,2,2025-01-26,1200,0.00,6669.57,EUR,C026
NL01-2024-002243,1,2024-12-19,1200,2883.41,0.00,EUR,C025
NL01-2024-002243,2,2024-12-19,4000,0.00,2208.04,EUR,C025
NL01-2024-002243,3,2024-12-19,4100,0.00,675.37,EUR,C025
NL01-2024-002244,1,2025-01-14,1000,2883.41,0.00,EUR,C025
NL01-2024-002244,2,2025-01-14,1200,0.00,2883.41,EUR,C025
NL01-2024-002245,1,2024-12-09,1200,4443.54,0.00,EUR,C028
NL01-2024-002245,2,2024-12-09,4000,0.00,3402.75,EUR,C028
NL01-2024-002245,3,2024-12-09,4100,0.00,1040.79,EUR,C028
NL01-2024-002246,1,2025-01-12,1000,4443.54,0.00,EUR,C028
NL01-2024-002246,2,2025-01-12,1200,0.00,4443.54,EUR,C028
NL01-2024-002247,1,2024-12-04,1200,4818.92,0.00,EUR,C035
NL01-2024-002247,2,2024-12-04,4000,0.00,3690.21,EUR,C035
NL01-2024-002247,3,2024-12-04,4100,0.00,1128.71,EUR,C035
NL01-2024-002248,1,2025-01-06,1000,4818.92,0.00,EUR,C035
NL01-2024-002248,2,2025-01-06,1200,0.00,4818.92,EUR,C035
NL01-2024-002249,1,2024-12-15,1200,7832.82,0.00,EUR,C005
NL01-2024-002249,2,2024-12-15,4000,0.00,5998.18,EUR,C005
NL01-2024-002249,3,2024-12-15,4100,0.00,1834.64,EUR,C005
NL01-2024-002250,1,2025-02-17,1000,7832.82,0.00,EUR,C005
NL01-2024-002250,2,2025-02-17,1200,0.00,7832.82,EUR,C005
NL01-2024-002251,1,2024-12-29,1200,3544.13,0.00,EUR,C017
NL01-2024-002251,2,2024-12-29,4000,0.00,2714.01,EUR,C017
NL01-2024-002251,3,2024-12-29,4100,0.00,830.12,EUR,C017
NL01-2024-002252,1,2025-02-24,1000,3544.13,0.00,EUR,C017
NL01-2024-002252,2,2025-02-24,1200,0.00,3544.13,EUR,C017
NL01-2024-002253,1,2024-12-19,1200,16298.99,0.00,EUR,C010
NL01-2024-002253,2,2024-12-19,4000,0.00,12481.37,EUR,C010
NL01-2024-002253,3,2024-12-19,4100,0.00,3817.62,EUR,C010
NL01-2024-002254,1,2025-01-27,1000,16298.99,0.00,EUR,C010
NL01-2024-002254,2,2025-01-27,1200,0.00,16298.99,EUR,C010
NL01-2024-002255,1,2024-12-07,1200,6275.92,0.00,EUR,C015
NL01-2024-002255,2,2024-12-07,4000,0.00,4805.94,EUR,C015
NL01-2024-002255,3,2024-12-07,4100,0.00,1469.98,EUR,C015
NL01-2024-002256,1,2025-02-09,1000,6275.92,0.00,EUR,C015
NL01-2024-002256,2,2025-02-09,1200,0.00,6275.92,EUR,C015
NL01-2024-002257,1,2024-12-21,1200,6612.65,0.00,EUR,C023
NL01-2024-002257,2,2024-12-21,4000,0.00,5063.80,EUR,C023
NL01-2024-002257,3,2024-12-21,4100,0.00,1548.85,EUR,C023
NL01-2024-002258,1,2025-03-03,1000,6612.65,0.00,EUR,C023
NL01-2024-002258,2,2025-03-03,1200,0.00,6612.65,EUR,C023
NL01-2024-002259,1,2024-12-29,1200,23219.17,0.00,EUR,C019
NL01-2024-002259,2,2024-12-29,4000,0.00,17780.67,EUR,C019
NL01-2024-002259,3,2024-12-29,4100,0.00,5438.50,EUR,C019
NL01-2024-002260,1,2025-01-21,1000,23219.17,0.00,EUR,C019
NL01-2024-002260,2,2025-01-21,1200,0.00,23219.17,EUR,C019
NL01-2024-002261,1,2024-12-31,1200,7356.80,0.00,EUR,C036
NL01-2024-002261,2,2024-12-31,4000,0.00,5633.66,EUR,C036
NL01-2024-002261,3,2024-12-31,4100,0.00,1723.14,EUR,C036
NL01-2024-002262,1,2025-02-16,1000,7356.80,0.00,EUR,C036
NL01-2024-002262,2,2025-02-16,1200,0.00,7356.80,EUR,C036
NL01-2024-002263,1,2024-12-13,1200,1794.14,0.00,EUR,C031
NL01-2024-002263,2,2024-12-13,4000,0.00,1373.91,EUR,C031
NL01-2024-002263,3,2024-12-13,4100,0.00,420.23,EUR,C031
NL01-2024-002264,1,2025-01-23,1000,1794.14,0.00,EUR,C031
NL01-2024-002264,2,2025-01-23,1200,0.00,1794.14,EUR,C031
NL01-2024-002265,1,2024-12-02,1200,12474.68,0.00,EUR,C011
NL01-2024-002265,2,2024-12-02,4000,0.00,9552.80,EUR,C011
NL01-2024-002265,3,2024-12-02,4100,0.00,2921.88,EUR,C011
NL01-2024-002266,1,2025-01-04,1000,12474.68,0.00,EUR,C011
NL01-2024-002266,2,2025-01-04,1200,0.00,12474.68,EUR,C011
NL01-2024-002267,1,2024-12-05,1200,1111.33,0.00,EUR,C021
NL01-2024-002267,2,2024-12-05,4000,0.00,851.03,EUR,C021
NL01-2024-002267,3,2024-12-05,4100,0.00,260.30,EUR,C021
NL01-2024-002268,1,2025-01-07,1000,1111.33,0.00,EUR,C021
NL01-2024-002268,2,2025-01-07,1200,0.00,1111.33,EUR,C021
NL01-2024-002269,1,2024-12-20,1200,6243.95,0.00,EUR,C007
NL01-2024-002269,2,2024-12-20,4000,0.00,4781.46,EUR,C007
NL01-2024-002269,3,2024-12-20,4100,0.00,1462.49,EUR,C007
NL01-2024-002270,1,2025-01-15,1000,6243.95,0.00,EUR,C007
NL01-2024-002270,2,2025-01-15,1200,0.00,6243.95,EUR,C007
NL01-2024-002271,1,2024-12-16,1200,12419.80,0.00,EUR,C035
NL01-2024-002271,2,2024-12-16,4000,0.00,9510.78,EUR,C035
NL01-2024-002271,3,2024-12-16,4100,0.00,2909.02,EUR,C035
NL01-2024-002272,1,2025-01-27,1000,12419.80,0.00,EUR,C035
NL01-2024-002272,2,2025-01-27,1200,0.00,12419.80,EUR,C035
NL01-2024-002273,1,2024-12-15,1200,5661.12,0.00,EUR,C023
NL01-2024-002273,2,2024-12-15,4000,0.00,4335.15,EUR,C023
NL01-2024-002273,3,2024-12-15,4100,0.00,1325.97,EUR,C023
NL01-2024-002274,1,2025-01-14,1000,5661.12,0.00,EUR,C023
NL01-2024-002274,2,2025-01-14,1200,0.00,5661.12,EUR,C023
NL01-2024-002275,1,2024-12-20,1200,5722.09,0.00,EUR,C015
NL01-2024-002275,2,2024-12-20,4000,0.00,4381.84,EUR,C015
NL01-2024-002275,3,2024-12-20,4100,0.00,1340.25,EUR,C015
NL01-2024-002276,1,2025-01-30,1000,5722.09,0.00,EUR,C015
NL01-2024-002276,2,2025-01-30,1200,0.00,5722.09,EUR,C015
NL01-2024-002277,1,2024-12-18,1200,4579.24,0.00,EUR,C010
NL01-2024-002277,2,2024-12-18,4000,0.00,3506.67,EUR,C010
NL01-2024-002277,3,2024-12-18,4100,0.00,1072.57,EUR,C010
NL01-2024-002278,1,2025-01-24,1000,4579.24,0.00,EUR,C010
NL01-2024-002278,2,2025-01-24,1200,0.00,4579.24,EUR,C010
NL01-2024-002279,1,2024-12-10,1200,56975.12,0.00,EUR,C013
NL01-2024-002279,2,2024-12-10,4000,0.00,43630.14,EUR,C013
NL01-2024-002279,3,2024-12-10,4100,0.00,13344.98,EUR,C013
NL01-2024-002280,1,2025-01-11,1000,56975.12,0.00,EUR,C013
NL01-2024-002280,2,2025-01-11,1200,0.00,56975.12,EUR,C013
NL01-2024-002281,1,2024-12-13,1200,7749.58,0.00,EUR,C021
NL01-2024-002281,2,2024-12-13,4000,0.00,5934.44,EUR,C021
NL01-2024-002281,3,2024-12-13,4100,0.00,1815.14,EUR,C021
NL01-2024-002282,1,2025-01-11,1000,7749.58,0.00,EUR,C021
NL01-2024-002282,2,2025-01-11,1200,0.00,7749.58,EUR,C021
NL01-2024-002283,1,2024-12-29,1200,10061.53,0.00,EUR,C016
NL01-2024-002283,2,2024-12-29,4000,0.00,7704.87,EUR,C016
NL01-2024-002283,3,2024-12-29,4100,0.00,2356.66,EUR,C016
NL01-2024-002284,1,2025-02-05,1000,10061.53,0.00,EUR,C016
NL01-2024-002284,2,2025-02-05,1200,0.00,10061.53,EUR,C016
NL01-2024-002285,1,2024-12-29,1200,2948.47,0.00,EUR,C035
NL01-2024-002285,2,2024-12-29,4000,0.00,2257.87,EUR,C035
NL01-2024-002285,3,2024-12-29,4100,0.00,690.60,EUR,C035
NL01-2024-002286,1,2025-02-10,1000,2948.47,0.00,EUR,C035
NL01-2024-002286,2,2025-02-10,1200,0.00,2948.47,EUR,C035
NL01-2024-002287,1,2024-12-13,1200,15021.56,0.00,EUR,C019
NL01-2024-002287,2,2024-12-13,4000,0.00,11503.14,EUR,C019
NL01-2024-002287,3,2024-12-13,4100,0.00,3518.42,EUR,C019
NL01-2024-002288,1,2025-01-12,1000,15021.56,0.00,EUR,C019
NL01-2024-002288,2,2025-01-12,1200,0.00,15021.56,EUR,C019
NL01-2024-002289,1,2024-12-09,1200,13692.13,0.00,EUR,C002
NL01-2024-002289,2,2024-12-09,4000,0.00,10485.10,EUR,C002
NL01-2024-002289,3,2024-12-09,4100,0.00,3207.03,EUR,C002
NL01-2024-002290,1,2025-01-06,1000,13692.13,0.00,EUR,C002
NL01-2024-002290,2,2025-01-06,1200,0.00,13692.13,EUR,C002
NL01-2024-002291,1,2024-12-02,1200,18374.16,0.00,EUR,C033
NL01-2024-002291,2,2024-12-02,4000,0.00,14070.48,EUR,C033
NL01-2024-002291,3,2024-12-02,4100,0.00,4303.68,EUR,C033
NL01-2024-002292,1,2024-12-26,1000,18374.16,0.00,EUR,C033
NL01-2024-002292,2,2024-12-26,1200,0.00,18374.16,EUR,C033
NL01-2024-002293,1,2024-12-18,1200,3998.60,0.00,EUR,C007
NL01-2024-002293,2,2024-12-18,4000,0.00,3062.03,EUR,C007
NL01-2024-002293,3,2024-12-18,4100,0.00,936.57,EUR,C007
NL01-2024-002294,1,2025-02-03,1000,3998.60,0.00,EUR,C007
NL01-2024-002294,2,2025-02-03,1200,0.00,3998.60,EUR,C007
NL01-2024-002295,1,2024-12-25,1200,9855.40,0.00,EUR,C015
NL01-2024-002295,2,2024-12-25,4000,0.00,7547.02,EUR,C015
NL01-2024-002295,3,2024-12-25,4100,0.00,2308.38,EUR,C015
NL01-2024-002296,1,2025-01-24,1000,9855.40,0.00,EUR,C015
NL01-2024-002296,2,2025-01-24,1200,0.00,9855.40,EUR,C015
NL01-2024-002297,1,2024-12-22,1200,5906.34,0.00,EUR,C011
NL01-2024-002297,2,2024-12-22,4000,0.00,4522.93,EUR,C011
NL01-2024-002297,3,2024-12-22,4100,0.00,1383.41,EUR,C011
NL01-2024-002298,1,2025-01-19,1000,5906.34,0.00,EUR,C011
NL01-2024-002298,2,2025-01-19,1200,0.00,5906.34,EUR,C011
NL01-2024-002299,1,2024-12-02,1200,1658.31,0.00,EUR,C019
NL01-2024-002299,2,2024-12-02,4000,0.00,1269.89,EUR,C019
NL01-2024-002299,3,2024-12-02,4100,0.00,388.42,EUR,C019
NL01-2024-002300,1,2025-01-20,1000,1658.31,0.00,EUR,C019
NL01-2024-002300,2,2025-01-20,1200,0.00,1658.31,EUR,C019
NL01-2024-002301,1,2024-12-03,1200,4255.92,0.00,EUR,C005
NL01-2024-002301,2,2024-12-03,4000,0.00,3259.08,EUR,C005
NL01-2024-002301,3,2024-12-03,4100,0.00,996.84,EUR,C005
NL01-2024-002302,1,2025-01-10,1000,4255.92,0.00,EUR,C005
NL01-2024-002302,2,2025-01-10,1200,0.00,4255.92,EUR,C005
NL01-2024-002303,1,2024-12-14,1200,40129.35,0.00,EUR,C022
NL01-2024-002303,2,2024-12-14,4000,0.00,30730.07,EUR,C022
NL01-2024-002303,3,2024-12-14,4100,0.00,9399.28,EUR,C022
NL01-2024-002304,1,2025-01-04,1000,40129.35,0.00,EUR,C022
NL01-2024-002304,2,2025-01-04,1200,0.00,40129.35,EUR,C022
NL01-2024-002305,1,2024-12-21,1200,15324.17,0.00,EUR,C021
NL01-2024-002305,2,2024-12-21,4000,0.00,11734.87,EUR,C021
NL01-2024-002305,3,2024-12-21,4100,0.00,3589.30,EUR,C021
NL01-2024-002306,1,2025-01-03,1000,15324.17,0.00,EUR,C021
NL01-2024-002306,2,2025-01-03,1200,0.00,15324.17,EUR,C021
NL01-2024-002307,1,2024-12-12,1200,14198.90,0.00,EUR,C007
NL01-2024-002307,2,2024-12-12,4000,0.00,10873.17,EUR,C007
NL01-2024-002307,3,2024-12-12,4100,0.00,3325.73,EUR,C007
NL01-2024-002308,1,2025-01-09,1000,14198.90,0.00,EUR,C007
NL01-2024-002308,2,2025-01-09,1200,0.00,14198.90,EUR,C007
NL01-2024-002309,1,2024-12-21,1200,7929.73,0.00,EUR,C001
NL01-2024-002309,2,2024-12-21,4000,0.00,6072.39,EUR,C001
NL01-2024-002309,3,2024-12-21,4100,0.00,1857.34,EUR,C001
NL01-2024-002310,1,2025-01-17,1000,7929.73,0.00,EUR,C001
NL01-2024-002310,2,2025-01-17,1200,0.00,7929.73,EUR,C001
NL01-2024-002311,1,2024-12-12,1200,33296.30,0.00,EUR,C020
NL01-2024-002311,2,2024-12-12,4000,0.00,25497.49,EUR,C020
NL01-2024-002311,3,2024-12-12,4100,0.00,7798.81,EUR,C020
NL01-2024-002312,1,2025-01-11,1000,33296.30,0.00,EUR,C020
NL01-2024-002312,2,2025-01-11,1200,0.00,33296.30,EUR,C020
NL01-2024-002313,1,2024-12-26,1200,17590.46,0.00,EUR,C002
NL01-2024-002313,2,2024-12-26,4000,0.00,13470.34,EUR,C002
NL01-2024-002313,3,2024-12-26,4100,0.00,4120.12,EUR,C002
NL01-2024-002314,1,2025-02-09,1000,17590.46,0.00,EUR,C002
NL01-2024-002314,2,2025-02-09,1200,0.00,17590.46,EUR,C002
NL01-2024-002315,1,2024-12-16,1200,8216.23,0.00,EUR,C002
NL01-2024-002315,2,2024-12-16,4000,0.00,6291.79,EUR,C002
NL01-2024-002315,3,2024-12-16,4100,0.00,1924.44,EUR,C002
NL01-2024-002316,1,2025-01-25,1000,8216.23,0.00,EUR,C002
NL01-2024-002316,2,2025-01-25,1200,0.00,8216.23,EUR,C002
NL01-2024-002317,1,2024-12-28,1200,5604.79,0.00,EUR,C014
NL01-2024-002317,2,2024-12-28,4000,0.00,4292.01,EUR,C014
NL01-2024-002317,3,2024-12-28,4100,0.00,1312.78,EUR,C014
NL01-2024-002318,1,2025-02-03,1000,5604.79,0.00,EUR,C014
NL01-2024-002318,2,2025-02-03,1200,0.00,5604.79,EUR,C014
NL01-2024-002319,1,2024-12-21,1200,39118.04,0.00,EUR,C030
NL01-2024-002319,2,2024-12-21,4000,0.00,29955.63,EUR,C030
NL01-2024-002319,3,2024-12-21,4100,0.00,9162.41,EUR,C030
NL01-2024-002320,1,2025-01-19,1000,39118.04,0.00,EUR,C030
NL01-2024-002320,2,2025-01-19,1200,0.00,39118.04,EUR,C030
NL01-2024-002321,1,2024-12-21,1200,4390.38,0.00,EUR,C031
NL01-2024-002321,2,2024-12-21,4000,0.00,3362.04,EUR,C031
NL01-2024-002321,3,2024-12-21,4100,0.00,1028.34,EUR,C031
NL01-2024-002322,1,2025-01-16,1000,4390.38,0.00,EUR,C031
NL01-2024-002322,2,2025-01-16,1200,0.00,4390.38,EUR,C031
NL01-2024-002323,1,2024-12-28,1200,2908.36,0.00,EUR,C039
NL01-2024-002323,2,2024-12-28,4000,0.00,2227.15,EUR,C039
NL01-2024-002323,3,2024-12-28,4100,0.00,681.21,EUR,C039
NL01-2024-002324,1,2025-02-02,1000,2908.36,0.00,EUR,C039
NL01-2024-002324,2,2025-02-02,1200,0.00,2908.36,EUR,C039
NL01-2024-002325,1,2024-12-03,1200,2683.82,0.00,EUR,C017
NL01-2024-002325,2,2024-12-03,4000,0.00,2055.20,EUR,C017
NL01-2024-002325,3,2024-12-03,4100,0.00,628.62,EUR,C017
NL01-2024-002326,1,2024-12-26,1000,2683.82,0.00,EUR,C017
NL01-2024-002326,2,2024-12-26,1200,0.00,2683.82,EUR,C017
NL01-2024-002327,1,2024-12-16,1200,12509.56,0.00,EUR,C028
NL01-2024-002327,2,2024-12-16,4000,0.00,9579.51,EUR,C028
NL01-2024-002327,3,2024-12-16,4100,0.00,2930.05,EUR,C028
NL01-2024-002328,1,2025-01-17,1000,12509.56,0.00,EUR,C028
NL01-2024-002328,2,2025-01-17,1200,0.00,12509.56,EUR,C028
NL01-2024-002329,1,2024-12-21,1200,10398.60,0.00,EUR,C016
NL01-2024-002329,2,2024-12-21,4000,0.00,7962.99,EUR,C016
NL01-2024-002329,3,2024-12-21,4100,0.00,2435.61,EUR,C016
NL01-2024-002330,1,2025-01-13,1000,10398.60,0.00,EUR,C016
NL01-2024-002330,2,2025-01-13,1200,0.00,10398.60,EUR,C016
NL01-2024-002331,1,2024-12-06,1200,2379.21,0.00,EUR,C023
NL01-2024-002331,2,2024-12-06,4000,0.00,1821.94,EUR,C023
NL01-2024-002331,3,2024-12-06,4100,0.00,557.27,EUR,C023
NL01-2024-002332,1,2024-12-31,1000,2379.21,0.00,EUR,C023
NL01-2024-002332,2,2024-12-31,1200,0.00,2379.21,EUR,C023
NL01-2024-002333,1,2024-12-04,1200,3000.40,0.00,EUR,C031
NL01-2024-002333,2,2024-12-04,4000,0.00,2297.63,EUR,C031
NL01-2024-002333,3,2024-12-04,4100,0.00,702.77,EUR,C031
NL01-2024-002334,1,2025-01-19,1000,3000.40,0.00,EUR,C031
NL01-2024-002334,2,2025-01-19,1200,0.00,3000.40,EUR,C031
NL01-2024-002335,1,2024-12-31,1200,3272.34,0.00,EUR,C023
NL01-2024-002335,2,2024-12-31,4000,0.00,2505.88,EUR,C023
NL01-2024-002335,3,2024-12-31,4100,0.00,766.46,EUR,C023
NL01-2024-002336,1,2025-01-24,1000,3272.34,0.00,EUR,C023
NL01-2024-002336,2,2025-01-24,1200,0.00,3272.34,EUR,C023
NL01-2024-002337,1,2024-12-16,1200,5364.09,0.00,EUR,C016
NL01-2024-002337,2,2024-12-16,4000,0.00,4107.69,EUR,C016
NL01-2024-002337,3,2024-12-16,4100,0.00,1256.40,EUR,C016
NL01-2024-002338,1,2025-01-09,1000,5364.09,0.00,EUR,C016
NL01-2024-002338,2,2025-01-09,1200,0.00,5364.09,EUR,C016
NL01-2024-002339,1,2024-12-26,1200,2894.28,0.00,EUR,C032
NL01-2024-002339,2,2024-12-26,4000,0.00,2216.37,EUR,C032
NL01-2024-002339,3,2024-12-26,4100,0.00,677.91,EUR,C032
NL01-2024-002340,1,2025-01-19,1000,2894.28,0.00,EUR,C032
NL01-2024-002340,2,2025-01-19,1200,0.00,2894.28,EUR,C032
NL01-2024-002341,1,2024-12-01,1200,8133.87,0.00,EUR,C028
NL01-2024-002341,2,2024-12-01,4000,0.00,6228.72,EUR,C028
NL01-2024-002341,3,2024-12-01,4100,0.00,1905.15,EUR,C028
NL01-2024-002342,1,2025-01-09,1000,8133.87,0.00,EUR,C028
NL01-2024-002342,2,2025-01-09,1200,0.00,8133.87,EUR,C028
NL01-2024-002343,1,2024-12-26,1200,18041.81,0.00,EUR,C009
NL01-2024-002343,2,2024-12-26,4000,0.00,13815.97,EUR,C009
NL01-2024-002343,3,2024-12-26,4100,0.00,4225.84,EUR,C009
NL01-2024-002344,1,2025-02-17,1000,18041.81,0.00,EUR,C009
NL01-2024-002344,2,2025-02-17,1200,0.00,18041.81,EUR,C009
NL01-2024-002345,1,2024-12-12,1200,12099.67,0.00,EUR,C036
NL01-2024-002345,2,2024-12-12,4000,0.00,9265.63,EUR,C036
NL01-2024-002345,3,2024-12-12,4100,0.00,2834.04,EUR,C036
NL01-2024-002346,1,2025-01-23,1000,12099.67,0.00,EUR,C036
NL01-2024-002346,2,2025-01-23,1200,0.00,12099.67,EUR,C036
NL01-2024-002347,1,2024-12-31,1200,44574.01,0.00,EUR,C021
NL01-2024-002347,2,2024-12-31,4000,0.00,34133.68,EUR,C021
NL01-2024-002347,3,2024-12-31,4100,0.00,10440.33,EUR,C021
NL01-2024-002348,1,2025-01-27,1000,44574.01,0.00,EUR,C021
NL01-2024-002348,2,2025-01-27,1200,0.00,44574.01,EUR,C021
NL01-2024-002349,1,2024-12-13,1200,40605.97,0.00,EUR,C009
NL01-2024-002349,2,2024-12-13,4000,0.00,31095.05,EUR,C009
NL01-2024-002349,3,2024-12-13,4100,0.00,9510.92,EUR,C009
NL01-2024-002350,1,2025-01-09,1000,40605.97,0.00,EUR,C009
NL01-2024-002350,2,2025-01-09,1200,0.00,40605.97,EUR,C009
NL01-2024-002351,1,2024-12-24,1200,12220.50,0.00,EUR,C033
NL01-2024-002351,2,2024-12-24,4000,0.00,9358.16,EUR,C033
NL01-2024-002351,3,2024-12-24,4100,0.00,2862.34,EUR,C033
NL01-2024-002352,1,2025-01-13,1000,12220.50,0.00,EUR,C033
NL01-2024-002352,2,2025-01-13,1200,0.00,12220.50,EUR,C033
NL01-2024-002353,1,2024-12-27,1200,15254.19,0.00,EUR,C023
NL01-2024-002353,2,2024-12-27,4000,0.00,11681.28,EUR,C023
NL01-2024-002353,3,2024-12-27,4100,0.00,3572.91,EUR,C023
NL01-2024-002354,1,2025-01-30,1000,15254.19,0.00,EUR,C023
NL01-2024-002354,2,2025-01-30,1200,0.00,15254.19,EUR,C023
NL01-2024-002355,1,2024-12-18,1200,13353.91,0.00,EUR,C003
NL01-2024-002355,2,2024-12-18,4000,0.00,10226.10,EUR,C003
NL01-2024-002355,3,2024-12-18,4100,0.00,3127.81,EUR,C003
NL01-2024-002356,1,2025-02-06,1000,13353.91,0.00,EUR,C003
NL01-2024-002356,2,2025-02-06,1200,0.00,13353.91,EUR,C003
NL01-2024-002357,1,2024-12-13,1200,4599.90,0.00,EUR,C013
NL01-2024-002357,2,2024-12-13,4000,0.00,3522.49,EUR,C013
NL01-2024-002357,3,2024-12-13,4100,0.00,1077.41,EUR,C013
NL01-2024-002358,1,2025-02-01,1000,4599.90,0.00,EUR,C013
NL01-2024-002358,2,2025-02-01,1200,0.00,4599.90,EUR,C013
NL01-2024-002359,1,2024-12-05,1200,2455.29,0.00,EUR,C021
NL01-2024-002359,2,2024-12-05,4000,0.00,1880.20,EUR,C021
NL01-2024-002359,3,2024-12-05,4100,0.00,575.09,EUR,C021
NL01-2024-002360,1,2025-01-08,1000,2455.29,0.00,EUR,C021
NL01-2024-002360,2,2025-01-08,1200,0.00,2455.29,EUR,C021
NL01-2024-002361,1,2024-12-07,1200,3623.67,0.00,EUR,C020
NL01-2024-002361,2,2024-12-07,4000,0.00,2774.92,EUR,C020
NL01-2024-002361,3,2024-12-07,4100,0.00,848.75,EUR,C020
NL01-2024-002362,1,2025-01-27,1000,3623.67,0.00,EUR,C020
NL01-2024-002362,2,2025-01-27,1200,0.00,3623.67,EUR,C020
NL01-2024-002363,1,2024-12-16,1200,21363.02,0.00,EUR,C026
NL01-2024-002363,2,2024-12-16,4000,0.00,16359.27,EUR,C026
NL01-2024-002363,3,2024-12-16,4100,0.00,5003.75,EUR,C026
NL01-2024-002364,1,2025-02-16,1000,21363.02,0.00,EUR,C026
NL01-2024-002364,2,2025-02-16,1200,0.00,21363.02,EUR,C026
NL01-2024-002365,1,2024-12-16,1200,8822.68,0.00,EUR,C034
NL01-2024-002365,2,2024-12-16,4000,0.00,6756.19,EUR,C034
NL01-2024-002365,3,2024-12-16,4100,0.00,2066.49,EUR,C034
NL01-2024-002366,1,2025-01-15,1000,8822.68,0.00,EUR,C034
NL01-2024-002366,2,2025-01-15,1200,0.00,8822.68,EUR,C034
NL01-2024-002367,1,2024-12-01,1200,3771.06,0.00,EUR,C002
NL01-2024-002367,2,2024-12-01,4000,0.00,2887.78,EUR,C002
NL01-2024-002367,3,2024-12-01,4100,0.00,883.28,EUR,C002
NL01-2024-002368,1,2024-12-19,1000,3771.06,0.00,EUR,C002
NL01-2024-002368,2,2024-12-19,1200,0.00,3771.06,EUR,C002
NL01-2024-002369,1,2024-12-07,1200,5566.46,0.00,EUR,C039
NL01-2024-002369,2,2024-12-07,4000,0.00,4262.66,EUR,C039
NL01-2024-002369,3,2024-12-07,4100,0.00,1303.80,EUR,C039
NL01-2024-002370,1,2025-01-04,1000,5566.46,0.00,EUR,C039
NL01-2024-002370,2,2025-01-04,1200,0.00,5566.46,EUR,C039
NL01-2024-002371,1,2024-12-23,1200,5575.99,0.00,EUR,C010
NL01-2024-002371,2,2024-12-23,4000,0.00,4269.96,EUR,C010
NL01-2024-002371,3,2024-12-23,4100,0.00,1306.03,EUR,C010
NL01-2024-002372,1,2025-02-04,1000,5575.99,0.00,EUR,C010
NL01-2024-002372,2,2025-02-04,1200,0.00,5575.99,EUR,C010
NL01-2024-002373,1,2024-12-05,1200,14517.58,0.00,EUR,C032
NL01-2024-002373,2,2024-12-05,4000,0.00,11117.21,EUR,C032
NL01-2024-002373,3,2024-12-05,4100,0.00,3400.37,EUR,C032
NL01-2024-002374,1,2025-01-04,1000,14517.58,0.00,EUR,C032
NL01-2024-002374,2,2025-01-04,1200,0.00,14517.58,EUR,C032
NL01-2024-002375,1,2024-12-28,1200,65371.51,0.00,EUR,C035
NL01-2024-002375,2,2024-12-28,4000,0.00,50059.89,EUR,C035
NL01-2024-002375,3,2024-12-28,4100,0.00,15311.62,EUR,C035
NL01-2024-002376,1,2025-01-16,1000,65371.51,0.00,EUR,C035
NL01-2024-002376,2,2025-01-16,1200,0.00,65371.51,EUR,C035
NL01-2024-002377,1,2024-12-01,1200,10459.21,0.00,EUR,C039
NL01-2024-002377,2,2024-12-01,4000,0.00,8009.41,EUR,C039
NL01-2024-002377,3,2024-12-01,4100,0.00,2449.80,EUR,C039
NL01-2024-002378,1,2024-12-25,1000,10459.21,0.00,EUR,C039
NL01-2024-002378,2,2024-12-25,1200,0.00,10459.21,EUR,C039
NL01-2024-002379,1,2024-12-16,1200,18247.65,0.00,EUR,C007
NL01-2024-002379,2,2024-12-16,4000,0.00,13973.60,EUR,C007
NL01-2024-002379,3,2024-12-16,4100,0.00,4274.05,EUR,C007
NL01-2024-002380,1,2025-01-07,1000,18247.65,0.00,EUR,C007
NL01-2024-002380,2,2025-01-07,1200,0.00,18247.65,EUR,C007
NL01-2024-002381,1,2024-12-05,1200,4818.05,0.00,EUR,C014
NL01-2024-002381,2,2024-12-05,4000,0.00,3689.54,EUR,C014
NL01-2024-002381,3,2024-12-05,4100,0.00,1128.51,EUR,C014
NL01-2024-002382,1,2025-01-17,1000,4818.05,0.00,EUR,C014
NL01-2024-002382,2,2025-01-17,1200,0.00,4818.05,EUR,C014
NL01-2024-002383,1,2024-12-13,1200,53463.66,0.00,EUR,C008
NL01-2024-002383,2,2024-12-13,4000,0.00,40941.15,EUR,C008
NL01-2024-002383,3,2024-12-13,4100,0.00,12522.51,EUR,C008
NL01-2024-002384,1,2025-01-10,1000,53463.66,0.00,EUR,C008
NL01-2024-002384,2,2025-01-10,1200,0.00,53463.66,EUR,C008
NL01-2024-002385,1,2024-12-25,1200,1912.96,0.00,EUR,C012
NL01-2024-002385,2,2024-12-25,4000,0.00,1464.90,EUR,C012
NL01-2024-002385,3,2024-12-25,4100,0.00,448.06,EUR,C012
NL01-2024-002386,1,2025-01-28,1000,1912.96,0.00,EUR,C012
NL01-2024-002386,2,2025-01-28,1200,0.00,1912.96,EUR,C012
NL01-2024-002387,1,2024-12-23,1300,208997.16,0.00,EUR,V004
NL01-2024-002387,2,2024-12-23,2100,0.00,208997.16,EUR,V004
NL01-2024-002388,1,2025-01-16,2100,208997.16,0.00,EUR,V004
NL01-2024-002388,2,2025-01-16,1000,0.00,208997.16,EUR,V004
NL01-2024-002389,1,2024-12-03,1300,78214.53,0.00,EUR,V001
NL01-2024-002389,2,2024-12-03,2100,0.00,78214.53,EUR,V001
NL01-2024-002390,1,2025-01-04,2100,78214.53,0.00,EUR,V001
NL01-2024-002390,2,2025-01-04,1000,0.00,78214.53,EUR,V001
NL01-2024-002391,1,2024-12-11,1300,308973.82,0.00,EUR,V001
NL01-2024-002391,2,2024-12-11,2100,0.00,308973.82,EUR,V001
NL01-2024-002392,1,2025-01-06,2100,308973.82,0.00,EUR,V001
NL01-2024-002392,2,2025-01-06,1000,0.00,308973.82,EUR,V001
NL01-2024-002393,1,2024-12-09,1300,84073.49,0.00,EUR,V017
NL01-2024-002393,2,2024-12-09,2100,0.00,84073.49,EUR,V017
NL01-2024-002394,1,2025-01-08,2100,84073.49,0.00,EUR,V017
NL01-2024-002394,2,2025-01-08,1000,0.00,84073.49,EUR,V017
NL01-2024-002395,1,2024-12-31,5000,626783.13,0.00,EUR,
NL01-2024-002395,2,2024-12-31,1300,0.00,626783.13,EUR,
NL01-2024-002396,1,2024-12-04,6100,64336.04,0.00,EUR,V056
NL01-2024-002396,2,2024-12-04,2100,0.00,64336.04,EUR,V056
NL01-2024-002397,1,2025-01-11,2100,64336.04,0.00,EUR,V056
NL01-2024-002397,2,2025-01-11,1000,0.00,64336.04,EUR,V056
NL01-2024-002398,1,2024-12-07,6200,40994.76,0.00,EUR,V045
NL01-2024-002398,2,2024-12-07,2100,0.00,40994.76,EUR,V045
NL01-2024-002399,1,2025-01-07,2100,40994.76,0.00,EUR,V045
NL01-2024-002399,2,2025-01-07,1000,0.00,40994.76,EUR,V045
NL01-2024-002400,1,2024-12-18,6300,23907.66,0.00,EUR,V037
NL01-2024-002400,2,2024-12-18,2100,0.00,23907.66,EUR,V037
NL01-2024-002401,1,2025-01-18,2100,23907.66,0.00,EUR,V037
NL01-2024-002401,2,2025-01-18,1000,0.00,23907.66,EUR,V037
NL01-2024-002402,1,2024-12-06,6400,36535.09,0.00,EUR,V047
NL01-2024-002402,2,2024-12-06,2100,0.00,36535.09,EUR,V047
NL01-2024-002403,1,2025-01-14,2100,36535.09,0.00,EUR,V047
NL01-2024-002403,2,2025-01-14,1000,0.00,36535.09,EUR,V047
NL01-2024-002404,1,2024-12-25,6000,389565.18,0.00,EUR,
NL01-2024-002404,2,2024-12-25,1000,0.00,389565.18,EUR,
NL01-2024-002405,1,2024-12-31,6900,15625.00,0.00,EUR,
NL01-2024-002405,2,2024-12-31,1590,0.00,15625.00,EUR,
NL01-2025-002406,1,2025-01-19,1200,8785.31,0.00,EUR,C030
NL01-2025-002406,2,2025-01-19,4000,0.00,6650.84,EUR,C030
NL01-2025-002406,3,2025-01-19,4100,0.00,2134.47,EUR,C030
NL01-2025-002407,1,2025-01-31,1000,8785.31,0.00,EUR,C030
NL01-2025-002407,2,2025-01-31,1200,0.00,8785.31,EUR,C030
NL01-2025-002408,1,2025-01-21,1200,12956.85,0.00,EUR,C022
NL01-2025-002408,2,2025-01-21,4000,0.00,9808.86,EUR,C022
NL01-2025-002408,3,2025-01-21,4100,0.00,3147.99,EUR,C022
NL01-2025-002409,1,2025-02-22,1000,12956.85,0.00,EUR,C022
NL01-2025-002409,2,2025-02-22,1200,0.00,12956.85,EUR,C022
NL01-2025-002410,1,2025-01-18,1200,5036.29,0.00,EUR,C008
NL01-2025-002410,2,2025-01-18,4000,0.00,3812.68,EUR,C008
NL01-2025-002410,3,2025-01-18,4100,0.00,1223.61,EUR,C008
NL01-2025-002411,1,2025-02-21,1000,5036.29,0.00,EUR,C008
NL01-2025-002411,2,2025-02-21,1200,0.00,5036.29,EUR,C008
NL01-2025-002412,1,2025-01-07,1200,17770.30,0.00,EUR,C016
NL01-2025-002412,2,2025-01-07,4000,0.00,13452.84,EUR,C016
NL01-2025-002412,3,2025-01-07,4100,0.00,4317.46,EUR,C016
NL01-2025-002413,1,2025-02-03,1000,17770.30,0.00,EUR,C016
NL01-2025-002413,2,2025-02-03,1200,0.00,17770.30,EUR,C016
NL01-2025-002414,1,2025-01-01,1200,22256.92,0.00,EUR,C019
NL01-2025-002414,2,2025-01-01,4000,0.00,16849.40,EUR,C019
NL01-2025-002414,3,2025-01-01,4100,0.00,5407.52,EUR,C019
NL01-2025-002415,1,2025-01-29,1000,22256.92,0.00,EUR,C019
NL01-2025-002415,2,2025-01-29,1200,0.00,22256.92,EUR,C019
NL01-2025-002416,1,2025-01-06,1200,11527.48,0.00,EUR,C013
NL01-2025-002416,2,2025-01-06,4000,0.00,8726.77,EUR,C013
NL01-2025-002416,3,2025-01-06,4100,0.00,2800.71,EUR,C013
NL01-2025-002417,1,2025-02-04,1000,11527.48,0.00,EUR,C013
NL01-2025-002417,2,2025-02-04,1200,0.00,11527.48,EUR,C013
NL01-2025-002418,1,2025-01-22,1200,14317.49,0.00,EUR,C027
NL01-2025-002418,2,2025-01-22,4000,0.00,10838.92,EUR,C027
NL01-2025-002418,3,2025-01-22,4100,0.00,3478.57,EUR,C027
NL01-2025-002419,1,2025-02-17,1000,14317.49,0.00,EUR,C027
NL01-2025-002419,2,2025-02-17,1200,0.00,14317.49,EUR,C027
NL01-2025-002420,1,2025-01-18,1200,4286.87,0.00,EUR,C028
NL01-2025-002420,2,2025-01-18,4000,0.00,3245.34,EUR,C028
NL01-2025-002420,3,2025-01-18,4100,0.00,1041.53,EUR,C028
NL01-2025-002421,1,2025-02-11,1000,4286.87,0.00,EUR,C028
NL01-2025-002421,2,2025-02-11,1200,0.00,4286.87,EUR,C028
NL01-2025-002422,1,2025-01-07,1200,8379.80,0.00,EUR,C004
NL01-2025-002422,2,2025-01-07,4000,0.00,6343.85,EUR,C004
NL01-2025-002422,3,2025-01-07,4100,0.00,2035.95,EUR,C004
NL01-2025-002423,1,2025-02-07,1000,8379.80,0.00,EUR,C004
NL01-2025-002423,2,2025-02-07,1200,0.00,8379.80,EUR,C004
NL01-2025-002424,1,2025-01-02,1200,3038.79,0.00,EUR,C016
NL01-2025-002424,2,2025-01-02,4000,0.00,2300.49,EUR,C016
NL01-2025-002424,3,2025-01-02,4100,0.00,738.30,EUR,C016
NL01-2025-002425,1,2025-01-27,1000,3038.79,0.00,EUR,C016
NL01-2025-002425,2,2025-01-27,1200,0.00,3038.79,EUR,C016
NL01-2025-002426,1,2025-01-10,1200,4359.70,0.00,EUR,C019
NL01-2025-002426,2,2025-01-10,4000,0.00,3300.47,EUR,C019
NL01-2025-002426,3,2025-01-10,4100,0.00,1059.23,EUR,C019
NL01-2025-002427,1,2025-01-26,1000,4359.70,0.00,EUR,C019
NL01-2025-002427,2,2025-01-26,1200,0.00,4359.70,EUR,C019
NL01-2025-002428,1,2025-01-10,1200,8984.04,0.00,EUR,C017
NL01-2025-002428,2,2025-01-10,4000,0.00,6801.28,EUR,C017
NL01-2025-002428,3,2025-01-10,4100,0.00,2182.76,EUR,C017
NL01-2025-002429,1,2025-02-02,1000,8984.04,0.00,EUR,C017
NL01-2025-002429,2,2025-02-02,1200,0.00,8984.04,EUR,C017
NL01-2025-002430,1,2025-01-27,1200,4664.93,0.00,EUR,C018
NL01-2025-002430,2,2025-01-27,4000,0.00,3531.54,EUR,C018
NL01-2025-002430,3,2025-01-27,4100,0.00,1133.39,EUR,C018
NL01-2025-002431,1,2025-03-19,1000,4664.93,0.00,EUR,C018
NL01-2025-002431,2,2025-03-19,1200,0.00,4664.93,EUR,C018
NL01-2025-002432,1,2025-01-14,1200,5593.01,0.00,EUR,C040
NL01-2025-002432,2,2025-01-14,4000,0.00,4234.14,EUR,C040
NL01-2025-002432,3,2025-01-14,4100,0.00,1358.87,EUR,C040
NL01-2025-002433,1,2025-03-06,1000,5593.01,0.00,EUR,C040
NL01-2025-002433,2,2025-03-06,1200,0.00,5593.01,EUR,C040
NL01-2025-002434,1,2025-01-08,1200,4777.08,0.00,EUR,C039
NL01-2025-002434,2,2025-01-08,4000,0.00,3616.44,EUR,C039
NL01-2025-002434,3,2025-01-08,4100,0.00,1160.64,EUR,C039
NL01-2025-002435,1,2025-02-11,1000,4777.08,0.00,EUR,C039
NL01-2025-002435,2,2025-02-11,1200,0.00,4777.08,EUR,C039
NL01-2025-002436,1,2025-01-25,1200,2427.62,0.00,EUR,C010
NL01-2025-002436,2,2025-01-25,4000,0.00,1837.81,EUR,C010
NL01-2025-002436,3,2025-01-25,4100,0.00,589.81,EUR,C010
NL01-2025-002437,1,2025-02-19,1000,2427.62,0.00,EUR,C010
NL01-2025-002437,2,2025-02-19,1200,0.00,2427.62,EUR,C010
NL01-2025-002438,1,2025-01-16,1200,4413.64,0.00,EUR,C019
NL01-2025-002438,2,2025-01-16,4000,0.00,3341.31,EUR,C019
NL01-2025-002438,3,2025-01-16,4100,0.00,1072.33,EUR,C019
NL01-2025-002439,1,2025-02-13,1000,4413.64,0.00,EUR,C019
NL01-2025-002439,2,2025-02-13,1200,0.00,4413.64,EUR,C019
NL01-2025-002440,1,2025-01-01,1200,1591.26,0.00,EUR,C017
NL01-2025-002440,2,2025-01-01,4000,0.00,1204.65,EUR,C017
NL01-2025-002440,3,2025-01-01,4100,0.00,386.61,EUR,C017
NL01-2025-002441,1,2025-02-03,1000,1591.26,0.00,EUR,C017
NL01-2025-002441,2,2025-02-03,1200,0.00,1591.26,EUR,C017
NL01-2025-002442,1,2025-01-16,1200,4323.47,0.00,EUR,C018
NL01-2025-002442,2,2025-01-16,4000,0.00,3273.04,EUR,C018
NL01-2025-002442,3,2025-01-16,4100,0.00,1050.43,EUR,C018
NL01-2025-002443,1,2025-02-23,1000,4323.47,0.00,EUR,C018
NL01-2025-002443,2,2025-02-23,1200,0.00,4323.47,EUR,C018
NL01-2025-002444,1,2025-01-19,1200,11110.76,0.00,EUR,C031
NL01-2025-002444,2,2025-01-19,4000,0.00,8411.30,EUR,C031
NL01-2025-002444,3,2025-01-19,4100,0.00,2699.46,EUR,C031
NL01-2025-002445,1,2025-03-27,1000,11110.76,0.00,EUR,C031
NL01-2025-002445,2,2025-03-27,1200,0.00,11110.76,EUR,C031
NL01-2025-002446,1,2025-01-05,1200,8877.08,0.00,EUR,C008
NL01-2025-002446,2,2025-01-05,4000,0.00,6720.31,EUR,C008
NL01-2025-002446,3,2025-01-05,4100,0.00,2156.77,EUR,C008
NL01-2025-002447,1,2025-02-05,1000,8877.08,0.00,EUR,C008
NL01-2025-002447,2,2025-02-05,1200,0.00,8877.08,EUR,C008
NL01-2025-002448,1,2025-01-12,1200,6051.06,0.00,EUR,C007
NL01-2025-002448,2,2025-01-12,4000,0.00,4580.90,EUR,C007
NL01-2025-002448,3,2025-01-12,4100,0.00,1470.16,EUR,C007
NL01-2025-002449,1,2025-02-17,1000,6051.06,0.00,EUR,C007
NL01-2025-002449,2,2025-02-17,1200,0.00,6051.06,EUR,C007
NL01-2025-002450,1,2025-01-25,1200,5361.49,0.00,EUR,C037
NL01-2025-002450,2,2025-01-25,4000,0.00,4058.87,EUR,C037
NL01-2025-002450,3,2025-01-25,4100,0.00,1302.62,EUR,C037
NL01-2025-002451,1,2025-03-25,1000,5361.49,0.00,EUR,C037
NL01-2025-002451,2,2025-03-25,1200,0.00,5361.49,EUR,C037
NL01-2025-002452,1,2025-01-18,1200,5813.49,0.00,EUR,C014
NL01-2025-002452,2,2025-01-18,4000,0.00,4401.05,EUR,C014
NL01-2025-002452,3,2025-01-18,4100,0.00,1412.44,EUR,C014
NL01-2025-002453,1,2025-02-08,1000,5813.49,0.00,EUR,C014
NL01-2025-002453,2,2025-02-08,1200,0.00,5813.49,EUR,C014
NL01-2025-002454,1,2025-01-15,1200,7579.82,0.00,EUR,C018
NL01-2025-002454,2,2025-01-15,4000,0.00,5738.23,EUR,C018
NL01-2025-002454,3,2025-01-15,4100,0.00,1841.59,EUR,C018
NL01-2025-002455,1,2025-02-10,1000,7579.82,0.00,EUR,C018
NL01-2025-002455,2,2025-02-10,1200,0.00,7579.82,EUR,C018
NL01-2025-002456,1,2025-01-22,1200,37748.21,0.00,EUR,C029
NL01-2025-002456,2,2025-01-22,4000,0.00,28576.93,EUR,C029
NL01-2025-002456,3,2025-01-22,4100,0.00,9171.28,EUR,C029
NL01-2025-002457,1,2025-03-10,1000,37748.21,0.00,EUR,C029
NL01-2025-002457,2,2025-03-10,1200,0.00,37748.21,EUR,C029
NL01-2025-002458,1,2025-01-27,1200,6266.38,0.00,EUR,C023
NL01-2025-002458,2,2025-01-27,4000,0.00,4743.91,EUR,C023
NL01-2025-002458,3,2025-01-27,4100,0.00,1522.47,EUR,C023
NL01-2025-002459,1,2025-02-25,1000,6266.38,0.00,EUR,C023
NL01-2025-002459,2,2025-02-25,1200,0.00,6266.38,EUR,C023
NL01-2025-002460,1,2025-01-14,1200,10722.75,0.00,EUR,C019
NL01-2025-002460,2,2025-01-14,4000,0.00,8117.56,EUR,C019
NL01-2025-002460,3,2025-01-14,4100,0.00,2605.19,EUR,C019
NL01-2025-002461,1,2025-03-06,1000,10722.75,0.00,EUR,C019
NL01-2025-002461,2,2025-03-06,1200,0.00,10722.75,EUR,C019
NL01-2025-002462,1,2025-01-01,1200,13560.29,0.00,EUR,C008
NL01-2025-002462,2,2025-01-01,4000,0.00,10265.69,EUR,C008
NL01-2025-002462,3,2025-01-01,4100,0.00,3294.60,EUR,C008
NL01-2025-002463,1,2025-01-18,1000,13560.29,0.00,EUR,C008
NL01-2025-002463,2,2025-01-18,1200,0.00,13560.29,EUR,C008
NL01-2025-002464,1,2025-01-15,1200,52121.54,0.00,EUR,C013
NL01-2025-002464,2,2025-01-15,4000,0.00,39458.13,EUR,C013
NL01-2025-002464,3,2025-01-15,4100,0.00,12663.41,EUR,C013
NL01-2025-002465,1,2025-02-17,1000,52121.54,0.00,EUR,C013
NL01-2025-002465,2,2025-02-17,1200,0.00,52121.54,EUR,C013
NL01-2025-002466,1,2025-01-08,1200,3476.09,0.00,EUR,C018
NL01-2025-002466,2,2025-01-08,4000,0.00,2631.54,EUR,C018
NL01-2025-002466,3,2025-01-08,4100,0.00,844.55,EUR,C018
NL01-2025-002467,1,2025-03-12,1000,3476.09,0.00,EUR,C018
NL01-2025-002467,2,2025-03-12,1200,0.00,3476.09,EUR,C018
NL01-2025-002468,1,2025-01-28,1200,12375.48,0.00,EUR,C002
NL01-2025-002468,2,2025-01-28,4000,0.00,9368.74,EUR,C002
NL01-2025-002468,3,2025-01-28,4100,0.00,3006.74,EUR,C002
NL01-2025-002469,1,2025-03-08,1000,12375.48,0.00,EUR,C002
NL01-2025-002469,2,2025-03-08,1200,0.00,12375.48,EUR,C002
NL01-2025-002470,1,2025-01-22,1200,19180.24,0.00,EUR,C025
NL01-2025-002470,2,2025-01-22,4000,0.00,14520.22,EUR,C025
NL01-2025-002470,3,2025-01-22,4100,0.00,4660.02,EUR,C025
NL01-2025-002471,1,2025-02-27,1000,19180.24,0.00,EUR,C025
NL01-2025-002471,2,2025-02-27,1200,0.00,19180.24,EUR,C025
NL01-2025-002472,1,2025-01-24,1200,1400.20,0.00,EUR,C027
NL01-2025-002472,2,2025-01-24,4000,0.00,1060.01,EUR,C027
NL01-2025-002472,3,2025-01-24,4100,0.00,340.19,EUR,C027
NL01-2025-002473,1,2025-02-15,1000,1400.20,0.00,EUR,C027
NL01-2025-002473,2,2025-02-15,1200,0.00,1400.20,EUR,C027
NL01-2025-002474,1,2025-01-28,1200,3748.79,0.00,EUR,C026
NL01-2025-002474,2,2025-01-28,4000,0.00,2837.99,EUR,C026
NL01-2025-002474,3,2025-01-28,4100,0.00,910.80,EUR,C026
NL01-2025-002475,1,2025-02-19,1000,3748.79,0.00,EUR,C026
NL01-2025-002475,2,2025-02-19,1200,0.00,3748.79,EUR,C026
NL01-2025-002476,1,2025-01-22,1200,10764.44,0.00,EUR,C038
NL01-2025-002476,2,2025-01-22,4000,0.00,8149.12,EUR,C038
NL01-2025-002476,3,2025-01-22,4100,0.00,2615.32,EUR,C038
NL01-2025-002477,1,2025-02-16,1000,10764.44,0.00,EUR,C038
NL01-2025-002477,2,2025-02-16,1200,0.00,10764.44,EUR,C038
NL01-2025-002478,1,2025-01-12,1200,2020.14,0.00,EUR,C010
NL01-2025-002478,2,2025-01-12,4000,0.00,1529.33,EUR,C010
NL01-2025-002478,3,2025-01-12,4100,0.00,490.81,EUR,C010
NL01-2025-002479,1,2025-02-23,1000,2020.14,0.00,EUR,C010
NL01-2025-002479,2,2025-02-23,1200,0.00,2020.14,EUR,C010
NL01-2025-002480,1,2025-01-07,1200,13007.46,0.00,EUR,C033
NL01-2025-002480,2,2025-01-07,4000,0.00,9847.18,EUR,C033
NL01-2025-002480,3,2025-01-07,4100,0.00,3160.28,EUR,C033
NL01-2025-002481,1,2025-02-28,1000,13007.46,0.00,EUR,C033
NL01-2025-002481,2,2025-02-28,1200,0.00,13007.46,EUR,C033
NL01-2025-002482,1,2025-01-15,1200,7392.84,0.00,EUR,C011
NL01-2025-002482,2,2025-01-15,4000,0.00,5596.68,EUR,C011
NL01-2025-002482,3,2025-01-15,4100,0.00,1796.16,EUR,C011
NL01-2025-002483,1,2025-03-04,1000,7392.84,0.00,EUR,C011
NL01-2025-002483,2,2025-03-04,1200,0.00,7392.84,EUR,C011
NL01-2025-002484,1,2025-01-10,1200,6720.65,0.00,EUR,C036
NL01-2025-002484,2,2025-01-10,4000,0.00,5087.81,EUR,C036
NL01-2025-002484,3,2025-01-10,4100,0.00,1632.84,EUR,C036
NL01-2025-002485,1,2025-02-18,1000,6720.65,0.00,EUR,C036
NL01-2025-002485,2,2025-02-18,1200,0.00,6720.65,EUR,C036
NL01-2025-002486,1,2025-01-22,1200,12178.26,0.00,EUR,C030
NL01-2025-002486,2,2025-01-22,4000,0.00,9219.44,EUR,C030
NL01-2025-002486,3,2025-01-22,4100,0.00,2958.82,EUR,C030
NL01-2025-002487,1,2025-02-15,1000,12178.26,0.00,EUR,C030
NL01-2025-002487,2,2025-02-15,1200,0.00,12178.26,EUR,C030
NL01-2025-002488,1,2025-01-08,1200,18476.91,0.00,EUR,C004
NL01-2025-002488,2,2025-01-08,4000,0.00,13987.77,EUR,C004
NL01-2025-002488,3,2025-01-08,4100,0.00,4489.14,EUR,C004
NL01-2025-002489,1,2025-02-11,1000,18476.91,0.00,EUR,C004
NL01-2025-002489,2,2025-02-11,1200,0.00,18476.91,EUR,C004
NL01-2025-002490,1,2025-01-02,1200,10532.42,0.00,EUR,C030
NL01-2025-002490,2,2025-01-02,4000,0.00,7973.47,EUR,C030
NL01-2025-002490,3,2025-01-02,4100,0.00,2558.95,EUR,C030
NL01-2025-002491,1,2025-01-24,1000,10532.42,0.00,EUR,C030
NL01-2025-002491,2,2025-01-24,1200,0.00,10532.42,EUR,C030
NL01-2025-002492,1,2025-01-04,1200,8290.30,0.00,EUR,C039
NL01-2025-002492,2,2025-01-04,4000,0.00,6276.10,EUR,C039
NL01-2025-002492,3,2025-01-04,4100,0.00,2014.20,EUR,C039
NL01-2025-002493,1,2025-01-25,1000,8290.30,0.00,EUR,C039
NL01-2025-002493,2,2025-01-25,1200,0.00,8290.30,EUR,C039
NL01-2025-002494,1,2025-01-10,1200,8929.83,0.00,EUR,C009
NL01-2025-002494,2,2025-01-10,4000,0.00,6760.25,EUR,C009
NL01-2025-002494,3,2025-01-10,4100,0.00,2169.58,EUR,C009
NL01-2025-002495,1,2025-01-27,1000,8929.83,0.00,EUR,C009
NL01-2025-002495,2,2025-01-27,1200,0.00,8929.83,EUR,C009
NL01-2025-002496,1,2025-01-14,1200,4679.09,0.00,EUR,C009
NL01-2025-002496,2,2025-01-14,4000,0.00,3542.26,EUR,C009
NL01-2025-002496,3,2025-01-14,4100,0.00,1136.83,EUR,C009
NL01-2025-002497,1,2025-01-29,1000,4679.09,0.00,EUR,C009
NL01-2025-002497,2,2025-01-29,1200,0.00,4679.09,EUR,C009
NL01-2025-002498,1,2025-01-03,1200,13395.11,0.00,EUR,C035
NL01-2025-002498,2,2025-01-03,4000,0.00,10140.64,EUR,C035
NL01-2025-002498,3,2025-01-03,4100,0.00,3254.47,EUR,C035
NL01-2025-002499,1,2025-02-05,1000,13395.11,0.00,EUR,C035
NL01-2025-002499,2,2025-02-05,1200,0.00,13395.11,EUR,C035
NL01-2025-002500,1,2025-01-14,1200,2273.63,0.00,EUR,C013
NL01-2025-002500,2,2025-01-14,4000,0.00,1721.23,EUR,C013
NL01-2025-002500,3,2025-01-14,4100,0.00,552.40,EUR,C013
NL01-2025-002501,1,2025-02-24,1000,2273.63,0.00,EUR,C013
NL01-2025-002501,2,2025-02-24,1200,0.00,2273.63,EUR,C013
NL01-2025-002502,1,2025-01-19,1200,9297.47,0.00,EUR,C035
NL01-2025-002502,2,2025-01-19,4000,0.00,7038.56,EUR,C035
NL01-2025-002502,3,2025-01-19,4100,0.00,2258.91,EUR,C035
NL01-2025-002503,1,2025-02-17,1000,9297.47,0.00,EUR,C035
NL01-2025-002503,2,2025-02-17,1200,0.00,9297.47,EUR,C035
NL01-2025-002504,1,2025-01-17,1200,10313.21,0.00,EUR,C031
NL01-2025-002504,2,2025-01-17,4000,0.00,7807.52,EUR,C031
NL01-2025-002504,3,2025-01-17,4100,0.00,2505.69,EUR,C031
NL01-2025-002505,1,2025-02-14,1000,10313.21,0.00,EUR,C031
NL01-2025-002505,2,2025-02-14,1200,0.00,10313.21,EUR,C031
NL01-2025-002506,1,2025-01-12,1200,3767.49,0.00,EUR,C029
NL01-2025-002506,2,2025-01-12,4000,0.00,2852.14,EUR,C029
NL01-2025-002506,3,2025-01-12,4100,0.00,915.35,EUR,C029
NL01-2025-002507,1,2025-02-06,1000,3767.49,0.00,EUR,C029
NL01-2025-002507,2,2025-02-06,1200,0.00,3767.49,EUR,C029
NL01-2025-002508,1,2025-01-04,1200,9754.56,0.00,EUR,C035
NL01-2025-002508,2,2025-01-04,4000,0.00,7384.60,EUR,C035
NL01-2025-002508,3,2025-01-04,4100,0.00,2369.96,EUR,C035
NL01-2025-002509,1,2025-02-03,1000,9754.56,0.00,EUR,C035
NL01-2025-002509,2,2025-02-03,1200,0.00,9754.56,EUR,C035
NL01-2025-002510,1,2025-01-18,1200,8868.28,0.00,EUR,C005
NL01-2025-002510,2,2025-01-18,4000,0.00,6713.65,EUR,C005
NL01-2025-002510,3,2025-01-18,4100,0.00,2154.63,EUR,C005
NL01-2025-002511,1,2025-03-03,1000,8868.28,0.00,EUR,C005
NL01-2025-002511,2,2025-03-03,1200,0.00,8868.28,EUR,C005
NL01-2025-002512,1,2025-01-28,1200,21157.13,0.00,EUR,C030
NL01-2025-002512,2,2025-01-28,4000,0.00,16016.81,EUR,C030
NL01-2025-002512,3,2025-01-28,4100,0.00,5140.32,EUR,C030
NL01-2025-002513,1,2025-02-28,1000,21157.13,0.00,EUR,C030
NL01-2025-002513,2,2025-02-28,1200,0.00,21157.13,EUR,C030
NL01-2025-002514,1,2025-01-28,1200,70081.46,0.00,EUR,C031
NL01-2025-002514,2,2025-01-28,4000,0.00,53054.52,EUR,C031
NL01-2025-002514,3,2025-01-28,4100,0.00,17026.94,EUR,C031
NL01-2025-002515,1,2025-03-19,1000,70081.46,0.00,EUR,C031
NL01-2025-002515,2,2025-03-19,1200,0.00,70081.46,EUR,C031
NL01-2025-002516,1,2025-01-30,1200,9569.15,0.00,EUR,C009
NL01-2025-002516,2,2025-01-30,4000,0.00,7244.24,EUR,C009
NL01-2025-002516,3,2025-01-30,4100,0.00,2324.91,EUR,C009
NL01-2025-002517,1,2025-02-22,1000,9569.15,0.00,EUR,C009
NL01-2025-002517,2,2025-02-22,1200,0.00,9569.15,EUR,C009
NL01-2025-002518,1,2025-01-26,1200,20119.61,0.00,EUR,C023
NL01-2025-002518,2,2025-01-26,4000,0.00,15231.37,EUR,C023
NL01-2025-002518,3,2025-01-26,4100,0.00,4888.24,EUR,C023
NL01-2025-002519,1,2025-03-06,1000,20119.61,0.00,EUR,C023
NL01-2025-002519,2,2025-03-06,1200,0.00,20119.61,EUR,C023
NL01-2025-002520,1,2025-01-24,1200,8131.76,0.00,EUR,C033
NL01-2025-002520,2,2025-01-24,4000,0.00,6156.07,EUR,C033
NL01-2025-002520,3,2025-01-24,4100,0.00,1975.69,EUR,C033
NL01-2025-002521,1,2025-02-24,1000,8131.76,0.00,EUR,C033
NL01-2025-002521,2,2025-02-24,1200,0.00,8131.76,EUR,C033
NL01-2025-002522,1,2025-01-04,1200,19884.99,0.00,EUR,C023
NL01-2025-002522,2,2025-01-04,4000,0.00,15053.75,EUR,C023
NL01-2025-002522,3,2025-01-04,4100,0.00,4831.24,EUR,C023
NL01-2025-002523,1,2025-02-15,1000,19884.99,0.00,EUR,C023
NL01-2025-002523,2,2025-02-15,1200,0.00,19884.99,EUR,C023
NL01-2025-002524,1,2025-01-07,1200,3371.73,0.00,EUR,C038
NL01-2025-002524,2,2025-01-07,4000,0.00,2552.54,EUR,C038
NL01-2025-002524,3,2025-01-07,4100,0.00,819.19,EUR,C038
NL01-2025-002525,1,2025-02-02,1000,3371.73,0.00,EUR,C038
NL01-2025-002525,2,2025-02-02,1200,0.00,3371.73,EUR,C038
NL01-2025-002526,1,2025-01-03,1200,36327.47,0.00,EUR,C026
NL01-2025-002526,2,2025-01-03,4000,0.00,27501.38,EUR,C026
NL01-2025-002526,3,2025-01-03,4100,0.00,8826.09,EUR,C026
NL01-2025-002527,1,2025-03-19,1000,36327.47,0.00,EUR,C026
NL01-2025-002527,2,2025-03-19,1200,0.00,36327.47,EUR,C026
NL01-2025-002528,1,2025-01-02,1200,7588.56,0.00,EUR,C003
NL01-2025-002528,2,2025-01-02,4000,0.00,5744.85,EUR,C003
NL01-2025-002528,3,2025-01-02,4100,0.00,1843.71,EUR,C003
NL01-2025-002529,1,2025-01-23,1000,7588.56,0.00,EUR,C003
NL01-2025-002529,2,2025-01-23,1200,0.00,7588.56,EUR,C003
NL01-2025-002530,1,2025-01-05,1200,3303.30,0.00,EUR,C017
NL01-2025-002530,2,2025-01-05,4000,0.00,2500.73,EUR,C017
NL01-2025-002530,3,2025-01-05,4100,0.00,802.57,EUR,C017
NL01-2025-002531,1,2025-02-12,1000,3303.30,0.00,EUR,C017
NL01-2025-002531,2,2025-02-12,1200,0.00,3303.30,EUR,C017
NL01-2025-002532,1,2025-01-21,1200,4369.79,0.00,EUR,C035
NL01-2025-002532,2,2025-01-21,4000,0.00,3308.11,EUR,C035
NL01-2025-002532,3,2025-01-21,4100,0.00,1061.68,EUR,C035
NL01-2025-002533,1,2025-02-22,1000,4369.79,0.00,EUR,C035
NL01-2025-002533,2,2025-02-22,1200,0.00,4369.79,EUR,C035
NL01-2025-002534,1,2025-01-23,1200,13434.59,0.00,EUR,C005
NL01-2025-002534,2,2025-01-23,4000,0.00,10170.53,EUR,C005
NL01-2025-002534,3,2025-01-23,4100,0.00,3264.06,EUR,C005
NL01-2025-002535,1,2025-03-05,1000,13434.59,0.00,EUR,C005
NL01-2025-002535,2,2025-03-05,1200,0.00,13434.59,EUR,C005
NL01-2025-002536,1,2025-01-22,1200,35272.69,0.00,EUR,C001
NL01-2025-002536,2,2025-01-22,4000,0.00,26702.86,EUR,C001
NL01-2025-002536,3,2025-01-22,4100,0.00,8569.83,EUR,C001
NL01-2025-002537,1,2025-02-23,1000,35272.69,0.00,EUR,C001
NL01-2025-002537,2,2025-02-23,1200,0.00,35272.69,EUR,C001
NL01-2025-002538,1,2025-01-18,1200,4970.90,0.00,EUR,C013
NL01-2025-002538,2,2025-01-18,4000,0.00,3763.17,EUR,C013
NL01-2025-002538,3,2025-01-18,4100,0.00,1207.73,EUR,C013
NL01-2025-002539,1,2025-03-18,1000,4970.90,0.00,EUR,C013
NL01-2025-002539,2,2025-03-18,1200,0.00,4970.90,EUR,C013
NL01-2025-002540,1,2025-01-15,1200,2846.62,0.00,EUR,C007
NL01-2025-002540,2,2025-01-15,4000,0.00,2155.01,EUR,C007
NL01-2025-002540,3,2025-01-15,4100,0.00,691.61,EUR,C007
NL01-2025-002541,1,2025-02-12,1000,2846.62,0.00,EUR,C007
NL01-2025-002541,2,2025-02-12,1200,0.00,2846.62,EUR,C007
NL01-2025-002542,1,2025-01-27,1200,22022.15,0.00,EUR,C001
NL01-2025-002542,2,2025-01-27,4000,0.00,16671.67,EUR,C001
NL01-2025-002542,3,2025-01-27,4100,0.00,5350.48,EUR,C001
NL01-2025-002543,1,2025-02-20,1000,22022.15,0.00,EUR,C001
NL01-2025-002543,2,2025-02-20,1200,0.00,22022.15,EUR,C001
NL01-2025-002544,1,2025-01-28,1200,2127.86,0.00,EUR,C009
NL01-2025-002544,2,2025-01-28,4000,0.00,1610.88,EUR,C009
NL01-2025-002544,3,2025-01-28,4100,0.00,516.98,EUR,C009
NL01-2025-002545,1,2025-03-15,1000,2127.86,0.00,EUR,C009
NL01-2025-002545,2,2025-03-15,1200,0.00,2127.86,EUR,C009
NL01-2025-002546,1,2025-01-25,1200,18967.33,0.00,EUR,C020
NL01-2025-002546,2,2025-01-25,4000,0.00,14359.04,EUR,C020
NL01-2025-002546,3,2025-01-25,4100,0.00,4608.29,EUR,C020
NL01-2025-002547,1,2025-03-04,1000,18967.33,0.00,EUR,C020
NL01-2025-002547,2,2025-03-04,1200,0.00,18967.33,EUR,C020
NL01-2025-002548,1,2025-01-14,1200,3577.53,0.00,EUR,C035
NL01-2025-002548,2,2025-01-14,4000,0.00,2708.34,EUR,C035
NL01-2025-002548,3,2025-01-14,4100,0.00,869.19,EUR,C035
NL01-2025-002549,1,2025-01-30,1000,3577.53,0.00,EUR,C035
NL01-2025-002549,2,2025-01-30,1200,0.00,3577.53,EUR,C035
NL01-2025-002550,1,2025-01-15,1200,3343.68,0.00,EUR,C029
NL01-2025-002550,2,2025-01-15,4000,0.00,2531.30,EUR,C029
NL01-2025-002550,3,2025-01-15,4100,0.00,812.38,EUR,C029
NL01-2025-002551,1,2025-02-03,1000,3343.68,0.00,EUR,C029
NL01-2025-002551,2,2025-02-03,1200,0.00,3343.68,EUR,C029
NL01-2025-002552,1,2025-01-21,1200,23239.73,0.00,EUR,C028
NL01-2025-002552,2,2025-01-21,4000,0.00,17593.42,EUR,C028
NL01-2025-002552,3,2025-01-21,4100,0.00,5646.31,EUR,C028
NL01-2025-002553,1,2025-02-06,1000,23239.73,0.00,EUR,C028
NL01-2025-002553,2,2025-02-06,1200,0.00,23239.73,EUR,C028
NL01-2025-002554,1,2025-01-04,1200,18818.59,0.00,EUR,C021
NL01-2025-002554,2,2025-01-04,4000,0.00,14246.44,EUR,C021
NL01-2025-002554,3,2025-01-04,4100,0.00,4572.15,EUR,C021
NL01-2025-002555,1,2025-02-28,1000,18818.59,0.00,EUR,C021
NL01-2025-002555,2,2025-02-28,1200,0.00,18818.59,EUR,C021
NL01-2025-002556,1,2025-01-28,1200,19804.70,0.00,EUR,C005
NL01-2025-002556,2,2025-01-28,4000,0.00,14992.97,EUR,C005
NL01-2025-002556,3,2025-01-28,4100,0.00,4811.73,EUR,C005
NL01-2025-002557,1,2025-02-25,1000,19804.70,0.00,EUR,C005
NL01-2025-002557,2,2025-02-25,1200,0.00,19804.70,EUR,C005
NL01-2025-002558,1,2025-01-24,1200,4823.32,0.00,EUR,C033
NL01-2025-002558,2,2025-01-24,4000,0.00,3651.45,EUR,C033
NL01-2025-002558,3,2025-01-24,4100,0.00,1171.87,EUR,C033
NL01-2025-002559,1,2025-02-13,1000,4823.32,0.00,EUR,C033
NL01-2025-002559,2,2025-02-13,1200,0.00,4823.32,EUR,C033
NL01-2025-002560,1,2025-01-27,1200,75312.25,0.00,EUR,C024
NL01-2025-002560,2,2025-01-27,4000,0.00,57014.44,EUR,C024
NL01-2025-002560,3,2025-01-27,4100,0.00,18297.81,EUR,C024
NL01-2025-002561,1,2025-03-08,1000,75312.25,0.00,EUR,C024
NL01-2025-002561,2,2025-03-08,1200,0.00,75312.25,EUR,C024
NL01-2025-002562,1,2025-01-04,1200,8864.04,0.00,EUR,C002
NL01-2025-002562,2,2025-01-04,4000,0.00,6710.44,EUR,C002
NL01-2025-002562,3,2025-01-04,4100,0.00,2153.60,EUR,C002
NL01-2025-002563,1,2025-02-25,1000,8864.04,0.00,EUR,C002
NL01-2025-002563,2,2025-02-25,1200,0.00,8864.04,EUR,C002
NL01-2025-002564,1,2025-01-13,1200,20268.97,0.00,EUR,C038
NL01-2025-002564,2,2025-01-13,4000,0.00,15344.44,EUR,C038
NL01-2025-002564,3,2025-01-13,4100,0.00,4924.53,EUR,C038
NL01-2025-002565,1,2025-02-18,1000,20268.97,0.00,EUR,C038
NL01-2025-002565,2,2025-02-18,1200,0.00,20268.97,EUR,C038
NL01-2025-002566,1,2025-01-31,1200,6490.29,0.00,EUR,C006
NL01-2025-002566,2,2025-01-31,4000,0.00,4913.41,EUR,C006
NL01-2025-002566,3,2025-01-31,4100,0.00,1576.88,EUR,C006
NL01-2025-002567,1,2025-03-12,1000,6490.29,0.00,EUR,C006
NL01-2025-002567,2,2025-03-12,1200,0.00,6490.29,EUR,C006
NL01-2025-002568,1,2025-01-01,1200,9198.27,0.00,EUR,C025
NL01-2025-002568,2,2025-01-01,4000,0.00,6963.47,EUR,C025
NL01-2025-002568,3,2025-01-01,4100,0.00,2234.80,EUR,C025
NL01-2025-002569,1,2025-02-07,1000,9198.27,0.00,EUR,C025
NL01-2025-002569,2,2025-02-07,1200,0.00,9198.27,EUR,C025
NL01-2025-002570,1,2025-01-06,1200,16639.91,0.00,EUR,C016
NL01-2025-002570,2,2025-01-06,4000,0.00,12597.09,EUR,C016
NL01-2025-002570,3,2025-01-06,4100,0.00,4042.82,EUR,C016
NL01-2025-002571,1,2025-02-13,1000,16639.91,0.00,EUR,C016
NL01-2025-002571,2,2025-02-13,1200,0.00,16639.91,EUR,C016
NL01-2025-002572,1,2025-01-10,1200,5834.20,0.00,EUR,C013
NL01-2025-002572,2,2025-01-10,4000,0.00,4416.73,EUR,C013
NL01-2025-002572,3,2025-01-10,4100,0.00,1417.47,EUR,C013
NL01-2025-002573,1,2025-02-02,1000,5834.20,0.00,EUR,C013
NL01-2025-002573,2,2025-02-02,1200,0.00,5834.20,EUR,C013
NL01-2025-002574,1,2025-01-12,1200,36401.14,0.00,EUR,C030
NL01-2025-002574,2,2025-01-12,4000,0.00,27557.15,EUR,C030
NL01-2025-002574,3,2025-01-12,4100,0.00,8843.99,EUR,C030
NL01-2025-002575,1,2025-01-28,1000,36401.14,0.00,EUR,C030
NL01-2025-002575,2,2025-01-28,1200,0.00,36401.14,EUR,C030
NL01-2025-002576,1,2025-01-22,1200,49800.20,0.00,EUR,C017
NL01-2025-002576,2,2025-01-22,4000,0.00,37700.78,EUR,C017
NL01-2025-002576,3,2025-01-22,4100,0.00,12099.42,EUR,C017
NL01-2025-002577,1,2025-03-17,1000,49800.20,0.00,EUR,C017
NL01-2025-002577,2,2025-03-17,1200,0.00,49800.20,EUR,C017
NL01-2025-002578,1,2025-01-03,1200,30083.03,0.00,EUR,C021
NL01-2025-002578,2,2025-01-03,4000,0.00,22774.08,EUR,C021
NL01-2025-002578,3,2025-01-03,4100,0.00,7308.95,EUR,C021
NL01-2025-002579,1,2025-01-31,1000,30083.03,0.00,EUR,C021
NL01-2025-002579,2,2025-01-31,1200,0.00,30083.03,EUR,C021
NL01-2025-002580,1,2025-01-31,1200,20061.01,0.00,EUR,C025
NL01-2025-002580,2,2025-01-31,4000,0.00,15187.00,EUR,C025
NL01-2025-002580,3,2025-01-31,4100,0.00,4874.01,EUR,C025
NL01-2025-002581,1,2025-03-05,1000,20061.01,0.00,EUR,C025
NL01-2025-002581,2,2025-03-05,1200,0.00,20061.01,EUR,C025
NL01-2025-002582,1,2025-01-13,1200,5957.68,0.00,EUR,C030
NL01-2025-002582,2,2025-01-13,4000,0.00,4510.21,EUR,C030
NL01-2025-002582,3,2025-01-13,4100,0.00,1447.47,EUR,C030
NL01-2025-002583,1,2025-02-15,1000,5957.68,0.00,EUR,C030
NL01-2025-002583,2,2025-02-15,1200,0.00,5957.68,EUR,C030
NL01-2025-002584,1,2025-01-20,1200,1448.58,0.00,EUR,C018
NL01-2025-002584,2,2025-01-20,4000,0.00,1096.63,EUR,C018
NL01-2025-002584,3,2025-01-20,4100,0.00,351.95,EUR,C018
NL01-2025-002585,1,2025-02-07,1000,1448.58,0.00,EUR,C018
NL01-2025-002585,2,2025-02-07,1200,0.00,1448.58,EUR,C018
NL01-2025-002586,1,2025-01-29,1200,5152.04,0.00,EUR,C038
NL01-2025-002586,2,2025-01-29,4000,0.00,3900.30,EUR,C038
NL01-2025-002586,3,2025-01-29,4100,0.00,1251.74,EUR,C038
NL01-2025-002587,1,2025-03-15,1000,5152.04,0.00,EUR,C038
NL01-2025-002587,2,2025-03-15,1200,0.00,5152.04,EUR,C038
NL01-2025-002588,1,2025-01-26,1200,3537.02,0.00,EUR,C025
NL01-2025-002588,2,2025-01-26,4000,0.00,2677.67,EUR,C025
NL01-2025-002588,3,2025-01-26,4100,0.00,859.35,EUR,C025
NL01-2025-002589,1,2025-02-21,1000,3537.02,0.00,EUR,C025
NL01-2025-002589,2,2025-02-21,1200,0.00,3537.02,EUR,C025
NL01-2025-002590,1,2025-01-09,1200,8313.63,0.00,EUR,C031
NL01-2025-002590,2,2025-01-09,4000,0.00,6293.76,EUR,C031
NL01-2025-002590,3,2025-01-09,4100,0.00,2019.87,EUR,C031
NL01-2025-002591,1,2025-02-20,1000,8313.63,0.00,EUR,C031
NL01-2025-002591,2,2025-02-20,1200,0.00,8313.63,EUR,C031
NL01-2025-002592,1,2025-01-10,1300,53848.93,0.00,EUR,V014
NL01-2025-002592,2,2025-01-10,2100,0.00,53848.93,EUR,V014
NL01-2025-002593,1,2025-02-10,2100,53848.93,0.00,EUR,V014
NL01-2025-002593,2,2025-02-10,1000,0.00,53848.93,EUR,V014
NL01-2025-002594,1,2025-01-03,1300,116731.95,0.00,EUR,V025
NL01-2025-002594,2,2025-01-03,2100,0.00,116731.95,EUR,V025
NL01-2025-002595,1,2025-02-04,2100,116731.95,0.00,EUR,V025
NL01-2025-002595,2,2025-02-04,1000,0.00,116731.95,EUR,V025
NL01-2025-002596,1,2025-01-18,1300,380980.40,0.00,EUR,V015
NL01-2025-002596,2,2025-01-18,2100,0.00,380980.40,EUR,V015
NL01-2025-002597,1,2025-02-13,2100,380980.40,0.00,EUR,V015
NL01-2025-002597,2,2025-02-13,1000,0.00,380980.40,EUR,V015
NL01-2025-002598,1,2025-01-31,5000,537404.15,0.00,EUR,
NL01-2025-002598,2,2025-01-31,1300,0.00,537404.15,EUR,
NL01-2025-002599,1,2025-01-08,6100,48888.91,0.00,EUR,V051
NL01-2025-002599,2,2025-01-08,2100,0.00,48888.91,EUR,V051
NL01-2025-002600,1,2025-02-04,2100,48888.91,0.00,EUR,V051
NL01-2025-002600,2,2025-02-04,1000,0.00,48888.91,EUR,V051
NL01-2025-002601,1,2025-01-08,6200,36467.76,0.00,EUR,V030
NL01-2025-002601,2,2025-01-08,2100,0.00,36467.76,EUR,V030
NL01-2025-002602,1,2025-02-09,2100,36467.76,0.00,EUR,V030
NL01-2025-002602,2,2025-02-09,1000,0.00,36467.76,EUR,V030
NL01-2025-002603,1,2025-01-05,6300,15315.03,0.00,EUR,V028
NL01-2025-002603,2,2025-01-05,2100,0.00,15315.03,EUR,V028
NL01-2025-002604,1,2025-01-23,2100,15315.03,0.00,EUR,V028
NL01-2025-002604,2,2025-01-23,1000,0.00,15315.03,EUR,V028
NL01-2025-002605,1,2025-01-05,6400,23806.88,0.00,EUR,V050
NL01-2025-002605,2,2025-01-05,2100,0.00,23806.88,EUR,V050
NL01-2025-002606,1,2025-02-04,2100,23806.88,0.00,EUR,V050
NL01-2025-002606,2,2025-02-04,1000,0.00,23806.88,EUR,V050
NL01-2025-002607,1,2025-01-25,6000,387492.51,0.00,EUR,
NL01-2025-002607,2,2025-01-25,1000,0.00,387492.51,EUR,
NL01-2025-002608,1,2025-01-31,6900,15625.00,0.00,EUR,
NL01-2025-002608,2,2025-01-31,1590,0.00,15625.00,EUR,
NL01-2025-002609,1,2025-02-16,1200,17711.15,0.00,EUR,C020
NL01-2025-002609,2,2025-02-16,4000,0.00,13901.25,EUR,C020
NL01-2025-002609,3,2025-02-16,4100,0.00,3809.90,EUR,C020
NL01-2025-002610,1,2025-03-04,1000,17711.15,0.00,EUR,C020
NL01-2025-002610,2,2025-03-04,1200,0.00,17711.15,EUR,C020
NL01-2025-002611,1,2025-02-06,1200,11105.37,0.00,EUR,C017
NL01-2025-002611,2,2025-02-06,4000,0.00,8716.46,EUR,C017
NL01-2025-002611,3,2025-02-06,4100,0.00,2388.91,EUR,C017
NL01-2025-002612,1,2025-03-11,1000,11105.37,0.00,EUR,C017
NL01-2025-002612,2,2025-03-11,1200,0.00,11105.37,EUR,C017
NL01-2025-002613,1,2025-02-20,1200,14442.52,0.00,EUR,C027
NL01-2025-002613,2,2025-02-20,4000,0.00,11335.75,EUR,C027
NL01-2025-002613,3,2025-02-20,4100,0.00,3106.77,EUR,C027
NL01-2025-002614,1,2025-04-10,1000,14442.52,0.00,EUR,C027
NL01-2025-002614,2,2025-04-10,1200,0.00,14442.52,EUR,C027
NL01-2025-002615,1,2025-02-11,1200,6592.76,0.00,EUR,C008
NL01-2025-002615,2,2025-02-11,4000,0.00,5174.57,EUR,C008
NL01-2025-002615,3,2025-02-11,4100,0.00,1418.19,EUR,C008
NL01-2025-002616,1,2025-03-15,1000,6592.76,0.00,EUR,C008
NL01-2025-002616,2,2025-03-15,1200,0.00,6592.76,EUR,C008
NL01-2025-002617,1,2025-02-19,1200,10419.10,0.00,EUR,C020
NL01-2025-002617,2,2025-02-19,4000,0.00,8177.82,EUR,C020
NL01-2025-002617,3,2025-02-19,4100,0.00,2241.28,EUR,C020
NL01-2025-002618,1,2025-03-16,1000,10419.10,0.00,EUR,C020
NL01-2025-002618,2,2025-03-16,1200,0.00,10419.10,EUR,C020
NL01-2025-002619,1,2025-02-21,1200,42310.91,0.00,EUR,C008
NL01-2025-002619,2,2025-02-21,4000,0.00,33209.28,EUR,C008
NL01-2025-002619,3,2025-02-21,4100,0.00,9101.63,EUR,C008
NL01-2025-002620,1,2025-04-11,1000,42310.91,0.00,EUR,C008
NL01-2025-002620,2,2025-04-11,1200,0.00,42310.91,EUR,C008
NL01-2025-002621,1,2025-02-21,1200,2384.14,0.00,EUR,C027
NL01-2025-002621,2,2025-02-21,4000,0.00,1871.28,EUR,C027
NL01-2025-002621,3,2025-02-21,4100,0.00,512.86,EUR,C027
NL01-2025-002622,1,2025-03-30,1000,2384.14,0.00,EUR,C027
NL01-2025-002622,2,2025-03-30,1200,0.00,2384.14,EUR,C027
NL01-2025-002623,1,2025-02-05,1200,6394.84,0.00,EUR,C027
NL01-2025-002623,2,2025-02-05,4000,0.00,5019.23,EUR,C027
NL01-2025-002623,3,2025-02-05,4100,0.00,1375.61,EUR,C027
NL01-2025-002624,1,2025-03-09,1000,6394.84,0.00,EUR,C027
NL01-2025-002624,2,2025-03-09,1200,0.00,6394.84,EUR,C027
NL01-2025-002625,1,2025-02-23,1200,6308.79,0.00,EUR,C027
NL01-2025-002625,2,2025-02-23,4000,0.00,4951.69,EUR,C027
NL01-2025-002625,3,2025-02-23,4100,0.00,1357.10,EUR,C027
NL01-2025-002626,1,2025-03-17,1000,6308.79,0.00,EUR,C027
NL01-2025-002626,2,2025-03-17,1200,0.00,6308.79,EUR,C027
NL01-2025-002627,1,2025-02-18,1200,7842.54,0.00,EUR,C004
NL01-2025-002627,2,2025-02-18,4000,0.00,6155.51,EUR,C004
NL01-2025-002627,3,2025-02-18,4100,0.00,1687.03,EUR,C004
NL01-2025-002628,1,2025-03-29,1000,7842.54,0.00,EUR,C004
NL01-2025-002628,2,2025-03-29,1200,0.00,7842.54,EUR,C004
NL01-2025-002629,1,2025-02-01,1200,1059.44,0.00,EUR,C018
NL01-2025-002629,2,2025-02-01,4000,0.00,831.54,EUR,C018
NL01-2025-002629,3,2025-02-01,4100,0.00,227.90,EUR,C018
NL01-2025-002630,1,2025-03-13,1000,1059.44,0.00,EUR,C018
NL01-2025-002630,2,2025-03-13,1200,0.00,1059.44,EUR,C018
NL01-2025-002631,1,2025-02-04,1200,10340.89,0.00,EUR,C029
NL01-2025-002631,2,2025-02-04,4000,0.00,8116.43,EUR,C029
NL01-2025-002631,3,2025-02-04,4100,0.00,2224.46,EUR,C029
NL01-2025-002632,1,2025-03-04,1000,10340.89,0.00,EUR,C029
NL01-2025-002632,2,2025-03-04,1200,0.00,10340.89,EUR,C029
NL01-2025-002633,1,2025-02-25,1200,31006.91,0.00,EUR,C001
NL01-2025-002633,2,2025-02-25,4000,0.00,24336.92,EUR,C001
NL01-2025-002633,3,2025-02-25,4100,0.00,6669.99,EUR,C001
NL01-2025-002634,1,2025-03-21,1000,31006.91,0.00,EUR,C001
NL01-2025-002634,2,2025-03-21,1200,0.00,31006.91,EUR,C001
NL01-2025-002635,1,2025-02-13,1200,2894.81,0.00,EUR,C039
NL01-2025-002635,2,2025-02-13,4000,0.00,2272.10,EUR,C039
NL01-2025-002635,3,2025-02-13,4100,0.00,622.71,EUR,C039
NL01-2025-002636,1,2025-03-02,1000,2894.81,0.00,EUR,C039
NL01-2025-002636,2,2025-03-02,1200,0.00,2894.81,EUR,C039
NL01-2025-002637,1,2025-02-24,1200,18127.76,0.00,EUR,C006
NL01-2025-002637,2,2025-02-24,4000,0.00,14228.24,EUR,C006
NL01-2025-002637,3,2025-02-24,4100,0.00,3899.52,EUR,C006
NL01-2025-002638,1,2025-04-05,1000,18127.76,0.00,EUR,C006
NL01-2025-002638,2,2025-04-05,1200,0.00,18127.76,EUR,C006
NL01-2025-002639,1,2025-02-02,1200,4238.01,0.00,EUR,C017
NL01-2025-002639,2,2025-02-02,4000,0.00,3326.36,EUR,C017
NL01-2025-002639,3,2025-02-02,4100,0.00,911.65,EUR,C017
NL01-2025-002640,1,2025-03-11,1000,4238.01,0.00,EUR,C017
NL01-2025-002640,2,2025-03-11,1200,0.00,4238.01,EUR,C017
NL01-2025-002641,1,2025-02-10,1200,15991.80,0.00,EUR,C033
NL01-2025-002641,2,2025-02-10,4000,0.00,12551.76,EUR,C033
NL01-2025-002641,3,2025-02-10,4100,0.00,3440.04,EUR,C033
NL01-2025-002642,1,2025-03-07,1000,15991.80,0.00,EUR,C033
NL01-2025-002642,2,2025-03-07,1200,0.00,15991.80,EUR,C033
NL01-2025-002643,1,2025-02-21,1200,3091.95,0.00,EUR,C019
NL01-2025-002643,2,2025-02-21,4000,0.00,2426.83,EUR,C019
NL01-2025-002643,3,2025-02-21,4100,0.00,665.12,EUR,C019
NL01-2025-002644,1,2025-03-19,1000,3091.95,0.00,EUR,C019
NL01-2025-002644,2,2025-03-19,1200,0.00,3091.95,EUR,C019
NL01-2025-002645,1,2025-02-03,1200,20442.83,0.00,EUR,C015
NL01-2025-002645,2,2025-02-03,4000,0.00,16045.31,EUR,C015
NL01-2025-002645,3,2025-02-03,4100,0.00,4397.52,EUR,C015
NL01-2025-002646,1,2025-03-16,1000,20442.83,0.00,EUR,C015
NL01-2025-002646,2,2025-03-16,1200,0.00,20442.83,EUR,C015
NL01-2025-002647,1,2025-02-17,1200,38886.00,0.00,EUR,C010
NL01-2025-002647,2,2025-02-17,4000,0.00,30521.11,EUR,C010
NL01-2025-002647,3,2025-02-17,4100,0.00,8364.89,EUR,C010
NL01-2025-002648,1,2025-03-15,1000,38886.00,0.00,EUR,C010
NL01-2025-002648,2,2025-03-15,1200,0.00,38886.00,EUR,C010
NL01-2025-002649,1,2025-02-28,1200,4990.32,0.00,EUR,C024
NL01-2025-002649,2,2025-02-28,4000,0.00,3916.84,EUR,C024
NL01-2025-002649,3,2025-02-28,4100,0.00,1073.48,EUR,C024
NL01-2025-002650,1,2025-03-23,1000,4990.32,0.00,EUR,C024
NL01-2025-002650,2,2025-03-23,1200,0.00,4990.32,EUR,C024
NL01-2025-002651,1,2025-02-20,1200,13146.91,0.00,EUR,C006
NL01-2025-002651,2,2025-02-20,4000,0.00,10318.84,EUR,C006
NL01-2025-002651,3,2025-02-20,4100,0.00,2828.07,EUR,C006
NL01-2025-002652,1,2025-03-20,1000,13146.91,0.00,EUR,C006
NL01-2025-002652,2,2025-03-20,1200,0.00,13146.91,EUR,C006
NL01-2025-002653,1,2025-02-10,1200,43144.41,0.00,EUR,C039
NL01-2025-002653,2,2025-02-10,4000,0.00,33863.49,EUR,C039
NL01-2025-002653,3,2025-02-10,4100,0.00,9280.92,EUR,C039
NL01-2025-002654,1,2025-03-28,1000,43144.41,0.00,EUR,C039
NL01-2025-002654,2,2025-03-28,1200,0.00,43144.41,EUR,C039
NL01-2025-002655,1,2025-02-05,1200,2532.40,0.00,EUR,C034
NL01-2025-002655,2,2025-02-05,4000,0.00,1987.65,EUR,C034
NL01-2025-002655,3,2025-02-05,4100,0.00,544.75,EUR,C034
NL01-2025-002656,1,2025-02-25,1000,2532.40,0.00,EUR,C034
NL01-2025-002656,2,2025-02-25,1200,0.00,2532.40,EUR,C034
NL01-2025-002657,1,2025-02-28,1200,15617.89,0.00,EUR,C038
NL01-2025-002657,2,2025-02-28,4000,0.00,12258.28,EUR,C038
NL01-2025-002657,3,2025-02-28,4100,0.00,3359.61,EUR,C038
NL01-2025-002658,1,2025-03-25,1000,15617.89,0.00,EUR,C038
NL01-2025-002658,2,2025-03-25,1200,0.00,15617.89,EUR,C038
NL01-2025-002659,1,2025-02-20,1200,8025.36,0.00,EUR,C009
NL01-2025-002659,2,2025-02-20,4000,0.00,6299.00,EUR,C009
NL01-2025-002659,3,2025-02-20,4100,0.00,1726.36,EUR,C009
NL01-2025-002660,1,2025-03-22,1000,8025.36,0.00,EUR,C009
NL01-2025-002660,2,2025-03-22,1200,0.00,8025.36,EUR,C009
NL01-2025-002661,1,2025-02-06,1200,3221.43,0.00,EUR,C016
NL01-2025-002661,2,2025-02-06,4000,0.00,2528.46,EUR,C016
NL01-2025-002661,3,2025-02-06,4100,0.00,692.97,EUR,C016
NL01-2025-002662,1,2025-04-02,1000,3221.43,0.00,EUR,C016
NL01-2025-002662,2,2025-04-02,1200,0.00,3221.43,EUR,C016
NL01-2025-002663,1,2025-02-27,1200,15139.40,0.00,EUR,C026
NL01-2025-002663,2,2025-02-27,4000,0.00,11882.72,EUR,C026
NL01-2025-002663,3,2025-02-27,4100,0.00,3256.68,EUR,C026
NL01-2025-002664,1,2025-03-21,1000,15139.40,0.00,EUR,C026
NL01-2025-002664,2,2025-03-21,1200,0.00,15139.40,EUR,C026
NL01-2025-002665,1,2025-02-08,1200,4487.70,0.00,EUR,C025
NL01-2025-002665,2,2025-02-08,4000,0.00,3522.34,EUR,C025
NL01-2025-002665,3,2025-02-08,4100,0.00,965.36,EUR,C025
NL01-2025-002666,1,2025-03-17,1000,4487.70,0.00,EUR,C025
NL01-2025-002666,2,2025-03-17,1200,0.00,4487.70,EUR,C025
NL01-2025-002667,1,2025-02-28,1200,24439.83,0.00,EUR,C013
NL01-2025-002667,2,2025-02-28,4000,0.00,19182.50,EUR,C013
NL01-2025-002667,3,2025-02-28,4100,0.00,5257.33,EUR,C013
NL01-2025-002668,1,2025-04-10,1000,24439.83,0.00,EUR,C013
NL01-2025-002668,2,2025-04-10,1200,0.00,24439.83,EUR,C013
NL01-2025-002669,1,2025-02-14,1200,11481.55,0.00,EUR,C040
NL01-2025-002669,2,2025-02-14,4000,0.00,9011.72,EUR,C040
NL01-2025-002669,3,2025-02-14,4100,0.00,2469.83,EUR,C040
NL01-2025-002670,1,2025-03-23,1000,11481.55,0.00,EUR,C040
NL01-2025-002670,2,2025-03-23,1200,0.00,11481.55,EUR,C040
NL01-2025-002671,1,2025-02-04,1200,12703.21,0.00,EUR,C021
NL01-2025-002671,2,2025-02-04,4000,0.00,9970.58,EUR,C021
NL01-2025-002671,3,2025-02-04,4100,0.00,2732.63,EUR,C021
NL01-2025-002672,1,2025-03-09,1000,12703.21,0.00,EUR,C021
NL01-2025-002672,2,2025-03-09,1200,0.00,12703.21,EUR,C021
NL01-2025-002673,1,2025-02-14,1200,7239.96,0.00,EUR,C021
NL01-2025-002673,2,2025-02-14,4000,0.00,5682.55,EUR,C021
NL01-2025-002673,3,2025-02-14,4100,0.00,1557.41,EUR,C021
NL01-2025-002674,1,2025-04-08,1000,7239.96,0.00,EUR,C021
NL01-2025-002674,2,2025-04-08,1200,0.00,7239.96,EUR,C021
NL01-2025-002675,1,2025-02-21,1200,9778.40,0.00,EUR,C012
NL01-2025-002675,2,2025-02-21,4000,0.00,7674.94,EUR,C012
NL01-2025-002675,3,2025-02-21,4100,0.00,2103.46,EUR,C012
NL01-2025-002676,1,2025-03-24,1000,9778.40,0.00,EUR,C012
NL01-2025-002676,2,2025-03-24,1200,0.00,9778.40,EUR,C012
NL01-2025-002677,1,2025-02-04,1200,674.45,0.00,EUR,C021
NL01-2025-002677,2,2025-02-04,4000,0.00,529.37,EUR,C021
NL01-2025-002677,3,2025-02-04,4100,0.00,145.08,EUR,C021
NL01-2025-002678,1,2025-03-06,1000,674.45,0.00,EUR,C021
NL01-2025-002678,2,2025-03-06,1200,0.00,674.45,EUR,C021
NL01-2025-002679,1,2025-02-26,1200,1486.02,0.00,EUR,C025
NL01-2025-002679,2,2025-02-26,4000,0.00,1166.36,EUR,C025
NL01-2025-002679,3,2025-02-26,4100,0.00,319.66,EUR,C025
NL01-2025-002680,1,2025-04-12,1000,1486.02,0.00,EUR,C025
NL01-2025-002680,2,2025-04-12,1200,0.00,1486.02,EUR,C025
NL01-2025-002681,1,2025-02-09,1200,5870.37,0.00,EUR,C015
NL01-2025-002681,2,2025-02-09,4000,0.00,4607.58,EUR,C015
NL01-2025-002681,3,2025-02-09,4100,0.00,1262.79,EUR,C015
NL01-2025-002682,1,2025-03-03,1000,5870.37,0.00,EUR,C015
NL01-2025-002682,2,2025-03-03,1200,0.00,5870.37,EUR,C015
NL01-2025-002683,1,2025-02-17,1200,23597.41,0.00,EUR,C005
NL01-2025-002683,2,2025-02-17,4000,0.00,18521.30,EUR,C005
NL01-2025-002683,3,2025-02-17,4100,0.00,5076.11,EUR,C005
NL01-2025-002684,1,2025-04-12,1000,23597.41,0.00,EUR,C005
NL01-2025-002684,2,2025-04-12,1200,0.00,23597.41,EUR,C005
NL01-2025-002685,1,2025-02-12,1200,10666.32,0.00,EUR,C038
NL01-2025-002685,2,2025-02-12,4000,0.00,8371.86,EUR,C038
NL01-2025-002685,3,2025-02-12,4100,0.00,2294.46,EUR,C038
NL01-2025-002686,1,2025-03-27,1000,10666.32,0.00,EUR,C038
NL01-2025-002686,2,2025-03-27,1200,0.00,10666.32,EUR,C038
NL01-2025-002687,1,2025-02-09,1200,26142.76,0.00,EUR,C033
NL01-2025-002687,2,2025-02-09,4000,0.00,20519.11,EUR,C033
NL01-2025-002687,3,2025-02-09,4100,0.00,5623.65,EUR,C033
NL01-2025-002688,1,2025-03-16,1000,26142.76,0.00,EUR,C033
NL01-2025-002688,2,2025-03-16,1200,0.00,26142.76,EUR,C033
NL01-2025-002689,1,2025-02-18,1200,12739.29,0.00,EUR,C034
NL01-2025-002689,2,2025-02-18,4000,0.00,9998.90,EUR,C034
NL01-2025-002689,3,2025-02-18,4100,0.00,2740.39,EUR,C034
NL01-2025-002690,1,2025-03-11,1000,12739.29,0.00,EUR,C034
NL01-2025-002690,2,2025-03-11,1200,0.00,12739.29,EUR,C034
NL01-2025-002691,1,2025-02-20,1200,23692.75,0.00,EUR,C011
NL01-2025-002691,2,2025-02-20,4000,0.00,18596.13,EUR,C011
NL01-2025-002691,3,2025-02-20,4100,0.00,5096.62,EUR,C011
NL01-2025-002692,1,2025-03-23,1000,23692.75,0.00,EUR,C011
NL01-2025-002692,2,2025-03-23,1200,0.00,23692.75,EUR,C011
NL01-2025-002693,1,2025-02-18,1200,1551.08,0.00,EUR,C022
NL01-2025-002693,2,2025-02-18,4000,0.00,1217.42,EUR,C022
NL01-2025-002693,3,2025-02-18,4100,0.00,333.66,EUR,C022
NL01-2025-002694,1,2025-03-17,1000,1551.08,0.00,EUR,C022
NL01-2025-002694,2,2025-03-17,1200,0.00,1551.08,EUR,C022
NL01-2025-002695,1,2025-02-02,1200,4725.14,0.00,EUR,C034
NL01-2025-002695,2,2025-02-02,4000,0.00,3708.70,EUR,C034
NL01-2025-002695,3,2025-02-02,4100,0.00,1016.44,EUR,C034
NL01-2025-002696,1,2025-02-25,1000,4725.14,0.00,EUR,C034
NL01-2025-002696,2,2025-02-25,1200,0.00,4725.14,EUR,C034
NL01-2025-002697,1,2025-02-05,1200,12235.11,0.00,EUR,C025
NL01-2025-002697,2,2025-02-05,4000,0.00,9603.18,EUR,C025
NL01-2025-002697,3,2025-02-05,4100,0.00,2631.93,EUR,C025
NL01-2025-002698,1,2025-02-22,1000,12235.11,0.00,EUR,C025
NL01-2025-002698,2,2025-02-22,1200,0.00,12235.11,EUR,C025
NL01-2025-002699,1,2025-02-15,1200,4036.53,0.00,EUR,C013
NL01-2025-002699,2,2025-02-15,4000,0.00,3168.22,EUR,C013
NL01-2025-002699,3,2025-02-15,4100,0.00,868.31,EUR,C013
NL01-2025-002700,1,2025-04-05,1000,4036.53,0.00,EUR,C013
NL01-2025-002700,2,2025-04-05,1200,0.00,4036.53,EUR,C013
NL01-2025-002701,1,2025-02-10,1200,7570.75,0.00,EUR,C023
NL01-2025-002701,2,2025-02-10,4000,0.00,5942.18,EUR,C023
NL01-2025-002701,3,2025-02-10,4100,0.00,1628.57,EUR,C023
NL01-2025-002702,1,2025-03-25,1000,7570.75,0.00,EUR,C023
NL01-2025-002702,2,2025-03-25,1200,0.00,7570.75,EUR,C023
NL01-2025-002703,1,2025-02-10,1200,3617.59,0.00,EUR,C023
NL01-2025-002703,2,2025-02-10,4000,0.00,2839.40,EUR,C023
NL01-2025-002703,3,2025-02-10,4100,0.00,778.19,EUR,C023
NL01-2025-002704,1,2025-03-10,1000,3617.59,0.00,EUR,C023
NL01-2025-002704,2,2025-03-10,1200,0.00,3617.59,EUR,C023
NL01-2025-002705,1,2025-02-28,1200,9569.69,0.00,EUR,C001
NL01-2025-002705,2,2025-02-28,4000,0.00,7511.12,EUR,C001
NL01-2025-002705,3,2025-02-28,4100,0.00,2058.57,EUR,C001
NL01-2025-002706,1,2025-04-18,1000,9569.69,0.00,EUR,C001
NL01-2025-002706,2,2025-04-18,1200,0.00,9569.69,EUR,C001
NL01-2025-002707,1,2025-02-03,1200,11418.46,0.00,EUR,C021
NL01-2025-002707,2,2025-02-03,4000,0.00,8962.20,EUR,C021
NL01-2025-002707,3,2025-02-03,4100,0.00,2456.26,EUR,C021
NL01-2025-002708,1,2025-03-10,1000,11418.46,0.00,EUR,C021
NL01-2025-002708,2,2025-03-10,1200,0.00,11418.46,EUR,C021
NL01-2025-002709,1,2025-02-16,1200,4854.67,0.00,EUR,C019
NL01-2025-002709,2,2025-02-16,4000,0.00,3810.37,EUR,C019
NL01-2025-002709,3,2025-02-16,4100,0.00,1044.30,EUR,C019
NL01-2025-002710,1,2025-04-23,1000,4854.67,0.00,EUR,C019
NL01-2025-002710,2,2025-04-23,1200,0.00,4854.67,EUR,C019
NL01-2025-002711,1,2025-02-11,1200,5576.95,0.00,EUR,C032
NL01-2025-002711,2,2025-02-11,4000,0.00,4377.28,EUR,C032
NL01-2025-002711,3,2025-02-11,4100,0.00,1199.67,EUR,C032
NL01-2025-002712,1,2025-03-10,1000,5576.95,0.00,EUR,C032
NL01-2025-002712,2,2025-03-10,1200,0.00,5576.95,EUR,C032
NL01-2025-002713,1,2025-02-26,1200,6310.13,0.00,EUR,C025
NL01-2025-002713,2,2025-02-26,4000,0.00,4952.74,EUR,C025
NL01-2025-002713,3,2025-02-26,4100,0.00,1357.39,EUR,C025
NL01-2025-002714,1,2025-04-03,1000,6310.13,0.00,EUR,C025
NL01-2025-002714,2,2025-04-03,1200,0.00,6310.13,EUR,C025
NL01-2025-002715,1,2025-02-18,1200,7494.35,0.00,EUR,C003
NL01-2025-002715,2,2025-02-18,4000,0.00,5882.22,EUR,C003
NL01-2025-002715,3,2025-02-18,4100,0.00,1612.13,EUR,C003
NL01-2025-002716,1,2025-03-04,1000,7494.35,0.00,EUR,C003
NL01-2025-002716,2,2025-03-04,1200,0.00,7494.35,EUR,C003
NL01-2025-002717,1,2025-02-09,1200,4628.73,0.00,EUR,C030
NL01-2025-002717,2,2025-02-09,4000,0.00,3633.03,EUR,C030
NL01-2025-002717,3,2025-02-09,4100,0.00,995.70,EUR,C030
NL01-2025-002718,1,2025-04-14,1000,4628.73,0.00,EUR,C030
NL01-2025-002718,2,2025-04-14,1200,0.00,4628.73,EUR,C030
NL01-2025-002719,1,2025-02-02,1200,5954.25,0.00,EUR,C013
NL01-2025-002719,2,2025-02-02,4000,0.00,4673.41,EUR,C013
NL01-2025-002719,3,2025-02-02,4100,0.00,1280.84,EUR,C013
NL01-2025-002720,1,2025-02-21,1000,5954.25,0.00,EUR,C013
NL01-2025-002720,2,2025-02-21,1200,0.00,5954.25,EUR,C013
NL01-2025-002721,1,2025-02-27,1200,24804.23,0.00,EUR,C025
NL01-2025-002721,2,2025-02-27,4000,0.00,19468.52,EUR,C025
NL01-2025-002721,3,2025-02-27,4100,0.00,5335.71,EUR,C025
NL01-2025-002722,1,2025-04-04,1000,24804.23,0.00,EUR,C025
NL01-2025-002722,2,2025-04-04,1200,0.00,24804.23,EUR,C025
NL01-2025-002723,1,2025-02-19,1200,3003.27,0.00,EUR,C002
NL01-2025-002723,2,2025-02-19,4000,0.00,2357.23,EUR,C002
NL01-2025-002723,3,2025-02-19,4100,0.00,646.04,EUR,C002
NL01-2025-002724,1,2025-03-25,1000,3003.27,0.00,EUR,C002
NL01-2025-002724,2,2025-03-25,1200,0.00,3003.27,EUR,C002
NL01-2025-002725,1,2025-02-13,1200,3695.30,0.00,EUR,C040
NL01-2025-002725,2,2025-02-13,4000,0.00,2900.39,EUR,C040
NL01-2025-002725,3,2025-02-13,4100,0.00,794.91,EUR,C040
NL01-2025-002726,1,2025-03-08,1000,3695.30,0.00,EUR,C040
NL01-2025-002726,2,2025-03-08,1200,0.00,3695.30,EUR,C040
NL01-2025-002727,1,2025-02-12,1200,1144.58,0.00,EUR,C009
NL01-2025-002727,2,2025-02-12,4000,0.00,898.37,EUR,C009
NL01-2025-002727,3,2025-02-12,4100,0.00,246.21,EUR,C009
NL01-2025-002728,1,2025-03-13,1000,1144.58,0.00,EUR,C009
NL01-2025-002728,2,2025-03-13,1200,0.00,1144.58,EUR,C009
NL01-2025-002729,1,2025-02-10,1200,6233.86,0.00,EUR,C017
NL01-2025-002729,2,2025-02-10,4000,0.00,4892.88,EUR,C017
NL01-2025-002729,3,2025-02-10,4100,0.00,1340.98,EUR,C017
NL01-2025-002730,1,2025-03-10,1000,6233.86,0.00,EUR,C017
NL01-2025-002730,2,2025-03-10,1200,0.00,6233.86,EUR,C017
NL01-2025-002731,1,2025-02-07,1200,1667.34,0.00,EUR,C002
NL01-2025-002731,2,2025-02-07,4000,0.00,1308.67,EUR,C002
NL01-2025-002731,3,2025-02-07,4100,0.00,358.67,EUR,C002
NL01-2025-002732,1,2025-03-12,1000,1667.34,0.00,EUR,C002
NL01-2025-002732,2,2025-03-12,1200,0.00,1667.34,EUR,C002
NL01-2025-002733,1,2025-02-11,1200,16925.63,0.00,EUR,C040
NL01-2025-002733,2,2025-02-11,4000,0.00,13284.71,EUR,C040
NL01-2025-002733,3,2025-02-11,4100,0.00,3640.92,EUR,C040
NL01-2025-002734,1,2025-04-08,1000,16925.63,0.00,EUR,C040
NL01-2025-002734,2,2025-04-08,1200,0.00,16925.63,EUR,C040
NL01-2025-002735,1,2025-02-14,1200,25406.96,0.00,EUR,C027
NL01-2025-002735,2,2025-02-14,4000,0.00,19941.59,EUR,C027
NL01-2025-002735,3,2025-02-14,4100,0.00,5465.37,EUR,C027
NL01-2025-002736,1,2025-03-14,1000,25406.96,0.00,EUR,C027
NL01-2025-002736,2,2025-03-14,1200,0.00,25406.96,EUR,C027
NL01-2025-002737,1,2025-02-23,1200,5058.32,0.00,EUR,C025
NL01-2025-002737,2,2025-02-23,4000,0.00,3970.21,EUR,C025
NL01-2025-002737,3,2025-02-23,4100,0.00,1088.11,EUR,C025
NL01-2025-002738,1,2025-03-30,1000,5058.32,0.00,EUR,C025
NL01-2025-002738,2,2025-03-30,1200,0.00,5058.32,EUR,C025
NL01-2025-002739,1,2025-02-20,1200,32562.98,0.00,EUR,C024
NL01-2025-002739,2,2025-02-20,4000,0.00,25558.26,EUR,C024
NL01-2025-002739,3,2025-02-20,4100,0.00,7004.72,EUR,C024
NL01-2025-002740,1,2025-04-11,1000,32562.98,0.00,EUR,C024
NL01-2025-002740,2,2025-04-11,1200,0.00,32562.98,EUR,C024
NL01-2025-002741,1,2025-02-07,1200,29800.66,0.00,EUR,C033
NL01-2025-002741,2,2025-02-07,4000,0.00,23390.15,EUR,C033
NL01-2025-002741,3,2025-02-07,4100,0.00,6410.51,EUR,C033
NL01-2025-002742,1,2025-03-16,1000,29800.66,0.00,EUR,C033
NL01-2025-002742,2,2025-03-16,1200,0.00,29800.66,EUR,C033
NL01-2025-002743,1,2025-02-15,1200,5090.58,0.00,EUR,C008
NL01-2025-002743,2,2025-02-15,4000,0.00,3995.53,EUR,C008
NL01-2025-002743,3,2025-02-15,4100,0.00,1095.05,EUR,C008
NL01-2025-002744,1,2025-04-05,1000,5090.58,0.00,EUR,C008
NL01-2025-002744,2,2025-04-05,1200,0.00,5090.58,EUR,C008
NL01-2025-002745,1,2025-02-19,1200,16892.41,0.00,EUR,C028
NL01-2025-002745,2,2025-02-19,4000,0.00,13258.63,EUR,C028
NL01-2025-002745,3,2025-02-19,4100,0.00,3633.78,EUR,C028
NL01-2025-002746,1,2025-03-19,1000,16892.41,0.00,EUR,C028
NL01-2025-002746,2,2025-03-19,1200,0.00,16892.41,EUR,C028
NL01-2025-002747,1,2025-02-22,1200,5684.47,0.00,EUR,C023
NL01-2025-002747,2,2025-02-22,4000,0.00,4461.67,EUR,C023
NL01-2025-002747,3,2025-02-22,4100,0.00,1222.80,EUR,C023
NL01-2025-002748,1,2025-03-28,1000,5684.47,0.00,EUR,C023
NL01-2025-002748,2,2025-03-28,1200,0.00,5684.47,EUR,C023
NL01-2025-002749,1,2025-02-19,1200,5784.83,0.00,EUR,C005
NL01-2025-002749,2,2025-02-19,4000,0.00,4540.44,EUR,C005
NL01-2025-002749,3,2025-02-19,4100,0.00,1244.39,EUR,C005
NL01-2025-002750,1,2025-05-02,1000,5784.83,0.00,EUR,C005
NL01-2025-002750,2,2025-05-02,1200,0.00,5784.83,EUR,C005
NL01-2025-002751,1,2025-02-06,1200,105177.16,0.00,EUR,C008
NL01-2025-002751,2,2025-02-06,4000,0.00,82552.18,EUR,C008
NL01-2025-002751,3,2025-02-06,4100,0.00,22624.98,EUR,C008
NL01-2025-002752,1,2025-03-18,1000,105177.16,0.00,EUR,C008
NL01-2025-002752,2,2025-03-18,1200,0.00,105177.16,EUR,C008
NL01-2025-002753,1,2025-02-07,1200,626.67,0.00,EUR,C039
NL01-2025-002753,2,2025-02-07,4000,0.00,491.87,EUR,C039
NL01-2025-002753,3,2025-02-07,4100,0.00,134.80,EUR,C039
NL01-2025-002754,1,2025-03-06,1000,626.67,0.00,EUR,C039
NL01-2025-002754,2,2025-03-06,1200,0.00,626.67,EUR,C039
NL01-2025-002755,1,2025-02-13,1200,4613.20,0.00,EUR,C033
NL01-2025-002755,2,2025-02-13,4000,0.00,3620.84,EUR,C033
NL01-2025-002755,3,2025-02-13,4100,0.00,992.36,EUR,C033
NL01-2025-002756,1,2025-05-11,1000,4613.20,0.00,EUR,C033
NL01-2025-002756,2,2025-05-11,1200,0.00,4613.20,EUR,C033
NL01-2025-002757,1,2025-02-16,1200,9215.54,0.00,EUR,C003
NL01-2025-002757,2,2025-02-16,4000,0.00,7233.16,EUR,C003
NL01-2025-002757,3,2025-02-16,4100,0.00,1982.38,EUR,C003
NL01-2025-002758,1,2025-03-29,1000,9215.54,0.00,EUR,C003
NL01-2025-002758,2,2025-03-29,1200,0.00,9215.54,EUR,C003
NL01-2025-002759,1,2025-02-08,1200,8823.15,0.00,EUR,C028
NL01-2025-002759,2,2025-02-08,4000,0.00,6925.18,EUR,C028
NL01-2025-002759,3,2025-02-08,4100,0.00,1897.97,EUR,C028
NL01-2025-002760,1,2025-03-10,1000,8823.15,0.00,EUR,C028
NL01-2025-002760,2,2025-03-10,1200,0.00,8823.15,EUR,C028
NL01-2025-002761,1,2025-02-15,1200,5995.80,0.00,EUR,C009
NL01-2025-002761,2,2025-02-15,4000,0.00,4706.03,EUR,C009
NL01-2025-002761,3,2025-02-15,4100,0.00,1289.77,EUR,C009
NL01-2025-002762,1,2025-03-06,1000,5995.80,0.00,EUR,C009
NL01-2025-002762,2,2025-03-06,1200,0.00,5995.80,EUR,C009
NL01-2025-002763,1,2025-02-03,1200,3672.03,0.00,EUR,C016
NL01-2025-002763,2,2025-02-03,4000,0.00,2882.13,EUR,C016
NL01-2025-002763,3,2025-02-03,4100,0.00,789.90,EUR,C016
NL01-2025-002764,1,2025-03-30,1000,3672.03,0.00,EUR,C016
NL01-2025-002764,2,2025-03-30,1200,0.00,3672.03,EUR,C016
NL01-2025-002765,1,2025-02-05,1200,9616.48,0.00,EUR,C020
NL01-2025-002765,2,2025-02-05,4000,0.00,7547.85,EUR,C020
NL01-2025-002765,3,2025-02-05,4100,0.00,2068.63,EUR,C020
NL01-2025-002766,1,2025-02-25,1000,9616.48,0.00,EUR,C020
NL01-2025-002766,2,2025-02-25,1200,0.00,9616.48,EUR,C020
NL01-2025-002767,1,2025-02-05,1200,5956.28,0.00,EUR,C032
NL01-2025-002767,2,2025-02-05,4000,0.00,4675.01,EUR,C032
NL01-2025-002767,3,2025-02-05,4100,0.00,1281.27,EUR,C032
NL01-2025-002768,1,2025-03-05,1000,5956.28,0.00,EUR,C032
NL01-2025-002768,2,2025-03-05,1200,0.00,5956.28,EUR,C032
NL01-2025-002769,1,2025-02-28,1200,1317.96,0.00,EUR,C030
NL01-2025-002769,2,2025-02-28,4000,0.00,1034.45,EUR,C030
NL01-2025-002769,3,2025-02-28,4100,0.00,283.51,EUR,C030
NL01-2025-002770,1,2025-03-26,1000,1317.96,0.00,EUR,C030
NL01-2025-002770,2,2025-03-26,1200,0.00,1317.96,EUR,C030
NL01-2025-002771,1,2025-02-05,1200,28977.43,0.00,EUR,C017
NL01-2025-002771,2,2025-02-05,4000,0.00,22744.01,EUR,C017
NL01-2025-002771,3,2025-02-05,4100,0.00,6233.42,EUR,C017
NL01-2025-002772,1,2025-03-18,1000,28977.43,0.00,EUR,C017
NL01-2025-002772,2,2025-03-18,1200,0.00,28977.43,EUR,C017
NL01-2025-002773,1,2025-02-26,1200,7036.83,0.00,EUR,C016
NL01-2025-002773,2,2025-02-26,4000,0.00,5523.12,EUR,C016
NL01-2025-002773,3,2025-02-26,4100,0.00,1513.71,EUR,C016
NL01-2025-002774,1,2025-04-12,1000,7036.83,0.00,EUR,C016
NL01-2025-002774,2,2025-04-12,1200,0.00,7036.83,EUR,C016
NL01-2025-002775,1,2025-02-28,1200,24822.70,0.00,EUR,C008
NL01-2025-002775,2,2025-02-28,4000,0.00,19483.01,EUR,C008
NL01-2025-002775,3,2025-02-28,4100,0.00,5339.69,EUR,C008
NL01-2025-002776,1,2025-03-26,1000,24822.70,0.00,EUR,C008
NL01-2025-002776,2,2025-03-26,1200,0.00,24822.70,EUR,C008
NL01-2025-002777,1,2025-02-02,1200,34605.33,0.00,EUR,C029
NL01-2025-002777,2,2025-02-02,4000,0.00,27161.27,EUR,C029
NL01-2025-002777,3,2025-02-02,4100,0.00,7444.06,EUR,C029
NL01-2025-002778,1,2025-02-19,1000,34605.33,0.00,EUR,C029
NL01-2025-002778,2,2025-02-19,1200,0.00,34605.33,EUR,C029
NL01-2025-002779,1,2025-02-17,1200,8709.69,0.00,EUR,C012
NL01-2025-002779,2,2025-02-17,4000,0.00,6836.12,EUR,C012
NL01-2025-002779,3,2025-02-17,4100,0.00,1873.57,EUR,C012
NL01-2025-002780,1,2025-04-14,1000,8709.69,0.00,EUR,C012
NL01-2025-002780,2,2025-04-14,1200,0.00,8709.69,EUR,C012
NL01-2025-002781,1,2025-02-10,1200,18009.54,0.00,EUR,C027
NL01-2025-002781,2,2025-02-10,4000,0.00,14135.45,EUR,C027
NL01-2025-002781,3,2025-02-10,4100,0.00,3874.09,EUR,C027
NL01-2025-002782,1,2025-02-26,1000,18009.54,0.00,EUR,C027
NL01-2025-002782,2,2025-02-26,1200,0.00,18009.54,EUR,C027
NL01-2025-002783,1,2025-02-19,1200,3501.32,0.00,EUR,C023
NL01-2025-002783,2,2025-02-19,4000,0.00,2748.14,EUR,C023
NL01-2025-002783,3,2025-02-19,4100,0.00,753.18,EUR,C023
NL01-2025-002784,1,2025-03-01,1000,3501.32,0.00,EUR,C023
NL01-2025-002784,2,2025-03-01,1200,0.00,3501.32,EUR,C023
NL01-2025-002785,1,2025-02-02,1200,22438.13,0.00,EUR,C018
NL01-2025-002785,2,2025-02-02,4000,0.00,17611.40,EUR,C018
NL01-2025-002785,3,2025-02-02,4100,0.00,4826.73,EUR,C018
NL01-2025-002786,1,2025-03-04,1000,22438.13,0.00,EUR,C018
NL01-2025-002786,2,2025-03-04,1200,0.00,22438.13,EUR,C018
NL01-2025-002787,1,2025-02-17,1200,5200.92,0.00,EUR,C013
NL01-2025-002787,2,2025-02-17,4000,0.00,4082.13,EUR,C013
NL01-2025-002787,3,2025-02-17,4100,0.00,1118.79,EUR,C013
NL01-2025-002788,1,2025-03-20,1000,5200.92,0.00,EUR,C013
NL01-2025-002788,2,2025-03-20,1200,0.00,5200.92,EUR,C013
NL01-2025-002789,1,2025-02-14,1200,1128.09,0.00,EUR,C012
NL01-2025-002789,2,2025-02-14,4000,0.00,885.42,EUR,C012
NL01-2025-002789,3,2025-02-14,4100,0.00,242.67,EUR,C012
NL01-2025-002790,1,2025-03-15,1000,1128.09,0.00,EUR,C012
NL01-2025-002790,2,2025-03-15,1200,0.00,1128.09,EUR,C012
NL01-2025-002791,1,2025-02-19,1200,2504.99,0.00,EUR,C003
NL01-2025-002791,2,2025-02-19,4000,0.00,1966.13,EUR,C003
NL01-2025-002791,3,2025-02-19,4100,0.00,538.86,EUR,C003
NL01-2025-002792,1,2025-04-14,1000,2504.99,0.00,EUR,C003
NL01-2025-002792,2,2025-04-14,1200,0.00,2504.99,EUR,C003
NL01-2025-002793,1,2025-02-24,1200,5955.40,0.00,EUR,C009
NL01-2025-002793,2,2025-02-24,4000,0.00,4674.32,EUR,C009
NL01-2025-002793,3,2025-02-24,4100,0.00,1281.08,EUR,C009
NL01-2025-002794,1,2025-04-15,1000,5955.40,0.00,EUR,C009
NL01-2025-002794,2,2025-04-15,1200,0.00,5955.40,EUR,C009
NL01-2025-002795,1,2025-02-19,1200,10764.07,0.00,EUR,C013
NL01-2025-002795,2,2025-02-19,4000,0.00,8448.58,EUR,C013
NL01-2025-002795,3,2025-02-19,4100,0.00,2315.49,EUR,C013
NL01-2025-002796,1,2025-03-15,1000,10764.07,0.00,EUR,C013
NL01-2025-002796,2,2025-03-15,1200,0.00,10764.07,EUR,C013
NL01-2025-002797,1,2025-02-07,1200,2990.87,0.00,EUR,C040
NL01-2025-002797,2,2025-02-07,4000,0.00,2347.49,EUR,C040
NL01-2025-002797,3,2025-02-07,4100,0.00,643.38,EUR,C040
NL01-2025-002798,1,2025-03-29,1000,2990.87,0.00,EUR,C040
NL01-2025-002798,2,2025-03-29,1200,0.00,2990.87,EUR,C040
NL01-2025-002799,1,2025-02-09,1200,6305.66,0.00,EUR,C032
NL01-2025-002799,2,2025-02-09,4000,0.00,4949.23,EUR,C032
NL01-2025-002799,3,2025-02-09,4100,0.00,1356.43,EUR,C032
NL01-2025-002800,1,2025-03-21,1000,6305.66,0.00,EUR,C032
NL01-2025-002800,2,2025-03-21,1200,0.00,6305.66,EUR,C032
NL01-2025-002801,1,2025-02-24,1200,17806.87,0.00,EUR,C029
NL01-2025-002801,2,2025-02-24,4000,0.00,13976.38,EUR,C029
NL01-2025-002801,3,2025-02-24,4100,0.00,3830.49,EUR,C029
NL01-2025-002802,1,2025-03-18,1000,17806.87,0.00,EUR,C029
NL01-2025-002802,2,2025-03-18,1200,0.00,17806.87,EUR,C029
NL01-2025-002803,1,2025-02-18,1300,187021.21,0.00,EUR,V010
NL01-2025-002803,2,2025-02-18,2100,0.00,187021.21,EUR,V010
NL01-2025-002804,1,2025-03-26,2100,187021.21,0.00,EUR,V010
NL01-2025-002804,2,2025-03-26,1000,0.00,187021.21,EUR,V010
NL01-2025-002805,1,2025-02-02,1300,356771.15,0.00,EUR,V004
NL01-2025-002805,2,2025-02-02,2100,0.00,356771.15,EUR,V004
NL01-2025-002806,1,2025-02-25,2100,356771.15,0.00,EUR,V004
NL01-2025-002806,2,2025-02-25,1000,0.00,356771.15,EUR,V004
NL01-2025-002807,1,2025-02-01,1300,30088.61,0.00,EUR,V002
NL01-2025-002807,2,2025-02-01,2100,0.00,30088.61,EUR,V002
NL01-2025-002808,1,2025-03-07,2100,30088.61,0.00,EUR,V002
NL01-2025-002808,2,2025-03-07,1000,0.00,30088.61,EUR,V002
NL01-2025-002809,1,2025-02-28,5000,547411.92,0.00,EUR,
NL01-2025-002809,2,2025-02-28,1300,0.00,547411.92,EUR,
NL01-2025-002810,1,2025-02-10,6100,59181.93,0.00,EUR,V041
NL01-2025-002810,2,2025-02-10,2100,0.00,59181.93,EUR,V041
NL01-2025-002811,1,2025-03-08,2100,59181.93,0.00,EUR,V041
NL01-2025-002811,2,2025-03-08,1000,0.00,59181.93,EUR,V041
NL01-2025-002812,1,2025-02-18,6200,50558.53,0.00,EUR,V060
NL01-2025-002812,2,2025-02-18,2100,0.00,50558.53,EUR,V060
NL01-2025-002813,1,2025-03-24,2100,50558.53,0.00,EUR,V060
NL01-2025-002813,2,2025-03-24,1000,0.00,50558.53,EUR,V060
NL01-2025-002814,1,2025-02-15,6300,19293.20,0.00,EUR,V056
NL01-2025-002814,2,2025-02-15,2100,0.00,19293.20,EUR,V056
NL01-2025-002815,1,2025-03-07,2100,19293.20,0.00,EUR,V056
NL01-2025-002815,2,2025-03-07,1000,0.00,19293.20,EUR,V056
NL01-2025-002816,1,2025-02-05,6400,27872.69,0.00,EUR,V042
NL01-2025-002816,2,2025-02-05,2100,0.00,27872.69,EUR,V042
NL01-2025-002817,1,2025-03-06,2100,27872.69,0.00,EUR,V042
NL01-2025-002817,2,2025-03-06,1000,0.00,27872.69,EUR,V042
NL01-2025-002818,1,2025-02-25,6000,388293.93,0.00,EUR,
NL01-2025-002818,2,2025-02-25,1000,0.00,388293.93,EUR,
NL01-2025-002819,1,2025-02-28,6900,15625.00,0.00,EUR,
NL01-2025-002819,2,2025-02-28,1590,0.00,15625.00,EUR,
NL01-2025-002820,1,2025-03-06,1200,9726.35,0.00,EUR,C030
NL01-2025-002820,2,2025-03-06,4000,0.00,7495.46,EUR,C030
NL01-2025-002820,3,2025-03-06,4100,0.00,2230.89,EUR,C030
NL01-2025-002821,1,2025-04-05,1000,9726.35,0.00,EUR,C030
NL01-2025-002821,2,2025-04-05,1200,0.00,9726.35,EUR,C030
NL01-2025-002822,1,2025-03-11,1200,27997.60,0.00,EUR,C028
NL01-2025-002822,2,2025-03-11,4000,0.00,21575.92,EUR,C028
NL01-2025-002822,3,2025-03-11,4100,0.00,6421.68,EUR,C028
NL01-2025-002823,1,2025-04-27,1000,27997.60,0.00,EUR,C028
NL01-2025-002823,2,2025-04-27,1200,0.00,27997.60,EUR,C028
NL01-2025-002824,1,2025-03-06,1200,7415.07,0.00,EUR,C018
NL01-2025-002824,2,2025-03-06,4000,0.00,5714.31,EUR,C018
NL01-2025-002824,3,2025-03-06,4100,0.00,1700.76,EUR,C018
NL01-2025-002825,1,2025-04-05,1000,7415.07,0.00,EUR,C018
NL01-2025-002825,2,2025-04-05,1200,0.00,7415.07,EUR,C018
NL01-2025-002826,1,2025-03-07,1200,14661.43,0.00,EUR,C001
NL01-2025-002826,2,2025-03-07,4000,0.00,11298.61,EUR,C001
NL01-2025-002826,3,2025-03-07,4100,0.00,3362.82,EUR,C001
NL01-2025-002827,1,2025-04-01,1000,14661.43,0.00,EUR,C001
NL01-2025-002827,2,2025-04-01,1200,0.00,14661.43,EUR,C001
NL01-2025-002828,1,2025-03-14,1200,13017.82,0.00,EUR,C025
NL01-2025-002828,2,2025-03-14,4000,0.00,10031.98,EUR,C025
NL01-2025-002828,3,2025-03-14,4100,0.00,2985.84,EUR,C025
NL01-2025-002829,1,2025-04-18,1000,13017.82,0.00,EUR,C025
NL01-2025-002829,2,2025-04-18,1200,0.00,13017.82,EUR,C025
NL01-2025-002830,1,2025-03-11,1200,8521.42,0.00,EUR,C017
NL01-2025-002830,2,2025-03-11,4000,0.00,6566.90,EUR,C017
NL01-2025-002830,3,2025-03-11,4100,0.00,1954.52,EUR,C017
NL01-2025-002831,1,2025-04-30,1000,8521.42,0.00,EUR,C017
NL01-2025-002831,2,2025-04-30,1200,0.00,8521.42,EUR,C017
NL01-2025-002832,1,2025-03-13,1200,6091.59,0.00,EUR,C021
NL01-2025-002832,2,2025-03-13,4000,0.00,4694.39,EUR,C021
NL01-2025-002832,3,2025-03-13,4100,0.00,1397.20,EUR,C021
NL01-2025-002833,1,2025-05-06,1000,6091.59,0.00,EUR,C021
NL01-2025-002833,2,2025-05-06,1200,0.00,6091.59,EUR,C021
NL01-2025-002834,1,2025-03-19,1200,1669.69,0.00,EUR,C003
NL01-2025-002834,2,2025-03-19,4000,0.00,1286.72,EUR,C003
NL01-2025-002834,3,2025-03-19,4100,0.00,382.97,EUR,C003
NL01-2025-002835,1,2025-05-12,1000,1669.69,0.00,EUR,C003
NL01-2025-002835,2,2025-05-12,1200,0.00,1669.69,EUR,C003
NL01-2025-002836,1,2025-03-17,1200,14886.28,0.00,EUR,C006
NL01-2025-002836,2,2025-03-17,4000,0.00,11471.89,EUR,C006
NL01-2025-002836,3,2025-03-17,4100,0.00,3414.39,EUR,C006
NL01-2025-002837,1,2025-04-09,1000,14886.28,0.00,EUR,C006
NL01-2025-002837,2,2025-04-09,1200,0.00,14886.28,EUR,C006
NL01-2025-002838,1,2025-03-23,1200,58687.54,0.00,EUR,C007
NL01-2025-002838,2,2025-03-23,4000,0.00,45226.66,EUR,C007
NL01-2025-002838,3,2025-03-23,4100,0.00,13460.88,EUR,C007
NL01-2025-002839,1,2025-04-18,1000,58687.54,0.00,EUR,C007
NL01-2025-002839,2,2025-04-18,1200,0.00,58687.54,EUR,C007
NL01-2025-002840,1,2025-03-19,1200,866.60,0.00,EUR,C004
NL01-2025-002840,2,2025-03-19,4000,0.00,667.83,EUR,C004
NL01-2025-002840,3,2025-03-19,4100,0.00,198.77,EUR,C004
NL01-2025-002841,1,2025-04-12,1000,866.60,0.00,EUR,C004
NL01-2025-002841,2,2025-04-12,1200,0.00,866.60,EUR,C004
NL01-2025-002842,1,2025-03-23,1200,2049.38,0.00,EUR,C017
NL01-2025-002842,2,2025-03-23,4000,0.00,1579.32,EUR,C017
NL01-2025-002842,3,2025-03-23,4100,0.00,470.06,EUR,C017
NL01-2025-002843,1,2025-04-22,1000,2049.38,0.00,EUR,C017
NL01-2025-002843,2,2025-04-22,1200,0.00,2049.38,EUR,C017
NL01-2025-002844,1,2025-03-01,1200,6274.77,0.00,EUR,C005
NL01-2025-002844,2,2025-03-01,4000,0.00,4835.56,EUR,C005
NL01-2025-002844,3,2025-03-01,4100,0.00,1439.21,EUR,C005
NL01-2025-002845,1,2025-04-14,1000,6274.77,0.00,EUR,C005
NL01-2025-002845,2,2025-04-14,1200,0.00,6274.77,EUR,C005
NL01-2025-002846,1,2025-03-26,1200,3141.02,0.00,EUR,C030
NL01-2025-002846,2,2025-03-26,4000,0.00,2420.58,EUR,C030
NL01-2025-002846,3,2025-03-26,4100,0.00,720.44,EUR,C030
NL01-2025-002847,1,2025-04-25,1000,3141.02,0.00,EUR,C030
NL01-2025-002847,2,2025-04-25,1200,0.00,3141.02,EUR,C030
NL01-2025-002848,1,2025-03-25,1200,26197.32,0.00,EUR,C039
NL01-2025-002848,2,2025-03-25,4000,0.00,20188.57,EUR,C039
NL01-2025-002848,3,2025-03-25,4100,0.00,6008.75,EUR,C039
NL01-2025-002849,1,2025-05-06,1000,26197.32,0.00,EUR,C039
NL01-2025-002849,2,2025-05-06,1200,0.00,26197.32,EUR,C039
NL01-2025-002850,1,2025-03-25,1200,2612.72,0.00,EUR,C029
NL01-2025-002850,2,2025-03-25,4000,0.00,2013.45,EUR,C029
NL01-2025-002850,3,2025-03-25,4100,0.00,599.27,EUR,C029
NL01-2025-002851,1,2025-05-24,1000,2612.72,0.00,EUR,C029
NL01-2025-002851,2,2025-05-24,1200,0.00,2612.72,EUR,C029
NL01-2025-002852,1,2025-03-17,1200,6991.63,0.00,EUR,C039
NL01-2025-002852,2,2025-03-17,4000,0.00,5387.99,EUR,C039
NL01-2025-002852,3,2025-03-17,4100,0.00,1603.64,EUR,C039
NL01-2025-002853,1,2025-04-05,1000,6991.63,0.00,EUR,C039
NL01-2025-002853,2,2025-04-05,1200,0.00,6991.63,EUR,C039
NL01-2025-002854,1,2025-03-12,1200,8725.72,0.00,EUR,C005
NL01-2025-002854,2,2025-03-12,4000,0.00,6724.34,EUR,C005
NL01-2025-002854,3,2025-03-12,4100,0.00,2001.38,EUR,C005
NL01-2025-002855,1,2025-04-09,1000,8725.72,0.00,EUR,C005
NL01-2025-002855,2,2025-04-09,1200,0.00,8725.72,EUR,C005
NL01-2025-002856,1,2025-03-20,1200,3873.44,0.00,EUR,C040
NL01-2025-002856,2,2025-03-20,4000,0.00,2985.01,EUR,C040
NL01-2025-002856,3,2025-03-20,4100,0.00,888.43,EUR,C040
NL01-2025-002857,1,2025-04-26,1000,3873.44,0.00,EUR,C040
NL01-2025-002857,2,2025-04-26,1200,0.00,3873.44,EUR,C040
NL01-2025-002858,1,2025-03-10,1200,7818.30,0.00,EUR,C001
NL01-2025-002858,2,2025-03-10,4000,0.00,6025.05,EUR,C001
NL01-2025-002858,3,2025-03-10,4100,0.00,1793.25,EUR,C001
NL01-2025-002859,1,2025-05-02,1000,7818.30,0.00,EUR,C001
NL01-2025-002859,2,2025-05-02,1200,0.00,7818.30,EUR,C001
NL01-2025-002860,1,2025-03-28,1200,8115.40,0.00,EUR,C008
NL01-2025-002860,2,2025-03-28,4000,0.00,6254.01,EUR,C008
NL01-2025-002860,3,2025-03-28,4100,0.00,1861.39,EUR,C008
NL01-2025-002861,1,2025-04-22,1000,8115.40,0.00,EUR,C008
NL01-2025-002861,2,2025-04-22,1200,0.00,8115.40,EUR,C008
NL01-2025-002862,1,2025-03-08,1200,12413.86,0.00,EUR,C022
NL01-2025-002862,2,2025-03-08,4000,0.00,9566.55,EUR,C022
NL01-2025-002862,3,2025-03-08,4100,0.00,2847.31,EUR,C022
NL01-2025-002863,1,2025-04-16,1000,12413.86,0.00,EUR,C022
NL01-2025-002863,2,2025-04-16,1200,0.00,12413.86,EUR,C022
NL01-2025-002864,1,2025-03-04,1200,6813.87,0.00,EUR,C036
NL01-2025-002864,2,2025-03-04,4000,0.00,5251.01,EUR,C036
NL01-2025-002864,3,2025-03-04,4100,0.00,1562.86,EUR,C036
NL01-2025-002865,1,2025-03-27,1000,6813.87,0.00,EUR,C036
NL01-2025-002865,2,2025-03-27,1200,0.00,6813.87,EUR,C036
NL01-2025-002866,1,2025-03-09,1200,4800.87,0.00,EUR,C004
NL01-2025-002866,2,2025-03-09,4000,0.00,3699.72,EUR,C004
NL01-2025-002866,3,2025-03-09,4100,0.00,1101.15,EUR,C004
NL01-2025-002867,1,2025-05-05,1000,4800.87,0.00,EUR,C004
NL01-2025-002867,2,2025-05-05,1200,0.00,4800.87,EUR,C004
NL01-2025-002868,1,2025-03-26,1200,8393.45,0.00,EUR,C018
NL01-2025-002868,2,2025-03-26,4000,0.00,6468.28,EUR,C018
NL01-2025-002868,3,2025-03-26,4100,0.00,1925.17,EUR,C018
NL01-2025-002869,1,2025-04-24,1000,8393.45,0.00,EUR,C018
NL01-2025-002869,2,2025-04-24,1200,0.00,8393.45,EUR,C018
NL01-2025-002870,1,2025-03-22,1200,34708.12,0.00,EUR,C038
NL01-2025-002870,2,2025-03-22,4000,0.00,26747.28,EUR,C038
NL01-2025-002870,3,2025-03-22,4100,0.00,7960.84,EUR,C038
NL01-2025-002871,1,2025-04-23,1000,34708.12,0.00,EUR,C038
NL01-2025-002871,2,2025-04-23,1200,0.00,34708.12,EUR,C038
NL01-2025-002872,1,2025-03-29,1200,6824.18,0.00,EUR,C031
NL01-2025-002872,2,2025-03-29,4000,0.00,5258.95,EUR,C031
NL01-2025-002872,3,2025-03-29,4100,0.00,1565.23,EUR,C031
NL01-2025-002873,1,2025-05-02,1000,6824.18,0.00,EUR,C031
NL01-2025-002873,2,2025-05-02,1200,0.00,6824.18,EUR,C031
NL01-2025-002874,1,2025-03-17,1200,6861.25,0.00,EUR,C032
NL01-2025-002874,2,2025-03-17,4000,0.00,5287.52,EUR,C032
NL01-2025-002874,3,2025-03-17,4100,0.00,1573.73,EUR,C032
NL01-2025-002875,1,2025-04-19,1000,6861.25,0.00,EUR,C032
NL01-2025-002875,2,2025-04-19,1200,0.00,6861.25,EUR,C032
NL01-2025-002876,1,2025-03-24,1200,7379.29,0.00,EUR,C011
NL01-2025-002876,2,2025-03-24,4000,0.00,5686.74,EUR,C011
NL01-2025-002876,3,2025-03-24,4100,0.00,1692.55,EUR,C011
NL01-2025-002877,1,2025-04-19,1000,7379.29,0.00,EUR,C011
NL01-2025-002877,2,2025-04-19,1200,0.00,7379.29,EUR,C011
NL01-2025-002878,1,2025-03-26,1200,11162.42,0.00,EUR,C007
NL01-2025-002878,2,2025-03-26,4000,0.00,8602.15,EUR,C007
NL01-2025-002878,3,2025-03-26,4100,0.00,2560.27,EUR,C007
NL01-2025-002879,1,2025-05-05,1000,11162.42,0.00,EUR,C007
NL01-2025-002879,2,2025-05-05,1200,0.00,11162.42,EUR,C007
NL01-2025-002880,1,2025-03-31,1200,14173.36,0.00,EUR,C021
NL01-2025-002880,2,2025-03-31,4000,0.00,10922.48,EUR,C021
NL01-2025-002880,3,2025-03-31,4100,0.00,3250.88,EUR,C021
NL01-2025-002881,1,2025-05-03,1000,14173.36,0.00,EUR,C021
NL01-2025-002881,2,2025-05-03,1200,0.00,14173.36,EUR,C021
NL01-2025-002882,1,2025-03-11,1200,8370.61,0.00,EUR,C006
NL01-2025-002882,2,2025-03-11,4000,0.00,6450.68,EUR,C006
NL01-2025-002882,3,2025-03-11,4100,0.00,1919.93,EUR,C006
NL01-2025-002883,1,2025-04-18,1000,8370.61,0.00,EUR,C006
NL01-2025-002883,2,2025-04-18,1200,0.00,8370.61,EUR,C006
NL01-2025-002884,1,2025-03-12,1200,12061.83,0.00,EUR,C014
NL01-2025-002884,2,2025-03-12,4000,0.00,9295.27,EUR,C014
NL01-2025-002884,3,2025-03-12,4100,0.00,2766.56,EUR,C014
NL01-2025-002885,1,2025-03-30,1000,12061.83,0.00,EUR,C014
NL01-2025-002885,2,2025-03-30,1200,0.00,12061.83,EUR,C014
NL01-2025-002886,1,2025-03-01,1200,2490.37,0.00,EUR,C016
NL01-2025-002886,2,2025-03-01,4000,0.00,1919.17,EUR,C016
NL01-2025-002886,3,2025-03-01,4100,0.00,571.20,EUR,C016
NL01-2025-002887,1,2025-03-23,1000,2490.37,0.00,EUR,C016
NL01-2025-002887,2,2025-03-23,1200,0.00,2490.37,EUR,C016
NL01-2025-002888,1,2025-03-01,1200,12807.94,0.00,EUR,C022
NL01-2025-002888,2,2025-03-01,4000,0.00,9870.24,EUR,C022
NL01-2025-002888,3,2025-03-01,4100,0.00,2937.70,EUR,C022
NL01-2025-002889,1,2025-03-19,1000,12807.94,0.00,EUR,C022
NL01-2025-002889,2,2025-03-19,1200,0.00,12807.94,EUR,C022
NL01-2025-002890,1,2025-03-29,1200,4272.86,0.00,EUR,C019
NL01-2025-002890,2,2025-03-29,4000,0.00,3292.81,EUR,C019
NL01-2025-002890,3,2025-03-29,4100,0.00,980.05,EUR,C019
NL01-2025-002891,1,2025-05-31,1000,4272.86,0.00,EUR,C019
NL01-2025-002891,2,2025-05-31,1200,0.00,4272.86,EUR,C019
NL01-2025-002892,1,2025-03-15,1200,16324.73,0.00,EUR,C017
NL01-2025-002892,2,2025-03-15,4000,0.00,12580.40,EUR,C017
NL01-2025-002892,3,2025-03-15,4100,0.00,3744.33,EUR,C017
NL01-2025-002893,1,2025-04-19,1000,16324.73,0.00,EUR,C017
NL01-2025-002893,2,2025-04-19,1200,0.00,16324.73,EUR,C017
NL01-2025-002894,1,2025-03-29,1200,14929.47,0.00,EUR,C004
NL01-2025-002894,2,2025-03-29,4000,0.00,11505.17,EUR,C004
NL01-2025-002894,3,2025-03-29,4100,0.00,3424.30,EUR,C004
NL01-2025-002895,1,2025-04-16,1000,14929.47,0.00,EUR,C004
NL01-2025-002895,2,2025-04-16,1200,0.00,14929.47,EUR,C004
NL01-2025-002896,1,2025-03-05,1200,3486.72,0.00,EUR,C036
NL01-2025-002896,2,2025-03-05,4000,0.00,2686.99,EUR,C036
NL01-2025-002896,3,2025-03-05,4100,0.00,799.73,EUR,C036
NL01-2025-002897,1,2025-04-07,1000,3486.72,0.00,EUR,C036
NL01-2025-002897,2,2025-04-07,1200,0.00,3486.72,EUR,C036
NL01-2025-002898,1,2025-03-21,1200,23122.65,0.00,EUR,C021
NL01-2025-002898,2,2025-03-21,4000,0.00,17819.12,EUR,C021
NL01-2025-002898,3,2025-03-21,4100,0.00,5303.53,EUR,C021
NL01-2025-002899,1,2025-04-28,1000,23122.65,0.00,EUR,C021
NL01-2025-002899,2,2025-04-28,1200,0.00,23122.65,EUR,C021
NL01-2025-002900,1,2025-03-05,1200,4896.79,0.00,EUR,C004
NL01-2025-002900,2,2025-03-05,4000,0.00,3773.64,EUR,C004
NL01-2025-002900,3,2025-03-05,4100,0.00,1123.15,EUR,C004
NL01-2025-002901,1,2025-03-22,1000,4896.79,0.00,EUR,C004
NL01-2025-002901,2,2025-03-22,1200,0.00,4896.79,EUR,C004
NL01-2025-002902,1,2025-03-09,1200,4518.36,0.00,EUR,C019
NL01-2025-002902,2,2025-03-09,4000,0.00,3482.01,EUR,C019
NL01-2025-002902,3,2025-03-09,4100,0.00,1036.35,EUR,C019
NL01-2025-002903,1,2025-04-15,1000,4518.36,0.00,EUR,C019
NL01-2025-002903,2,2025-04-15,1200,0.00,4518.36,EUR,C019
NL01-2025-002904,1,2025-03-24,1200,6571.39,0.00,EUR,C014
NL01-2025-002904,2,2025-03-24,4000,0.00,5064.14,EUR,C014
NL01-2025-002904,3,2025-03-24,4100,0.00,1507.25,EUR,C014
NL01-2025-002905,1,2025-04-24,1000,6571.39,0.00,EUR,C014
NL01-2025-002905,2,2025-04-24,1200,0.00,6571.39,EUR,C014
NL01-2025-002906,1,2025-03-30,1200,9246.34,0.00,EUR,C022
NL01-2025-002906,2,2025-03-30,4000,0.00,7125.55,EUR,C022
NL01-2025-002906,3,2025-03-30,4100,0.00,2120.79,EUR,C022
NL01-2025-002907,1,2025-05-17,1000,9246.34,0.00,EUR,C022
NL01-2025-002907,2,2025-05-17,1200,0.00,9246.34,EUR,C022
NL01-2025-002908,1,2025-03-17,1200,7035.83,0.00,EUR,C011
NL01-2025-002908,2,2025-03-17,4000,0.00,5422.06,EUR,C011
NL01-2025-002908,3,2025-03-17,4100,0.00,1613.77,EUR,C011
NL01-2025-002909,1,2025-05-03,1000,7035.83,0.00,EUR,C011
NL01-2025-002909,2,2025-05-03,1200,0.00,7035.83,EUR,C011
NL01-2025-002910,1,2025-03-05,1200,15021.22,0.00,EUR,C028
NL01-2025-002910,2,2025-03-05,4000,0.00,11575.87,EUR,C028
NL01-2025-002910,3,2025-03-05,4100,0.00,3445.35,EUR,C028
NL01-2025-002911,1,2025-04-04,1000,15021.22,0.00,EUR,C028
NL01-2025-002911,2,2025-04-04,1200,0.00,15021.22,EUR,C028
NL01-2025-002912,1,2025-03-21,1200,4255.48,0.00,EUR,C008
NL01-2025-002912,2,2025-03-21,4000,0.00,3279.42,EUR,C008
NL01-2025-002912,3,2025-03-21,4100,0.00,976.06,EUR,C008
NL01-2025-002913,1,2025-04-19,1000,4255.48,0.00,EUR,C008
NL01-2025-002913,2,2025-04-19,1200,0.00,4255.48,EUR,C008
NL01-2025-002914,1,2025-03-10,1200,14085.77,0.00,EUR,C001
NL01-2025-002914,2,2025-03-10,4000,0.00,10854.98,EUR,C001
NL01-2025-002914,3,2025-03-10,4100,0.00,3230.79,EUR,C001
NL01-2025-002915,1,2025-04-19,1000,14085.77,0.00,EUR,C001
NL01-2025-002915,2,2025-04-19,1200,0.00,14085.77,EUR,C001
NL01-2025-002916,1,2025-03-16,1200,8325.67,0.00,EUR,C026
NL01-2025-002916,2,2025-03-16,4000,0.00,6416.05,EUR,C026
NL01-2025-002916,3,2025-03-16,4100,0.00,1909.62,EUR,C026
NL01-2025-002917,1,2025-04-05,1000,8325.67,0.00,EUR,C026
NL01-2025-002917,2,2025-04-05,1200,0.00,8325.67,EUR,C026
NL01-2025-002918,1,2025-03-15,1200,9057.39,0.00,EUR,C032
NL01-2025-002918,2,2025-03-15,4000,0.00,6979.94,EUR,C032
NL01-2025-002918,3,2025-03-15,4100,0.00,2077.45,EUR,C032
NL01-2025-002919,1,2025-03-31,1000,9057.39,0.00,EUR,C032
NL01-2025-002919,2,2025-03-31,1200,0.00,9057.39,EUR,C032
NL01-2025-002920,1,2025-03-21,1200,2533.81,0.00,EUR,C014
NL01-2025-002920,2,2025-03-21,4000,0.00,1952.64,EUR,C014
NL01-2025-002920,3,2025-03-21,4100,0.00,581.17,EUR,C014
NL01-2025-002921,1,2025-05-07,1000,2533.81,0.00,EUR,C014
NL01-2025-002921,2,2025-05-07,1200,0.00,2533.81,EUR,C014
NL01-2025-002922,1,2025-03-25,1200,16978.87,0.00,EUR,C037
NL01-2025-002922,2,2025-03-25,4000,0.00,13084.51,EUR,C037
NL01-2025-002922,3,2025-03-25,4100,0.00,3894.36,EUR,C037
NL01-2025-002923,1,2025-04-22,1000,16978.87,0.00,EUR,C037
NL01-2025-002923,2,2025-04-22,1200,0.00,16978.87,EUR,C037
NL01-2025-002924,1,2025-03-03,1200,61014.81,0.00,EUR,C029
NL01-2025-002924,2,2025-03-03,4000,0.00,47020.13,EUR,C029
NL01-2025-002924,3,2025-03-03,4100,0.00,13994.68,EUR,C029
NL01-2025-002925,1,2025-04-17,1000,61014.81,0.00,EUR,C029
NL01-2025-002925,2,2025-04-17,1200,0.00,61014.81,EUR,C029
NL01-2025-002926,1,2025-03-12,1200,16988.68,0.00,EUR,C022
NL01-2025-002926,2,2025-03-12,4000,0.00,13092.07,EUR,C022
NL01-2025-002926,3,2025-03-12,4100,0.00,3896.61,EUR,C022
NL01-2025-002927,1,2025-04-21,1000,16988.68,0.00,EUR,C022
NL01-2025-002927,2,2025-04-21,1200,0.00,16988.68,EUR,C022
NL01-2025-002928,1,2025-03-10,1200,16053.38,0.00,EUR,C039
NL01-2025-002928,2,2025-03-10,4000,0.00,12371.29,EUR,C039
NL01-2025-002928,3,2025-03-10,4100,0.00,3682.09,EUR,C039
NL01-2025-002929,1,2025-04-16,1000,16053.38,0.00,EUR,C039
NL01-2025-002929,2,2025-04-16,1200,0.00,16053.38,EUR,C039
NL01-2025-002930,1,2025-03-18,1200,6453.64,0.00,EUR,C013
NL01-2025-002930,2,2025-03-18,4000,0.00,4973.40,EUR,C013
NL01-2025-002930,3,2025-03-18,4100,0.00,1480.24,EUR,C013
NL01-2025-002931,1,2025-04-27,1000,6453.64,0.00,EUR,C013
NL01-2025-002931,2,2025-04-27,1200,0.00,6453.64,EUR,C013
NL01-2025-002932,1,2025-03-19,1200,11914.60,0.00,EUR,C009
NL01-2025-002932,2,2025-03-19,4000,0.00,9181.81,EUR,C009
NL01-2025-002932,3,2025-03-19,4100,0.00,2732.79,EUR,C009
NL01-2025-002933,1,2025-05-04,1000,11914.60,0.00,EUR,C009
NL01-2025-002933,2,2025-05-04,1200,0.00,11914.60,EUR,C009
NL01-2025-002934,1,2025-03-22,1200,15218.38,0.00,EUR,C008
NL01-2025-002934,2,2025-03-22,4000,0.00,11727.81,EUR,C008
NL01-2025-002934,3,2025-03-22,4100,0.00,3490.57,EUR,C008
NL01-2025-002935,1,2025-04-24,1000,15218.38,0.00,EUR,C008
NL01-2025-002935,2,2025-04-24,1200,0.00,15218.38,EUR,C008
NL01-2025-002936,1,2025-03-19,1200,6359.05,0.00,EUR,C004
NL01-2025-002936,2,2025-03-19,4000,0.00,4900.51,EUR,C004
NL01-2025-002936,3,2025-03-19,4100,0.00,1458.54,EUR,C004
NL01-2025-002937,1,2025-04-25,1000,6359.05,0.00,EUR,C004
NL01-2025-002937,2,2025-04-25,1200,0.00,6359.05,EUR,C004
NL01-2025-002938,1,2025-03-21,1200,2244.12,0.00,EUR,C007
NL01-2025-002938,2,2025-03-21,4000,0.00,1729.40,EUR,C007
NL01-2025-002938,3,2025-03-21,4100,0.00,514.72,EUR,C007
NL01-2025-002939,1,2025-04-12,1000,2244.12,0.00,EUR,C007
NL01-2025-002939,2,2025-04-12,1200,0.00,2244.12,EUR,C007
NL01-2025-002940,1,2025-03-22,1200,6080.79,0.00,EUR,C035
NL01-2025-002940,2,2025-03-22,4000,0.00,4686.07,EUR,C035
NL01-2025-002940,3,2025-03-22,4100,0.00,1394.72,EUR,C035
NL01-2025-002941,1,2025-04-27,1000,6080.79,0.00,EUR,C035
NL01-2025-002941,2,2025-04-27,1200,0.00,6080.79,EUR,C035
NL01-2025-002942,1,2025-03-06,1200,28325.72,0.00,EUR,C001
NL01-2025-002942,2,2025-03-06,4000,0.00,21828.78,EUR,C001
NL01-2025-002942,3,2025-03-06,4100,0.00,6496.94,EUR,C001
NL01-2025-002943,1,2025-04-03,1000,28325.72,0.00,EUR,C001
NL01-2025-002943,2,2025-04-03,1200,0.00,28325.72,EUR,C001
NL01-2025-002944,1,2025-03-28,1200,17322.14,0.00,EUR,C021
NL01-2025-002944,2,2025-03-28,4000,0.00,13349.04,EUR,C021
NL01-2025-002944,3,2025-03-28,4100,0.00,3973.10,EUR,C021
NL01-2025-002945,1,2025-05-04,1000,17322.14,0.00,EUR,C021
NL01-2025-002945,2,2025-05-04,1200,0.00,17322.14,EUR,C021
NL01-2025-002946,1,2025-03-11,1200,2013.09,0.00,EUR,C025
NL01-2025-002946,2,2025-03-11,4000,0.00,1551.36,EUR,C025
NL01-2025-002946,3,2025-03-11,4100,0.00,461.73,EUR,C025
NL01-2025-002947,1,2025-04-02,1000,2013.09,0.00,EUR,C025
NL01-2025-002947,2,2025-04-02,1200,0.00,2013.09,EUR,C025
NL01-2025-002948,1,2025-03-31,1200,8410.84,0.00,EUR,C003
NL01-2025-002948,2,2025-03-31,4000,0.00,6481.69,EUR,C003
NL01-2025-002948,3,2025-03-31,4100,0.00,1929.15,EUR,C003
NL01-2025-002949,1,2025-04-26,1000,8410.84,0.00,EUR,C003
NL01-2025-002949,2,2025-04-26,1200,0.00,8410.84,EUR,C003
NL01-2025-002950,1,2025-03-16,1200,6884.35,0.00,EUR,C033
NL01-2025-002950,2,2025-03-16,4000,0.00,5305.32,EUR,C033
NL01-2025-002950,3,2025-03-16,4100,0.00,1579.03,EUR,C033
NL01-2025-002951,1,2025-05-11,1000,6884.35,0.00,EUR,C033
NL01-2025-002951,2,2025-05-11,1200,0.00,6884.35,EUR,C033
NL01-2025-002952,1,2025-03-18,1200,22431.12,0.00,EUR,C009
NL01-2025-002952,2,2025-03-18,4000,0.00,17286.20,EUR,C009
NL01-2025-002952,3,2025-03-18,4100,0.00,5144.92,EUR,C009
NL01-2025-002953,1,2025-04-27,1000,22431.12,0.00,EUR,C009
NL01-2025-002953,2,2025-04-27,1200,0.00,22431.12,EUR,C009
NL01-2025-002954,1,2025-03-15,1200,3260.55,0.00,EUR,C004
NL01-2025-002954,2,2025-03-15,4000,0.00,2512.69,EUR,C004
NL01-2025-002954,3,2025-03-15,4100,0.00,747.86,EUR,C004
NL01-2025-002955,1,2025-04-20,1000,3260.55,0.00,EUR,C004
NL01-2025-002955,2,2025-04-20,1200,0.00,3260.55,EUR,C004
NL01-2025-002956,1,2025-03-26,1200,24388.14,0.00,EUR,C014
NL01-2025-002956,2,2025-03-26,4000,0.00,18794.35,EUR,C014
NL01-2025-002956,3,2025-03-26,4100,0.00,5593.79,EUR,C014
NL01-2025-002957,1,2025-05-20,1000,24388.14,0.00,EUR,C014
NL01-2025-002957,2,2025-05-20,1200,0.00,24388.14,EUR,C014
NL01-2025-002958,1,2025-03-09,1200,9519.60,0.00,EUR,C008
NL01-2025-002958,2,2025-03-09,4000,0.00,7336.13,EUR,C008
NL01-2025-002958,3,2025-03-09,4100,0.00,2183.47,EUR,C008
NL01-2025-002959,1,2025-04-30,1000,9519.60,0.00,EUR,C008
NL01-2025-002959,2,2025-04-30,1200,0.00,9519.60,EUR,C008
NL01-2025-002960,1,2025-03-27,1200,4410.41,0.00,EUR,C014
NL01-2025-002960,2,2025-03-27,4000,0.00,3398.82,EUR,C014
NL01-2025-002960,3,2025-03-27,4100,0.00,1011.59,EUR,C014
NL01-2025-002961,1,2025-05-14,1000,4410.41,0.00,EUR,C014
NL01-2025-002961,2,2025-05-14,1200,0.00,4410.41,EUR,C014
NL01-2025-002962,1,2025-03-07,1200,5462.13,0.00,EUR,C027
NL01-2025-002962,2,2025-03-07,4000,0.00,4209.31,EUR,C027
NL01-2025-002962,3,2025-03-07,4100,0.00,1252.82,EUR,C027
NL01-2025-002963,1,2025-04-13,1000,5462.13,0.00,EUR,C027
NL01-2025-002963,2,2025-04-13,1200,0.00,5462.13,EUR,C027
NL01-2025-002964,1,2025-03-06,1200,4723.86,0.00,EUR,C007
NL01-2025-002964,2,2025-03-06,4000,0.00,3640.37,EUR,C007
NL01-2025-002964,3,2025-03-06,4100,0.00,1083.49,EUR,C007
NL01-2025-002965,1,2025-04-05,1000,4723.86,0.00,EUR,C007
NL01-2025-002965,2,2025-04-05,1200,0.00,4723.86,EUR,C007
NL01-2025-002966,1,2025-03-30,1200,9643.49,0.00,EUR,C033
NL01-2025-002966,2,2025-03-30,4000,0.00,7431.61,EUR,C033
NL01-2025-002966,3,2025-03-30,4100,0.00,2211.88,EUR,C033
NL01-2025-002967,1,2025-06-07,1000,9643.49,0.00,EUR,C033
NL01-2025-002967,2,2025-06-07,1200,0.00,9643.49,EUR,C033
NL01-2025-002968,1,2025-03-19,1200,9834.63,0.00,EUR,C016
NL01-2025-002968,2,2025-03-19,4000,0.00,7578.91,EUR,C016
NL01-2025-002968,3,2025-03-19,4100,0.00,2255.72,EUR,C016
NL01-2025-002969,1,2025-06-02,1000,9834.63,0.00,EUR,C016
NL01-2025-002969,2,2025-06-02,1200,0.00,9834.63,EUR,C016
NL01-2025-002970,1,2025-03-07,1200,3401.89,0.00,EUR,C002
NL01-2025-002970,2,2025-03-07,4000,0.00,2621.61,EUR,C002
NL01-2025-002970,3,2025-03-07,4100,0.00,780.28,EUR,C002
NL01-2025-002971,1,2025-04-08,1000,3401.89,0.00,EUR,C002
NL01-2025-002971,2,2025-04-08,1200,0.00,3401.89,EUR,C002
NL01-2025-002972,1,2025-03-25,1200,4898.95,0.00,EUR,C017
NL01-2025-002972,2,2025-03-25,4000,0.00,3775.30,EUR,C017
NL01-2025-002972,3,2025-03-25,4100,0.00,1123.65,EUR,C017
NL01-2025-002973,1,2025-04-17,1000,4898.95,0.00,EUR,C017
NL01-2025-002973,2,2025-04-17,1200,0.00,4898.95,EUR,C017
NL01-2025-002974,1,2025-03-07,1200,7372.73,0.00,EUR,C018
NL01-2025-002974,2,2025-03-07,4000,0.00,5681.68,EUR,C018
NL01-2025-002974,3,2025-03-07,4100,0.00,1691.05,EUR,C018
NL01-2025-002975,1,2025-05-14,1000,7372.73,0.00,EUR,C018
NL01-2025-002975,2,2025-05-14,1200,0.00,7372.73,EUR,C018
NL01-2025-002976,1,2025-03-04,1200,31929.85,0.00,EUR,C037
NL01-2025-002976,2,2025-03-04,4000,0.00,24606.25,EUR,C037
NL01-2025-002976,3,2025-03-04,4100,0.00,7323.60,EUR,C037
NL01-2025-002977,1,2025-04-18,1000,31929.85,0.00,EUR,C037
NL01-2025-002977,2,2025-04-18,1200,0.00,31929.85,EUR,C037
NL01-2025-002978,1,2025-03-12,1200,16438.56,0.00,EUR,C038
NL01-2025-002978,2,2025-03-12,4000,0.00,12668.13,EUR,C038
NL01-2025-002978,3,2025-03-12,4100,0.00,3770.43,EUR,C038
NL01-2025-002979,1,2025-04-26,1000,16438.56,0.00,EUR,C038
NL01-2025-002979,2,2025-04-26,1200,0.00,16438.56,EUR,C038
NL01-2025-002980,1,2025-03-25,1200,16319.38,0.00,EUR,C006
NL01-2025-002980,2,2025-03-25,4000,0.00,12576.28,EUR,C006
NL01-2025-002980,3,2025-03-25,4100,0.00,3743.10,EUR,C006
NL01-2025-002981,1,2025-04-25,1000,16319.38,0.00,EUR,C006
NL01-2025-002981,2,2025-04-25,1200,0.00,16319.38,EUR,C006
NL01-2025-002982,1,2025-03-15,1200,3524.92,0.00,EUR,C028
NL01-2025-002982,2,2025-03-15,4000,0.00,2716.43,EUR,C028
NL01-2025-002982,3,2025-03-15,4100,0.00,808.49,EUR,C028
NL01-2025-002983,1,2025-04-13,1000,3524.92,0.00,EUR,C028
NL01-2025-002983,2,2025-04-13,1200,0.00,3524.92,EUR,C028
NL01-2025-002984,1,2025-03-09,1200,3882.56,0.00,EUR,C032
NL01-2025-002984,2,2025-03-09,4000,0.00,2992.04,EUR,C032
NL01-2025-002984,3,2025-03-09,4100,0.00,890.52,EUR,C032
NL01-2025-002985,1,2025-04-13,1000,3882.56,0.00,EUR,C032
NL01-2025-002985,2,2025-04-13,1200,0.00,3882.56,EUR,C032
NL01-2025-002986,1,2025-03-31,1200,19630.01,0.00,EUR,C010
NL01-2025-002986,2,2025-03-31,4000,0.00,15127.57,EUR,C010
NL01-2025-002986,3,2025-03-31,4100,0.00,4502.44,EUR,C010
NL01-2025-002987,1,2025-04-24,1000,19630.01,0.00,EUR,C010
NL01-2025-002987,2,2025-04-24,1200,0.00,19630.01,EUR,C010
NL01-2025-002988,1,2025-03-11,1200,9567.95,0.00,EUR,C022
NL01-2025-002988,2,2025-03-11,4000,0.00,7373.40,EUR,C022
NL01-2025-002988,3,2025-03-11,4100,0.00,2194.55,EUR,C022
NL01-2025-002989,1,2025-04-30,1000,9567.95,0.00,EUR,C022
NL01-2025-002989,2,2025-04-30,1200,0.00,9567.95,EUR,C022
NL01-2025-002990,1,2025-03-20,1200,27766.92,0.00,EUR,C004
NL01-2025-002990,2,2025-03-20,4000,0.00,21398.15,EUR,C004
NL01-2025-002990,3,2025-03-20,4100,0.00,6368.77,EUR,C004
NL01-2025-002991,1,2025-04-13,1000,27766.92,0.00,EUR,C004
NL01-2025-002991,2,2025-04-13,1200,0.00,27766.92,EUR,C004
NL01-2025-002992,1,2025-03-04,1200,3970.70,0.00,EUR,C002
NL01-2025-002992,2,2025-03-04,4000,0.00,3059.96,EUR,C002
NL01-2025-002992,3,2025-03-04,4100,0.00,910.74,EUR,C002
NL01-2025-002993,1,2025-04-03,1000,3970.70,0.00,EUR,C002
NL01-2025-002993,2,2025-04-03,1200,0.00,3970.70,EUR,C002
NL01-2025-002994,1,2025-03-24,1200,28559.74,0.00,EUR,C010
NL01-2025-002994,2,2025-03-24,4000,0.00,22009.13,EUR,C010
NL01-2025-002994,3,2025-03-24,4100,0.00,6550.61,EUR,C010
NL01-2025-002995,1,2025-04-15,1000,28559.74,0.00,EUR,C010
NL01-2025-002995,2,2025-04-15,1200,0.00,28559.74,EUR,C010
NL01-2025-002996,1,2025-03-15,1200,12706.36,0.00,EUR,C034
NL01-2025-002996,2,2025-03-15,4000,0.00,9791.96,EUR,C034
NL01-2025-002996,3,2025-03-15,4100,0.00,2914.40,EUR,C034
NL01-2025-002997,1,2025-04-26,1000,12706.36,0.00,EUR,C034
NL01-2025-002997,2,2025-04-26,1200,0.00,12706.36,EUR,C034
NL01-2025-002998,1,2025-03-07,1200,12244.53,0.00,EUR,C001
NL01-2025-002998,2,2025-03-07,4000,0.00,9436.06,EUR,C001
NL01-2025-002998,3,2025-03-07,4100,0.00,2808.47,EUR,C001
NL01-2025-002999,1,2025-04-09,1000,12244.53,0.00,EUR,C001
NL01-2025-002999,2,2025-04-09,1200,0.00,12244.53,EUR,C001
NL01-2025-003000,1,2025-03-13,1200,18381.34,0.00,EUR,C030
NL01-2025-003000,2,2025-03-13,4000,0.00,14165.30,EUR,C030
NL01-2025-003000,3,2025-03-13,4100,0.00,4216.04,EUR,C030
NL01-2025-003001,1,2025-04-15,1000,18381.34,0.00,EUR,C030
NL01-2025-003001,2,2025-04-15,1200,0.00,18381.34,EUR,C030
NL01-2025-003002,1,2025-03-30,1200,132641.64,0.00,EUR,C028
NL01-2025-003002,2,2025-03-30,4000,0.00,102218.26,EUR,C028
NL01-2025-003002,3,2025-03-30,4100,0.00,30423.38,EUR,C028
NL01-2025-003003,1,2025-04-30,1000,132641.64,0.00,EUR,C028
NL01-2025-003003,2,2025-04-30,1200,0.00,132641.64,EUR,C028
NL01-2025-003004,1,2025-03-26,1200,4079.38,0.00,EUR,C029
NL01-2025-003004,2,2025-03-26,4000,0.00,3143.71,EUR,C029
NL01-2025-003004,3,2025-03-26,4100,0.00,935.67,EUR,C029
NL01-2025-003005,1,2025-04-12,1000,4079.38,0.00,EUR,C029
NL01-2025-003005,2,2025-04-12,1200,0.00,4079.38,EUR,C029
NL01-2025-003006,1,2025-03-18,1200,2367.93,0.00,EUR,C019
NL01-2025-003006,2,2025-03-18,4000,0.00,1824.81,EUR,C019
NL01-2025-003006,3,2025-03-18,4100,0.00,543.12,EUR,C019
NL01-2025-003007,1,2025-04-18,1000,2367.93,0.00,EUR,C019
NL01-2025-003007,2,2025-04-18,1200,0.00,2367.93,EUR,C019
NL01-2025-003008,1,2025-03-18,1200,9286.10,0.00,EUR,C039
NL01-2025-003008,2,2025-03-18,4000,0.00,7156.19,EUR,C039
NL01-2025-003008,3,2025-03-18,4100,0.00,2129.91,EUR,C039
NL01-2025-003009,1,2025-04-06,1000,9286.10,0.00,EUR,C039
NL01-2025-003009,2,2025-04-06,1200,0.00,9286.10,EUR,C039
NL01-2025-003010,1,2025-03-04,1200,5382.54,0.00,EUR,C034
NL01-2025-003010,2,2025-03-04,4000,0.00,4147.97,EUR,C034
NL01-2025-003010,3,2025-03-04,4100,0.00,1234.57,EUR,C034
NL01-2025-003011,1,2025-05-08,1000,5382.54,0.00,EUR,C034
NL01-2025-003011,2,2025-05-08,1200,0.00,5382.54,EUR,C034
NL01-2025-003012,1,2025-03-21,1200,3760.78,0.00,EUR,C025
NL01-2025-003012,2,2025-03-21,4000,0.00,2898.19,EUR,C025
NL01-2025-003012,3,2025-03-21,4100,0.00,862.59,EUR,C025
NL01-2025-003013,1,2025-04-14,1000,3760.78,0.00,EUR,C025
NL01-2025-003013,2,2025-04-14,1200,0.00,3760.78,EUR,C025
NL01-2025-003014,1,2025-03-08,1200,2361.47,0.00,EUR,C012
NL01-2025-003014,2,2025-03-08,4000,0.00,1819.83,EUR,C012
NL01-2025-003014,3,2025-03-08,4100,0.00,541.64,EUR,C012
NL01-2025-003015,1,2025-05-02,1000,2361.47,0.00,EUR,C012
NL01-2025-003015,2,2025-05-02,1200,0.00,2361.47,EUR,C012
NL01-2025-003016,1,2025-03-06,1200,6527.72,0.00,EUR,C013
NL01-2025-003016,2,2025-03-06,4000,0.00,5030.49,EUR,C013
NL01-2025-003016,3,2025-03-06,4100,0.00,1497.23,EUR,C013
NL01-2025-003017,1,2025-04-17,1000,6527.72,0.00,EUR,C013
NL01-2025-003017,2,2025-04-17,1200,0.00,6527.72,EUR,C013
NL01-2025-003018,1,2025-03-17,1200,2190.53,0.00,EUR,C027
NL01-2025-003018,2,2025-03-17,4000,0.00,1688.10,EUR,C027
NL01-2025-003018,3,2025-03-17,4100,0.00,502.43,EUR,C027
NL01-2025-003019,1,2025-05-03,1000,2190.53,0.00,EUR,C027
NL01-2025-003019,2,2025-05-03,1200,0.00,2190.53,EUR,C027
NL01-2025-003020,1,2025-03-28,1200,4074.35,0.00,EUR,C013
NL01-2025-003020,2,2025-03-28,4000,0.00,3139.84,EUR,C013
NL01-2025-003020,3,2025-03-28,4100,0.00,934.51,EUR,C013
NL01-2025-003021,1,2025-04-21,1000,4074.35,0.00,EUR,C013
NL01-2025-003021,2,2025-04-21,1200,0.00,4074.35,EUR,C013
NL01-2025-003022,1,2025-03-24,1200,20348.30,0.00,EUR,C034
NL01-2025-003022,2,2025-03-24,4000,0.00,15681.11,EUR,C034
NL01-2025-003022,3,2025-03-24,4100,0.00,4667.19,EUR,C034
NL01-2025-003023,1,2025-05-13,1000,20348.30,0.00,EUR,C034
NL01-2025-003023,2,2025-05-13,1200,0.00,20348.30,EUR,C034
NL01-2025-003024,1,2025-03-25,1200,3022.57,0.00,EUR,C011
NL01-2025-003024,2,2025-03-25,4000,0.00,2329.30,EUR,C011
NL01-2025-003024,3,2025-03-25,4100,0.00,693.27,EUR,C011
NL01-2025-003025,1,2025-05-04,1000,3022.57,0.00,EUR,C011
NL01-2025-003025,2,2025-05-04,1200,0.00,3022.57,EUR,C011
NL01-2025-003026,1,2025-03-20,1300,484350.61,0.00,EUR,V013
NL01-2025-003026,2,2025-03-20,2100,0.00,484350.61,EUR,V013
NL01-2025-003027,1,2025-04-15,2100,484350.61,0.00,EUR,V013
NL01-2025-003027,2,2025-04-15,1000,0.00,484350.61,EUR,V013
NL01-2025-003028,1,2025-03-11,1300,10500.25,0.00,EUR,V023
NL01-2025-003028,2,2025-03-11,2100,0.00,10500.25,EUR,V023
NL01-2025-003029,1,2025-04-21,2100,10500.25,0.00,EUR,V023
NL01-2025-003029,2,2025-04-21,1000,0.00,10500.25,EUR,V023
NL01-2025-003030,1,2025-03-06,1300,42031.89,0.00,EUR,V007
NL01-2025-003030,2,2025-03-06,2100,0.00,42031.89,EUR,V007
NL01-2025-003031,1,2025-04-06,2100,42031.89,0.00,EUR,V007
NL01-2025-003031,2,2025-04-06,1000,0.00,42031.89,EUR,V007
NL01-2025-003032,1,2025-03-24,1300,67018.22,0.00,EUR,V006
NL01-2025-003032,2,2025-03-24,2100,0.00,67018.22,EUR,V006
NL01-2025-003033,1,2025-04-21,2100,67018.22,0.00,EUR,V006
NL01-2025-003033,2,2025-04-21,1000,0.00,67018.22,EUR,V006
NL01-2025-003034,1,2025-03-31,5000,573692.64,0.00,EUR,
NL01-2025-003034,2,2025-03-31,1300,0.00,573692.64,EUR,
NL01-2025-003035,1,2025-03-01,6100,61484.08,0.00,EUR,V037
NL01-2025-003035,2,2025-03-01,2100,0.00,61484.08,EUR,V037
NL01-2025-003036,1,2025-04-02,2100,61484.08,0.00,EUR,V037
NL01-2025-003036,2,2025-04-02,1000,0.00,61484.08,EUR,V037
NL01-2025-003037,1,2025-03-07,6200,52306.91,0.00,EUR,V029
NL01-2025-003037,2,2025-03-07,2100,0.00,52306.91,EUR,V029
NL01-2025-003038,1,2025-04-09,2100,52306.91,0.00,EUR,V029
NL01-2025-003038,2,2025-04-09,1000,0.00,52306.91,EUR,V029
NL01-2025-003039,1,2025-03-07,6300,15846.51,0.00,EUR,V028
NL01-2025-003039,2,2025-03-07,2100,0.00,15846.51,EUR,V028
NL01-2025-003040,1,2025-04-17,2100,15846.51,0.00,EUR,V028
NL01-2025-003040,2,2025-04-17,1000,0.00,15846.51,EUR,V028
NL01-2025-003041,1,2025-03-02,6400,32122.60,0.00,EUR,V057
NL01-2025-003041,2,2025-03-02,2100,0.00,32122.60,EUR,V057
NL01-2025-003042,1,2025-04-04,2100,32122.60,0.00,EUR,V057
NL01-2025-003042,2,2025-04-04,1000,0.00,32122.60,EUR,V057
NL01-2025-003043,1,2025-03-25,6000,392798.43,0.00,EUR,
NL01-2025-003043,2,2025-03-25,1000,0.00,392798.43,EUR,
NL01-2025-003044,1,2025-03-31,6900,15625.00,0.00,EUR,
NL01-2025-003044,2,2025-03-31,1590,0.00,15625.00,EUR,
NL01-2025-003045,1,2025-04-29,1200,13139.42,0.00,EUR,C021
NL01-2025-003045,2,2025-04-29,4000,0.00,10242.88,EUR,C021
NL01-2025-003045,3,2025-04-29,4100,0.00,2896.54,EUR,C021
NL01-2025-003046,1,2025-07-07,1000,13139.42,0.00,EUR,C021
NL01-2025-003046,2,2025-07-07,1200,0.00,13139.42,EUR,C021
NL01-2025-003047,1,2025-04-04,1200,6778.24,0.00,EUR,C022
NL01-2025-003047,2,2025-04-04,4000,0.00,5284.00,EUR,C022
NL01-2025-003047,3,2025-04-04,4100,0.00,1494.24,EUR,C022
NL01-2025-003048,1,2025-05-02,1000,6778.24,0.00,EUR,C022
NL01-2025-003048,2,2025-05-02,1200,0.00,6778.24,EUR,C022
NL01-2025-003049,1,2025-04-24,1200,9633.27,0.00,EUR,C039
NL01-2025-003049,2,2025-04-24,4000,0.00,7509.65,EUR,C039
NL01-2025-003049,3,2025-04-24,4100,0.00,2123.62,EUR,C039
NL01-2025-003050,1,2025-05-18,1000,9633.27,0.00,EUR,C039
NL01-2025-003050,2,2025-05-18,1200,0.00,9633.27,EUR,C039
NL01-2025-003051,1,2025-04-22,1200,1414.88,0.00,EUR,C038
NL01-2025-003051,2,2025-04-22,4000,0.00,1102.97,EUR,C038
NL01-2025-003051,3,2025-04-22,4100,0.00,311.91,EUR,C038
NL01-2025-003052,1,2025-06-08,1000,1414.88,0.00,EUR,C038
NL01-2025-003052,2,2025-06-08,1200,0.00,1414.88,EUR,C038
NL01-2025-003053,1,2025-04-29,1200,14214.70,0.00,EUR,C039
NL01-2025-003053,2,2025-04-29,4000,0.00,11081.11,EUR,C039
NL01-2025-003053,3,2025-04-29,4100,0.00,3133.59,EUR,C039
NL01-2025-003054,1,2025-06-13,1000,14214.70,0.00,EUR,C039
NL01-2025-003054,2,2025-06-13,1200,0.00,14214.70,EUR,C039
NL01-2025-003055,1,2025-04-14,1200,720.43,0.00,EUR,C015
NL01-2025-003055,2,2025-04-14,4000,0.00,561.61,EUR,C015
NL01-2025-003055,3,2025-04-14,4100,0.00,158.82,EUR,C015
NL01-2025-003056,1,2025-05-15,1000,720.43,0.00,EUR,C015
NL01-2025-003056,2,2025-05-15,1200,0.00,720.43,EUR,C015
NL01-2025-003057,1,2025-04-16,1200,1679.61,0.00,EUR,C014
NL01-2025-003057,2,2025-04-16,4000,0.00,1309.35,EUR,C014
NL01-2025-003057,3,2025-04-16,4100,0.00,370.26,EUR,C014
NL01-2025-003058,1,2025-05-10,1000,1679.61,0.00,EUR,C014
NL01-2025-003058,2,2025-05-10,1200,0.00,1679.61,EUR,C014
NL01-2025-003059,1,2025-04-17,1200,5395.45,0.00,EUR,C030
NL01-2025-003059,2,2025-04-17,4000,0.00,4206.04,EUR,C030
NL01-2025-003059,3,2025-04-17,4100,0.00,1189.41,EUR,C030
NL01-2025-003060,1,2025-05-18,1000,5395.45,0.00,EUR,C030
NL01-2025-003060,2,2025-05-18,1200,0.00,5395.45,EUR,C030
NL01-2025-003061,1,2025-04-16,1200,4373.67,0.00,EUR,C017
NL01-2025-003061,2,2025-04-16,4000,0.00,3409.51,EUR,C017
NL01-2025-003061,3,2025-04-16,4100,0.00,964.16,EUR,C017
NL01-2025-003062,1,2025-05-20,1000,4373.67,0.00,EUR,C017
NL01-2025-003062,2,2025-05-20,1200,0.00,4373.67,EUR,C017
NL01-2025-003063,1,2025-04-20,1200,60606.86,0.00,EUR,C001
NL01-2025-003063,2,2025-04-20,4000,0.00,47246.27,EUR,C001
NL01-2025-003063,3,2025-04-20,4100,0.00,13360.59,EUR,C001
NL01-2025-003064,1,2025-05-29,1000,60606.86,0.00,EUR,C001
NL01-2025-003064,2,2025-05-29,1200,0.00,60606.86,EUR,C001
NL01-2025-003065,1,2025-04-12,1200,14858.73,0.00,EUR,C008
NL01-2025-003065,2,2025-04-12,4000,0.00,11583.17,EUR,C008
NL01-2025-003065,3,2025-04-12,4100,0.00,3275.56,EUR,C008
NL01-2025-003066,1,2025-05-04,1000,14858.73,0.00,EUR,C008
NL01-2025-003066,2,2025-05-04,1200,0.00,14858.73,EUR,C008
NL01-2025-003067,1,2025-04-14,1200,4207.02,0.00,EUR,C035
NL01-2025-003067,2,2025-04-14,4000,0.00,3279.60,EUR,C035
NL01-2025-003067,3,2025-04-14,4100,0.00,927.42,EUR,C035
NL01-2025-003068,1,2025-05-06,1000,4207.02,0.00,EUR,C035
NL01-2025-003068,2,2025-05-06,1200,0.00,4207.02,EUR,C035
NL01-2025-003069,1,2025-04-26,1200,5057.36,0.00,EUR,C031
NL01-2025-003069,2,2025-04-26,4000,0.00,3942.48,EUR,C031
NL01-2025-003069,3,2025-04-26,4100,0.00,1114.88,EUR,C031
NL01-2025-003070,1,2025-06-29,1000,5057.36,0.00,EUR,C031
NL01-2025-003070,2,2025-06-29,1200,0.00,5057.36,EUR,C031
NL01-2025-003071,1,2025-04-04,1200,19116.19,0.00,EUR,C026
NL01-2025-003071,2,2025-04-04,4000,0.00,14902.09,EUR,C026
NL01-2025-003071,3,2025-04-04,4100,0.00,4214.10,EUR,C026
NL01-2025-003072,1,2025-04-27,1000,19116.19,0.00,EUR,C026
NL01-2025-003072,2,2025-04-27,1200,0.00,19116.19,EUR,C026
NL01-2025-003073,1,2025-04-30,1200,1923.02,0.00,EUR,C001
NL01-2025-003073,2,2025-04-30,4000,0.00,1499.10,EUR,C001
NL01-2025-003073,3,2025-04-30,4100,0.00,423.92,EUR,C001
NL01-2025-003074,1,2025-06-27,1000,1923.02,0.00,EUR,C001
NL01-2025-003074,2,2025-06-27,1200,0.00,1923.02,EUR,C001
NL01-2025-003075,1,2025-04-23,1200,4476.05,0.00,EUR,C012
NL01-2025-003075,2,2025-04-23,4000,0.00,3489.32,EUR,C012
NL01-2025-003075,3,2025-04-23,4100,0.00,986.73,EUR,C012
NL01-2025-003076,1,2025-06-21,1000,4476.05,0.00,EUR,C012
NL01-2025-003076,2,2025-06-21,1200,0.00,4476.05,EUR,C012
NL01-2025-003077,1,2025-04-27,1200,12181.42,0.00,EUR,C004
NL01-2025-003077,2,2025-04-27,4000,0.00,9496.06,EUR,C004
NL01-2025-003077,3,2025-04-27,4100,0.00,2685.36,EUR,C004
NL01-2025-003078,1,2025-06-16,1000,12181.42,0.00,EUR,C004
NL01-2025-003078,2,2025-06-16,1200,0.00,12181.42,EUR,C004
NL01-2025-003079,1,2025-04-14,1200,4403.00,0.00,EUR,C004
NL01-2025-003079,2,2025-04-14,4000,0.00,3432.37,EUR,C004
NL01-2025-003079,3,2025-04-14,4100,0.00,970.63,EUR,C004
NL01-2025-003080,1,2025-05-18,1000,4403.00,0.00,EUR,C004
NL01-2025-003080,2,2025-05-18,1200,0.00,4403.00,EUR,C004
NL01-2025-003081,1,2025-04-08,1200,2680.48,0.00,EUR,C004
NL01-2025-003081,2,2025-04-08,4000,0.00,2089.58,EUR,C004
NL01-2025-003081,3,2025-04-08,4100,0.00,590.90,EUR,C004
NL01-2025-003082,1,2025-05-04,1000,2680.48,0.00,EUR,C004
NL01-2025-003082,2,2025-05-04,1200,0.00,2680.48,EUR,C004
NL01-2025-003083,1,2025-04-21,1200,11453.16,0.00,EUR,C028
NL01-2025-003083,2,2025-04-21,4000,0.00,8928.35,EUR,C028
NL01-2025-003083,3,2025-04-21,4100,0.00,2524.81,EUR,C028
NL01-2025-003084,1,2025-05-20,1000,11453.16,0.00,EUR,C028
NL01-2025-003084,2,2025-05-20,1200,0.00,11453.16,EUR,C028
NL01-2025-003085,1,2025-04-11,1200,3080.42,0.00,EUR,C030
NL01-2025-003085,2,2025-04-11,4000,0.00,2401.35,EUR,C030
NL01-2025-003085,3,2025-04-11,4100,0.00,679.07,EUR,C030
NL01-2025-003086,1,2025-05-18,1000,3080.42,0.00,EUR,C030
NL01-2025-003086,2,2025-05-18,1200,0.00,3080.42,EUR,C030
NL01-2025-003087,1,2025-04-21,1200,25459.18,0.00,EUR,C025
NL01-2025-003087,2,2025-04-21,4000,0.00,19846.78,EUR,C025
NL01-2025-003087,3,2025-04-21,4100,0.00,5612.40,EUR,C025
NL01-2025-003088,1,2025-07-01,1000,25459.18,0.00,EUR,C025
NL01-2025-003088,2,2025-07-01,1200,0.00,25459.18,EUR,C025
NL01-2025-003089,1,2025-04-15,1200,7092.70,0.00,EUR,C016
NL01-2025-003089,2,2025-04-15,4000,0.00,5529.14,EUR,C016
NL01-2025-003089,3,2025-04-15,4100,0.00,1563.56,EUR,C016
NL01-2025-003090,1,2025-05-18,1000,7092.70,0.00,EUR,C016
NL01-2025-003090,2,2025-05-18,1200,0.00,7092.70,EUR,C016
NL01-2025-003091,1,2025-04-30,1200,7382.81,0.00,EUR,C017
NL01-2025-003091,2,2025-04-30,4000,0.00,5755.29,EUR,C017
NL01-2025-003091,3,2025-04-30,4100,0.00,1627.52,EUR,C017
NL01-2025-003092,1,2025-05-31,1000,7382.81,0.00,EUR,C017
NL01-2025-003092,2,2025-05-31,1200,0.00,7382.81,EUR,C017
NL01-2025-003093,1,2025-04-14,1200,9640.71,0.00,EUR,C011
NL01-2025-003093,2,2025-04-14,4000,0.00,7515.45,EUR,C011
NL01-2025-003093,3,2025-04-14,4100,0.00,2125.26,EUR,C011
NL01-2025-003094,1,2025-05-10,1000,9640.71,0.00,EUR,C011
NL01-2025-003094,2,2025-05-10,1200,0.00,9640.71,EUR,C011
NL01-2025-003095,1,2025-04-09,1200,27030.51,0.00,EUR,C001
NL01-2025-003095,2,2025-04-09,4000,0.00,21071.72,EUR,C001
NL01-2025-003095,3,2025-04-09,4100,0.00,5958.79,EUR,C001
NL01-2025-003096,1,2025-05-28,1000,27030.51,0.00,EUR,C001
NL01-2025-003096,2,2025-05-28,1200,0.00,27030.51,EUR,C001
NL01-2025-003097,1,2025-04-21,1200,5643.55,0.00,EUR,C036
NL01-2025-003097,2,2025-04-21,4000,0.00,4399.45,EUR,C036
NL01-2025-003097,3,2025-04-21,4100,0.00,1244.10,EUR,C036
NL01-2025-003098,1,2025-06-06,1000,5643.55,0.00,EUR,C036
NL01-2025-003098,2,2025-06-06,1200,0.00,5643.55,EUR,C036
NL01-2025-003099,1,2025-04-30,1200,41125.02,0.00,EUR,C030
NL01-2025-003099,2,2025-04-30,4000,0.00,32059.14,EUR,C030
NL01-2025-003099,3,2025-04-30,4100,0.00,9065.88,EUR,C030
NL01-2025-003100,1,2025-05-25,1000,41125.02,0.00,EUR,C030
NL01-2025-003100,2,2025-05-25,1200,0.00,41125.02,EUR,C030
NL01-2025-003101,1,2025-04-30,1200,10192.12,0.00,EUR,C022
NL01-2025-003101,2,2025-04-30,4000,0.00,7945.30,EUR,C022
NL01-2025-003101,3,2025-04-30,4100,0.00,2246.82,EUR,C022
NL01-2025-003102,1,2025-06-08,1000,10192.12,0.00,EUR,C022
NL01-2025-003102,2,2025-06-08,1200,0.00,10192.12,EUR,C022
NL01-2025-003103,1,2025-04-30,1200,11402.19,0.00,EUR,C039
NL01-2025-003103,2,2025-04-30,4000,0.00,8888.61,EUR,C039
NL01-2025-003103,3,2025-04-30,4100,0.00,2513.58,EUR,C039
NL01-2025-003104,1,2025-06-15,1000,11402.19,0.00,EUR,C039
NL01-2025-003104,2,2025-06-15,1200,0.00,11402.19,EUR,C039
NL01-2025-003105,1,2025-04-25,1200,3393.67,0.00,EUR,C026
NL01-2025-003105,2,2025-04-25,4000,0.00,2645.55,EUR,C026
NL01-2025-003105,3,2025-04-25,4100,0.00,748.12,EUR,C026
NL01-2025-003106,1,2025-06-11,1000,3393.67,0.00,EUR,C026
NL01-2025-003106,2,2025-06-11,1200,0.00,3393.67,EUR,C026
NL01-2025-003107,1,2025-04-27,1200,3189.25,0.00,EUR,C013
NL01-2025-003107,2,2025-04-27,4000,0.00,2486.19,EUR,C013
NL01-2025-003107,3,2025-04-27,4100,0.00,703.06,EUR,C013
NL01-2025-003108,1,2025-05-31,1000,3189.25,0.00,EUR,C013
NL01-2025-003108,2,2025-05-31,1200,0.00,3189.25,EUR,C013
NL01-2025-003109,1,2025-04-28,1200,5511.98,0.00,EUR,C018
NL01-2025-003109,2,2025-04-28,4000,0.00,4296.88,EUR,C018
NL01-2025-003109,3,2025-04-28,4100,0.00,1215.10,EUR,C018
NL01-2025-003110,1,2025-06-08,1000,5511.98,0.00,EUR,C018
NL01-2025-003110,2,2025-06-08,1200,0.00,5511.98,EUR,C018
NL01-2025-003111,1,2025-04-12,1200,8171.28,0.00,EUR,C012
NL01-2025-003111,2,2025-04-12,4000,0.00,6369.95,EUR,C012
NL01-2025-003111,3,2025-04-12,4100,0.00,1801.33,EUR,C012
NL01-2025-003112,1,2025-06-17,1000,8171.28,0.00,EUR,C012
NL01-2025-003112,2,2025-06-17,1200,0.00,8171.28,EUR,C012
NL01-2025-003113,1,2025-04-27,1200,2184.59,0.00,EUR,C033
NL01-2025-003113,2,2025-04-27,4000,0.00,1703.00,EUR,C033
NL01-2025-003113,3,2025-04-27,4100,0.00,481.59,EUR,C033
NL01-2025-003114,1,2025-06-04,1000,2184.59,0.00,EUR,C033
NL01-2025-003114,2,2025-06-04,1200,0.00,2184.59,EUR,C033
NL01-2025-003115,1,2025-04-04,1200,11076.18,0.00,EUR,C021
NL01-2025-003115,2,2025-04-04,4000,0.00,8634.47,EUR,C021
NL01-2025-003115,3,2025-04-04,4100,0.00,2441.71,EUR,C021
NL01-2025-003116,1,2025-04-17,1000,11076.18,0.00,EUR,C021
NL01-2025-003116,2,2025-04-17,1200,0.00,11076.18,EUR,C021
NL01-2025-003117,1,2025-04-18,1200,16303.36,0.00,EUR,C007
NL01-2025-003117,2,2025-04-18,4000,0.00,12709.33,EUR,C007
NL01-2025-003117,3,2025-04-18,4100,0.00,3594.03,EUR,C007
NL01-2025-003118,1,2025-05-07,1000,16303.36,0.00,EUR,C007
NL01-2025-003118,2,2025-05-07,1200,0.00,16303.36,EUR,C007
NL01-2025-003119,1,2025-04-28,1200,3995.36,0.00,EUR,C025
NL01-2025-003119,2,2025-04-28,4000,0.00,3114.60,EUR,C025
NL01-2025-003119,3,2025-04-28,4100,0.00,880.76,EUR,C025
NL01-2025-003120,1,2025-05-28,1000,3995.36,0.00,EUR,C025
NL01-2025-003120,2,2025-05-28,1200,0.00,3995.36,EUR,C025
NL01-2025-003121,1,2025-04-18,1200,5773.29,0.00,EUR,C017
NL01-2025-003121,2,2025-04-18,4000,0.00,4500.59,EUR,C017
NL01-2025-003121,3,2025-04-18,4100,0.00,1272.70,EUR,C017
NL01-2025-003122,1,2025-05-08,1000,5773.29,0.00,EUR,C017
NL01-2025-003122,2,2025-05-08,1200,0.00,5773.29,EUR,C017
NL01-2025-003123,1,2025-04-23,1200,4128.80,0.00,EUR,C038
NL01-2025-003123,2,2025-04-23,4000,0.00,3218.62,EUR,C038
NL01-2025-003123,3,2025-04-23,4100,0.00,910.18,EUR,C038
NL01-2025-003124,1,2025-05-21,1000,4128.80,0.00,EUR,C038
NL01-2025-003124,2,2025-05-21,1200,0.00,4128.80,EUR,C038
NL01-2025-003125,1,2025-04-18,1200,5549.13,0.00,EUR,C010
NL01-2025-003125,2,2025-04-18,4000,0.00,4325.84,EUR,C010
NL01-2025-003125,3,2025-04-18,4100,0.00,1223.29,EUR,C010
NL01-2025-003126,1,2025-05-29,1000,5549.13,0.00,EUR,C010
NL01-2025-003126,2,2025-05-29,1200,0.00,5549.13,EUR,C010
NL01-2025-003127,1,2025-04-05,1200,7698.75,0.00,EUR,C015
NL01-2025-003127,2,2025-04-05,4000,0.00,6001.58,EUR,C015
NL01-2025-003127,3,2025-04-05,4100,0.00,1697.17,EUR,C015
NL01-2025-003128,1,2025-04-29,1000,7698.75,0.00,EUR,C015
NL01-2025-003128,2,2025-04-29,1200,0.00,7698.75,EUR,C015
NL01-2025-003129,1,2025-04-07,1200,42015.09,0.00,EUR,C015
NL01-2025-003129,2,2025-04-07,4000,0.00,32752.99,EUR,C015
NL01-2025-003129,3,2025-04-07,4100,0.00,9262.10,EUR,C015
NL01-2025-003130,1,2025-05-15,1000,42015.09,0.00,EUR,C015
NL01-2025-003130,2,2025-05-15,1200,0.00,42015.09,EUR,C015
NL01-2025-003131,1,2025-04-29,1200,7445.00,0.00,EUR,C008
NL01-2025-003131,2,2025-04-29,4000,0.00,5803.77,EUR,C008
NL01-2025-003131,3,2025-04-29,4100,0.00,1641.23,EUR,C008
NL01-2025-003132,1,2025-06-02,1000,7445.00,0.00,EUR,C008
NL01-2025-003132,2,2025-06-02,1200,0.00,7445.00,EUR,C008
NL01-2025-003133,1,2025-04-14,1200,6428.93,0.00,EUR,C030
NL01-2025-003133,2,2025-04-14,4000,0.00,5011.69,EUR,C030
NL01-2025-003133,3,2025-04-14,4100,0.00,1417.24,EUR,C030
NL01-2025-003134,1,2025-05-04,1000,6428.93,0.00,EUR,C030
NL01-2025-003134,2,2025-05-04,1200,0.00,6428.93,EUR,C030
NL01-2025-003135,1,2025-04-13,1200,10880.21,0.00,EUR,C025
NL01-2025-003135,2,2025-04-13,4000,0.00,8481.70,EUR,C025
NL01-2025-003135,3,2025-04-13,4100,0.00,2398.51,EUR,C025
NL01-2025-003136,1,2025-05-23,1000,10880.21,0.00,EUR,C025
NL01-2025-003136,2,2025-05-23,1200,0.00,10880.21,EUR,C025
NL01-2025-003137,1,2025-04-29,1200,10820.43,0.00,EUR,C019
NL01-2025-003137,2,2025-04-29,4000,0.00,8435.10,EUR,C019
NL01-2025-003137,3,2025-04-29,4100,0.00,2385.33,EUR,C019
NL01-2025-003138,1,2025-05-23,1000,10820.43,0.00,EUR,C019
NL01-2025-003138,2,2025-05-23,1200,0.00,10820.43,EUR,C019
NL01-2025-003139,1,2025-04-24,1200,13315.95,0.00,EUR,C029
NL01-2025-003139,2,2025-04-24,4000,0.00,10380.49,EUR,C029
NL01-2025-003139,3,2025-04-24,4100,0.00,2935.46,EUR,C029
NL01-2025-003140,1,2025-06-02,1000,13315.95,0.00,EUR,C029
NL01-2025-003140,2,2025-06-02,1200,0.00,13315.95,EUR,C029
NL01-2025-003141,1,2025-04-29,1200,11920.04,0.00,EUR,C001
NL01-2025-003141,2,2025-04-29,4000,0.00,9292.30,EUR,C001
NL01-2025-003141,3,2025-04-29,4100,0.00,2627.74,EUR,C001
NL01-2025-003142,1,2025-06-05,1000,11920.04,0.00,EUR,C001
NL01-2025-003142,2,2025-06-05,1200,0.00,11920.04,EUR,C001
NL01-2025-003143,1,2025-04-11,1200,9540.70,0.00,EUR,C037
NL01-2025-003143,2,2025-04-11,4000,0.00,7437.48,EUR,C037
NL01-2025-003143,3,2025-04-11,4100,0.00,2103.22,EUR,C037
NL01-2025-003144,1,2025-05-30,1000,9540.70,0.00,EUR,C037
NL01-2025-003144,2,2025-05-30,1200,0.00,9540.70,EUR,C037
NL01-2025-003145,1,2025-04-20,1200,4280.71,0.00,EUR,C006
NL01-2025-003145,2,2025-04-20,4000,0.00,3337.04,EUR,C006
NL01-2025-003145,3,2025-04-20,4100,0.00,943.67,EUR,C006
NL01-2025-003146,1,2025-05-12,1000,4280.71,0.00,EUR,C006
NL01-2025-003146,2,2025-05-12,1200,0.00,4280.71,EUR,C006
NL01-2025-003147,1,2025-04-25,1200,25131.48,0.00,EUR,C039
NL01-2025-003147,2,2025-04-25,4000,0.00,19591.32,EUR,C039
NL01-2025-003147,3,2025-04-25,4100,0.00,5540.16,EUR,C039
NL01-2025-003148,1,2025-06-03,1000,25131.48,0.00,EUR,C039
NL01-2025-003148,2,2025-06-03,1200,0.00,25131.48,EUR,C039
NL01-2025-003149,1,2025-04-22,1200,15074.35,0.00,EUR,C025
NL01-2025-003149,2,2025-04-22,4000,0.00,11751.26,EUR,C025
NL01-2025-003149,3,2025-04-22,4100,0.00,3323.09,EUR,C025
NL01-2025-003150,1,2025-05-12,1000,15074.35,0.00,EUR,C025
NL01-2025-003150,2,2025-05-12,1200,0.00,15074.35,EUR,C025
NL01-2025-003151,1,2025-04-20,1200,20463.13,0.00,EUR,C015
NL01-2025-003151,2,2025-04-20,4000,0.00,15952.10,EUR,C015
NL01-2025-003151,3,2025-04-20,4100,0.00,4511.03,EUR,C015
NL01-2025-003152,1,2025-05-23,1000,20463.13,0.00,EUR,C015
NL01-2025-003152,2,2025-05-23,1200,0.00,20463.13,EUR,C015
NL01-2025-003153,1,2025-04-15,1200,3744.99,0.00,EUR,C004
NL01-2025-003153,2,2025-04-15,4000,0.00,2919.42,EUR,C004
NL01-2025-003153,3,2025-04-15,4100,0.00,825.57,EUR,C004
NL01-2025-003154,1,2025-05-04,1000,3744.99,0.00,EUR,C004
NL01-2025-003154,2,2025-05-04,1200,0.00,3744.99,EUR,C004
NL01-2025-003155,1,2025-04-10,1200,12538.87,0.00,EUR,C006
NL01-2025-003155,2,2025-04-10,4000,0.00,9774.71,EUR,C006
NL01-2025-003155,3,2025-04-10,4100,0.00,2764.16,EUR,C006
NL01-2025-003156,1,2025-05-28,1000,12538.87,0.00,EUR,C006
NL01-2025-003156,2,2025-05-28,1200,0.00,12538.87,EUR,C006
NL01-2025-003157,1,2025-04-12,1200,58064.58,0.00,EUR,C018
NL01-2025-003157,2,2025-04-12,4000,0.00,45264.42,EUR,C018
NL01-2025-003157,3,2025-04-12,4100,0.00,12800.16,EUR,C018
NL01-2025-003158,1,2025-05-19,1000,58064.58,0.00,EUR,C018
NL01-2025-003158,2,2025-05-19,1200,0.00,58064.58,EUR,C018
NL01-2025-003159,1,2025-04-09,1200,16645.55,0.00,EUR,C001
NL01-2025-003159,2,2025-04-09,4000,0.00,12976.09,EUR,C001
NL01-2025-003159,3,2025-04-09,4100,0.00,3669.46,EUR,C001
NL01-2025-003160,1,2025-05-12,1000,16645.55,0.00,EUR,C001
NL01-2025-003160,2,2025-05-12,1200,0.00,16645.55,EUR,C001
NL01-2025-003161,1,2025-04-05,1200,17141.05,0.00,EUR,C006
NL01-2025-003161,2,2025-04-05,4000,0.00,13362.36,EUR,C006
NL01-2025-003161,3,2025-04-05,4100,0.00,3778.69,EUR,C006
NL01-2025-003162,1,2025-05-25,1000,17141.05,0.00,EUR,C006
NL01-2025-003162,2,2025-05-25,1200,0.00,17141.05,EUR,C006
NL01-2025-003163,1,2025-04-20,1200,16209.50,0.00,EUR,C017
NL01-2025-003163,2,2025-04-20,4000,0.00,12636.17,EUR,C017
NL01-2025-003163,3,2025-04-20,4100,0.00,3573.33,EUR,C017
NL01-2025-003164,1,2025-05-15,1000,16209.50,0.00,EUR,C017
NL01-2025-003164,2,2025-05-15,1200,0.00,16209.50,EUR,C017
NL01-2025-003165,1,2025-04-23,1200,3219.91,0.00,EUR,C008
NL01-2025-003165,2,2025-04-23,4000,0.00,2510.09,EUR,C008
NL01-2025-003165,3,2025-04-23,4100,0.00,709.82,EUR,C008
NL01-2025-003166,1,2025-05-24,1000,3219.91,0.00,EUR,C008
NL01-2025-003166,2,2025-05-24,1200,0.00,3219.91,EUR,C008
NL01-2025-003167,1,2025-04-16,1200,2096.96,0.00,EUR,C003
NL01-2025-003167,2,2025-04-16,4000,0.00,1634.69,EUR,C003
NL01-2025-003167,3,2025-04-16,4100,0.00,462.27,EUR,C003
NL01-2025-003168,1,2025-05-13,1000,2096.96,0.00,EUR,C003
NL01-2025-003168,2,2025-05-13,1200,0.00,2096.96,EUR,C003
NL01-2025-003169,1,2025-04-05,1200,2667.61,0.00,EUR,C016
NL01-2025-003169,2,2025-04-05,4000,0.00,2079.54,EUR,C016
NL01-2025-003169,3,2025-04-05,4100,0.00,588.07,EUR,C016
NL01-2025-003170,1,2025-05-13,1000,2667.61,0.00,EUR,C016
NL01-2025-003170,2,2025-05-13,1200,0.00,2667.61,EUR,C016
NL01-2025-003171,1,2025-04-21,1200,29811.03,0.00,EUR,C023
NL01-2025-003171,2,2025-04-21,4000,0.00,23239.28,EUR,C023
NL01-2025-003171,3,2025-04-21,4100,0.00,6571.75,EUR,C023
NL01-2025-003172,1,2025-05-19,1000,29811.03,0.00,EUR,C023
NL01-2025-003172,2,2025-05-19,1200,0.00,29811.03,EUR,C023
NL01-2025-003173,1,2025-04-29,1200,6584.52,0.00,EUR,C039
NL01-2025-003173,2,2025-04-29,4000,0.00,5132.98,EUR,C039
NL01-2025-003173,3,2025-04-29,4100,0.00,1451.54,EUR,C039
NL01-2025-003174,1,2025-06-07,1000,6584.52,0.00,EUR,C039
NL01-2025-003174,2,2025-06-07,1200,0.00,6584.52,EUR,C039
NL01-2025-003175,1,2025-04-20,1200,5285.19,0.00,EUR,C001
NL01-2025-003175,2,2025-04-20,4000,0.00,4120.09,EUR,C001
NL01-2025-003175,3,2025-04-20,4100,0.00,1165.10,EUR,C001
NL01-2025-003176,1,2025-05-11,1000,5285.19,0.00,EUR,C001
NL01-2025-003176,2,2025-05-11,1200,0.00,5285.19,EUR,C001
NL01-2025-003177,1,2025-04-26,1200,13160.07,0.00,EUR,C036
NL01-2025-003177,2,2025-04-26,4000,0.00,10258.97,EUR,C036
NL01-2025-003177,3,2025-04-26,4100,0.00,2901.10,EUR,C036
NL01-2025-003178,1,2025-06-09,1000,13160.07,0.00,EUR,C036
NL01-2025-003178,2,2025-06-09,1200,0.00,13160.07,EUR,C036
NL01-2025-003179,1,2025-04-30,1200,4884.94,0.00,EUR,C004
NL01-2025-003179,2,2025-04-30,4000,0.00,3808.07,EUR,C004
NL01-2025-003179,3,2025-04-30,4100,0.00,1076.87,EUR,C004
NL01-2025-003180,1,2025-05-22,1000,4884.94,0.00,EUR,C004
NL01-2025-003180,2,2025-05-22,1200,0.00,4884.94,EUR,C004
NL01-2025-003181,1,2025-04-03,1200,23511.99,0.00,EUR,C009
NL01-2025-003181,2,2025-04-03,4000,0.00,18328.84,EUR,C009
NL01-2025-003181,3,2025-04-03,4100,0.00,5183.15,EUR,C009
NL01-2025-003182,1,2025-05-02,1000,23511.99,0.00,EUR,C009
NL01-2025-003182,2,2025-05-02,1200,0.00,23511.99,EUR,C009
NL01-2025-003183,1,2025-04-17,1200,29948.18,0.00,EUR,C010
NL01-2025-003183,2,2025-04-17,4000,0.00,23346.20,EUR,C010
NL01-2025-003183,3,2025-04-17,4100,0.00,6601.98,EUR,C010
NL01-2025-003184,1,2025-05-25,1000,29948.18,0.00,EUR,C010
NL01-2025-003184,2,2025-05-25,1200,0.00,29948.18,EUR,C010
NL01-2025-003185,1,2025-04-25,1200,15576.47,0.00,EUR,C035
NL01-2025-003185,2,2025-04-25,4000,0.00,12142.69,EUR,C035
NL01-2025-003185,3,2025-04-25,4100,0.00,3433.78,EUR,C035
NL01-2025-003186,1,2025-05-24,1000,15576.47,0.00,EUR,C035
NL01-2025-003186,2,2025-05-24,1200,0.00,15576.47,EUR,C035
NL01-2025-003187,1,2025-04-09,1200,13440.50,0.00,EUR,C004
NL01-2025-003187,2,2025-04-09,4000,0.00,10477.58,EUR,C004
NL01-2025-003187,3,2025-04-09,4100,0.00,2962.92,EUR,C004
NL01-2025-003188,1,2025-05-09,1000,13440.50,0.00,EUR,C004
NL01-2025-003188,2,2025-05-09,1200,0.00,13440.50,EUR,C004
NL01-2025-003189,1,2025-04-29,1200,5786.30,0.00,EUR,C011
NL01-2025-003189,2,2025-04-29,4000,0.00,4510.73,EUR,C011
NL01-2025-003189,3,2025-04-29,4100,0.00,1275.57,EUR,C011
NL01-2025-003190,1,2025-06-17,1000,5786.30,0.00,EUR,C011
NL01-2025-003190,2,2025-06-17,1200,0.00,5786.30,EUR,C011
NL01-2025-003191,1,2025-04-08,1200,2964.59,0.00,EUR,C027
NL01-2025-003191,2,2025-04-08,4000,0.00,2311.06,EUR,C027
NL01-2025-003191,3,2025-04-08,4100,0.00,653.53,EUR,C027
NL01-2025-003192,1,2025-05-02,1000,2964.59,0.00,EUR,C027
NL01-2025-003192,2,2025-05-02,1200,0.00,2964.59,EUR,C027
NL01-2025-003193,1,2025-04-15,1200,33656.12,0.00,EUR,C034
NL01-2025-003193,2,2025-04-15,4000,0.00,26236.73,EUR,C034
NL01-2025-003193,3,2025-04-15,4100,0.00,7419.39,EUR,C034
NL01-2025-003194,1,2025-05-23,1000,33656.12,0.00,EUR,C034
NL01-2025-003194,2,2025-05-23,1200,0.00,33656.12,EUR,C034
NL01-2025-003195,1,2025-04-14,1200,1562.22,0.00,EUR,C013
NL01-2025-003195,2,2025-04-14,4000,0.00,1217.83,EUR,C013
NL01-2025-003195,3,2025-04-14,4100,0.00,344.39,EUR,C013
NL01-2025-003196,1,2025-05-15,1000,1562.22,0.00,EUR,C013
NL01-2025-003196,2,2025-05-15,1200,0.00,1562.22,EUR,C013
NL01-2025-003197,1,2025-04-02,1200,20835.64,0.00,EUR,C012
NL01-2025-003197,2,2025-04-02,4000,0.00,16242.49,EUR,C012
NL01-2025-003197,3,2025-04-02,4100,0.00,4593.15,EUR,C012
NL01-2025-003198,1,2025-05-03,1000,20835.64,0.00,EUR,C012
NL01-2025-003198,2,2025-05-03,1200,0.00,20835.64,EUR,C012
NL01-2025-003199,1,2025-04-16,1200,9681.47,0.00,EUR,C005
NL01-2025-003199,2,2025-04-16,4000,0.00,7547.22,EUR,C005
NL01-2025-003199,3,2025-04-16,4100,0.00,2134.25,EUR,C005
NL01-2025-003200,1,2025-05-12,1000,9681.47,0.00,EUR,C005
NL01-2025-003200,2,2025-05-12,1200,0.00,9681.47,EUR,C005
NL01-2025-003201,1,2025-04-07,1200,2363.00,0.00,EUR,C038
NL01-2025-003201,2,2025-04-07,4000,0.00,1842.08,EUR,C038
NL01-2025-003201,3,2025-04-07,4100,0.00,520.92,EUR,C038
NL01-2025-003202,1,2025-04-25,1000,2363.00,0.00,EUR,C038
NL01-2025-003202,2,2025-04-25,1200,0.00,2363.00,EUR,C038
NL01-2025-003203,1,2025-04-26,1200,10571.98,0.00,EUR,C021
NL01-2025-003203,2,2025-04-26,4000,0.00,8241.42,EUR,C021
NL01-2025-003203,3,2025-04-26,4100,0.00,2330.56,EUR,C021
NL01-2025-003204,1,2025-06-04,1000,10571.98,0.00,EUR,C021
NL01-2025-003204,2,2025-06-04,1200,0.00,10571.98,EUR,C021
NL01-2025-003205,1,2025-04-14,1200,10471.76,0.00,EUR,C017
NL01-2025-003205,2,2025-04-14,4000,0.00,8163.29,EUR,C017
NL01-2025-003205,3,2025-04-14,4100,0.00,2308.47,EUR,C017
NL01-2025-003206,1,2025-04-26,1000,10471.76,0.00,EUR,C017
NL01-2025-003206,2,2025-04-26,1200,0.00,10471.76,EUR,C017
NL01-2025-003207,1,2025-04-06,1200,8127.28,0.00,EUR,C011
NL01-2025-003207,2,2025-04-06,4000,0.00,6335.65,EUR,C011
NL01-2025-003207,3,2025-04-06,4100,0.00,1791.63,EUR,C011
NL01-2025-003208,1,2025-05-13,1000,8127.28,0.00,EUR,C011
NL01-2025-003208,2,2025-05-13,1200,0.00,8127.28,EUR,C011
NL01-2025-003209,1,2025-04-26,1200,5172.64,0.00,EUR,C034
NL01-2025-003209,2,2025-04-26,4000,0.00,4032.35,EUR,C034
NL01-2025-003209,3,2025-04-26,4100,0.00,1140.29,EUR,C034
NL01-2025-003210,1,2025-05-26,1000,5172.64,0.00,EUR,C034
NL01-2025-003210,2,2025-05-26,1200,0.00,5172.64,EUR,C034
NL01-2025-003211,1,2025-04-08,1200,13676.37,0.00,EUR,C014
NL01-2025-003211,2,2025-04-08,4000,0.00,10661.46,EUR,C014
NL01-2025-003211,3,2025-04-08,4100,0.00,3014.91,EUR,C014
NL01-2025-003212,1,2025-05-05,1000,13676.37,0.00,EUR,C014
NL01-2025-003212,2,2025-05-05,1200,0.00,13676.37,EUR,C014
NL01-2025-003213,1,2025-04-27,1200,20920.06,0.00,EUR,C010
NL01-2025-003213,2,2025-04-27,4000,0.00,16308.30,EUR,C010
NL01-2025-003213,3,2025-04-27,4100,0.00,4611.76,EUR,C010
NL01-2025-003214,1,2025-05-12,1000,20920.06,0.00,EUR,C010
NL01-2025-003214,2,2025-05-12,1200,0.00,20920.06,EUR,C010
NL01-2025-003215,1,2025-04-10,1200,5526.05,0.00,EUR,C032
NL01-2025-003215,2,2025-04-10,4000,0.00,4307.85,EUR,C032
NL01-2025-003215,3,2025-04-10,4100,0.00,1218.20,EUR,C032
NL01-2025-003216,1,2025-05-23,1000,5526.05,0.00,EUR,C032
NL01-2025-003216,2,2025-05-23,1200,0.00,5526.05,EUR,C032
NL01-2025-003217,1,2025-04-07,1200,10994.02,0.00,EUR,C003
NL01-2025-003217,2,2025-04-07,4000,0.00,8570.42,EUR,C003
NL01-2025-003217,3,2025-04-07,4100,0.00,2423.60,EUR,C003
NL01-2025-003218,1,2025-05-08,1000,10994.02,0.00,EUR,C003
NL01-2025-003218,2,2025-05-08,1200,0.00,10994.02,EUR,C003
NL01-2025-003219,1,2025-04-22,1200,7687.07,0.00,EUR,C023
NL01-2025-003219,2,2025-04-22,4000,0.00,5992.48,EUR,C023
NL01-2025-003219,3,2025-04-22,4100,0.00,1694.59,EUR,C023
NL01-2025-003220,1,2025-05-16,1000,7687.07,0.00,EUR,C023
NL01-2025-003220,2,2025-05-16,1200,0.00,7687.07,EUR,C023
NL01-2025-003221,1,2025-04-05,1200,3546.25,0.00,EUR,C014
NL01-2025-003221,2,2025-04-05,4000,0.00,2764.49,EUR,C014
NL01-2025-003221,3,2025-04-05,4100,0.00,781.76,EUR,C014
NL01-2025-003222,1,2025-05-04,1000,3546.25,0.00,EUR,C014
NL01-2025-003222,2,2025-05-04,1200,0.00,3546.25,EUR,C014
NL01-2025-003223,1,2025-04-04,1200,11275.98,0.00,EUR,C018
NL01-2025-003223,2,2025-04-04,4000,0.00,8790.23,EUR,C018
NL01-2025-003223,3,2025-04-04,4100,0.00,2485.75,EUR,C018
NL01-2025-003224,1,2025-05-16,1000,11275.98,0.00,EUR,C018
NL01-2025-003224,2,2025-05-16,1200,0.00,11275.98,EUR,C018
NL01-2025-003225,1,2025-04-12,1200,11154.67,0.00,EUR,C024
NL01-2025-003225,2,2025-04-12,4000,0.00,8695.66,EUR,C024
NL01-2025-003225,3,2025-04-12,4100,0.00,2459.01,EUR,C024
NL01-2025-003226,1,2025-05-19,1000,11154.67,0.00,EUR,C024
NL01-2025-003226,2,2025-05-19,1200,0.00,11154.67,EUR,C024
NL01-2025-003227,1,2025-04-03,1200,7244.86,0.00,EUR,C002
NL01-2025-003227,2,2025-04-03,4000,0.00,5647.75,EUR,C002
NL01-2025-003227,3,2025-04-03,4100,0.00,1597.11,EUR,C002
NL01-2025-003228,1,2025-05-05,1000,7244.86,0.00,EUR,C002
NL01-2025-003228,2,2025-05-05,1200,0.00,7244.86,EUR,C002
NL01-2025-003229,1,2025-04-16,1200,15314.30,0.00,EUR,C011
NL01-2025-003229,2,2025-04-16,4000,0.00,11938.31,EUR,C011
NL01-2025-003229,3,2025-04-16,4100,0.00,3375.99,EUR,C011
NL01-2025-003230,1,2025-05-21,1000,15314.30,0.00,EUR,C011
NL01-2025-003230,2,2025-05-21,1200,0.00,15314.30,EUR,C011
NL01-2025-003231,1,2025-04-11,1200,6415.16,0.00,EUR,C021
NL01-2025-003231,2,2025-04-11,4000,0.00,5000.96,EUR,C021
NL01-2025-003231,3,2025-04-11,4100,0.00,1414.20,EUR,C021
NL01-2025-003232,1,2025-05-04,1000,6415.16,0.00,EUR,C021
NL01-2025-003232,2,2025-05-04,1200,0.00,6415.16,EUR,C021
NL01-2025-003233,1,2025-04-28,1200,5411.61,0.00,EUR,C039
NL01-2025-003233,2,2025-04-28,4000,0.00,4218.64,EUR,C039
NL01-2025-003233,3,2025-04-28,4100,0.00,1192.97,EUR,C039
NL01-2025-003234,1,2025-06-04,1000,5411.61,0.00,EUR,C039
NL01-2025-003234,2,2025-06-04,1200,0.00,5411.61,EUR,C039
NL01-2025-003235,1,2025-04-12,1200,20372.07,0.00,EUR,C032
NL01-2025-003235,2,2025-04-12,4000,0.00,15881.11,EUR,C032
NL01-2025-003235,3,2025-04-12,4100,0.00,4490.96,EUR,C032
NL01-2025-003236,1,2025-05-04,1000,20372.07,0.00,EUR,C032
NL01-2025-003236,2,2025-05-04,1200,0.00,20372.07,EUR,C032
NL01-2025-003237,1,2025-04-12,1200,8813.58,0.00,EUR,C024
NL01-2025-003237,2,2025-04-12,4000,0.00,6870.65,EUR,C024
NL01-2025-003237,3,2025-04-12,4100,0.00,1942.93,EUR,C024
NL01-2025-003238,1,2025-05-03,1000,8813.58,0.00,EUR,C024
NL01-2025-003238,2,2025-05-03,1200,0.00,8813.58,EUR,C024
NL01-2025-003239,1,2025-04-13,1200,2728.85,0.00,EUR,C039
NL01-2025-003239,2,2025-04-13,4000,0.00,2127.28,EUR,C039
NL01-2025-003239,3,2025-04-13,4100,0.00,601.57,EUR,C039
NL01-2025-003240,1,2025-05-05,1000,2728.85,0.00,EUR,C039
NL01-2025-003240,2,2025-05-05,1200,0.00,2728.85,EUR,C039
NL01-2025-003241,1,2025-04-11,1200,35196.59,0.00,EUR,C039
NL01-2025-003241,2,2025-04-11,4000,0.00,27437.61,EUR,C039
NL01-2025-003241,3,2025-04-11,4100,0.00,7758.98,EUR,C039
NL01-2025-003242,1,2025-05-07,1000,35196.59,0.00,EUR,C039
NL01-2025-003242,2,2025-05-07,1200,0.00,35196.59,EUR,C039
NL01-2025-003243,1,2025-04-09,1200,13031.10,0.00,EUR,C028
NL01-2025-003243,2,2025-04-09,4000,0.00,10158.43,EUR,C028
NL01-2025-003243,3,2025-04-09,4100,0.00,2872.67,EUR,C028
NL01-2025-003244,1,2025-05-08,1000,13031.10,0.00,EUR,C028
NL01-2025-003244,2,2025-05-08,1200,0.00,13031.10,EUR,C028
NL01-2025-003245,1,2025-04-16,1200,31260.78,0.00,EUR,C015
NL01-2025-003245,2,2025-04-16,4000,0.00,24369.44,EUR,C015
NL01-2025-003245,3,2025-04-16,4100,0.00,6891.34,EUR,C015
NL01-2025-003246,1,2025-05-18,1000,31260.78,0.00,EUR,C015
NL01-2025-003246,2,2025-05-18,1200,0.00,31260.78,EUR,C015
NL01-2025-003247,1,2025-04-19,1200,14803.55,0.00,EUR,C006
NL01-2025-003247,2,2025-04-19,4000,0.00,11540.15,EUR,C006
NL01-2025-003247,3,2025-04-19,4100,0.00,3263.40,EUR,C006
NL01-2025-003248,1,2025-05-23,1000,14803.55,0.00,EUR,C006
NL01-2025-003248,2,2025-05-23,1200,0.00,14803.55,EUR,C006
NL01-2025-003249,1,2025-04-16,1200,69419.27,0.00,EUR,C025
NL01-2025-003249,2,2025-04-16,4000,0.00,54116.01,EUR,C025
NL01-2025-003249,3,2025-04-16,4100,0.00,15303.26,EUR,C025
NL01-2025-003250,1,2025-05-30,1000,69419.27,0.00,EUR,C025
NL01-2025-003250,2,2025-05-30,1200,0.00,69419.27,EUR,C025
NL01-2025-003251,1,2025-04-17,1300,294629.49,0.00,EUR,V007
NL01-2025-003251,2,2025-04-17,2100,0.00,294629.49,EUR,V007
NL01-2025-003252,1,2025-05-19,2100,294629.49,0.00,EUR,V007
NL01-2025-003252,2,2025-05-19,1000,0.00,294629.49,EUR,V007
NL01-2025-003253,1,2025-04-02,1300,249088.84,0.00,EUR,V022
NL01-2025-003253,2,2025-04-02,2100,0.00,249088.84,EUR,V022
NL01-2025-003254,1,2025-05-03,2100,249088.84,0.00,EUR,V022
NL01-2025-003254,2,2025-05-03,1000,0.00,249088.84,EUR,V022
NL01-2025-003255,1,2025-04-15,1300,59264.70,0.00,EUR,V024
NL01-2025-003255,2,2025-04-15,2100,0.00,59264.70,EUR,V024
NL01-2025-003256,1,2025-05-24,2100,59264.70,0.00,EUR,V024
NL01-2025-003256,2,2025-05-24,1000,0.00,59264.70,EUR,V024
NL01-2025-003257,1,2025-04-30,5000,591175.31,0.00,EUR,
NL01-2025-003257,2,2025-04-30,1300,0.00,591175.31,EUR,
NL01-2025-003258,1,2025-04-01,6100,54293.26,0.00,EUR,V041
NL01-2025-003258,2,2025-04-01,2100,0.00,54293.26,EUR,V041
NL01-2025-003259,1,2025-04-27,2100,54293.26,0.00,EUR,V041
NL01-2025-003259,2,2025-04-27,1000,0.00,54293.26,EUR,V041
NL01-2025-003260,1,2025-04-02,6200,45400.75,0.00,EUR,V047
NL01-2025-003260,2,2025-04-02,2100,0.00,45400.75,EUR,V047
NL01-2025-003261,1,2025-05-08,2100,45400.75,0.00,EUR,V047
NL01-2025-003261,2,2025-05-08,1000,0.00,45400.75,EUR,V047
NL01-2025-003262,1,2025-04-08,6300,17088.62,0.00,EUR,V055
NL01-2025-003262,2,2025-04-08,2100,0.00,17088.62,EUR,V055
NL01-2025-003263,1,2025-05-09,2100,17088.62,0.00,EUR,V055
NL01-2025-003263,2,2025-05-09,1000,0.00,17088.62,EUR,V055
NL01-2025-003264,1,2025-04-17,6400,27832.32,0.00,EUR,V054
NL01-2025-003264,2,2025-04-17,2100,0.00,27832.32,EUR,V054
NL01-2025-003265,1,2025-05-17,2100,27832.32,0.00,EUR,V054
NL01-2025-003265,2,2025-05-17,1000,0.00,27832.32,EUR,V054
NL01-2025-003266,1,2025-04-25,6000,391554.03,0.00,EUR,
NL01-2025-003266,2,2025-04-25,1000,0.00,391554.03,EUR,
NL01-2025-003267,1,2025-04-30,6900,15625.00,0.00,EUR,
NL01-2025-003267,2,2025-04-30,1590,0.00,15625.00,EUR,
NL01-2025-003268,1,2025-05-31,1200,2436.00,0.00,EUR,C008
NL01-2025-003268,2,2025-05-31,4000,0.00,1894.60,EUR,C008
NL01-2025-003268,3,2025-05-31,4100,0.00,541.40,EUR,C008
NL01-2025-003269,1,2025-07-11,1000,2436.00,0.00,EUR,C008
NL01-2025-003269,2,2025-07-11,1200,0.00,2436.00,EUR,C008
NL01-2025-003270,1,2025-05-29,1200,18440.45,0.00,EUR,C035
NL01-2025-003270,2,2025-05-29,4000,0.00,14342.09,EUR,C035
NL01-2025-003270,3,2025-05-29,4100,0.00,4098.36,EUR,C035
NL01-2025-003271,1,2025-06-21,1000,18440.45,0.00,EUR,C035
NL01-2025-003271,2,2025-06-21,1200,0.00,18440.45,EUR,C035
NL01-2025-003272,1,2025-05-28,1200,6136.42,0.00,EUR,C003
NL01-2025-003272,2,2025-05-28,4000,0.00,4772.61,EUR,C003
NL01-2025-003272,3,2025-05-28,4100,0.00,1363.81,EUR,C003
NL01-2025-003273,1,2025-07-08,1000,6136.42,0.00,EUR,C003
NL01-2025-003273,2,2025-07-08,1200,0.00,6136.42,EUR,C003
NL01-2025-003274,1,2025-05-23,1200,12514.68,0.00,EUR,C024
NL01-2025-003274,2,2025-05-23,4000,0.00,9733.31,EUR,C024
NL01-2025-003274,3,2025-05-23,4100,0.00,2781.37,EUR,C024
NL01-2025-003275,1,2025-06-28,1000,12514.68,0.00,EUR,C024
NL01-2025-003275,2,2025-06-28,1200,0.00,12514.68,EUR,C024
NL01-2025-003276,1,2025-05-27,1200,6374.36,0.00,EUR,C038
NL01-2025-003276,2,2025-05-27,4000,0.00,4957.67,EUR,C038
NL01-2025-003276,3,2025-05-27,4100,0.00,1416.69,EUR,C038
NL01-2025-003277,1,2025-06-29,1000,6374.36,0.00,EUR,C038
NL01-2025-003277,2,2025-06-29,1200,0.00,6374.36,EUR,C038
NL01-2025-003278,1,2025-05-13,1200,7694.59,0.00,EUR,C039
NL01-2025-003278,2,2025-05-13,4000,0.00,5984.48,EUR,C039
NL01-2025-003278,3,2025-05-13,4100,0.00,1710.11,EUR,C039
NL01-2025-003279,1,2025-06-08,1000,7694.59,0.00,EUR,C039
NL01-2025-003279,2,2025-06-08,1200,0.00,7694.59,EUR,C039
NL01-2025-003280,1,2025-05-02,1200,21182.80,0.00,EUR,C040
NL01-2025-003280,2,2025-05-02,4000,0.00,16474.95,EUR,C040
NL01-2025-003280,3,2025-05-02,4100,0.00,4707.85,EUR,C040
NL01-2025-003281,1,2025-05-23,1000,21182.80,0.00,EUR,C040
NL01-2025-003281,2,2025-05-23,1200,0.00,21182.80,EUR,C040
NL01-2025-003282,1,2025-05-20,1200,16134.94,0.00,EUR,C026
NL01-2025-003282,2,2025-05-20,4000,0.00,12548.97,EUR,C026
NL01-2025-003282,3,2025-05-20,4100,0.00,3585.97,EUR,C026
NL01-2025-003283,1,2025-06-24,1000,16134.94,0.00,EUR,C026
NL01-2025-003283,2,2025-06-24,1200,0.00,16134.94,EUR,C026
NL01-2025-003284,1,2025-05-22,1200,13801.62,0.00,EUR,C003
NL01-2025-003284,2,2025-05-22,4000,0.00,10734.23,EUR,C003
NL01-2025-003284,3,2025-05-22,4100,0.00,3067.39,EUR,C003
NL01-2025-003285,1,2025-06-29,1000,13801.62,0.00,EUR,C003
NL01-2025-003285,2,2025-06-29,1200,0.00,13801.62,EUR,C003
NL01-2025-003286,1,2025-05-23,1200,14407.39,0.00,EUR,C007
NL01-2025-003286,2,2025-05-23,4000,0.00,11205.37,EUR,C007
NL01-2025-003286,3,2025-05-23,4100,0.00,3202.02,EUR,C007
NL01-2025-003287,1,2025-06-16,1000,14407.39,0.00,EUR,C007
NL01-2025-003287,2,2025-06-16,1200,0.00,14407.39,EUR,C007
NL01-2025-003288,1,2025-05-16,1200,35471.45,0.00,EUR,C021
NL01-2025-003288,2,2025-05-16,4000,0.00,27587.97,EUR,C021
NL01-2025-003288,3,2025-05-16,4100,0.00,7883.48,EUR,C021
NL01-2025-003289,1,2025-06-28,1000,35471.45,0.00,EUR,C021
NL01-2025-003289,2,2025-06-28,1200,0.00,35471.45,EUR,C021
NL01-2025-003290,1,2025-05-09,1200,4071.37,0.00,EUR,C009
NL01-2025-003290,2,2025-05-09,4000,0.00,3166.51,EUR,C009
NL01-2025-003290,3,2025-05-09,4100,0.00,904.86,EUR,C009
NL01-2025-003291,1,2025-05-30,1000,4071.37,0.00,EUR,C009
NL01-2025-003291,2,2025-05-30,1200,0.00,4071.37,EUR,C009
NL01-2025-003292,1,2025-05-09,1200,5993.87,0.00,EUR,C040
NL01-2025-003292,2,2025-05-09,4000,0.00,4661.74,EUR,C040
NL01-2025-003292,3,2025-05-09,4100,0.00,1332.13,EUR,C040
NL01-2025-003293,1,2025-06-03,1000,5993.87,0.00,EUR,C040
NL01-2025-003293,2,2025-06-03,1200,0.00,5993.87,EUR,C040
NL01-2025-003294,1,2025-05-30,1200,13132.30,0.00,EUR,C027
NL01-2025-003294,2,2025-05-30,4000,0.00,10213.67,EUR,C027
NL01-2025-003294,3,2025-05-30,4100,0.00,2918.63,EUR,C027
NL01-2025-003295,1,2025-06-19,1000,13132.30,0.00,EUR,C027
NL01-2025-003295,2,2025-06-19,1200,0.00,13132.30,EUR,C027
NL01-2025-003296,1,2025-05-22,1200,8707.03,0.00,EUR,C023
NL01-2025-003296,2,2025-05-22,4000,0.00,6771.91,EUR,C023
NL01-2025-003296,3,2025-05-22,4100,0.00,1935.12,EUR,C023
NL01-2025-003297,1,2025-07-09,1000,8707.03,0.00,EUR,C023
NL01-2025-003297,2,2025-07-09,1200,0.00,8707.03,EUR,C023
NL01-2025-003298,1,2025-05-07,1200,8132.20,0.00,EUR,C008
NL01-2025-003298,2,2025-05-07,4000,0.00,6324.83,EUR,C008
NL01-2025-003298,3,2025-05-07,4100,0.00,1807.37,EUR,C008
NL01-2025-003299,1,2025-05-23,1000,8132.20,0.00,EUR,C008
NL01-2025-003299,2,2025-05-23,1200,0.00,8132.20,EUR,C008
NL01-2025-003300,1,2025-05-04,1200,2120.73,0.00,EUR,C005
NL01-2025-003300,2,2025-05-04,4000,0.00,1649.40,EUR,C005
NL01-2025-003300,3,2025-05-04,4100,0.00,471.33,EUR,C005
NL01-2025-003301,1,2025-06-05,1000,2120.73,0.00,EUR,C005
NL01-2025-003301,2,2025-06-05,1200,0.00,2120.73,EUR,C005
NL01-2025-003302,1,2025-05-22,1200,6532.51,0.00,EUR,C011
NL01-2025-003302,2,2025-05-22,4000,0.00,5080.67,EUR,C011
NL01-2025-003302,3,2025-05-22,4100,0.00,1451.84,EUR,C011
NL01-2025-003303,1,2025-06-22,1000,6532.51,0.00,EUR,C011
NL01-2025-003303,2,2025-06-22,1200,0.00,6532.51,EUR,C011
NL01-2025-003304,1,2025-05-04,1200,4254.52,0.00,EUR,C032
NL01-2025-003304,2,2025-05-04,4000,0.00,3308.96,EUR,C032
NL01-2025-003304,3,2025-05-04,4100,0.00,945.56,EUR,C032
NL01-2025-003305,1,2025-06-10,1000,4254.52,0.00,EUR,C032
NL01-2025-003305,2,2025-06-10,1200,0.00,4254.52,EUR,C032
NL01-2025-003306,1,2025-05-10,1200,26014.69,0.00,EUR,C036
NL01-2025-003306,2,2025-05-10,4000,0.00,20232.96,EUR,C036
NL01-2025-003306,3,2025-05-10,4100,0.00,5781.73,EUR,C036
NL01-2025-003307,1,2025-05-30,1000,26014.69,0.00,EUR,C036
NL01-2025-003307,2,2025-05-30,1200,0.00,26014.69,EUR,C036
NL01-2025-003308,1,2025-05-02,1200,10509.22,0.00,EUR,C020
NL01-2025-003308,2,2025-05-02,4000,0.00,8173.56,EUR,C020
NL01-2025-003308,3,2025-05-02,4100,0.00,2335.66,EUR,C020
NL01-2025-003309,1,2025-06-17,1000,10509.22,0.00,EUR,C020
NL01-2025-003309,2,2025-06-17,1200,0.00,10509.22,EUR,C020
NL01-2025-003310,1,2025-05-20,1200,4592.49,0.00,EUR,C013
NL01-2025-003310,2,2025-05-20,4000,0.00,3571.82,EUR,C013
NL01-2025-003310,3,2025-05-20,4100,0.00,1020.67,EUR,C013
NL01-2025-003311,1,2025-06-11,1000,4592.49,0.00,EUR,C013
NL01-2025-003311,2,2025-06-11,1200,0.00,4592.49,EUR,C013
NL01-2025-003312,1,2025-05-07,1200,7717.07,0.00,EUR,C034
NL01-2025-003312,2,2025-05-07,4000,0.00,6001.96,EUR,C034
NL01-2025-003312,3,2025-05-07,4100,0.00,1715.11,EUR,C034
NL01-2025-003313,1,2025-05-23,1000,7717.07,0.00,EUR,C034
NL01-2025-003313,2,2025-05-23,1200,0.00,7717.07,EUR,C034
NL01-2025-003314,1,2025-05-16,1200,11622.41,0.00,EUR,C025
NL01-2025-003314,2,2025-05-16,4000,0.00,9039.35,EUR,C025
NL01-2025-003314,3,2025-05-16,4100,0.00,2583.06,EUR,C025
NL01-2025-003315,1,2025-07-08,1000,11622.41,0.00,EUR,C025
NL01-2025-003315,2,2025-07-08,1200,0.00,11622.41,EUR,C025
NL01-2025-003316,1,2025-05-17,1200,2400.09,0.00,EUR,C008
NL01-2025-003316,2,2025-05-17,4000,0.00,1866.67,EUR,C008
NL01-2025-003316,3,2025-05-17,4100,0.00,533.42,EUR,C008
NL01-2025-003317,1,2025-06-16,1000,2400.09,0.00,EUR,C008
NL01-2025-003317,2,2025-06-16,1200,0.00,2400.09,EUR,C008
NL01-2025-003318,1,2025-05-13,1200,3275.92,0.00,EUR,C031
NL01-2025-003318,2,2025-05-13,4000,0.00,2547.85,EUR,C031
NL01-2025-003318,3,2025-05-13,4100,0.00,728.07,EUR,C031
NL01-2025-003319,1,2025-06-10,1000,3275.92,0.00,EUR,C031
NL01-2025-003319,2,2025-06-10,1200,0.00,3275.92,EUR,C031
NL01-2025-003320,1,2025-05-07,1200,10345.69,0.00,EUR,C011
NL01-2025-003320,2,2025-05-07,4000,0.00,8046.38,EUR,C011
NL01-2025-003320,3,2025-05-07,4100,0.00,2299.31,EUR,C011
NL01-2025-003321,1,2025-05-28,1000,10345.69,0.00,EUR,C011
NL01-2025-003321,2,2025-05-28,1200,0.00,10345.69,EUR,C011
NL01-2025-003322,1,2025-05-13,1200,11372.81,0.00,EUR,C025
NL01-2025-003322,2,2025-05-13,4000,0.00,8845.22,EUR,C025
NL01-2025-003322,3,2025-05-13,4100,0.00,2527.59,EUR,C025
NL01-2025-003323,1,2025-06-06,1000,11372.81,0.00,EUR,C025
NL01-2025-003323,2,2025-06-06,1200,0.00,11372.81,EUR,C025
NL01-2025-003324,1,2025-05-26,1200,3106.49,0.00,EUR,C030
NL01-2025-003324,2,2025-05-26,4000,0.00,2416.08,EUR,C030
NL01-2025-003324,3,2025-05-26,4100,0.00,690.41,EUR,C030
NL01-2025-003325,1,2025-06-29,1000,3106.49,0.00,EUR,C030
NL01-2025-003325,2,2025-06-29,1200,0.00,3106.49,EUR,C030
NL01-2025-003326,1,2025-05-05,1200,51589.31,0.00,EUR,C031
NL01-2025-003326,2,2025-05-05,4000,0.00,40123.66,EUR,C031
NL01-2025-003326,3,2025-05-05,4100,0.00,11465.65,EUR,C031
NL01-2025-003327,1,2025-06-05,1000,51589.31,0.00,EUR,C031
NL01-2025-003327,2,2025-06-05,1200,0.00,51589.31,EUR,C031
NL01-2025-003328,1,2025-05-25,1200,2866.30,0.00,EUR,C013
NL01-2025-003328,2,2025-05-25,4000,0.00,2229.27,EUR,C013
NL01-2025-003328,3,2025-05-25,4100,0.00,637.03,EUR,C013
NL01-2025-003329,1,2025-06-18,1000,2866.30,0.00,EUR,C013
NL01-2025-003329,2,2025-06-18,1200,0.00,2866.30,EUR,C013
NL01-2025-003330,1,2025-05-07,1200,5412.86,0.00,EUR,C007
NL01-2025-003330,2,2025-05-07,4000,0.00,4209.86,EUR,C007
NL01-2025-003330,3,2025-05-07,4100,0.00,1203.00,EUR,C007
NL01-2025-003331,1,2025-06-04,1000,5412.86,0.00,EUR,C007
NL01-2025-003331,2,2025-06-04,1200,0.00,5412.86,EUR,C007
NL01-2025-003332,1,2025-05-26,1200,3231.67,0.00,EUR,C037
NL01-2025-003332,2,2025-05-26,4000,0.00,2513.44,EUR,C037
NL01-2025-003332,3,2025-05-26,4100,0.00,718.23,EUR,C037
NL01-2025-003333,1,2025-07-02,1000,3231.67,0.00,EUR,C037
NL01-2025-003333,2,2025-07-02,1200,0.00,3231.67,EUR,C037
NL01-2025-003334,1,2025-05-09,1200,15196.11,0.00,EUR,C003
NL01-2025-003334,2,2025-05-09,4000,0.00,11818.80,EUR,C003
NL01-2025-003334,3,2025-05-09,4100,0.00,3377.31,EUR,C003
NL01-2025-003335,1,2025-06-15,1000,15196.11,0.00,EUR,C003
NL01-2025-003335,2,2025-06-15,1200,0.00,15196.11,EUR,C003
NL01-2025-003336,1,2025-05-17,1200,28284.25,0.00,EUR,C029
NL01-2025-003336,2,2025-05-17,4000,0.00,21998.12,EUR,C029
NL01-2025-003336,3,2025-05-17,4100,0.00,6286.13,EUR,C029
NL01-2025-003337,1,2025-06-29,1000,28284.25,0.00,EUR,C029
NL01-2025-003337,2,2025-06-29,1200,0.00,28284.25,EUR,C029
NL01-2025-003338,1,2025-05-07,1200,9408.84,0.00,EUR,C036
NL01-2025-003338,2,2025-05-07,4000,0.00,7317.74,EUR,C036
NL01-2025-003338,3,2025-05-07,4100,0.00,2091.10,EUR,C036
NL01-2025-003339,1,2025-05-27,1000,9408.84,0.00,EUR,C036
NL01-2025-003339,2,2025-05-27,1200,0.00,9408.84,EUR,C036
NL01-2025-003340,1,2025-05-19,1200,11391.08,0.00,EUR,C036
NL01-2025-003340,2,2025-05-19,4000,0.00,8859.43,EUR,C036
NL01-2025-003340,3,2025-05-19,4100,0.00,2531.65,EUR,C036
NL01-2025-003341,1,2025-06-12,1000,11391.08,0.00,EUR,C036
NL01-2025-003341,2,2025-06-12,1200,0.00,11391.08,EUR,C036
NL01-2025-003342,1,2025-05-27,1200,11276.51,0.00,EUR,C010
NL01-2025-003342,2,2025-05-27,4000,0.00,8770.32,EUR,C010
NL01-2025-003342,3,2025-05-27,4100,0.00,2506.19,EUR,C010
NL01-2025-003343,1,2025-07-09,1000,11276.51,0.00,EUR,C010
NL01-2025-003343,2,2025-07-09,1200,0.00,11276.51,EUR,C010
NL01-2025-003344,1,2025-05-27,1200,2808.95,0.00,EUR,C030
NL01-2025-003344,2,2025-05-27,4000,0.00,2184.67,EUR,C030
NL01-2025-003344,3,2025-05-27,4100,0.00,624.28,EUR,C030
NL01-2025-003345,1,2025-07-02,1000,2808.95,0.00,EUR,C030
NL01-2025-003345,2,2025-07-02,1200,0.00,2808.95,EUR,C030
NL01-2025-003346,1,2025-05-02,1200,12131.44,0.00,EUR,C019
NL01-2025-003346,2,2025-05-02,4000,0.00,9435.25,EUR,C019
NL01-2025-003346,3,2025-05-02,4100,0.00,2696.19,EUR,C019
NL01-2025-003347,1,2025-07-07,1000,12131.44,0.00,EUR,C019
NL01-2025-003347,2,2025-07-07,1200,0.00,12131.44,EUR,C019
NL01-2025-003348,1,2025-05-04,1200,17936.74,0.00,EUR,C028
NL01-2025-003348,2,2025-05-04,4000,0.00,13950.33,EUR,C028
NL01-2025-003348,3,2025-05-04,4100,0.00,3986.41,EUR,C028
NL01-2025-003349,1,2025-05-21,1000,17936.74,0.00,EUR,C028
NL01-2025-003349,2,2025-05-21,1200,0.00,17936.74,EUR,C028
NL01-2025-003350,1,2025-05-25,1200,6439.80,0.00,EUR,C037
NL01-2025-003350,2,2025-05-25,4000,0.00,5008.56,EUR,C037
NL01-2025-003350,3,2025-05-25,4100,0.00,1431.24,EUR,C037
NL01-2025-003351,1,2025-06-18,1000,6439.80,0.00,EUR,C037
NL01-2025-003351,2,2025-06-18,1200,0.00,6439.80,EUR,C037
NL01-2025-003352,1,2025-05-03,1200,12702.73,0.00,EUR,C017
NL01-2025-003352,2,2025-05-03,4000,0.00,9879.57,EUR,C017
NL01-2025-003352,3,2025-05-03,4100,0.00,2823.16,EUR,C017
NL01-2025-003353,1,2025-06-11,1000,12702.73,0.00,EUR,C017
NL01-2025-003353,2,2025-06-11,1200,0.00,12702.73,EUR,C017
NL01-2025-003354,1,2025-05-29,1200,4757.36,0.00,EUR,C019
NL01-2025-003354,2,2025-05-29,4000,0.00,3700.04,EUR,C019
NL01-2025-003354,3,2025-05-29,4100,0.00,1057.32,EUR,C019
NL01-2025-003355,1,2025-06-17,1000,4757.36,0.00,EUR,C019
NL01-2025-003355,2,2025-06-17,1200,0.00,4757.36,EUR,C019
NL01-2025-003356,1,2025-05-05,1200,45617.45,0.00,EUR,C033
NL01-2025-003356,2,2025-05-05,4000,0.00,35479.04,EUR,C033
NL01-2025-003356,3,2025-05-05,4100,0.00,10138.41,EUR,C033
NL01-2025-003357,1,2025-05-31,1000,45617.45,0.00,EUR,C033
NL01-2025-003357,2,2025-05-31,1200,0.00,45617.45,EUR,C033
NL01-2025-003358,1,2025-05-12,1200,17148.34,0.00,EUR,C010
NL01-2025-003358,2,2025-05-12,4000,0.00,13337.15,EUR,C010
NL01-2025-003358,3,2025-05-12,4100,0.00,3811.19,EUR,C010
NL01-2025-003359,1,2025-06-12,1000,17148.34,0.00,EUR,C010
NL01-2025-003359,2,2025-06-12,1200,0.00,17148.34,EUR,C010
NL01-2025-003360,1,2025-05-13,1200,25563.41,0.00,EUR,C029
NL01-2025-003360,2,2025-05-13,4000,0.00,19881.98,EUR,C029
NL01-2025-003360,3,2025-05-13,4100,0.00,5681.43,EUR,C029
NL01-2025-003361,1,2025-06-23,1000,25563.41,0.00,EUR,C029
NL01-2025-003361,2,2025-06-23,1200,0.00,25563.41,EUR,C029
NL01-2025-003362,1,2025-05-15,1200,6016.95,0.00,EUR,C011
NL01-2025-003362,2,2025-05-15,4000,0.00,4679.69,EUR,C011
NL01-2025-003362,3,2025-05-15,4100,0.00,1337.26,EUR,C011
NL01-2025-003363,1,2025-06-24,1000,6016.95,0.00,EUR,C011
NL01-2025-003363,2,2025-06-24,1200,0.00,6016.95,EUR,C011
NL01-2025-003364,1,2025-05-10,1200,8560.46,0.00,EUR,C037
NL01-2025-003364,2,2025-05-10,4000,0.00,6657.91,EUR,C037
NL01-2025-003364,3,2025-05-10,4100,0.00,1902.55,EUR,C037
NL01-2025-003365,1,2025-07-04,1000,8560.46,0.00,EUR,C037
NL01-2025-003365,2,2025-07-04,1200,0.00,8560.46,EUR,C037
NL01-2025-003366,1,2025-05-03,1200,40294.10,0.00,EUR,C038
NL01-2025-003366,2,2025-05-03,4000,0.00,31338.80,EUR,C038
NL01-2025-003366,3,2025-05-03,4100,0.00,8955.30,EUR,C038
NL01-2025-003367,1,2025-05-27,1000,40294.10,0.00,EUR,C038
NL01-2025-003367,2,2025-05-27,1200,0.00,40294.10,EUR,C038
NL01-2025-003368,1,2025-05-14,1200,13440.97,0.00,EUR,C024
NL01-2025-003368,2,2025-05-14,4000,0.00,10453.73,EUR,C024
NL01-2025-003368,3,2025-05-14,4100,0.00,2987.24,EUR,C024
NL01-2025-003369,1,2025-06-20,1000,13440.97,0.00,EUR,C024
NL01-2025-003369,2,2025-06-20,1200,0.00,13440.97,EUR,C024
NL01-2025-003370,1,2025-05-10,1200,9409.65,0.00,EUR,C017
NL01-2025-003370,2,2025-05-10,4000,0.00,7318.37,EUR,C017
NL01-2025-003370,3,2025-05-10,4100,0.00,2091.28,EUR,C017
NL01-2025-003371,1,2025-06-14,1000,9409.65,0.00,EUR,C017
NL01-2025-003371,2,2025-06-14,1200,0.00,9409.65,EUR,C017
NL01-2025-003372,1,2025-05-13,1200,8520.81,0.00,EUR,C014
NL01-2025-003372,2,2025-05-13,4000,0.00,6627.07,EUR,C014
NL01-2025-003372,3,2025-05-13,4100,0.00,1893.74,EUR,C014
NL01-2025-003373,1,2025-06-09,1000,8520.81,0.00,EUR,C014
NL01-2025-003373,2,2025-06-09,1200,0.00,8520.81,EUR,C014
NL01-2025-003374,1,2025-05-22,1200,6658.10,0.00,EUR,C009
NL01-2025-003374,2,2025-05-22,4000,0.00,5178.35,EUR,C009
NL01-2025-003374,3,2025-05-22,4100,0.00,1479.75,EUR,C009
NL01-2025-003375,1,2025-06-28,1000,6658.10,0.00,EUR,C009
NL01-2025-003375,2,2025-06-28,1200,0.00,6658.10,EUR,C009
NL01-2025-003376,1,2025-05-19,1200,15303.02,0.00,EUR,C039
NL01-2025-003376,2,2025-05-19,4000,0.00,11901.95,EUR,C039
NL01-2025-003376,3,2025-05-19,4100,0.00,3401.07,EUR,C039
NL01-2025-003377,1,2025-06-12,1000,15303.02,0.00,EUR,C039
NL01-2025-003377,2,2025-06-12,1200,0.00,15303.02,EUR,C039
NL01-2025-003378,1,2025-05-06,1200,7927.38,0.00,EUR,C002
NL01-2025-003378,2,2025-05-06,4000,0.00,6165.53,EUR,C002
NL01-2025-003378,3,2025-05-06,4100,0.00,1761.85,EUR,C002
NL01-2025-003379,1,2025-05-29,1000,7927.38,0.00,EUR,C002
NL01-2025-003379,2,2025-05-29,1200,0.00,7927.38,EUR,C002
NL01-2025-003380,1,2025-05-31,1200,4559.84,0.00,EUR,C040
NL01-2025-003380,2,2025-05-31,4000,0.00,3546.42,EUR,C040
NL01-2025-003380,3,2025-05-31,4100,0.00,1013.42,EUR,C040
NL01-2025-003381,1,2025-07-23,1000,4559.84,0.00,EUR,C040
NL01-2025-003381,2,2025-07-23,1200,0.00,4559.84,EUR,C040
NL01-2025-003382,1,2025-05-24,1200,1874.08,0.00,EUR,C032
NL01-2025-003382,2,2025-05-24,4000,0.00,1457.57,EUR,C032
NL01-2025-003382,3,2025-05-24,4100,0.00,416.51,EUR,C032
NL01-2025-003383,1,2025-07-07,1000,1874.08,0.00,EUR,C032
NL01-2025-003383,2,2025-07-07,1200,0.00,1874.08,EUR,C032
NL01-2025-003384,1,2025-05-04,1200,12561.29,0.00,EUR,C025
NL01-2025-003384,2,2025-05-04,4000,0.00,9769.56,EUR,C025
NL01-2025-003384,3,2025-05-04,4100,0.00,2791.73,EUR,C025
NL01-2025-003385,1,2025-05-31,1000,12561.29,0.00,EUR,C025
NL01-2025-003385,2,2025-05-31,1200,0.00,12561.29,EUR,C025
NL01-2025-003386,1,2025-05-02,1200,31023.85,0.00,EUR,C020
NL01-2025-003386,2,2025-05-02,4000,0.00,24128.85,EUR,C020
NL01-2025-003386,3,2025-05-02,4100,0.00,6895.00,EUR,C020
NL01-2025-003387,1,2025-06-08,1000,31023.85,0.00,EUR,C020
NL01-2025-003387,2,2025-06-08,1200,0.00,31023.85,EUR,C020
NL01-2025-003388,1,2025-05-03,1200,29715.77,0.00,EUR,C025
NL01-2025-003388,2,2025-05-03,4000,0.00,23111.49,EUR,C025
NL01-2025-003388,3,2025-05-03,4100,0.00,6604.28,EUR,C025
NL01-2025-003389,1,2025-06-07,1000,29715.77,0.00,EUR,C025
NL01-2025-003389,2,2025-06-07,1200,0.00,29715.77,EUR,C025
NL01-2025-003390,1,2025-05-30,1200,2473.02,0.00,EUR,C021
NL01-2025-003390,2,2025-05-30,4000,0.00,1923.40,EUR,C021
NL01-2025-003390,3,2025-05-30,4100,0.00,549.62,EUR,C021
NL01-2025-003391,1,2025-06-29,1000,2473.02,0.00,EUR,C021
NL01-2025-003391,2,2025-06-29,1200,0.00,2473.02,EUR,C021
NL01-2025-003392,1,2025-05-24,1200,72981.35,0.00,EUR,C004
NL01-2025-003392,2,2025-05-24,4000,0.00,56761.36,EUR,C004
NL01-2025-003392,3,2025-05-24,4100,0.00,16219.99,EUR,C004
NL01-2025-003393,1,2025-06-29,1000,72981.35,0.00,EUR,C004
NL01-2025-003393,2,2025-06-29,1200,0.00,72981.35,EUR,C004
NL01-2025-003394,1,2025-05-25,1200,2744.82,0.00,EUR,C035
NL01-2025-003394,2,2025-05-25,4000,0.00,2134.79,EUR,C035
NL01-2025-003394,3,2025-05-25,4100,0.00,610.03,EUR,C035
NL01-2025-003395,1,2025-06-19,1000,2744.82,0.00,EUR,C035
NL01-2025-003395,2,2025-06-19,1200,0.00,2744.82,EUR,C035
NL01-2025-003396,1,2025-05-05,1200,3158.41,0.00,EUR,C007
NL01-2025-003396,2,2025-05-05,4000,0.00,2456.46,EUR,C007
NL01-2025-003396,3,2025-05-05,4100,0.00,701.95,EUR,C007
NL01-2025-003397,1,2025-06-02,1000,3158.41,0.00,EUR,C007
NL01-2025-003397,2,2025-06-02,1200,0.00,3158.41,EUR,C007
NL01-2025-003398,1,2025-05-20,1200,27197.78,0.00,EUR,C026
NL01-2025-003398,2,2025-05-20,4000,0.00,21153.11,EUR,C026
NL01-2025-003398,3,2025-05-20,4100,0.00,6044.67,EUR,C026
NL01-2025-003399,1,2025-06-22,1000,27197.78,0.00,EUR,C026
NL01-2025-003399,2,2025-06-22,1200,0.00,27197.78,EUR,C026
NL01-2025-003400,1,2025-05-03,1200,3237.29,0.00,EUR,C026
NL01-2025-003400,2,2025-05-03,4000,0.00,2517.81,EUR,C026
NL01-2025-003400,3,2025-05-03,4100,0.00,719.48,EUR,C026
NL01-2025-003401,1,2025-05-28,1000,3237.29,0.00,EUR,C026
NL01-2025-003401,2,2025-05-28,1200,0.00,3237.29,EUR,C026
NL01-2025-003402,1,2025-05-24,1200,9905.92,0.00,EUR,C036
NL01-2025-003402,2,2025-05-24,4000,0.00,7704.34,EUR,C036
NL01-2025-003402,3,2025-05-24,4100,0.00,2201.58,EUR,C036
NL01-2025-003403,1,2025-06-22,1000,9905.92,0.00,EUR,C036
NL01-2025-003403,2,2025-06-22,1200,0.00,9905.92,EUR,C036
NL01-2025-003404,1,2025-05-23,1200,6504.18,0.00,EUR,C004
NL01-2025-003404,2,2025-05-23,4000,0.00,5058.64,EUR,C004
NL01-2025-003404,3,2025-05-23,4100,0.00,1445.54,EUR,C004
NL01-2025-003405,1,2025-06-27,1000,6504.18,0.00,EUR,C004
NL01-2025-003405,2,2025-06-27,1200,0.00,6504.18,EUR,C004
NL01-2025-003406,1,2025-05-05,1200,8188.14,0.00,EUR,C009
NL01-2025-003406,2,2025-05-05,4000,0.00,6368.34,EUR,C009
NL01-2025-003406,3,2025-05-05,4100,0.00,1819.80,EUR,C009
NL01-2025-003407,1,2025-06-13,1000,8188.14,0.00,EUR,C009
NL01-2025-003407,2,2025-06-13,1200,0.00,8188.14,EUR,C009
NL01-2025-003408,1,2025-05-23,1200,34316.91,0.00,EUR,C012
NL01-2025-003408,2,2025-05-23,4000,0.00,26690.03,EUR,C012
NL01-2025-003408,3,2025-05-23,4100,0.00,7626.88,EUR,C012
NL01-2025-003409,1,2025-07-01,1000,34316.91,0.00,EUR,C012
NL01-2025-003409,2,2025-07-01,1200,0.00,34316.91,EUR,C012
NL01-2025-003410,1,2025-05-28,1200,3018.74,0.00,EUR,C006
NL01-2025-003410,2,2025-05-28,4000,0.00,2347.83,EUR,C006
NL01-2025-003410,3,2025-05-28,4100,0.00,670.91,EUR,C006
NL01-2025-003411,1,2025-06-24,1000,3018.74,0.00,EUR,C006
NL01-2025-003411,2,2025-06-24,1200,0.00,3018.74,EUR,C006
NL01-2025-003412,1,2025-05-01,1200,2107.54,0.00,EUR,C035
NL01-2025-003412,2,2025-05-01,4000,0.00,1639.14,EUR,C035
NL01-2025-003412,3,2025-05-01,4100,0.00,468.40,EUR,C035
NL01-2025-003413,1,2025-05-14,1000,2107.54,0.00,EUR,C035
NL01-2025-003413,2,2025-05-14,1200,0.00,2107.54,EUR,C035
NL01-2025-003414,1,2025-05-10,1200,4839.48,0.00,EUR,C022
NL01-2025-003414,2,2025-05-10,4000,0.00,3763.91,EUR,C022
NL01-2025-003414,3,2025-05-10,4100,0.00,1075.57,EUR,C022
NL01-2025-003415,1,2025-06-06,1000,4839.48,0.00,EUR,C022
NL01-2025-003415,2,2025-06-06,1200,0.00,4839.48,EUR,C022
NL01-2025-003416,1,2025-05-27,1200,1046.65,0.00,EUR,C014
NL01-2025-003416,2,2025-05-27,4000,0.00,814.03,EUR,C014
NL01-2025-003416,3,2025-05-27,4100,0.00,232.62,EUR,C014
NL01-2025-003417,1,2025-06-15,1000,1046.65,0.00,EUR,C014
NL01-2025-003417,2,2025-06-15,1200,0.00,1046.65,EUR,C014
NL01-2025-003418,1,2025-05-12,1200,4764.21,0.00,EUR,C032
NL01-2025-003418,2,2025-05-12,4000,0.00,3705.37,EUR,C032
NL01-2025-003418,3,2025-05-12,4100,0.00,1058.84,EUR,C032
NL01-2025-003419,1,2025-06-10,1000,4764.21,0.00,EUR,C032
NL01-2025-003419,2,2025-06-10,1200,0.00,4764.21,EUR,C032
NL01-2025-003420,1,2025-05-07,1200,3135.81,0.00,EUR,C037
NL01-2025-003420,2,2025-05-07,4000,0.00,2438.88,EUR,C037
NL01-2025-003420,3,2025-05-07,4100,0.00,696.93,EUR,C037
NL01-2025-003421,1,2025-06-04,1000,3135.81,0.00,EUR,C037
NL01-2025-003421,2,2025-06-04,1200,0.00,3135.81,EUR,C037
NL01-2025-003422,1,2025-05-18,1200,13267.44,0.00,EUR,C027
NL01-2025-003422,2,2025-05-18,4000,0.00,10318.77,EUR,C027
NL01-2025-003422,3,2025-05-18,4100,0.00,2948.67,EUR,C027
NL01-2025-003423,1,2025-06-14,1000,13267.44,0.00,EUR,C027
NL01-2025-003423,2,2025-06-14,1200,0.00,13267.44,EUR,C027
NL01-2025-003424,1,2025-05-15,1200,8889.19,0.00,EUR,C002
NL01-2025-003424,2,2025-05-15,4000,0.00,6913.58,EUR,C002
NL01-2025-003424,3,2025-05-15,4100,0.00,1975.61,EUR,C002
NL01-2025-003425,1,2025-06-14,1000,8889.19,0.00,EUR,C002
NL01-2025-003425,2,2025-06-14,1200,0.00,8889.19,EUR,C002
NL01-2025-003426,1,2025-05-18,1200,3582.27,0.00,EUR,C022
NL01-2025-003426,2,2025-05-18,4000,0.00,2786.12,EUR,C022
NL01-2025-003426,3,2025-05-18,4100,0.00,796.15,EUR,C022
NL01-2025-003427,1,2025-06-17,1000,3582.27,0.00,EUR,C022
NL01-2025-003427,2,2025-06-17,1200,0.00,3582.27,EUR,C022
NL01-2025-003428,1,2025-05-20,1200,1833.76,0.00,EUR,C007
NL01-2025-003428,2,2025-05-20,4000,0.00,1426.21,EUR,C007
NL01-2025-003428,3,2025-05-20,4100,0.00,407.55,EUR,C007
NL01-2025-003429,1,2025-07-05,1000,1833.76,0.00,EUR,C007
NL01-2025-003429,2,2025-07-05,1200,0.00,1833.76,EUR,C007
NL01-2025-003430,1,2025-05-10,1200,3528.53,0.00,EUR,C017
NL01-2025-003430,2,2025-05-10,4000,0.00,2744.32,EUR,C017
NL01-2025-003430,3,2025-05-10,4100,0.00,784.21,EUR,C017
NL01-2025-003431,1,2025-06-09,1000,3528.53,0.00,EUR,C017
NL01-2025-003431,2,2025-06-09,1200,0.00,3528.53,EUR,C017
NL01-2025-003432,1,2025-05-30,1200,16604.26,0.00,EUR,C015
NL01-2025-003432,2,2025-05-30,4000,0.00,12913.99,EUR,C015
NL01-2025-003432,3,2025-05-30,4100,0.00,3690.27,EUR,C015
NL01-2025-003433,1,2025-07-02,1000,16604.26,0.00,EUR,C015
NL01-2025-003433,2,2025-07-02,1200,0.00,16604.26,EUR,C015
NL01-2025-003434,1,2025-05-21,1200,3336.36,0.00,EUR,C023
NL01-2025-003434,2,2025-05-21,4000,0.00,2594.86,EUR,C023
NL01-2025-003434,3,2025-05-21,4100,0.00,741.50,EUR,C023
NL01-2025-003435,1,2025-06-18,1000,3336.36,0.00,EUR,C023
NL01-2025-003435,2,2025-06-18,1200,0.00,3336.36,EUR,C023
NL01-2025-003436,1,2025-05-30,1200,29197.51,0.00,EUR,C014
NL01-2025-003436,2,2025-05-30,4000,0.00,22708.41,EUR,C014
NL01-2025-003436,3,2025-05-30,4100,0.00,6489.10,EUR,C014
NL01-2025-003437,1,2025-06-22,1000,29197.51,0.00,EUR,C014
NL01-2025-003437,2,2025-06-22,1200,0.00,29197.51,EUR,C014
NL01-2025-003438,1,2025-05-06,1200,11873.93,0.00,EUR,C037
NL01-2025-003438,2,2025-05-06,4000,0.00,9234.97,EUR,C037
NL01-2025-003438,3,2025-05-06,4100,0.00,2638.96,EUR,C037
NL01-2025-003439,1,2025-05-29,1000,11873.93,0.00,EUR,C037
NL01-2025-003439,2,2025-05-29,1200,0.00,11873.93,EUR,C037
NL01-2025-003440,1,2025-05-04,1200,3692.41,0.00,EUR,C024
NL01-2025-003440,2,2025-05-04,4000,0.00,2871.78,EUR,C024
NL01-2025-003440,3,2025-05-04,4100,0.00,820.63,EUR,C024
NL01-2025-003441,1,2025-06-24,1000,3692.41,0.00,EUR,C024
NL01-2025-003441,2,2025-06-24,1200,0.00,3692.41,EUR,C024
NL01-2025-003442,1,2025-05-07,1200,16276.08,0.00,EUR,C025
NL01-2025-003442,2,2025-05-07,4000,0.00,12658.75,EUR,C025
NL01-2025-003442,3,2025-05-07,4100,0.00,3617.33,EUR,C025
NL01-2025-003443,1,2025-06-04,1000,16276.08,0.00,EUR,C025
NL01-2025-003443,2,2025-06-04,1200,0.00,16276.08,EUR,C025
NL01-2025-003444,1,2025-05-19,1200,51822.73,0.00,EUR,C037
NL01-2025-003444,2,2025-05-19,4000,0.00,40305.21,EUR,C037
NL01-2025-003444,3,2025-05-19,4100,0.00,11517.52,EUR,C037
NL01-2025-003445,1,2025-06-29,1000,51822.73,0.00,EUR,C037
NL01-2025-003445,2,2025-06-29,1200,0.00,51822.73,EUR,C037
NL01-2025-003446,1,2025-05-30,1200,29890.62,0.00,EUR,C023
NL01-2025-003446,2,2025-05-30,4000,0.00,23247.48,EUR,C023
NL01-2025-003446,3,2025-05-30,4100,0.00,6643.14,EUR,C023
NL01-2025-003447,1,2025-06-30,1000,29890.62,0.00,EUR,C023
NL01-2025-003447,2,2025-06-30,1200,0.00,29890.62,EUR,C023
NL01-2025-003448,1,2025-05-06,1200,11120.47,0.00,EUR,C015
NL01-2025-003448,2,2025-05-06,4000,0.00,8648.96,EUR,C015
NL01-2025-003448,3,2025-05-06,4100,0.00,2471.51,EUR,C015
NL01-2025-003449,1,2025-06-23,1000,11120.47,0.00,EUR,C015
NL01-2025-003449,2,2025-06-23,1200,0.00,11120.47,EUR,C015
NL01-2025-003450,1,2025-05-22,1200,5140.25,0.00,EUR,C030
NL01-2025-003450,2,2025-05-22,4000,0.00,3997.84,EUR,C030
NL01-2025-003450,3,2025-05-22,4100,0.00,1142.41,EUR,C030
NL01-2025-003451,1,2025-06-14,1000,5140.25,0.00,EUR,C030
NL01-2025-003451,2,2025-06-14,1200,0.00,5140.25,EUR,C030
NL01-2025-003452,1,2025-05-01,1200,3599.26,0.00,EUR,C018
NL01-2025-003452,2,2025-05-01,4000,0.00,2799.33,EUR,C018
NL01-2025-003452,3,2025-05-01,4100,0.00,799.93,EUR,C018
NL01-2025-003453,1,2025-05-17,1000,3599.26,0.00,EUR,C018
NL01-2025-003453,2,2025-05-17,1200,0.00,3599.26,EUR,C018
NL01-2025-003454,1,2025-05-13,1200,32281.67,0.00,EUR,C023
NL01-2025-003454,2,2025-05-13,4000,0.00,25107.12,EUR,C023
NL01-2025-003454,3,2025-05-13,4100,0.00,7174.55,EUR,C023
NL01-2025-003455,1,2025-06-22,1000,32281.67,0.00,EUR,C023
NL01-2025-003455,2,2025-06-22,1200,0.00,32281.67,EUR,C023
NL01-2025-003456,1,2025-05-09,1200,4038.86,0.00,EUR,C039
NL01-2025-003456,2,2025-05-09,4000,0.00,3141.23,EUR,C039
NL01-2025-003456,3,2025-05-09,4100,0.00,897.63,EUR,C039
NL01-2025-003457,1,2025-06-06,1000,4038.86,0.00,EUR,C039
NL01-2025-003457,2,2025-06-06,1200,0.00,4038.86,EUR,C039
NL01-2025-003458,1,2025-05-31,1200,7217.75,0.00,EUR,C023
NL01-2025-003458,2,2025-05-31,4000,0.00,5613.62,EUR,C023
NL01-2025-003458,3,2025-05-31,4100,0.00,1604.13,EUR,C023
NL01-2025-003459,1,2025-06-17,1000,7217.75,0.00,EUR,C023
NL01-2025-003459,2,2025-06-17,1200,0.00,7217.75,EUR,C023
NL01-2025-003460,1,2025-05-29,1200,15767.99,0.00,EUR,C008
NL01-2025-003460,2,2025-05-29,4000,0.00,12263.58,EUR,C008
NL01-2025-003460,3,2025-05-29,4100,0.00,3504.41,EUR,C008
NL01-2025-003461,1,2025-06-26,1000,15767.99,0.00,EUR,C008
NL01-2025-003461,2,2025-06-26,1200,0.00,15767.99,EUR,C008
NL01-2025-003462,1,2025-05-05,1200,15143.83,0.00,EUR,C022
NL01-2025-003462,2,2025-05-05,4000,0.00,11778.14,EUR,C022
NL01-2025-003462,3,2025-05-05,4100,0.00,3365.69,EUR,C022
NL01-2025-003463,1,2025-05-24,1000,15143.83,0.00,EUR,C022
NL01-2025-003463,2,2025-05-24,1200,0.00,15143.83,EUR,C022
NL01-2025-003464,1,2025-05-16,1200,9263.19,0.00,EUR,C036
NL01-2025-003464,2,2025-05-16,4000,0.00,7204.46,EUR,C036
NL01-2025-003464,3,2025-05-16,4100,0.00,2058.73,EUR,C036
NL01-2025-003465,1,2025-06-29,1000,9263.19,0.00,EUR,C036
NL01-2025-003465,2,2025-06-29,1200,0.00,9263.19,EUR,C036
NL01-2025-003466,1,2025-05-08,1200,11912.14,0.00,EUR,C010
NL01-2025-003466,2,2025-05-08,4000,0.00,9264.69,EUR,C010
NL01-2025-003466,3,2025-05-08,4100,0.00,2647.45,EUR,C010
NL01-2025-003467,1,2025-06-07,1000,11912.14,0.00,EUR,C010
NL01-2025-003467,2,2025-06-07,1200,0.00,11912.14,EUR,C010
NL01-2025-003468,1,2025-05-09,1200,21393.35,0.00,EUR,C024
NL01-2025-003468,2,2025-05-09,4000,0.00,16638.71,EUR,C024
NL01-2025-003468,3,2025-05-09,4100,0.00,4754.64,EUR,C024
NL01-2025-003469,1,2025-06-05,1000,21393.35,0.00,EUR,C024
NL01-2025-003469,2,2025-06-05,1200,0.00,21393.35,EUR,C024
NL01-2025-003470,1,2025-05-16,1200,12343.55,0.00,EUR,C013
NL01-2025-003470,2,2025-05-16,4000,0.00,9600.21,EUR,C013
NL01-2025-003470,3,2025-05-16,4100,0.00,2743.34,EUR,C013
NL01-2025-003471,1,2025-07-07,1000,12343.55,0.00,EUR,C013
NL01-2025-003471,2,2025-07-07,1200,0.00,12343.55,EUR,C013
NL01-2025-003472,1,2025-05-09,1300,353802.17,0.00,EUR,V020
NL01-2025-003472,2,2025-05-09,2100,0.00,353802.17,EUR,V020
NL01-2025-003473,1,2025-06-12,2100,353802.17,0.00,EUR,V020
NL01-2025-003473,2,2025-06-12,1000,0.00,353802.17,EUR,V020
NL01-2025-003474,1,2025-05-23,1300,108795.86,0.00,EUR,V020
NL01-2025-003474,2,2025-05-23,2100,0.00,108795.86,EUR,V020
NL01-2025-003475,1,2025-07-07,2100,108795.86,0.00,EUR,V020
NL01-2025-003475,2,2025-07-07,1000,0.00,108795.86,EUR,V020
NL01-2025-003476,1,2025-05-08,1300,101390.46,0.00,EUR,V005
NL01-2025-003476,2,2025-05-08,2100,0.00,101390.46,EUR,V005
NL01-2025-003477,1,2025-06-06,2100,101390.46,0.00,EUR,V005
NL01-2025-003477,2,2025-06-06,1000,0.00,101390.46,EUR,V005
NL01-2025-003478,1,2025-05-31,5000,590089.69,0.00,EUR,
NL01-2025-003478,2,2025-05-31,1300,0.00,590089.69,EUR,
NL01-2025-003479,1,2025-05-11,6100,64201.41,0.00,EUR,V047
NL01-2025-003479,2,2025-05-11,2100,0.00,64201.41,EUR,V047
NL01-2025-003480,1,2025-06-06,2100,64201.41,0.00,EUR,V047
NL01-2025-003480,2,2025-06-06,1000,0.00,64201.41,EUR,V047
NL01-2025-003481,1,2025-05-10,6200,54640.25,0.00,EUR,V042
NL01-2025-003481,2,2025-05-10,2100,0.00,54640.25,EUR,V042
NL01-2025-003482,1,2025-06-03,2100,54640.25,0.00,EUR,V042
NL01-2025-003482,2,2025-06-03,1000,0.00,54640.25,EUR,V042
NL01-2025-003483,1,2025-05-06,6300,20617.79,0.00,EUR,V036
NL01-2025-003483,2,2025-05-06,2100,0.00,20617.79,EUR,V036
NL01-2025-003484,1,2025-06-08,2100,20617.79,0.00,EUR,V036
NL01-2025-003484,2,2025-06-08,1000,0.00,20617.79,EUR,V036
NL01-2025-003485,1,2025-05-19,6400,30992.75,0.00,EUR,V030
NL01-2025-003485,2,2025-05-19,2100,0.00,30992.75,EUR,V030
NL01-2025-003486,1,2025-06-10,2100,30992.75,0.00,EUR,V030
NL01-2025-003486,2,2025-06-10,1000,0.00,30992.75,EUR,V030
NL01-2025-003487,1,2025-05-25,6000,395897.62,0.00,EUR,
NL01-2025-003487,2,2025-05-25,1000,0.00,395897.62,EUR,
NL01-2025-003488,1,2025-05-31,6900,15625.00,0.00,EUR,
NL01-2025-003488,2,2025-05-31,1590,0.00,15625.00,EUR,
NL01-2025-003489,1,2025-06-28,1200,6007.44,0.00,EUR,C013
NL01-2025-003489,2,2025-06-28,4000,0.00,4612.46,EUR,C013
NL01-2025-003489,3,2025-06-28,4100,0.00,1394.98,EUR,C013
NL01-2025-003490,1,2025-08-02,1000,6007.44,0.00,EUR,C013
NL01-2025-003490,2,2025-08-02,1200,0.00,6007.44,EUR,C013
NL01-2025-003491,1,2025-06-11,1200,5574.65,0.00,EUR,C017
NL01-2025-003491,2,2025-06-11,4000,0.00,4280.17,EUR,C017
NL01-2025-003491,3,2025-06-11,4100,0.00,1294.48,EUR,C017
NL01-2025-003492,1,2025-07-08,1000,5574.65,0.00,EUR,C017
NL01-2025-003492,2,2025-07-08,1200,0.00,5574.65,EUR,C017
NL01-2025-003493,1,2025-06-06,1200,2881.69,0.00,EUR,C018
NL01-2025-003493,2,2025-06-06,4000,0.00,2212.54,EUR,C018
NL01-2025-003493,3,2025-06-06,4100,0.00,669.15,EUR,C018
NL01-2025-003494,1,2025-07-21,1000,2881.69,0.00,EUR,C018
NL01-2025-003494,2,2025-07-21,1200,0.00,2881.69,EUR,C018
NL01-2025-003495,1,2025-06-13,1200,740.99,0.00,EUR,C032
NL01-2025-003495,2,2025-06-13,4000,0.00,568.93,EUR,C032
NL01-2025-003495,3,2025-06-13,4100,0.00,172.06,EUR,C032
NL01-2025-003496,1,2025-07-13,1000,740.99,0.00,EUR,C032
NL01-2025-003496,2,2025-07-13,1200,0.00,740.99,EUR,C032
NL01-2025-003497,1,2025-06-13,1200,12792.13,0.00,EUR,C020
NL01-2025-003497,2,2025-06-13,4000,0.00,9821.69,EUR,C020
NL01-2025-003497,3,2025-06-13,4100,0.00,2970.44,EUR,C020
NL01-2025-003498,1,2025-07-08,1000,12792.13,0.00,EUR,C020
NL01-2025-003498,2,2025-07-08,1200,0.00,12792.13,EUR,C020
NL01-2025-003499,1,2025-06-27,1200,2653.25,0.00,EUR,C018
NL01-2025-003499,2,2025-06-27,4000,0.00,2037.14,EUR,C018
NL01-2025-003499,3,2025-06-27,4100,0.00,616.11,EUR,C018
NL01-2025-003500,1,2025-08-02,1000,2653.25,0.00,EUR,C018
NL01-2025-003500,2,2025-08-02,1200,0.00,2653.25,EUR,C018
NL01-2025-003501,1,2025-06-04,1200,2467.08,0.00,EUR,C001
NL01-2025-003501,2,2025-06-04,4000,0.00,1894.20,EUR,C001
NL01-2025-003501,3,2025-06-04,4100,0.00,572.88,EUR,C001
NL01-2025-003502,1,2025-07-16,1000,2467.08,0.00,EUR,C001
NL01-2025-003502,2,2025-07-16,1200,0.00,2467.08,EUR,C001
NL01-2025-003503,1,2025-06-02,1200,11152.28,0.00,EUR,C026
NL01-2025-003503,2,2025-06-02,4000,0.00,8562.63,EUR,C026
NL01-2025-003503,3,2025-06-02,4100,0.00,2589.65,EUR,C026
NL01-2025-003504,1,2025-06-24,1000,11152.28,0.00,EUR,C026
NL01-2025-003504,2,2025-06-24,1200,0.00,11152.28,EUR,C026
NL01-2025-003505,1,2025-06-26,1200,1903.77,0.00,EUR,C027
NL01-2025-003505,2,2025-06-26,4000,0.00,1461.70,EUR,C027
NL01-2025-003505,3,2025-06-26,4100,0.00,442.07,EUR,C027
NL01-2025-003506,1,2025-07-25,1000,1903.77,0.00,EUR,C027
NL01-2025-003506,2,2025-07-25,1200,0.00,1903.77,EUR,C027
NL01-2025-003507,1,2025-06-24,1200,14047.08,0.00,EUR,C029
NL01-2025-003507,2,2025-06-24,4000,0.00,10785.23,EUR,C029
NL01-2025-003507,3,2025-06-24,4100,0.00,3261.85,EUR,C029
NL01-2025-003508,1,2025-08-06,1000,14047.08,0.00,EUR,C029
NL01-2025-003508,2,2025-08-06,1200,0.00,14047.08,EUR,C029
NL01-2025-003509,1,2025-06-19,1200,43136.24,0.00,EUR,C022
NL01-2025-003509,2,2025-06-19,4000,0.00,33119.65,EUR,C022
NL01-2025-003509,3,2025-06-19,4100,0.00,10016.59,EUR,C022
NL01-2025-003510,1,2025-08-06,1000,43136.24,0.00,EUR,C022
NL01-2025-003510,2,2025-08-06,1200,0.00,43136.24,EUR,C022
NL01-2025-003511,1,2025-06-21,1200,10994.12,0.00,EUR,C004
NL01-2025-003511,2,2025-06-21,4000,0.00,8441.20,EUR,C004
NL01-2025-003511,3,2025-06-21,4100,0.00,2552.92,EUR,C004
NL01-2025-003512,1,2025-07-19,1000,10994.12,0.00,EUR,C004
NL01-2025-003512,2,2025-07-19,1200,0.00,10994.12,EUR,C004
NL01-2025-003513,1,2025-06-25,1200,17553.51,0.00,EUR,C040
NL01-2025-003513,2,2025-06-25,4000,0.00,13477.44,EUR,C040
NL01-2025-003513,3,2025-06-25,4100,0.00,4076.07,EUR,C040
NL01-2025-003514,1,2025-07-24,1000,17553.51,0.00,EUR,C040
NL01-2025-003514,2,2025-07-24,1200,0.00,17553.51,EUR,C040
NL01-2025-003515,1,2025-06-26,1200,9087.12,0.00,EUR,C029
NL01-2025-003515,2,2025-06-26,4000,0.00,6977.02,EUR,C029
NL01-2025-003515,3,2025-06-26,4100,0.00,2110.10,EUR,C029
NL01-2025-003516,1,2025-07-22,1000,9087.12,0.00,EUR,C029
NL01-2025-003516,2,2025-07-22,1200,0.00,9087.12,EUR,C029
NL01-2025-003517,1,2025-06-10,1200,24453.04,0.00,EUR,C008
NL01-2025-003517,2,2025-06-10,4000,0.00,18774.84,EUR,C008
NL01-2025-003517,3,2025-06-10,4100,0.00,5678.20,EUR,C008
NL01-2025-003518,1,2025-07-20,1000,24453.04,0.00,EUR,C008
NL01-2025-003518,2,2025-07-20,1200,0.00,24453.04,EUR,C008
NL01-2025-003519,1,2025-06-25,1200,81525.63,0.00,EUR,C014
NL01-2025-003519,2,2025-06-25,4000,0.00,62594.71,EUR,C014
NL01-2025-003519,3,2025-06-25,4100,0.00,18930.92,EUR,C014
NL01-2025-003520,1,2025-07-23,1000,81525.63,0.00,EUR,C014
NL01-2025-003520,2,2025-07-23,1200,0.00,81525.63,EUR,C014
NL01-2025-003521,1,2025-06-17,1200,2818.74,0.00,EUR,C039
NL01-2025-003521,2,2025-06-17,4000,0.00,2164.21,EUR,C039
NL01-2025-003521,3,2025-06-17,4100,0.00,654.53,EUR,C039
NL01-2025-003522,1,2025-07-09,1000,2818.74,0.00,EUR,C039
NL01-2025-003522,2,2025-07-09,1200,0.00,2818.74,EUR,C039
NL01-2025-003523,1,2025-06-15,1200,2795.21,0.00,EUR,C034
NL01-2025-003523,2,2025-06-15,4000,0.00,2146.14,EUR,C034
NL01-2025-003523,3,2025-06-15,4100,0.00,649.07,EUR,C034
NL01-2025-003524,1,2025-07-04,1000,2795.21,0.00,EUR,C034
NL01-2025-003524,2,2025-07-04,1200,0.00,2795.21,EUR,C034
NL01-2025-003525,1,2025-06-13,1200,4743.92,0.00,EUR,C018
NL01-2025-003525,2,2025-06-13,4000,0.00,3642.34,EUR,C018
NL01-2025-003525,3,2025-06-13,4100,0.00,1101.58,EUR,C018
NL01-2025-003526,1,2025-08-01,1000,4743.92,0.00,EUR,C018
NL01-2025-003526,2,2025-08-01,1200,0.00,4743.92,EUR,C018
NL01-2025-003527,1,2025-06-20,1200,16450.02,0.00,EUR,C035
NL01-2025-003527,2,2025-06-20,4000,0.00,12630.19,EUR,C035
NL01-2025-003527,3,2025-06-20,4100,0.00,3819.83,EUR,C035
NL01-2025-003528,1,2025-07-31,1000,16450.02,0.00,EUR,C035
NL01-2025-003528,2,2025-07-31,1200,0.00,16450.02,EUR,C035
NL01-2025-003529,1,2025-06-27,1200,17467.71,0.00,EUR,C027
NL01-2025-003529,2,2025-06-27,4000,0.00,13411.56,EUR,C027
NL01-2025-003529,3,2025-06-27,4100,0.00,4056.15,EUR,C027
NL01-2025-003530,1,2025-07-31,1000,17467.71,0.00,EUR,C027
NL01-2025-003530,2,2025-07-31,1200,0.00,17467.71,EUR,C027
NL01-2025-003531,1,2025-06-19,1200,17284.19,0.00,EUR,C032
NL01-2025-003531,2,2025-06-19,4000,0.00,13270.66,EUR,C032
NL01-2025-003531,3,2025-06-19,4100,0.00,4013.53,EUR,C032
NL01-2025-003532,1,2025-07-22,1000,17284.19,0.00,EUR,C032
NL01-2025-003532,2,2025-07-22,1200,0.00,17284.19,EUR,C032
NL01-2025-003533,1,2025-06-09,1200,18159.58,0.00,EUR,C001
NL01-2025-003533,2,2025-06-09,4000,0.00,13942.78,EUR,C001
NL01-2025-003533,3,2025-06-09,4100,0.00,4216.80,EUR,C001
NL01-2025-003534,1,2025-07-19,1000,18159.58,0.00,EUR,C001
NL01-2025-003534,2,2025-07-19,1200,0.00,18159.58,EUR,C001
NL01-2025-003535,1,2025-06-12,1200,2095.29,0.00,EUR,C023
NL01-2025-003535,2,2025-06-12,4000,0.00,1608.75,EUR,C023
NL01-2025-003535,3,2025-06-12,4100,0.00,486.54,EUR,C023
NL01-2025-003536,1,2025-07-17,1000,2095.29,0.00,EUR,C023
NL01-2025-003536,2,2025-07-17,1200,0.00,2095.29,EUR,C023
NL01-2025-003537,1,2025-06-24,1200,3091.03,0.00,EUR,C025
NL01-2025-003537,2,2025-06-24,4000,0.00,2373.27,EUR,C025
NL01-2025-003537,3,2025-06-24,4100,0.00,717.76,EUR,C025
NL01-2025-003538,1,2025-07-14,1000,3091.03,0.00,EUR,C025
NL01-2025-003538,2,2025-07-14,1200,0.00,3091.03,EUR,C025
NL01-2025-003539,1,2025-06-03,1200,3994.99,0.00,EUR,C036
NL01-2025-003539,2,2025-06-03,4000,0.00,3067.32,EUR,C036
NL01-2025-003539,3,2025-06-03,4100,0.00,927.67,EUR,C036
NL01-2025-003540,1,2025-06-28,1000,3994.99,0.00,EUR,C036
NL01-2025-003540,2,2025-06-28,1200,0.00,3994.99,EUR,C036
NL01-2025-003541,1,2025-06-22,1200,5497.60,0.00,EUR,C033
NL01-2025-003541,2,2025-06-22,4000,0.00,4221.01,EUR,C033
NL01-2025-003541,3,2025-06-22,4100,0.00,1276.59,EUR,C033
NL01-2025-003542,1,2025-07-27,1000,5497.60,0.00,EUR,C033
NL01-2025-003542,2,2025-07-27,1200,0.00,5497.60,EUR,C033
NL01-2025-003543,1,2025-06-22,1200,8237.67,0.00,EUR,C006
NL01-2025-003543,2,2025-06-22,4000,0.00,6324.82,EUR,C006
NL01-2025-003543,3,2025-06-22,4100,0.00,1912.85,EUR,C006
NL01-2025-003544,1,2025-07-17,1000,8237.67,0.00,EUR,C006
NL01-2025-003544,2,2025-07-17,1200,0.00,8237.67,EUR,C006
NL01-2025-003545,1,2025-06-17,1200,31228.71,0.00,EUR,C016
NL01-2025-003545,2,2025-06-17,4000,0.00,23977.15,EUR,C016
NL01-2025-003545,3,2025-06-17,4100,0.00,7251.56,EUR,C016
NL01-2025-003546,1,2025-07-09,1000,31228.71,0.00,EUR,C016
NL01-2025-003546,2,2025-07-09,1200,0.00,31228.71,EUR,C016
NL01-2025-003547,1,2025-06-07,1200,3995.66,0.00,EUR,C006
NL01-2025-003547,2,2025-06-07,4000,0.00,3067.83,EUR,C006
NL01-2025-003547,3,2025-06-07,4100,0.00,927.83,EUR,C006
NL01-2025-003548,1,2025-07-13,1000,3995.66,0.00,EUR,C006
NL01-2025-003548,2,2025-07-13,1200,0.00,3995.66,EUR,C006
NL01-2025-003549,1,2025-06-28,1200,3498.66,0.00,EUR,C006
NL01-2025-003549,2,2025-06-28,4000,0.00,2686.24,EUR,C006
NL01-2025-003549,3,2025-06-28,4100,0.00,812.42,EUR,C006
NL01-2025-003550,1,2025-08-04,1000,3498.66,0.00,EUR,C006
NL01-2025-003550,2,2025-08-04,1200,0.00,3498.66,EUR,C006
NL01-2025-003551,1,2025-06-25,1200,9061.37,0.00,EUR,C004
NL01-2025-003551,2,2025-06-25,4000,0.00,6957.25,EUR,C004
NL01-2025-003551,3,2025-06-25,4100,0.00,2104.12,EUR,C004
NL01-2025-003552,1,2025-08-01,1000,9061.37,0.00,EUR,C004
NL01-2025-003552,2,2025-08-01,1200,0.00,9061.37,EUR,C004
NL01-2025-003553,1,2025-06-15,1200,10664.21,0.00,EUR,C017
NL01-2025-003553,2,2025-06-15,4000,0.00,8187.89,EUR,C017
NL01-2025-003553,3,2025-06-15,4100,0.00,2476.32,EUR,C017
NL01-2025-003554,1,2025-07-14,1000,10664.21,0.00,EUR,C017
NL01-2025-003554,2,2025-07-14,1200,0.00,10664.21,EUR,C017
NL01-2025-003555,1,2025-06-05,1200,7292.78,0.00,EUR,C008
NL01-2025-003555,2,2025-06-05,4000,0.00,5599.34,EUR,C008
NL01-2025-003555,3,2025-06-05,4100,0.00,1693.44,EUR,C008
NL01-2025-003556,1,2025-06-28,1000,7292.78,0.00,EUR,C008
NL01-2025-003556,2,2025-06-28,1200,0.00,7292.78,EUR,C008
NL01-2025-003557,1,2025-06-17,1200,3937.61,0.00,EUR,C012
NL01-2025-003557,2,2025-06-17,4000,0.00,3023.26,EUR,C012
NL01-2025-003557,3,2025-06-17,4100,0.00,914.35,EUR,C012
NL01-2025-003558,1,2025-07-27,1000,3937.61,0.00,EUR,C012
NL01-2025-003558,2,2025-07-27,1200,0.00,3937.61,EUR,C012
NL01-2025-003559,1,2025-06-05,1200,5870.13,0.00,EUR,C037
NL01-2025-003559,2,2025-06-05,4000,0.00,4507.04,EUR,C037
NL01-2025-003559,3,2025-06-05,4100,0.00,1363.09,EUR,C037
NL01-2025-003560,1,2025-06-26,1000,5870.13,0.00,EUR,C037
NL01-2025-003560,2,2025-06-26,1200,0.00,5870.13,EUR,C037
NL01-2025-003561,1,2025-06-06,1200,25832.76,0.00,EUR,C020
NL01-2025-003561,2,2025-06-06,4000,0.00,19834.18,EUR,C020
NL01-2025-003561,3,2025-06-06,4100,0.00,5998.58,EUR,C020
NL01-2025-003562,1,2025-07-02,1000,25832.76,0.00,EUR,C020
NL01-2025-003562,2,2025-07-02,1200,0.00,25832.76,EUR,C020
NL01-2025-003563,1,2025-06-13,1200,16128.28,0.00,EUR,C010
NL01-2025-003563,2,2025-06-13,4000,0.00,12383.16,EUR,C010
NL01-2025-003563,3,2025-06-13,4100,0.00,3745.12,EUR,C010
NL01-2025-003564,1,2025-07-24,1000,16128.28,0.00,EUR,C010
NL01-2025-003564,2,2025-07-24,1200,0.00,16128.28,EUR,C010
NL01-2025-003565,1,2025-06-08,1200,21930.26,0.00,EUR,C022
NL01-2025-003565,2,2025-06-08,4000,0.00,16837.87,EUR,C022
NL01-2025-003565,3,2025-06-08,4100,0.00,5092.39,EUR,C022
NL01-2025-003566,1,2025-07-13,1000,21930.26,0.00,EUR,C022
NL01-2025-003566,2,2025-07-13,1200,0.00,21930.26,EUR,C022
NL01-2025-003567,1,2025-06-28,1200,13749.24,0.00,EUR,C019
NL01-2025-003567,2,2025-06-28,4000,0.00,10556.55,EUR,C019
NL01-2025-003567,3,2025-06-28,4100,0.00,3192.69,EUR,C019
NL01-2025-003568,1,2025-07-28,1000,13749.24,0.00,EUR,C019
NL01-2025-003568,2,2025-07-28,1200,0.00,13749.24,EUR,C019
NL01-2025-003569,1,2025-06-01,1200,1817.82,0.00,EUR,C003
NL01-2025-003569,2,2025-06-01,4000,0.00,1395.71,EUR,C003
NL01-2025-003569,3,2025-06-01,4100,0.00,422.11,EUR,C003
NL01-2025-003570,1,2025-07-12,1000,1817.82,0.00,EUR,C003
NL01-2025-003570,2,2025-07-12,1200,0.00,1817.82,EUR,C003
NL01-2025-003571,1,2025-06-14,1200,10890.43,0.00,EUR,C013
NL01-2025-003571,2,2025-06-14,4000,0.00,8361.58,EUR,C013
NL01-2025-003571,3,2025-06-14,4100,0.00,2528.85,EUR,C013
NL01-2025-003572,1,2025-07-14,1000,10890.43,0.00,EUR,C013
NL01-2025-003572,2,2025-07-14,1200,0.00,10890.43,EUR,C013
NL01-2025-003573,1,2025-06-29,1200,11467.19,0.00,EUR,C026
NL01-2025-003573,2,2025-06-29,4000,0.00,8804.41,EUR,C026
NL01-2025-003573,3,2025-06-29,4100,0.00,2662.78,EUR,C026
NL01-2025-003574,1,2025-08-03,1000,11467.19,0.00,EUR,C026
NL01-2025-003574,2,2025-08-03,1200,0.00,11467.19,EUR,C026
NL01-2025-003575,1,2025-06-05,1200,13268.89,0.00,EUR,C022
NL01-2025-003575,2,2025-06-05,4000,0.00,10187.74,EUR,C022
NL01-2025-003575,3,2025-06-05,4100,0.00,3081.15,EUR,C022
NL01-2025-003576,1,2025-07-10,1000,13268.89,0.00,EUR,C022
NL01-2025-003576,2,2025-07-10,1200,0.00,13268.89,EUR,C022
NL01-2025-003577,1,2025-06-07,1200,8610.28,0.00,EUR,C023
NL01-2025-003577,2,2025-06-07,4000,0.00,6610.90,EUR,C023
NL01-2025-003577,3,2025-06-07,4100,0.00,1999.38,EUR,C023
NL01-2025-003578,1,2025-07-07,1000,8610.28,0.00,EUR,C023
NL01-2025-003578,2,2025-07-07,1200,0.00,8610.28,EUR,C023
NL01-2025-003579,1,2025-06-20,1200,4891.64,0.00,EUR,C034
NL01-2025-003579,2,2025-06-20,4000,0.00,3755.76,EUR,C034
NL01-2025-003579,3,2025-06-20,4100,0.00,1135.88,EUR,C034
NL01-2025-003580,1,2025-07-09,1000,4891.64,0.00,EUR,C034
NL01-2025-003580,2,2025-07-09,1200,0.00,4891.64,EUR,C034
NL01-2025-003581,1,2025-06-04,1200,4835.97,0.00,EUR,C008
NL01-2025-003581,2,2025-06-04,4000,0.00,3713.02,EUR,C008
NL01-2025-003581,3,2025-06-04,4100,0.00,1122.95,EUR,C008
NL01-2025-003582,1,2025-07-18,1000,4835.97,0.00,EUR,C008
NL01-2025-003582,2,2025-07-18,1200,0.00,4835.97,EUR,C008
NL01-2025-003583,1,2025-06-18,1200,3537.85,0.00,EUR,C033
NL01-2025-003583,2,2025-06-18,4000,0.00,2716.33,EUR,C033
NL01-2025-003583,3,2025-06-18,4100,0.00,821.52,EUR,C033
NL01-2025-003584,1,2025-08-23,1000,3537.85,0.00,EUR,C033
NL01-2025-003584,2,2025-08-23,1200,0.00,3537.85,EUR,C033
NL01-2025-003585,1,2025-06-27,1200,15744.29,0.00,EUR,C009
NL01-2025-003585,2,2025-06-27,4000,0.00,12088.34,EUR,C009
NL01-2025-003585,3,2025-06-27,4100,0.00,3655.95,EUR,C009
NL01-2025-003586,1,2025-08-14,1000,15744.29,0.00,EUR,C009
NL01-2025-003586,2,2025-08-14,1200,0.00,15744.29,EUR,C009
NL01-2025-003587,1,2025-06-13,1200,10011.13,0.00,EUR,C008
NL01-2025-003587,2,2025-06-13,4000,0.00,7686.46,EUR,C008
NL01-2025-003587,3,2025-06-13,4100,0.00,2324.67,EUR,C008
NL01-2025-003588,1,2025-07-31,1000,10011.13,0.00,EUR,C008
NL01-2025-003588,2,2025-07-31,1200,0.00,10011.13,EUR,C008
NL01-2025-003589,1,2025-06-17,1200,4402.59,0.00,EUR,C028
NL01-2025-003589,2,2025-06-17,4000,0.00,3380.27,EUR,C028
NL01-2025-003589,3,2025-06-17,4100,0.00,1022.32,EUR,C028
NL01-2025-003590,1,2025-07-09,1000,4402.59,0.00,EUR,C028
NL01-2025-003590,2,2025-07-09,1200,0.00,4402.59,EUR,C028
NL01-2025-003591,1,2025-06-20,1200,2769.97,0.00,EUR,C022
NL01-2025-003591,2,2025-06-20,4000,0.00,2126.76,EUR,C022
NL01-2025-003591,3,2025-06-20,4100,0.00,643.21,EUR,C022
NL01-2025-003592,1,2025-07-08,1000,2769.97,0.00,EUR,C022
NL01-2025-003592,2,2025-07-08,1200,0.00,2769.97,EUR,C022
NL01-2025-003593,1,2025-06-02,1200,3387.75,0.00,EUR,C036
NL01-2025-003593,2,2025-06-02,4000,0.00,2601.09,EUR,C036
NL01-2025-003593,3,2025-06-02,4100,0.00,786.66,EUR,C036
NL01-2025-003594,1,2025-07-13,1000,3387.75,0.00,EUR,C036
NL01-2025-003594,2,2025-07-13,1200,0.00,3387.75,EUR,C036
NL01-2025-003595,1,2025-06-03,1200,3119.57,0.00,EUR,C004
NL01-2025-003595,2,2025-06-03,4000,0.00,2395.18,EUR,C004
NL01-2025-003595,3,2025-06-03,4100,0.00,724.39,EUR,C004
NL01-2025-003596,1,2025-07-19,1000,3119.57,0.00,EUR,C004
NL01-2025-003596,2,2025-07-19,1200,0.00,3119.57,EUR,C004
NL01-2025-003597,1,2025-06-08,1200,7312.97,0.00,EUR,C012
NL01-2025-003597,2,2025-06-08,4000,0.00,5614.84,EUR,C012
NL01-2025-003597,3,2025-06-08,4100,0.00,1698.13,EUR,C012
NL01-2025-003598,1,2025-08-24,1000,7312.97,0.00,EUR,C012
NL01-2025-003598,2,2025-08-24,1200,0.00,7312.97,EUR,C012
NL01-2025-003599,1,2025-06-03,1200,1900.47,0.00,EUR,C013
NL01-2025-003599,2,2025-06-03,4000,0.00,1459.17,EUR,C013
NL01-2025-003599,3,2025-06-03,4100,0.00,441.30,EUR,C013
NL01-2025-003600,1,2025-07-02,1000,1900.47,0.00,EUR,C013
NL01-2025-003600,2,2025-07-02,1200,0.00,1900.47,EUR,C013
NL01-2025-003601,1,2025-06-05,1200,18609.32,0.00,EUR,C032
NL01-2025-003601,2,2025-06-05,4000,0.00,14288.08,EUR,C032
NL01-2025-003601,3,2025-06-05,4100,0.00,4321.24,EUR,C032
NL01-2025-003602,1,2025-06-26,1000,18609.32,0.00,EUR,C032
NL01-2025-003602,2,2025-06-26,1200,0.00,18609.32,EUR,C032
NL01-2025-003603,1,2025-06-02,1200,5365.36,0.00,EUR,C005
NL01-2025-003603,2,2025-06-02,4000,0.00,4119.48,EUR,C005
NL01-2025-003603,3,2025-06-02,4100,0.00,1245.88,EUR,C005
NL01-2025-003604,1,2025-07-29,1000,5365.36,0.00,EUR,C005
NL01-2025-003604,2,2025-07-29,1200,0.00,5365.36,EUR,C005
NL01-2025-003605,1,2025-06-25,1200,35832.54,0.00,EUR,C001
NL01-2025-003605,2,2025-06-25,4000,0.00,27511.93,EUR,C001
NL01-2025-003605,3,2025-06-25,4100,0.00,8320.61,EUR,C001
NL01-2025-003606,1,2025-07-30,1000,35832.54,0.00,EUR,C001
NL01-2025-003606,2,2025-07-30,1200,0.00,35832.54,EUR,C001
NL01-2025-003607,1,2025-06-01,1200,4896.55,0.00,EUR,C018
NL01-2025-003607,2,2025-06-01,4000,0.00,3759.53,EUR,C018
NL01-2025-003607,3,2025-06-01,4100,0.00,1137.02,EUR,C018
NL01-2025-003608,1,2025-07-17,1000,4896.55,0.00,EUR,C018
NL01-2025-003608,2,2025-07-17,1200,0.00,4896.55,EUR,C018
NL01-2025-003609,1,2025-06-11,1200,97342.08,0.00,EUR,C013
NL01-2025-003609,2,2025-06-11,4000,0.00,74738.45,EUR,C013
NL01-2025-003609,3,2025-06-11,4100,0.00,22603.63,EUR,C013
NL01-2025-003610,1,2025-07-25,1000,97342.08,0.00,EUR,C013
NL01-2025-003610,2,2025-07-25,1200,0.00,97342.08,EUR,C013
NL01-2025-003611,1,2025-06-08,1200,12154.94,0.00,EUR,C028
NL01-2025-003611,2,2025-06-08,4000,0.00,9332.46,EUR,C028
NL01-2025-003611,3,2025-06-08,4100,0.00,2822.48,EUR,C028
NL01-2025-003612,1,2025-08-06,1000,12154.94,0.00,EUR,C028
NL01-2025-003612,2,2025-08-06,1200,0.00,12154.94,EUR,C028
NL01-2025-003613,1,2025-06-13,1200,4614.73,0.00,EUR,C036
NL01-2025-003613,2,2025-06-13,4000,0.00,3543.15,EUR,C036
NL01-2025-003613,3,2025-06-13,4100,0.00,1071.58,EUR,C036
NL01-2025-003614,1,2025-07-19,1000,4614.73,0.00,EUR,C036
NL01-2025-003614,2,2025-07-19,1200,0.00,4614.73,EUR,C036
NL01-2025-003615,1,2025-06-17,1200,14491.48,0.00,EUR,C030
NL01-2025-003615,2,2025-06-17,4000,0.00,11126.44,EUR,C030
NL01-2025-003615,3,2025-06-17,4100,0.00,3365.04,EUR,C030
NL01-2025-003616,1,2025-07-10,1000,14491.48,0.00,EUR,C030
NL01-2025-003616,2,2025-07-10,1200,0.00,14491.48,EUR,C030
NL01-2025-003617,1,2025-06-22,1200,8608.63,0.00,EUR,C022
NL01-2025-003617,2,2025-06-22,4000,0.00,6609.64,EUR,C022
NL01-2025-003617,3,2025-06-22,4100,0.00,1998.99,EUR,C022
NL01-2025-003618,1,2025-07-20,1000,8608.63,0.00,EUR,C022
NL01-2025-003618,2,2025-07-20,1200,0.00,8608.63,EUR,C022
NL01-2025-003619,1,2025-06-01,1200,5142.69,0.00,EUR,C005
NL01-2025-003619,2,2025-06-01,4000,0.00,3948.52,EUR,C005
NL01-2025-003619,3,2025-06-01,4100,0.00,1194.17,EUR,C005
NL01-2025-003620,1,2025-06-25,1000,5142.69,0.00,EUR,C005
NL01-2025-003620,2,2025-06-25,1200,0.00,5142.69,EUR,C005
NL01-2025-003621,1,2025-06-16,1200,3377.38,0.00,EUR,C028
NL01-2025-003621,2,2025-06-16,4000,0.00,2593.12,EUR,C028
NL01-2025-003621,3,2025-06-16,4100,0.00,784.26,EUR,C028
NL01-2025-003622,1,2025-08-01,1000,3377.38,0.00,EUR,C028
NL01-2025-003622,2,2025-08-01,1200,0.00,3377.38,EUR,C028
NL01-2025-003623,1,2025-06-24,1200,12676.58,0.00,EUR,C036
NL01-2025-003623,2,2025-06-24,4000,0.00,9732.97,EUR,C036
NL01-2025-003623,3,2025-06-24,4100,0.00,2943.61,EUR,C036
NL01-2025-003624,1,2025-07-20,1000,12676.58,0.00,EUR,C036
NL01-2025-003624,2,2025-07-20,1200,0.00,12676.58,EUR,C036
NL01-2025-003625,1,2025-06-09,1200,21835.78,0.00,EUR,C026
NL01-2025-003625,2,2025-06-09,4000,0.00,16765.33,EUR,C026
NL01-2025-003625,3,2025-06-09,4100,0.00,5070.45,EUR,C026
NL01-2025-003626,1,2025-08-01,1000,21835.78,0.00,EUR,C026
NL01-2025-003626,2,2025-08-01,1200,0.00,21835.78,EUR,C026
NL01-2025-003627,1,2025-06-23,1200,4386.29,0.00,EUR,C012
NL01-2025-003627,2,2025-06-23,4000,0.00,3367.76,EUR,C012
NL01-2025-003627,3,2025-06-23,4100,0.00,1018.53,EUR,C012
NL01-2025-003628,1,2025-07-22,1000,4386.29,0.00,EUR,C012
NL01-2025-003628,2,2025-07-22,1200,0.00,4386.29,EUR,C012
NL01-2025-003629,1,2025-06-15,1200,4035.52,0.00,EUR,C027
NL01-2025-003629,2,2025-06-15,4000,0.00,3098.44,EUR,C027
NL01-2025-003629,3,2025-06-15,4100,0.00,937.08,EUR,C027
NL01-2025-003630,1,2025-07-19,1000,4035.52,0.00,EUR,C027
NL01-2025-003630,2,2025-07-19,1200,0.00,4035.52,EUR,C027
NL01-2025-003631,1,2025-06-26,1200,16206.06,0.00,EUR,C021
NL01-2025-003631,2,2025-06-26,4000,0.00,12442.88,EUR,C021
NL01-2025-003631,3,2025-06-26,4100,0.00,3763.18,EUR,C021
NL01-2025-003632,1,2025-08-01,1000,16206.06,0.00,EUR,C021
NL01-2025-003632,2,2025-08-01,1200,0.00,16206.06,EUR,C021
NL01-2025-003633,1,2025-06-01,1200,4092.28,0.00,EUR,C029
NL01-2025-003633,2,2025-06-01,4000,0.00,3142.02,EUR,C029
NL01-2025-003633,3,2025-06-01,4100,0.00,950.26,EUR,C029
NL01-2025-003634,1,2025-07-21,1000,4092.28,0.00,EUR,C029
NL01-2025-003634,2,2025-07-21,1200,0.00,4092.28,EUR,C029
NL01-2025-003635,1,2025-06-09,1200,4746.84,0.00,EUR,C020
NL01-2025-003635,2,2025-06-09,4000,0.00,3644.58,EUR,C020
NL01-2025-003635,3,2025-06-09,4100,0.00,1102.26,EUR,C020
NL01-2025-003636,1,2025-07-13,1000,4746.84,0.00,EUR,C020
NL01-2025-003636,2,2025-07-13,1200,0.00,4746.84,EUR,C020
NL01-2025-003637,1,2025-06-15,1200,11406.06,0.00,EUR,C021
NL01-2025-003637,2,2025-06-15,4000,0.00,8757.48,EUR,C021
NL01-2025-003637,3,2025-06-15,4100,0.00,2648.58,EUR,C021
NL01-2025-003638,1,2025-08-29,1000,11406.06,0.00,EUR,C021
NL01-2025-003638,2,2025-08-29,1200,0.00,11406.06,EUR,C021
NL01-2025-003639,1,2025-06-11,1200,5465.50,0.00,EUR,C001
NL01-2025-003639,2,2025-06-11,4000,0.00,4196.37,EUR,C001
NL01-2025-003639,3,2025-06-11,4100,0.00,1269.13,EUR,C001
NL01-2025-003640,1,2025-08-08,1000,5465.50,0.00,EUR,C001
NL01-2025-003640,2,2025-08-08,1200,0.00,5465.50,EUR,C001
NL01-2025-003641,1,2025-06-18,1200,2551.66,0.00,EUR,C028
NL01-2025-003641,2,2025-06-18,4000,0.00,1959.14,EUR,C028
NL01-2025-003641,3,2025-06-18,4100,0.00,592.52,EUR,C028
NL01-2025-003642,1,2025-07-28,1000,2551.66,0.00,EUR,C028
NL01-2025-003642,2,2025-07-28,1200,0.00,2551.66,EUR,C028
NL01-2025-003643,1,2025-06-14,1200,32966.66,0.00,EUR,C021
NL01-2025-003643,2,2025-06-14,4000,0.00,25311.53,EUR,C021
NL01-2025-003643,3,2025-06-14,4100,0.00,7655.13,EUR,C021
NL01-2025-003644,1,2025-07-12,1000,32966.66,0.00,EUR,C021
NL01-2025-003644,2,2025-07-12,1200,0.00,32966.66,EUR,C021
NL01-2025-003645,1,2025-06-08,1200,1605.86,0.00,EUR,C015
NL01-2025-003645,2,2025-06-08,4000,0.00,1232.97,EUR,C015
NL01-2025-003645,3,2025-06-08,4100,0.00,372.89,EUR,C015
NL01-2025-003646,1,2025-07-26,1000,1605.86,0.00,EUR,C015
NL01-2025-003646,2,2025-07-26,1200,0.00,1605.86,EUR,C015
NL01-2025-003647,1,2025-06-19,1200,4484.08,0.00,EUR,C017
NL01-2025-003647,2,2025-06-19,4000,0.00,3442.84,EUR,C017
NL01-2025-003647,3,2025-06-19,4100,0.00,1041.24,EUR,C017
NL01-2025-003648,1,2025-07-05,1000,4484.08,0.00,EUR,C017
NL01-2025-003648,2,2025-07-05,1200,0.00,4484.08,EUR,C017
NL01-2025-003649,1,2025-06-08,1200,18236.32,0.00,EUR,C017
NL01-2025-003649,2,2025-06-08,4000,0.00,14001.70,EUR,C017
NL01-2025-003649,3,2025-06-08,4100,0.00,4234.62,EUR,C017
NL01-2025-003650,1,2025-07-02,1000,18236.32,0.00,EUR,C017
NL01-2025-003650,2,2025-07-02,1200,0.00,18236.32,EUR,C017
NL01-2025-003651,1,2025-06-26,1200,27253.49,0.00,EUR,C007
NL01-2025-003651,2,2025-06-26,4000,0.00,20925.01,EUR,C007
NL01-2025-003651,3,2025-06-26,4100,0.00,6328.48,EUR,C007
NL01-2025-003652,1,2025-07-20,1000,27253.49,0.00,EUR,C007
NL01-2025-003652,2,2025-07-20,1200,0.00,27253.49,EUR,C007
NL01-2025-003653,1,2025-06-23,1200,10134.44,0.00,EUR,C018
NL01-2025-003653,2,2025-06-23,4000,0.00,7781.14,EUR,C018
NL01-2025-003653,3,2025-06-23,4100,0.00,2353.30,EUR,C018
NL01-2025-003654,1,2025-07-23,1000,10134.44,0.00,EUR,C018
NL01-2025-003654,2,2025-07-23,1200,0.00,10134.44,EUR,C018
NL01-2025-003655,1,2025-06-03,1200,2491.40,0.00,EUR,C024
NL01-2025-003655,2,2025-06-03,4000,0.00,1912.88,EUR,C024
NL01-2025-003655,3,2025-06-03,4100,0.00,578.52,EUR,C024
NL01-2025-003656,1,2025-07-16,1000,2491.40,0.00,EUR,C024
NL01-2025-003656,2,2025-07-16,1200,0.00,2491.40,EUR,C024
NL01-2025-003657,1,2025-06-05,1200,11393.79,0.00,EUR,C023
NL01-2025-003657,2,2025-06-05,4000,0.00,8748.06,EUR,C023
NL01-2025-003657,3,2025-06-05,4100,0.00,2645.73,EUR,C023
NL01-2025-003658,1,2025-07-07,1000,11393.79,0.00,EUR,C023
NL01-2025-003658,2,2025-07-07,1200,0.00,11393.79,EUR,C023
NL01-2025-003659,1,2025-06-12,1200,7330.34,0.00,EUR,C019
NL01-2025-003659,2,2025-06-12,4000,0.00,5628.17,EUR,C019
NL01-2025-003659,3,2025-06-12,4100,0.00,1702.17,EUR,C019
NL01-2025-003660,1,2025-07-24,1000,7330.34,0.00,EUR,C019
NL01-2025-003660,2,2025-07-24,1200,0.00,7330.34,EUR,C019
NL01-2025-003661,1,2025-06-19,1200,71449.09,0.00,EUR,C006
NL01-2025-003661,2,2025-06-19,4000,0.00,54858.02,EUR,C006
NL01-2025-003661,3,2025-06-19,4100,0.00,16591.07,EUR,C006
NL01-2025-003662,1,2025-07-17,1000,71449.09,0.00,EUR,C006
NL01-2025-003662,2,2025-07-17,1200,0.00,71449.09,EUR,C006
NL01-2025-003663,1,2025-06-24,1200,14456.26,0.00,EUR,C031
NL01-2025-003663,2,2025-06-24,4000,0.00,11099.40,EUR,C031
NL01-2025-003663,3,2025-06-24,4100,0.00,3356.86,EUR,C031
NL01-2025-003664,1,2025-07-21,1000,14456.26,0.00,EUR,C031
NL01-2025-003664,2,2025-07-21,1200,0.00,14456.26,EUR,C031
NL01-2025-003665,1,2025-06-21,1200,9574.32,0.00,EUR,C005
NL01-2025-003665,2,2025-06-21,4000,0.00,7351.08,EUR,C005
NL01-2025-003665,3,2025-06-21,4100,0.00,2223.24,EUR,C005
NL01-2025-003666,1,2025-07-22,1000,9574.32,0.00,EUR,C005
NL01-2025-003666,2,2025-07-22,1200,0.00,9574.32,EUR,C005
NL01-2025-003667,1,2025-06-05,1200,2564.61,0.00,EUR,C027
NL01-2025-003667,2,2025-06-05,4000,0.00,1969.09,EUR,C027
NL01-2025-003667,3,2025-06-05,4100,0.00,595.52,EUR,C027
NL01-2025-003668,1,2025-06-24,1000,2564.61,0.00,EUR,C027
NL01-2025-003668,2,2025-06-24,1200,0.00,2564.61,EUR,C027
NL01-2025-003669,1,2025-06-08,1200,4992.32,0.00,EUR,C033
NL01-2025-003669,2,2025-06-08,4000,0.00,3833.06,EUR,C033
NL01-2025-003669,3,2025-06-08,4100,0.00,1159.26,EUR,C033
NL01-2025-003670,1,2025-07-03,1000,4992.32,0.00,EUR,C033
NL01-2025-003670,2,2025-07-03,1200,0.00,4992.32,EUR,C033
NL01-2025-003671,1,2025-06-10,1200,5190.56,0.00,EUR,C018
NL01-2025-003671,2,2025-06-10,4000,0.00,3985.27,EUR,C018
NL01-2025-003671,3,2025-06-10,4100,0.00,1205.29,EUR,C018
NL01-2025-003672,1,2025-07-05,1000,5190.56,0.00,EUR,C018
NL01-2025-003672,2,2025-07-05,1200,0.00,5190.56,EUR,C018
NL01-2025-003673,1,2025-06-11,1200,9721.33,0.00,EUR,C007
NL01-2025-003673,2,2025-06-11,4000,0.00,7463.96,EUR,C007
NL01-2025-003673,3,2025-06-11,4100,0.00,2257.37,EUR,C007
NL01-2025-003674,1,2025-07-02,1000,9721.33,0.00,EUR,C007
NL01-2025-003674,2,2025-07-02,1200,0.00,9721.33,EUR,C007
NL01-2025-003675,1,2025-06-15,1200,19799.20,0.00,EUR,C014
NL01-2025-003675,2,2025-06-15,4000,0.00,15201.66,EUR,C014
NL01-2025-003675,3,2025-06-15,4100,0.00,4597.54,EUR,C014
NL01-2025-003676,1,2025-07-30,1000,19799.20,0.00,EUR,C014
NL01-2025-003676,2,2025-07-30,1200,0.00,19799.20,EUR,C014
NL01-2025-003677,1,2025-06-20,1200,49511.86,0.00,EUR,C035
NL01-2025-003677,2,2025-06-20,4000,0.00,38014.80,EUR,C035
NL01-2025-003677,3,2025-06-20,4100,0.00,11497.06,EUR,C035
NL01-2025-003678,1,2025-07-09,1000,49511.86,0.00,EUR,C035
NL01-2025-003678,2,2025-07-09,1200,0.00,49511.86,EUR,C035
NL01-2025-003679,1,2025-06-22,1200,25882.36,0.00,EUR,C019
NL01-2025-003679,2,2025-06-22,4000,0.00,19872.26,EUR,C019
NL01-2025-003679,3,2025-06-22,4100,0.00,6010.10,EUR,C019
NL01-2025-003680,1,2025-07-24,1000,25882.36,0.00,EUR,C019
NL01-2025-003680,2,2025-07-24,1200,0.00,25882.36,EUR,C019
NL01-2025-003681,1,2025-06-24,1200,36862.93,0.00,EUR,C008
NL01-2025-003681,2,2025-06-24,4000,0.00,28303.06,EUR,C008
NL01-2025-003681,3,2025-06-24,4100,0.00,8559.87,EUR,C008
NL01-2025-003682,1,2025-07-27,1000,36862.93,0.00,EUR,C008
NL01-2025-003682,2,2025-07-27,1200,0.00,36862.93,EUR,C008
NL01-2025-003683,1,2025-06-10,1200,13623.71,0.00,EUR,C001
NL01-2025-003683,2,2025-06-10,4000,0.00,10460.17,EUR,C001
NL01-2025-003683,3,2025-06-10,4100,0.00,3163.54,EUR,C001
NL01-2025-003684,1,2025-06-27,1000,13623.71,0.00,EUR,C001
NL01-2025-003684,2,2025-06-27,1200,0.00,13623.71,EUR,C001
NL01-2025-003685,1,2025-06-28,1200,18251.57,0.00,EUR,C025
NL01-2025-003685,2,2025-06-28,4000,0.00,14013.41,EUR,C025
NL01-2025-003685,3,2025-06-28,4100,0.00,4238.16,EUR,C025
NL01-2025-003686,1,2025-08-20,1000,18251.57,0.00,EUR,C025
NL01-2025-003686,2,2025-08-20,1200,0.00,18251.57,EUR,C025
NL01-2025-003687,1,2025-06-07,1200,5149.64,0.00,EUR,C036
NL01-2025-003687,2,2025-06-07,4000,0.00,3953.85,EUR,C036
NL01-2025-003687,3,2025-06-07,4100,0.00,1195.79,EUR,C036
NL01-2025-003688,1,2025-07-10,1000,5149.64,0.00,EUR,C036
NL01-2025-003688,2,2025-07-10,1200,0.00,5149.64,EUR,C036
NL01-2025-003689,1,2025-06-08,1200,1143.75,0.00,EUR,C009
NL01-2025-003689,2,2025-06-08,4000,0.00,878.16,EUR,C009
NL01-2025-003689,3,2025-06-08,4100,0.00,265.59,EUR,C009
NL01-2025-003690,1,2025-07-07,1000,1143.75,0.00,EUR,C009
NL01-2025-003690,2,2025-07-07,1200,0.00,1143.75,EUR,C009
NL01-2025-003691,1,2025-06-06,1200,4299.20,0.00,EUR,C010
NL01-2025-003691,2,2025-06-06,4000,0.00,3300.89,EUR,C010
NL01-2025-003691,3,2025-06-06,4100,0.00,998.31,EUR,C010
NL01-2025-003692,1,2025-06-30,1000,4299.20,0.00,EUR,C010
NL01-2025-003692,2,2025-06-30,1200,0.00,4299.20,EUR,C010
NL01-2025-003693,1,2025-06-29,1200,22513.50,0.00,EUR,C040
NL01-2025-003693,2,2025-06-29,4000,0.00,17285.68,EUR,C040
NL01-2025-003693,3,2025-06-29,4100,0.00,5227.82,EUR,C040
NL01-2025-003694,1,2025-07-21,1000,22513.50,0.00,EUR,C040
NL01-2025-003694,2,2025-07-21,1200,0.00,22513.50,EUR,C040
NL01-2025-003695,1,2025-06-01,1200,10725.25,0.00,EUR,C037
NL01-2025-003695,2,2025-06-01,4000,0.00,8234.76,EUR,C037
NL01-2025-003695,3,2025-06-01,4100,0.00,2490.49,EUR,C037
NL01-2025-003696,1,2025-07-07,1000,10725.25,0.00,EUR,C037
NL01-2025-003696,2,2025-07-07,1200,0.00,10725.25,EUR,C037
NL01-2025-003697,1,2025-06-28,1200,21449.92,0.00,EUR,C012
NL01-2025-003697,2,2025-06-28,4000,0.00,16469.07,EUR,C012
NL01-2025-003697,3,2025-06-28,4100,0.00,4980.85,EUR,C012
NL01-2025-003698,1,2025-07-28,1000,21449.92,0.00,EUR,C012
NL01-2025-003698,2,2025-07-28,1200,0.00,21449.92,EUR,C012
NL01-2025-003699,1,2025-06-29,1200,6424.80,0.00,EUR,C008
NL01-2025-003699,2,2025-06-29,4000,0.00,4932.91,EUR,C008
NL01-2025-003699,3,2025-06-29,4100,0.00,1491.89,EUR,C008
NL01-2025-003700,1,2025-07-17,1000,6424.80,0.00,EUR,C008
NL01-2025-003700,2,2025-07-17,1200,0.00,6424.80,EUR,C008
NL01-2025-003701,1,2025-06-24,1200,1965.95,0.00,EUR,C021
NL01-2025-003701,2,2025-06-24,4000,0.00,1509.44,EUR,C021
NL01-2025-003701,3,2025-06-24,4100,0.00,456.51,EUR,C021
NL01-2025-003702,1,2025-07-31,1000,1965.95,0.00,EUR,C021
NL01-2025-003702,2,2025-07-31,1200,0.00,1965.95,EUR,C021
NL01-2025-003703,1,2025-06-17,1200,22787.58,0.00,EUR,C038
NL01-2025-003703,2,2025-06-17,4000,0.00,17496.12,EUR,C038
NL01-2025-003703,3,2025-06-17,4100,0.00,5291.46,EUR,C038
NL01-2025-003704,1,2025-07-24,1000,22787.58,0.00,EUR,C038
NL01-2025-003704,2,2025-07-24,1200,0.00,22787.58,EUR,C038
NL01-2025-003705,1,2025-06-21,1200,2698.02,0.00,EUR,C019
NL01-2025-003705,2,2025-06-21,4000,0.00,2071.52,EUR,C019
NL01-2025-003705,3,2025-06-21,4100,0.00,626.50,EUR,C019
NL01-2025-003706,1,2025-07-23,1000,2698.02,0.00,EUR,C019
NL01-2025-003706,2,2025-07-23,1200,0.00,2698.02,EUR,C019
NL01-2025-003707,1,2025-06-17,1300,33930.58,0.00,EUR,V015
NL01-2025-003707,2,2025-06-17,2100,0.00,33930.58,EUR,V015
NL01-2025-003708,1,2025-07-14,2100,33930.58,0.00,EUR,V015
NL01-2025-003708,2,2025-07-14,1000,0.00,33930.58,EUR,V015
NL01-2025-003709,1,2025-06-24,1300,442129.46,0.00,EUR,V007
NL01-2025-003709,2,2025-06-24,2100,0.00,442129.46,EUR,V007
NL01-2025-003710,1,2025-07-31,2100,442129.46,0.00,EUR,V007
NL01-2025-003710,2,2025-07-31,1000,0.00,442129.46,EUR,V007
NL01-2025-003711,1,2025-06-22,1300,25097.71,0.00,EUR,V007
NL01-2025-003711,2,2025-06-22,2100,0.00,25097.71,EUR,V007
NL01-2025-003712,1,2025-07-15,2100,25097.71,0.00,EUR,V007
NL01-2025-003712,2,2025-07-15,1000,0.00,25097.71,EUR,V007
NL01-2025-003713,1,2025-06-14,1300,127504.24,0.00,EUR,V008
NL01-2025-003713,2,2025-06-14,2100,0.00,127504.24,EUR,V008
NL01-2025-003714,1,2025-07-13,2100,127504.24,0.00,EUR,V008
NL01-2025-003714,2,2025-07-13,1000,0.00,127504.24,EUR,V008
NL01-2025-003715,1,2025-06-30,5000,620397.20,0.00,EUR,
NL01-2025-003715,2,2025-06-30,1300,0.00,620397.20,EUR,
NL01-2025-003716,1,2025-06-11,6100,61588.19,0.00,EUR,V037
NL01-2025-003716,2,2025-06-11,2100,0.00,61588.19,EUR,V037
NL01-2025-003717,1,2025-07-09,2100,61588.19,0.00,EUR,V037
NL01-2025-003717,2,2025-07-09,1000,0.00,61588.19,EUR,V037
NL01-2025-003718,1,2025-06-01,6200,48538.06,0.00,EUR,V031
NL01-2025-003718,2,2025-06-01,2100,0.00,48538.06,EUR,V031
NL01-2025-003719,1,2025-07-07,2100,48538.06,0.00,EUR,V031
NL01-2025-003719,2,2025-07-07,1000,0.00,48538.06,EUR,V031
NL01-2025-003720,1,2025-06-11,6300,19267.80,0.00,EUR,V046
NL01-2025-003720,2,2025-06-11,2100,0.00,19267.80,EUR,V046
NL01-2025-003721,1,2025-07-07,2100,19267.80,0.00,EUR,V046
NL01-2025-003721,2,2025-07-07,1000,0.00,19267.80,EUR,V046
NL01-2025-003722,1,2025-06-10,6400,35040.42,0.00,EUR,V052
NL01-2025-003722,2,2025-06-10,2100,0.00,35040.42,EUR,V052
NL01-2025-003723,1,2025-07-24,2100,35040.42,0.00,EUR,V052
NL01-2025-003723,2,2025-07-24,1000,0.00,35040.42,EUR,V052
NL01-2025-003724,1,2025-06-25,6000,395482.90,0.00,EUR,
NL01-2025-003724,2,2025-06-25,1000,0.00,395482.90,EUR,
NL01-2025-003725,1,2025-06-30,6900,15625.00,0.00,EUR,
NL01-2025-003725,2,2025-06-30,1590,0.00,15625.00,EUR,
NL01-2025-003726,1,2025-07-15,1200,20354.17,0.00,EUR,C017
NL01-2025-003726,2,2025-07-15,4000,0.00,15782.36,EUR,C017
NL01-2025-003726,3,2025-07-15,4100,0.00,4571.81,EUR,C017
NL01-2025-003727,1,2025-08-08,1000,20354.17,0.00,EUR,C017
NL01-2025-003727,2,2025-08-08,1200,0.00,20354.17,EUR,C017
NL01-2025-003728,1,2025-07-18,1200,2740.08,0.00,EUR,C036
NL01-2025-003728,2,2025-07-18,4000,0.00,2124.62,EUR,C036
NL01-2025-003728,3,2025-07-18,4100,0.00,615.46,EUR,C036
NL01-2025-003729,1,2025-09-23,1000,2740.08,0.00,EUR,C036
NL01-2025-003729,2,2025-09-23,1200,0.00,2740.08,EUR,C036
NL01-2025-003730,1,2025-07-09,1200,10148.20,0.00,EUR,C039
NL01-2025-003730,2,2025-07-09,4000,0.00,7868.78,EUR,C039
NL01-2025-003730,3,2025-07-09,4100,0.00,2279.42,EUR,C039
NL01-2025-003731,1,2025-08-10,1000,10148.20,0.00,EUR,C039
NL01-2025-003731,2,2025-08-10,1200,0.00,10148.20,EUR,C039
NL01-2025-003732,1,2025-07-01,1200,3958.53,0.00,EUR,C036
NL01-2025-003732,2,2025-07-01,4000,0.00,3069.39,EUR,C036
NL01-2025-003732,3,2025-07-01,4100,0.00,889.14,EUR,C036
NL01-2025-003733,1,2025-08-01,1000,3958.53,0.00,EUR,C036
NL01-2025-003733,2,2025-08-01,1200,0.00,3958.53,EUR,C036
NL01-2025-003734,1,2025-07-07,1200,10761.89,0.00,EUR,C020
NL01-2025-003734,2,2025-07-07,4000,0.00,8344.63,EUR,C020
NL01-2025-003734,3,2025-07-07,4100,0.00,2417.26,EUR,C020
NL01-2025-003735,1,2025-07-31,1000,10761.89,0.00,EUR,C020
NL01-2025-003735,2,2025-07-31,1200,0.00,10761.89,EUR,C020
NL01-2025-003736,1,2025-07-22,1200,7019.58,0.00,EUR,C022
NL01-2025-003736,2,2025-07-22,4000,0.00,5442.89,EUR,C022
NL01-2025-003736,3,2025-07-22,4100,0.00,1576.69,EUR,C022
NL01-2025-003737,1,2025-08-18,1000,7019.58,0.00,EUR,C022
NL01-2025-003737,2,2025-08-18,1200,0.00,7019.58,EUR,C022
NL01-2025-003738,1,2025-07-21,1200,21035.74,0.00,EUR,C008
NL01-2025-003738,2,2025-07-21,4000,0.00,16310.84,EUR,C008
NL01-2025-003738,3,2025-07-21,4100,0.00,4724.90,EUR,C008
NL01-2025-003739,1,2025-09-04,1000,21035.74,0.00,EUR,C008
NL01-2025-003739,2,2025-09-04,1200,0.00,21035.74,EUR,C008
NL01-2025-003740,1,2025-07-11,1200,4505.30,0.00,EUR,C014
NL01-2025-003740,2,2025-07-11,4000,0.00,3493.35,EUR,C014
NL01-2025-003740,3,2025-07-11,4100,0.00,1011.95,EUR,C014
NL01-2025-003741,1,2025-08-26,1000,4505.30,0.00,EUR,C014
NL01-2025-003741,2,2025-08-26,1200,0.00,4505.30,EUR,C014
NL01-2025-003742,1,2025-07-10,1200,22042.82,0.00,EUR,C024
NL01-2025-003742,2,2025-07-10,4000,0.00,17091.72,EUR,C024
NL01-2025-003742,3,2025-07-10,4100,0.00,4951.10,EUR,C024
NL01-2025-003743,1,2025-08-16,1000,22042.82,0.00,EUR,C024
NL01-2025-003743,2,2025-08-16,1200,0.00,22042.82,EUR,C024
NL01-2025-003744,1,2025-07-15,1200,4222.30,0.00,EUR,C029
NL01-2025-003744,2,2025-07-15,4000,0.00,3273.92,EUR,C029
NL01-2025-003744,3,2025-07-15,4100,0.00,948.38,EUR,C029
NL01-2025-003745,1,2025-08-03,1000,4222.30,0.00,EUR,C029
NL01-2025-003745,2,2025-08-03,1200,0.00,4222.30,EUR,C029
NL01-2025-003746,1,2025-07-01,1200,28612.82,0.00,EUR,C007
NL01-2025-003746,2,2025-07-01,4000,0.00,22186.01,EUR,C007
NL01-2025-003746,3,2025-07-01,4100,0.00,6426.81,EUR,C007
NL01-2025-003747,1,2025-08-01,1000,28612.82,0.00,EUR,C007
NL01-2025-003747,2,2025-08-01,1200,0.00,28612.82,EUR,C007
NL01-2025-003748,1,2025-07-08,1200,2405.79,0.00,EUR,C028
NL01-2025-003748,2,2025-07-08,4000,0.00,1865.42,EUR,C028
NL01-2025-003748,3,2025-07-08,4100,0.00,540.37,EUR,C028
NL01-2025-003749,1,2025-07-29,1000,2405.79,0.00,EUR,C028
NL01-2025-003749,2,2025-07-29,1200,0.00,2405.79,EUR,C028
NL01-2025-003750,1,2025-07-27,1200,5060.72,0.00,EUR,C027
NL01-2025-003750,2,2025-07-27,4000,0.00,3924.02,EUR,C027
NL01-2025-003750,3,2025-07-27,4100,0.00,1136.70,EUR,C027
NL01-2025-003751,1,2025-08-19,1000,5060.72,0.00,EUR,C027
NL01-2025-003751,2,2025-08-19,1200,0.00,5060.72,EUR,C027
NL01-2025-003752,1,2025-07-24,1200,2183.94,0.00,EUR,C015
NL01-2025-003752,2,2025-07-24,4000,0.00,1693.40,EUR,C015
NL01-2025-003752,3,2025-07-24,4100,0.00,490.54,EUR,C015
NL01-2025-003753,1,2025-08-17,1000,2183.94,0.00,EUR,C015
NL01-2025-003753,2,2025-08-17,1200,0.00,2183.94,EUR,C015
NL01-2025-003754,1,2025-07-06,1200,5357.65,0.00,EUR,C020
NL01-2025-003754,2,2025-07-06,4000,0.00,4154.25,EUR,C020
NL01-2025-003754,3,2025-07-06,4100,0.00,1203.40,EUR,C020
NL01-2025-003755,1,2025-08-05,1000,5357.65,0.00,EUR,C020
NL01-2025-003755,2,2025-08-05,1200,0.00,5357.65,EUR,C020
NL01-2025-003756,1,2025-07-30,1200,7878.06,0.00,EUR,C019
NL01-2025-003756,2,2025-07-30,4000,0.00,6108.55,EUR,C019
NL01-2025-003756,3,2025-07-30,4100,0.00,1769.51,EUR,C019
NL01-2025-003757,1,2025-08-18,1000,7878.06,0.00,EUR,C019
NL01-2025-003757,2,2025-08-18,1200,0.00,7878.06,EUR,C019
NL01-2025-003758,1,2025-07-31,1200,5482.18,0.00,EUR,C024
NL01-2025-003758,2,2025-07-31,4000,0.00,4250.81,EUR,C024
NL01-2025-003758,3,2025-07-31,4100,0.00,1231.37,EUR,C024
NL01-2025-003759,1,2025-08-27,1000,5482.18,0.00,EUR,C024
NL01-2025-003759,2,2025-08-27,1200,0.00,5482.18,EUR,C024
NL01-2025-003760,1,2025-07-10,1200,7994.38,0.00,EUR,C038
NL01-2025-003760,2,2025-07-10,4000,0.00,6198.74,EUR,C038
NL01-2025-003760,3,2025-07-10,4100,0.00,1795.64,EUR,C038
NL01-2025-003761,1,2025-08-06,1000,7994.38,0.00,EUR,C038
NL01-2025-003761,2,2025-08-06,1200,0.00,7994.38,EUR,C038
NL01-2025-003762,1,2025-07-09,1200,3287.73,0.00,EUR,C023
NL01-2025-003762,2,2025-07-09,4000,0.00,2549.26,EUR,C023
NL01-2025-003762,3,2025-07-09,4100,0.00,738.47,EUR,C023
NL01-2025-003763,1,2025-08-22,1000,3287.73,0.00,EUR,C023
NL01-2025-003763,2,2025-08-22,1200,0.00,3287.73,EUR,C023
NL01-2025-003764,1,2025-07-07,1200,68412.18,0.00,EUR,C033
NL01-2025-003764,2,2025-07-07,4000,0.00,53045.91,EUR,C033
NL01-2025-003764,3,2025-07-07,4100,0.00,15366.27,EUR,C033
NL01-2025-003765,1,2025-08-01,1000,68412.18,0.00,EUR,C033
NL01-2025-003765,2,2025-08-01,1200,0.00,68412.18,EUR,C033
NL01-2025-003766,1,2025-07-18,1200,10021.85,0.00,EUR,C025
NL01-2025-003766,2,2025-07-18,4000,0.00,7770.81,EUR,C025
NL01-2025-003766,3,2025-07-18,4100,0.00,2251.04,EUR,C025
NL01-2025-003767,1,2025-08-17,1000,10021.85,0.00,EUR,C025
NL01-2025-003767,2,2025-08-17,1200,0.00,10021.85,EUR,C025
NL01-2025-003768,1,2025-07-11,1200,9757.00,0.00,EUR,C022
NL01-2025-003768,2,2025-07-11,4000,0.00,7565.45,EUR,C022
NL01-2025-003768,3,2025-07-11,4100,0.00,2191.55,EUR,C022
NL01-2025-003769,1,2025-08-13,1000,9757.00,0.00,EUR,C022
NL01-2025-003769,2,2025-08-13,1200,0.00,9757.00,EUR,C022
NL01-2025-003770,1,2025-07-08,1200,2215.71,0.00,EUR,C040
NL01-2025-003770,2,2025-07-08,4000,0.00,1718.03,EUR,C040
NL01-2025-003770,3,2025-07-08,4100,0.00,497.68,EUR,C040
NL01-2025-003771,1,2025-07-29,1000,2215.71,0.00,EUR,C040
NL01-2025-003771,2,2025-07-29,1200,0.00,2215.71,EUR,C040
NL01-2025-003772,1,2025-07-12,1200,4664.36,0.00,EUR,C025
NL01-2025-003772,2,2025-07-12,4000,0.00,3616.68,EUR,C025
NL01-2025-003772,3,2025-07-12,4100,0.00,1047.68,EUR,C025
NL01-2025-003773,1,2025-08-15,1000,4664.36,0.00,EUR,C025
NL01-2025-003773,2,2025-08-15,1200,0.00,4664.36,EUR,C025
NL01-2025-003774,1,2025-07-06,1200,19760.80,0.00,EUR,C007
NL01-2025-003774,2,2025-07-06,4000,0.00,15322.27,EUR,C007
NL01-2025-003774,3,2025-07-06,4100,0.00,4438.53,EUR,C007
NL01-2025-003775,1,2025-08-05,1000,19760.80,0.00,EUR,C007
NL01-2025-003775,2,2025-08-05,1200,0.00,19760.80,EUR,C007
NL01-2025-003776,1,2025-07-10,1200,22308.61,0.00,EUR,C033
NL01-2025-003776,2,2025-07-10,4000,0.00,17297.81,EUR,C033
NL01-2025-003776,3,2025-07-10,4100,0.00,5010.80,EUR,C033
NL01-2025-003777,1,2025-08-13,1000,22308.61,0.00,EUR,C033
NL01-2025-003777,2,2025-08-13,1200,0.00,22308.61,EUR,C033
NL01-2025-003778,1,2025-07-31,1200,34515.77,0.00,EUR,C036
NL01-2025-003778,2,2025-07-31,4000,0.00,26763.08,EUR,C036
NL01-2025-003778,3,2025-07-31,4100,0.00,7752.69,EUR,C036
NL01-2025-003779,1,2025-09-08,1000,34515.77,0.00,EUR,C036
NL01-2025-003779,2,2025-09-08,1200,0.00,34515.77,EUR,C036
NL01-2025-003780,1,2025-07-14,1200,11604.94,0.00,EUR,C026
NL01-2025-003780,2,2025-07-14,4000,0.00,8998.32,EUR,C026
NL01-2025-003780,3,2025-07-14,4100,0.00,2606.62,EUR,C026
NL01-2025-003781,1,2025-08-26,1000,11604.94,0.00,EUR,C026
NL01-2025-003781,2,2025-08-26,1200,0.00,11604.94,EUR,C026
NL01-2025-003782,1,2025-07-09,1200,4050.55,0.00,EUR,C033
NL01-2025-003782,2,2025-07-09,4000,0.00,3140.74,EUR,C033
NL01-2025-003782,3,2025-07-09,4100,0.00,909.81,EUR,C033
NL01-2025-003783,1,2025-08-08,1000,4050.55,0.00,EUR,C033
NL01-2025-003783,2,2025-08-08,1200,0.00,4050.55,EUR,C033
NL01-2025-003784,1,2025-07-26,1200,8423.16,0.00,EUR,C024
NL01-2025-003784,2,2025-07-26,4000,0.00,6531.21,EUR,C024
NL01-2025-003784,3,2025-07-26,4100,0.00,1891.95,EUR,C024
NL01-2025-003785,1,2025-08-18,1000,8423.16,0.00,EUR,C024
NL01-2025-003785,2,2025-08-18,1200,0.00,8423.16,EUR,C024
NL01-2025-003786,1,2025-07-06,1200,7068.86,0.00,EUR,C018
NL01-2025-003786,2,2025-07-06,4000,0.00,5481.10,EUR,C018
NL01-2025-003786,3,2025-07-06,4100,0.00,1587.76,EUR,C018
NL01-2025-003787,1,2025-08-13,1000,7068.86,0.00,EUR,C018
NL01-2025-003787,2,2025-08-13,1200,0.00,7068.86,EUR,C018
NL01-2025-003788,1,2025-07-27,1200,18970.21,0.00,EUR,C001
NL01-2025-003788,2,2025-07-27,4000,0.00,14709.25,EUR,C001
NL01-2025-003788,3,2025-07-27,4100,0.00,4260.96,EUR,C001
NL01-2025-003789,1,2025-08-23,1000,18970.21,0.00,EUR,C001
NL01-2025-003789,2,2025-08-23,1200,0.00,18970.21,EUR,C001
NL01-2025-003790,1,2025-07-27,1200,11825.64,0.00,EUR,C029
NL01-2025-003790,2,2025-07-27,4000,0.00,9169.45,EUR,C029
NL01-2025-003790,3,2025-07-27,4100,0.00,2656.19,EUR,C029
NL01-2025-003791,1,2025-08-22,1000,11825.64,0.00,EUR,C029
NL01-2025-003791,2,2025-08-22,1200,0.00,11825.64,EUR,C029
NL01-2025-003792,1,2025-07-09,1200,50413.26,0.00,EUR,C003
NL01-2025-003792,2,2025-07-09,4000,0.00,39089.79,EUR,C003
NL01-2025-003792,3,2025-07-09,4100,0.00,11323.47,EUR,C003
NL01-2025-003793,1,2025-08-09,1000,50413.26,0.00,EUR,C003
NL01-2025-003793,2,2025-08-09,1200,0.00,50413.26,EUR,C003
NL01-2025-003794,1,2025-07-04,1200,20138.77,0.00,EUR,C039
NL01-2025-003794,2,2025-07-04,4000,0.00,15615.34,EUR,C039
NL01-2025-003794,3,2025-07-04,4100,0.00,4523.43,EUR,C039
NL01-2025-003795,1,2025-08-18,1000,20138.77,0.00,EUR,C039
NL01-2025-003795,2,2025-08-18,1200,0.00,20138.77,EUR,C039
NL01-2025-003796,1,2025-07-05,1200,2085.28,0.00,EUR,C012
NL01-2025-003796,2,2025-07-05,4000,0.00,1616.90,EUR,C012
NL01-2025-003796,3,2025-07-05,4100,0.00,468.38,EUR,C012
NL01-2025-003797,1,2025-08-06,1000,2085.28,0.00,EUR,C012
NL01-2025-003797,2,2025-08-06,1200,0.00,2085.28,EUR,C012
NL01-2025-003798,1,2025-07-29,1200,21334.44,0.00,EUR,C006
NL01-2025-003798,2,2025-07-29,4000,0.00,16542.45,EUR,C006
NL01-2025-003798,3,2025-07-29,4100,0.00,4791.99,EUR,C006
NL01-2025-003799,1,2025-08-29,1000,21334.44,0.00,EUR,C006
NL01-2025-003799,2,2025-08-29,1200,0.00,21334.44,EUR,C006
NL01-2025-003800,1,2025-07-31,1200,2396.44,0.00,EUR,C009
NL01-2025-003800,2,2025-07-31,4000,0.00,1858.17,EUR,C009
NL01-2025-003800,3,2025-07-31,4100,0.00,538.27,EUR,C009
NL01-2025-003801,1,2025-08-30,1000,2396.44,0.00,EUR,C009
NL01-2025-003801,2,2025-08-30,1200,0.00,2396.44,EUR,C009
NL01-2025-003802,1,2025-07-30,1200,3083.88,0.00,EUR,C024
NL01-2025-003802,2,2025-07-30,4000,0.00,2391.20,EUR,C024
NL01-2025-003802,3,2025-07-30,4100,0.00,692.68,EUR,C024
NL01-2025-003803,1,2025-08-20,1000,3083.88,0.00,EUR,C024
NL01-2025-003803,2,2025-08-20,1200,0.00,3083.88,EUR,C024
NL01-2025-003804,1,2025-07-19,1200,12263.72,0.00,EUR,C021
NL01-2025-003804,2,2025-07-19,4000,0.00,9509.13,EUR,C021
NL01-2025-003804,3,2025-07-19,4100,0.00,2754.59,EUR,C021
NL01-2025-003805,1,2025-08-03,1000,12263.72,0.00,EUR,C021
NL01-2025-003805,2,2025-08-03,1200,0.00,12263.72,EUR,C021
NL01-2025-003806,1,2025-07-18,1200,12893.97,0.00,EUR,C017
NL01-2025-003806,2,2025-07-18,4000,0.00,9997.82,EUR,C017
NL01-2025-003806,3,2025-07-18,4100,0.00,2896.15,EUR,C017
NL01-2025-003807,1,2025-08-08,1000,12893.97,0.00,EUR,C017
NL01-2025-003807,2,2025-08-08,1200,0.00,12893.97,EUR,C017
NL01-2025-003808,1,2025-07-11,1200,12243.43,0.00,EUR,C014
NL01-2025-003808,2,2025-07-11,4000,0.00,9493.40,EUR,C014
NL01-2025-003808,3,2025-07-11,4100,0.00,2750.03,EUR,C014
NL01-2025-003809,1,2025-08-10,1000,12243.43,0.00,EUR,C014
NL01-2025-003809,2,2025-08-10,1200,0.00,12243.43,EUR,C014
NL01-2025-003810,1,2025-07-29,1200,10996.21,0.00,EUR,C039
NL01-2025-003810,2,2025-07-29,4000,0.00,8526.32,EUR,C039
NL01-2025-003810,3,2025-07-29,4100,0.00,2469.89,EUR,C039
NL01-2025-003811,1,2025-08-22,1000,10996.21,0.00,EUR,C039
NL01-2025-003811,2,2025-08-22,1200,0.00,10996.21,EUR,C039
NL01-2025-003812,1,2025-07-01,1200,5506.58,0.00,EUR,C031
NL01-2025-003812,2,2025-07-01,4000,0.00,4269.73,EUR,C031
NL01-2025-003812,3,2025-07-01,4100,0.00,1236.85,EUR,C031
NL01-2025-003813,1,2025-08-16,1000,5506.58,0.00,EUR,C031
NL01-2025-003813,2,2025-08-16,1200,0.00,5506.58,EUR,C031
NL01-2025-003814,1,2025-07-24,1200,15574.53,0.00,EUR,C013
NL01-2025-003814,2,2025-07-24,4000,0.00,12076.29,EUR,C013
NL01-2025-003814,3,2025-07-24,4100,0.00,3498.24,EUR,C013
NL01-2025-003815,1,2025-08-16,1000,15574.53,0.00,EUR,C013
NL01-2025-003815,2,2025-08-16,1200,0.00,15574.53,EUR,C013
NL01-2025-003816,1,2025-07-18,1200,16128.35,0.00,EUR,C039
NL01-2025-003816,2,2025-07-18,4000,0.00,12505.71,EUR,C039
NL01-2025-003816,3,2025-07-18,4100,0.00,3622.64,EUR,C039
NL01-2025-003817,1,2025-08-26,1000,16128.35,0.00,EUR,C039
NL01-2025-003817,2,2025-08-26,1200,0.00,16128.35,EUR,C039
NL01-2025-003818,1,2025-07-05,1200,12405.39,0.00,EUR,C039
NL01-2025-003818,2,2025-07-05,4000,0.00,9618.98,EUR,C039
NL01-2025-003818,3,2025-07-05,4100,0.00,2786.41,EUR,C039
NL01-2025-003819,1,2025-08-18,1000,12405.39,0.00,EUR,C039
NL01-2025-003819,2,2025-08-18,1200,0.00,12405.39,EUR,C039
NL01-2025-003820,1,2025-07-09,1200,23682.46,0.00,EUR,C002
NL01-2025-003820,2,2025-07-09,4000,0.00,18363.07,EUR,C002
NL01-2025-003820,3,2025-07-09,4100,0.00,5319.39,EUR,C002
NL01-2025-003821,1,2025-09-07,1000,23682.46,0.00,EUR,C002
NL01-2025-003821,2,2025-09-07,1200,0.00,23682.46,EUR,C002
NL01-2025-003822,1,2025-07-31,1200,20884.79,0.00,EUR,C034
NL01-2025-003822,2,2025-07-31,4000,0.00,16193.79,EUR,C034
NL01-2025-003822,3,2025-07-31,4100,0.00,4691.00,EUR,C034
NL01-2025-003823,1,2025-08-25,1000,20884.79,0.00,EUR,C034
NL01-2025-003823,2,2025-08-25,1200,0.00,20884.79,EUR,C034
NL01-2025-003824,1,2025-07-09,1200,6267.08,0.00,EUR,C007
NL01-2025-003824,2,2025-07-09,4000,0.00,4859.41,EUR,C007
NL01-2025-003824,3,2025-07-09,4100,0.00,1407.67,EUR,C007
NL01-2025-003825,1,2025-08-14,1000,6267.08,0.00,EUR,C007
NL01-2025-003825,2,2025-08-14,1200,0.00,6267.08,EUR,C007
NL01-2025-003826,1,2025-07-03,1200,6957.28,0.00,EUR,C024
NL01-2025-003826,2,2025-07-03,4000,0.00,5394.58,EUR,C024
NL01-2025-003826,3,2025-07-03,4100,0.00,1562.70,EUR,C024
NL01-2025-003827,1,2025-08-15,1000,6957.28,0.00,EUR,C024
NL01-2025-003827,2,2025-08-15,1200,0.00,6957.28,EUR,C024
NL01-2025-003828,1,2025-07-04,1200,8754.04,0.00,EUR,C012
NL01-2025-003828,2,2025-07-04,4000,0.00,6787.77,EUR,C012
NL01-2025-003828,3,2025-07-04,4100,0.00,1966.27,EUR,C012
NL01-2025-003829,1,2025-07-26,1000,8754.04,0.00,EUR,C012
NL01-2025-003829,2,2025-07-26,1200,0.00,8754.04,EUR,C012
NL01-2025-003830,1,2025-07-07,1200,16102.14,0.00,EUR,C031
NL01-2025-003830,2,2025-07-07,4000,0.00,12485.39,EUR,C031
NL01-2025-003830,3,2025-07-07,4100,0.00,3616.75,EUR,C031
NL01-2025-003831,1,2025-08-09,1000,16102.14,0.00,EUR,C031
NL01-2025-003831,2,2025-08-09,1200,0.00,16102.14,EUR,C031
NL01-2025-003832,1,2025-07-14,1200,2100.13,0.00,EUR,C019
NL01-2025-003832,2,2025-07-14,4000,0.00,1628.41,EUR,C019
NL01-2025-003832,3,2025-07-14,4100,0.00,471.72,EUR,C019
NL01-2025-003833,1,2025-09-07,1000,2100.13,0.00,EUR,C019
NL01-2025-003833,2,2025-09-07,1200,0.00,2100.13,EUR,C019
NL01-2025-003834,1,2025-07-04,1200,21000.51,0.00,EUR,C011
NL01-2025-003834,2,2025-07-04,4000,0.00,16283.52,EUR,C011
NL01-2025-003834,3,2025-07-04,4100,0.00,4716.99,EUR,C011
NL01-2025-003835,1,2025-08-16,1000,21000.51,0.00,EUR,C011
NL01-2025-003835,2,2025-08-16,1200,0.00,21000.51,EUR,C011
NL01-2025-003836,1,2025-07-10,1200,9590.30,0.00,EUR,C012
NL01-2025-003836,2,2025-07-10,4000,0.00,7436.19,EUR,C012
NL01-2025-003836,3,2025-07-10,4100,0.00,2154.11,EUR,C012
NL01-2025-003837,1,2025-08-07,1000,9590.30,0.00,EUR,C012
NL01-2025-003837,2,2025-08-07,1200,0.00,9590.30,EUR,C012
NL01-2025-003838,1,2025-07-15,1200,10746.16,0.00,EUR,C008
NL01-2025-003838,2,2025-07-15,4000,0.00,8332.43,EUR,C008
NL01-2025-003838,3,2025-07-15,4100,0.00,2413.73,EUR,C008
NL01-2025-003839,1,2025-08-10,1000,10746.16,0.00,EUR,C008
NL01-2025-003839,2,2025-08-10,1200,0.00,10746.16,EUR,C008
NL01-2025-003840,1,2025-07-13,1200,11319.03,0.00,EUR,C003
NL01-2025-003840,2,2025-07-13,4000,0.00,8776.63,EUR,C003
NL01-2025-003840,3,2025-07-13,4100,0.00,2542.40,EUR,C003
NL01-2025-003841,1,2025-07-27,1000,11319.03,0.00,EUR,C003
NL01-2025-003841,2,2025-07-27,1200,0.00,11319.03,EUR,C003
NL01-2025-003842,1,2025-07-19,1200,61362.14,0.00,EUR,C004
NL01-2025-003842,2,2025-07-19,4000,0.00,47579.41,EUR,C004
NL01-2025-003842,3,2025-07-19,4100,0.00,13782.73,EUR,C004
NL01-2025-003843,1,2025-08-13,1000,61362.14,0.00,EUR,C004
NL01-2025-003843,2,2025-08-13,1200,0.00,61362.14,EUR,C004
NL01-2025-003844,1,2025-07-14,1200,17037.52,0.00,EUR,C036
NL01-2025-003844,2,2025-07-14,4000,0.00,13210.67,EUR,C036
NL01-2025-003844,3,2025-07-14,4100,0.00,3826.85,EUR,C036
NL01-2025-003845,1,2025-09-05,1000,17037.52,0.00,EUR,C036
NL01-2025-003845,2,2025-09-05,1200,0.00,17037.52,EUR,C036
NL01-2025-003846,1,2025-07-19,1200,10626.13,0.00,EUR,C014
NL01-2025-003846,2,2025-07-19,4000,0.00,8239.36,EUR,C014
NL01-2025-003846,3,2025-07-19,4100,0.00,2386.77,EUR,C014
NL01-2025-003847,1,2025-08-07,1000,10626.13,0.00,EUR,C014
NL01-2025-003847,2,2025-08-07,1200,0.00,10626.13,EUR,C014
NL01-2025-003848,1,2025-07-01,1200,19953.71,0.00,EUR,C021
NL01-2025-003848,2,2025-07-01,4000,0.00,15471.85,EUR,C021
NL01-2025-003848,3,2025-07-01,4100,0.00,4481.86,EUR,C021
NL01-2025-003849,1,2025-08-25,1000,19953.71,0.00,EUR,C021
NL01-2025-003849,2,2025-08-25,1200,0.00,19953.71,EUR,C021
NL01-2025-003850,1,2025-07-12,1200,1462.13,0.00,EUR,C026
NL01-2025-003850,2,2025-07-12,4000,0.00,1133.72,EUR,C026
NL01-2025-003850,3,2025-07-12,4100,0.00,328.41,EUR,C026
NL01-2025-003851,1,2025-08-06,1000,1462.13,0.00,EUR,C026
NL01-2025-003851,2,2025-08-06,1200,0.00,1462.13,EUR,C026
NL01-2025-003852,1,2025-07-12,1200,6315.38,0.00,EUR,C027
NL01-2025-003852,2,2025-07-12,4000,0.00,4896.86,EUR,C027
NL01-2025-003852,3,2025-07-12,4100,0.00,1418.52,EUR,C027
NL01-2025-003853,1,2025-08-12,1000,6315.38,0.00,EUR,C027
NL01-2025-003853,2,2025-08-12,1200,0.00,6315.38,EUR,C027
NL01-2025-003854,1,2025-07-13,1200,3123.72,0.00,EUR,C028
NL01-2025-003854,2,2025-07-13,4000,0.00,2422.09,EUR,C028
NL01-2025-003854,3,2025-07-13,4100,0.00,701.63,EUR,C028
NL01-2025-003855,1,2025-08-06,1000,3123.72,0.00,EUR,C028
NL01-2025-003855,2,2025-08-06,1200,0.00,3123.72,EUR,C028
NL01-2025-003856,1,2025-07-24,1200,12715.87,0.00,EUR,C039
NL01-2025-003856,2,2025-07-24,4000,0.00,9859.72,EUR,C039
NL01-2025-003856,3,2025-07-24,4100,0.00,2856.15,EUR,C039
NL01-2025-003857,1,2025-08-27,1000,12715.87,0.00,EUR,C039
NL01-2025-003857,2,2025-08-27,1200,0.00,12715.87,EUR,C039
NL01-2025-003858,1,2025-07-08,1200,14164.97,0.00,EUR,C024
NL01-2025-003858,2,2025-07-08,4000,0.00,10983.33,EUR,C024
NL01-2025-003858,3,2025-07-08,4100,0.00,3181.64,EUR,C024
NL01-2025-003859,1,2025-08-31,1000,14164.97,0.00,EUR,C024
NL01-2025-003859,2,2025-08-31,1200,0.00,14164.97,EUR,C024
NL01-2025-003860,1,2025-07-28,1200,13693.44,0.00,EUR,C007
NL01-2025-003860,2,2025-07-28,4000,0.00,10617.72,EUR,C007
NL01-2025-003860,3,2025-07-28,4100,0.00,3075.72,EUR,C007
NL01-2025-003861,1,2025-08-26,1000,13693.44,0.00,EUR,C007
NL01-2025-003861,2,2025-08-26,1200,0.00,13693.44,EUR,C007
NL01-2025-003862,1,2025-07-26,1200,9384.86,0.00,EUR,C006
NL01-2025-003862,2,2025-07-26,4000,0.00,7276.90,EUR,C006
NL01-2025-003862,3,2025-07-26,4100,0.00,2107.96,EUR,C006
NL01-2025-003863,1,2025-09-05,1000,9384.86,0.00,EUR,C006
NL01-2025-003863,2,2025-09-05,1200,0.00,9384.86,EUR,C006
NL01-2025-003864,1,2025-07-26,1200,6726.21,0.00,EUR,C001
NL01-2025-003864,2,2025-07-26,4000,0.00,5215.42,EUR,C001
NL01-2025-003864,3,2025-07-26,4100,0.00,1510.79,EUR,C001
NL01-2025-003865,1,2025-08-18,1000,6726.21,0.00,EUR,C001
NL01-2025-003865,2,2025-08-18,1200,0.00,6726.21,EUR,C001
NL01-2025-003866,1,2025-07-09,1200,5676.79,0.00,EUR,C018
NL01-2025-003866,2,2025-07-09,4000,0.00,4401.71,EUR,C018
NL01-2025-003866,3,2025-07-09,4100,0.00,1275.08,EUR,C018
NL01-2025-003867,1,2025-08-26,1000,5676.79,0.00,EUR,C018
NL01-2025-003867,2,2025-08-26,1200,0.00,5676.79,EUR,C018
NL01-2025-003868,1,2025-07-29,1200,3609.22,0.00,EUR,C016
NL01-2025-003868,2,2025-07-29,4000,0.00,2798.54,EUR,C016
NL01-2025-003868,3,2025-07-29,4100,0.00,810.68,EUR,C016
NL01-2025-003869,1,2025-08-18,1000,3609.22,0.00,EUR,C016
NL01-2025-003869,2,2025-08-18,1200,0.00,3609.22,EUR,C016
NL01-2025-003870,1,2025-07-23,1200,2554.13,0.00,EUR,C006
NL01-2025-003870,2,2025-07-23,4000,0.00,1980.44,EUR,C006
NL01-2025-003870,3,2025-07-23,4100,0.00,573.69,EUR,C006
NL01-2025-003871,1,2025-09-08,1000,2554.13,0.00,EUR,C006
NL01-2025-003871,2,2025-09-08,1200,0.00,2554.13,EUR,C006
NL01-2025-003872,1,2025-07-11,1200,2693.88,0.00,EUR,C030
NL01-2025-003872,2,2025-07-11,4000,0.00,2088.80,EUR,C030
NL01-2025-003872,3,2025-07-11,4100,0.00,605.08,EUR,C030
NL01-2025-003873,1,2025-08-18,1000,2693.88,0.00,EUR,C030
NL01-2025-003873,2,2025-08-18,1200,0.00,2693.88,EUR,C030
NL01-2025-003874,1,2025-07-29,1200,3711.16,0.00,EUR,C030
NL01-2025-003874,2,2025-07-29,4000,0.00,2877.59,EUR,C030
NL01-2025-003874,3,2025-07-29,4100,0.00,833.57,EUR,C030
NL01-2025-003875,1,2025-08-30,1000,3711.16,0.00,EUR,C030
NL01-2025-003875,2,2025-08-30,1200,0.00,3711.16,EUR,C030
NL01-2025-003876,1,2025-07-16,1200,5568.74,0.00,EUR,C006
NL01-2025-003876,2,2025-07-16,4000,0.00,4317.93,EUR,C006
NL01-2025-003876,3,2025-07-16,4100,0.00,1250.81,EUR,C006
NL01-2025-003877,1,2025-07-30,1000,5568.74,0.00,EUR,C006
NL01-2025-003877,2,2025-07-30,1200,0.00,5568.74,EUR,C006
NL01-2025-003878,1,2025-07-02,1200,8169.51,0.00,EUR,C025
NL01-2025-003878,2,2025-07-02,4000,0.00,6334.53,EUR,C025
NL01-2025-003878,3,2025-07-02,4100,0.00,1834.98,EUR,C025
NL01-2025-003879,1,2025-08-02,1000,8169.51,0.00,EUR,C025
NL01-2025-003879,2,2025-08-02,1200,0.00,8169.51,EUR,C025
NL01-2025-003880,1,2025-07-16,1200,6247.18,0.00,EUR,C008
NL01-2025-003880,2,2025-07-16,4000,0.00,4843.98,EUR,C008
NL01-2025-003880,3,2025-07-16,4100,0.00,1403.20,EUR,C008
NL01-2025-003881,1,2025-08-12,1000,6247.18,0.00,EUR,C008
NL01-2025-003881,2,2025-08-12,1200,0.00,6247.18,EUR,C008
NL01-2025-003882,1,2025-07-24,1200,5340.11,0.00,EUR,C034
NL01-2025-003882,2,2025-07-24,4000,0.00,4140.65,EUR,C034
NL01-2025-003882,3,2025-07-24,4100,0.00,1199.46,EUR,C034
NL01-2025-003883,1,2025-08-14,1000,5340.11,0.00,EUR,C034
NL01-2025-003883,2,2025-08-14,1200,0.00,5340.11,EUR,C034
NL01-2025-003884,1,2025-07-14,1200,6355.42,0.00,EUR,C029
NL01-2025-003884,2,2025-07-14,4000,0.00,4927.91,EUR,C029
NL01-2025-003884,3,2025-07-14,4100,0.00,1427.51,EUR,C029
NL01-2025-003885,1,2025-08-21,1000,6355.42,0.00,EUR,C029
NL01-2025-003885,2,2025-08-21,1200,0.00,6355.42,EUR,C029
NL01-2025-003886,1,2025-07-11,1200,17909.47,0.00,EUR,C022
NL01-2025-003886,2,2025-07-11,4000,0.00,13886.77,EUR,C022
NL01-2025-003886,3,2025-07-11,4100,0.00,4022.70,EUR,C022
NL01-2025-003887,1,2025-08-02,1000,17909.47,0.00,EUR,C022
NL01-2025-003887,2,2025-08-02,1200,0.00,17909.47,EUR,C022
NL01-2025-003888,1,2025-07-16,1200,3204.08,0.00,EUR,C010
NL01-2025-003888,2,2025-07-16,4000,0.00,2484.40,EUR,C010
NL01-2025-003888,3,2025-07-16,4100,0.00,719.68,EUR,C010
NL01-2025-003889,1,2025-09-22,1000,3204.08,0.00,EUR,C010
NL01-2025-003889,2,2025-09-22,1200,0.00,3204.08,EUR,C010
NL01-2025-003890,1,2025-07-11,1200,17925.91,0.00,EUR,C019
NL01-2025-003890,2,2025-07-11,4000,0.00,13899.52,EUR,C019
NL01-2025-003890,3,2025-07-11,4100,0.00,4026.39,EUR,C019
NL01-2025-003891,1,2025-08-02,1000,17925.91,0.00,EUR,C019
NL01-2025-003891,2,2025-08-02,1200,0.00,17925.91,EUR,C019
NL01-2025-003892,1,2025-07-12,1200,20492.86,0.00,EUR,C015
NL01-2025-003892,2,2025-07-12,4000,0.00,15889.90,EUR,C015
NL01-2025-003892,3,2025-07-12,4100,0.00,4602.96,EUR,C015
NL01-2025-003893,1,2025-08-17,1000,20492.86,0.00,EUR,C015
NL01-2025-003893,2,2025-08-17,1200,0.00,20492.86,EUR,C015
NL01-2025-003894,1,2025-07-22,1200,13279.17,0.00,EUR,C011
NL01-2025-003894,2,2025-07-22,4000,0.00,10296.50,EUR,C011
NL01-2025-003894,3,2025-07-22,4100,0.00,2982.67,EUR,C011
NL01-2025-003895,1,2025-08-21,1000,13279.17,0.00,EUR,C011
NL01-2025-003895,2,2025-08-21,1200,0.00,13279.17,EUR,C011
NL01-2025-003896,1,2025-07-14,1200,13974.04,0.00,EUR,C002
NL01-2025-003896,2,2025-07-14,4000,0.00,10835.29,EUR,C002
NL01-2025-003896,3,2025-07-14,4100,0.00,3138.75,EUR,C002
NL01-2025-003897,1,2025-08-07,1000,13974.04,0.00,EUR,C002
NL01-2025-003897,2,2025-08-07,1200,0.00,13974.04,EUR,C002
NL01-2025-003898,1,2025-07-03,1200,1905.54,0.00,EUR,C030
NL01-2025-003898,2,2025-07-03,4000,0.00,1477.53,EUR,C030
NL01-2025-003898,3,2025-07-03,4100,0.00,428.01,EUR,C030
NL01-2025-003899,1,2025-08-06,1000,1905.54,0.00,EUR,C030
NL01-2025-003899,2,2025-08-06,1200,0.00,1905.54,EUR,C030
NL01-2025-003900,1,2025-07-18,1200,31933.05,0.00,EUR,C031
NL01-2025-003900,2,2025-07-18,4000,0.00,24760.47,EUR,C031
NL01-2025-003900,3,2025-07-18,4100,0.00,7172.58,EUR,C031
NL01-2025-003901,1,2025-08-29,1000,31933.05,0.00,EUR,C031
NL01-2025-003901,2,2025-08-29,1200,0.00,31933.05,EUR,C031
NL01-2025-003902,1,2025-07-18,1200,10965.69,0.00,EUR,C013
NL01-2025-003902,2,2025-07-18,4000,0.00,8502.65,EUR,C013
NL01-2025-003902,3,2025-07-18,4100,0.00,2463.04,EUR,C013
NL01-2025-003903,1,2025-08-18,1000,10965.69,0.00,EUR,C013
NL01-2025-003903,2,2025-08-18,1200,0.00,10965.69,EUR,C013
NL01-2025-003904,1,2025-07-14,1200,4645.66,0.00,EUR,C024
NL01-2025-003904,2,2025-07-14,4000,0.00,3602.18,EUR,C024
NL01-2025-003904,3,2025-07-14,4100,0.00,1043.48,EUR,C024
NL01-2025-003905,1,2025-08-09,1000,4645.66,0.00,EUR,C024
NL01-2025-003905,2,2025-08-09,1200,0.00,4645.66,EUR,C024
NL01-2025-003906,1,2025-07-04,1200,4394.98,0.00,EUR,C001
NL01-2025-003906,2,2025-07-04,4000,0.00,3407.81,EUR,C001
NL01-2025-003906,3,2025-07-04,4100,0.00,987.17,EUR,C001
NL01-2025-003907,1,2025-08-17,1000,4394.98,0.00,EUR,C001
NL01-2025-003907,2,2025-08-17,1200,0.00,4394.98,EUR,C001
NL01-2025-003908,1,2025-07-05,1200,5144.66,0.00,EUR,C024
NL01-2025-003908,2,2025-07-05,4000,0.00,3989.10,EUR,C024
NL01-2025-003908,3,2025-07-05,4100,0.00,1155.56,EUR,C024
NL01-2025-003909,1,2025-08-12,1000,5144.66,0.00,EUR,C024
NL01-2025-003909,2,2025-08-12,1200,0.00,5144.66,EUR,C024
NL01-2025-003910,1,2025-07-05,1200,7112.70,0.00,EUR,C005
NL01-2025-003910,2,2025-07-05,4000,0.00,5515.10,EUR,C005
NL01-2025-003910,3,2025-07-05,4100,0.00,1597.60,EUR,C005
NL01-2025-003911,1,2025-09-04,1000,7112.70,0.00,EUR,C005
NL01-2025-003911,2,2025-09-04,1200,0.00,7112.70,EUR,C005
NL01-2025-003912,1,2025-07-28,1200,3236.88,0.00,EUR,C014
NL01-2025-003912,2,2025-07-28,4000,0.00,2509.83,EUR,C014
NL01-2025-003912,3,2025-07-28,4100,0.00,727.05,EUR,C014
NL01-2025-003913,1,2025-09-05,1000,3236.88,0.00,EUR,C014
NL01-2025-003913,2,2025-09-05,1200,0.00,3236.88,EUR,C014
NL01-2025-003914,1,2025-07-21,1200,15223.17,0.00,EUR,C039
NL01-2025-003914,2,2025-07-21,4000,0.00,11803.85,EUR,C039
NL01-2025-003914,3,2025-07-21,4100,0.00,3419.32,EUR,C039
NL01-2025-003915,1,2025-08-15,1000,15223.17,0.00,EUR,C039
NL01-2025-003915,2,2025-08-15,1200,0.00,15223.17,EUR,C039
NL01-2025-003916,1,2025-07-27,1200,10995.52,0.00,EUR,C005
NL01-2025-003916,2,2025-07-27,4000,0.00,8525.78,EUR,C005
NL01-2025-003916,3,2025-07-27,4100,0.00,2469.74,EUR,C005
NL01-2025-003917,1,2025-08-30,1000,10995.52,0.00,EUR,C005
NL01-2025-003917,2,2025-08-30,1200,0.00,10995.52,EUR,C005
NL01-2025-003918,1,2025-07-19,1200,8644.37,0.00,EUR,C038
NL01-2025-003918,2,2025-07-19,4000,0.00,6702.73,EUR,C038
NL01-2025-003918,3,2025-07-19,4100,0.00,1941.64,EUR,C038
NL01-2025-003919,1,2025-08-09,1000,8644.37,0.00,EUR,C038
NL01-2025-003919,2,2025-08-09,1200,0.00,8644.37,EUR,C038
NL01-2025-003920,1,2025-07-27,1200,3851.92,0.00,EUR,C021
NL01-2025-003920,2,2025-07-27,4000,0.00,2986.73,EUR,C021
NL01-2025-003920,3,2025-07-27,4100,0.00,865.19,EUR,C021
NL01-2025-003921,1,2025-09-14,1000,3851.92,0.00,EUR,C021
NL01-2025-003921,2,2025-09-14,1200,0.00,3851.92,EUR,C021
NL01-2025-003922,1,2025-07-26,1200,1649.38,0.00,EUR,C006
NL01-2025-003922,2,2025-07-26,4000,0.00,1278.91,EUR,C006
NL01-2025-003922,3,2025-07-26,4100,0.00,370.47,EUR,C006
NL01-2025-003923,1,2025-09-16,1000,1649.38,0.00,EUR,C006
NL01-2025-003923,2,2025-09-16,1200,0.00,1649.38,EUR,C006
NL01-2025-003924,1,2025-07-17,1200,10737.21,0.00,EUR,C021
NL01-2025-003924,2,2025-07-17,4000,0.00,8325.49,EUR,C021
NL01-2025-003924,3,2025-07-17,4100,0.00,2411.72,EUR,C021
NL01-2025-003925,1,2025-07-29,1000,10737.21,0.00,EUR,C021
NL01-2025-003925,2,2025-07-29,1200,0.00,10737.21,EUR,C021
NL01-2025-003926,1,2025-07-02,1200,3241.05,0.00,EUR,C023
NL01-2025-003926,2,2025-07-02,4000,0.00,2513.07,EUR,C023
NL01-2025-003926,3,2025-07-02,4100,0.00,727.98,EUR,C023
NL01-2025-003927,1,2025-08-23,1000,3241.05,0.00,EUR,C023
NL01-2025-003927,2,2025-08-23,1200,0.00,3241.05,EUR,C023
NL01-2025-003928,1,2025-07-20,1200,40105.06,0.00,EUR,C008
NL01-2025-003928,2,2025-07-20,4000,0.00,31096.94,EUR,C008
NL01-2025-003928,3,2025-07-20,4100,0.00,9008.12,EUR,C008
NL01-2025-003929,1,2025-08-23,1000,40105.06,0.00,EUR,C008
NL01-2025-003929,2,2025-08-23,1200,0.00,40105.06,EUR,C008
NL01-2025-003930,1,2025-07-16,1200,9753.47,0.00,EUR,C002
NL01-2025-003930,2,2025-07-16,4000,0.00,7562.71,EUR,C002
NL01-2025-003930,3,2025-07-16,4100,0.00,2190.76,EUR,C002
NL01-2025-003931,1,2025-08-15,1000,9753.47,0.00,EUR,C002
NL01-2025-003931,2,2025-08-15,1200,0.00,9753.47,EUR,C002
NL01-2025-003932,1,2025-07-03,1300,162381.15,0.00,EUR,V018
NL01-2025-003932,2,2025-07-03,2100,0.00,162381.15,EUR,V018
NL01-2025-003933,1,2025-08-07,2100,162381.15,0.00,EUR,V018
NL01-2025-003933,2,2025-08-07,1000,0.00,162381.15,EUR,V018
NL01-2025-003934,1,2025-07-02,1300,151842.74,0.00,EUR,V007
NL01-2025-003934,2,2025-07-02,2100,0.00,151842.74,EUR,V007
NL01-2025-003935,1,2025-07-19,2100,151842.74,0.00,EUR,V007
NL01-2025-003935,2,2025-07-19,1000,0.00,151842.74,EUR,V007
NL01-2025-003936,1,2025-07-05,1300,77537.34,0.00,EUR,V004
NL01-2025-003936,2,2025-07-05,2100,0.00,77537.34,EUR,V004
NL01-2025-003937,1,2025-07-26,2100,77537.34,0.00,EUR,V004
NL01-2025-003937,2,2025-07-26,1000,0.00,77537.34,EUR,V004
NL01-2025-003938,1,2025-07-02,1300,151598.64,0.00,EUR,V020
NL01-2025-003938,2,2025-07-02,2100,0.00,151598.64,EUR,V020
NL01-2025-003939,1,2025-07-26,2100,151598.64,0.00,EUR,V020
NL01-2025-003939,2,2025-07-26,1000,0.00,151598.64,EUR,V020
NL01-2025-003940,1,2025-07-31,5000,544869.79,0.00,EUR,
NL01-2025-003940,2,2025-07-31,1300,0.00,544869.79,EUR,
NL01-2025-003941,1,2025-07-02,6100,57050.45,0.00,EUR,V039
NL01-2025-003941,2,2025-07-02,2100,0.00,57050.45,EUR,V039
NL01-2025-003942,1,2025-08-12,2100,57050.45,0.00,EUR,V039
NL01-2025-003942,2,2025-08-12,1000,0.00,57050.45,EUR,V039
NL01-2025-003943,1,2025-07-01,6200,41177.59,0.00,EUR,V059
NL01-2025-003943,2,2025-07-01,2100,0.00,41177.59,EUR,V059
NL01-2025-003944,1,2025-07-30,2100,41177.59,0.00,EUR,V059
NL01-2025-003944,2,2025-07-30,1000,0.00,41177.59,EUR,V059
NL01-2025-003945,1,2025-07-02,6300,18220.09,0.00,EUR,V026
NL01-2025-003945,2,2025-07-02,2100,0.00,18220.09,EUR,V026
NL01-2025-003946,1,2025-07-31,2100,18220.09,0.00,EUR,V026
NL01-2025-003946,2,2025-07-31,1000,0.00,18220.09,EUR,V026
NL01-2025-003947,1,2025-07-05,6400,30104.03,0.00,EUR,V059
NL01-2025-003947,2,2025-07-05,2100,0.00,30104.03,EUR,V059
NL01-2025-003948,1,2025-08-02,2100,30104.03,0.00,EUR,V059
NL01-2025-003948,2,2025-08-02,1000,0.00,30104.03,EUR,V059
NL01-2025-003949,1,2025-07-25,6000,396859.99,0.00,EUR,
NL01-2025-003949,2,2025-07-25,1000,0.00,396859.99,EUR,
NL01-2025-003950,1,2025-07-31,6900,15625.00,0.00,EUR,
NL01-2025-003950,2,2025-07-31,1590,0.00,15625.00,EUR,
NL01-2025-003951,1,2025-08-09,1200,28713.91,0.00,EUR,C006
NL01-2025-003951,2,2025-08-09,4000,0.00,21791.65,EUR,C006
NL01-2025-003951,3,2025-08-09,4100,0.00,6922.26,EUR,C006
NL01-2025-003952,1,2025-09-11,1000,28713.91,0.00,EUR,C006
NL01-2025-003952,2,2025-09-11,1200,0.00,28713.91,EUR,C006
NL01-2025-003953,1,2025-08-23,1200,23953.74,0.00,EUR,C005
NL01-2025-003953,2,2025-08-23,4000,0.00,18179.04,EUR,C005
NL01-2025-003953,3,2025-08-23,4100,0.00,5774.70,EUR,C005
NL01-2025-003954,1,2025-09-18,1000,23953.74,0.00,EUR,C005
NL01-2025-003954,2,2025-09-18,1200,0.00,23953.74,EUR,C005
NL01-2025-003955,1,2025-08-19,1200,30020.62,0.00,EUR,C010
NL01-2025-003955,2,2025-08-19,4000,0.00,22783.34,EUR,C010
NL01-2025-003955,3,2025-08-19,4100,0.00,7237.28,EUR,C010
NL01-2025-003956,1,2025-11-12,1000,30020.62,0.00,EUR,C010
NL01-2025-003956,2,2025-11-12,1200,0.00,30020.62,EUR,C010
NL01-2025-003957,1,2025-08-23,1200,23552.63,0.00,EUR,C030
NL01-2025-003957,2,2025-08-23,4000,0.00,17874.63,EUR,C030
NL01-2025-003957,3,2025-08-23,4100,0.00,5678.00,EUR,C030
NL01-2025-003958,1,2025-10-13,1000,23552.63,0.00,EUR,C030
NL01-2025-003958,2,2025-10-13,1200,0.00,23552.63,EUR,C030
NL01-2025-003959,1,2025-08-15,1200,9667.02,0.00,EUR,C026
NL01-2025-003959,2,2025-08-15,4000,0.00,7336.52,EUR,C026
NL01-2025-003959,3,2025-08-15,4100,0.00,2330.50,EUR,C026
NL01-2025-003960,1,2025-10-19,1000,9667.02,0.00,EUR,C026
NL01-2025-003960,2,2025-10-19,1200,0.00,9667.02,EUR,C026
NL01-2025-003961,1,2025-08-23,1200,2970.89,0.00,EUR,C002
NL01-2025-003961,2,2025-08-23,4000,0.00,2254.68,EUR,C002
NL01-2025-003961,3,2025-08-23,4100,0.00,716.21,EUR,C002
NL01-2025-003962,1,2025-10-03,1000,2970.89,0.00,EUR,C002
NL01-2025-003962,2,2025-10-03,1200,0.00,2970.89,EUR,C002
NL01-2025-003963,1,2025-08-26,1200,23785.70,0.00,EUR,C031
NL01-2025-003963,2,2025-08-26,4000,0.00,18051.51,EUR,C031
NL01-2025-003963,3,2025-08-26,4100,0.00,5734.19,EUR,C031
NL01-2025-003964,1,2025-09-29,1000,23785.70,0.00,EUR,C031
NL01-2025-003964,2,2025-09-29,1200,0.00,23785.70,EUR,C031
NL01-2025-003965,1,2025-08-17,1200,6030.69,0.00,EUR,C025
NL01-2025-003965,2,2025-08-17,4000,0.00,4576.83,EUR,C025
NL01-2025-003965,3,2025-08-17,4100,0.00,1453.86,EUR,C025
NL01-2025-003966,1,2025-10-14,1000,6030.69,0.00,EUR,C025
NL01-2025-003966,2,2025-10-14,1200,0.00,6030.69,EUR,C025
NL01-2025-003967,1,2025-08-12,1200,18539.67,0.00,EUR,C034
NL01-2025-003967,2,2025-08-12,4000,0.00,14070.18,EUR,C034
NL01-2025-003967,3,2025-08-12,4100,0.00,4469.49,EUR,C034
NL01-2025-003968,1,2025-09-01,1000,18539.67,0.00,EUR,C034
NL01-2025-003968,2,2025-09-01,1200,0.00,18539.67,EUR,C034
NL01-2025-003969,1,2025-08-25,1200,1709.43,0.00,EUR,C007
NL01-2025-003969,2,2025-08-25,4000,0.00,1297.33,EUR,C007
NL01-2025-003969,3,2025-08-25,4100,0.00,412.10,EUR,C007
NL01-2025-003970,1,2025-09-22,1000,1709.43,0.00,EUR,C007
NL01-2025-003970,2,2025-09-22,1200,0.00,1709.43,EUR,C007
NL01-2025-003971,1,2025-08-22,1200,66104.74,0.00,EUR,C014
NL01-2025-003971,2,2025-08-22,4000,0.00,50168.40,EUR,C014
NL01-2025-003971,3,2025-08-22,4100,0.00,15936.34,EUR,C014
NL01-2025-003972,1,2025-09-25,1000,66104.74,0.00,EUR,C014
NL01-2025-003972,2,2025-09-25,1200,0.00,66104.74,EUR,C014
NL01-2025-003973,1,2025-08-18,1200,10388.83,0.00,EUR,C026
NL01-2025-003973,2,2025-08-18,4000,0.00,7884.32,EUR,C026
NL01-2025-003973,3,2025-08-18,4100,0.00,2504.51,EUR,C026
NL01-2025-003974,1,2025-09-20,1000,10388.83,0.00,EUR,C026
NL01-2025-003974,2,2025-09-20,1200,0.00,10388.83,EUR,C026
NL01-2025-003975,1,2025-08-14,1200,10122.44,0.00,EUR,C026
NL01-2025-003975,2,2025-08-14,4000,0.00,7682.15,EUR,C026
NL01-2025-003975,3,2025-08-14,4100,0.00,2440.29,EUR,C026
NL01-2025-003976,1,2025-09-10,1000,10122.44,0.00,EUR,C026
NL01-2025-003976,2,2025-09-10,1200,0.00,10122.44,EUR,C026
NL01-2025-003977,1,2025-08-09,1200,12278.08,0.00,EUR,C019
NL01-2025-003977,2,2025-08-09,4000,0.00,9318.12,EUR,C019
NL01-2025-003977,3,2025-08-09,4100,0.00,2959.96,EUR,C019
NL01-2025-003978,1,2025-08-28,1000,12278.08,0.00,EUR,C019
NL01-2025-003978,2,2025-08-28,1200,0.00,12278.08,EUR,C019
NL01-2025-003979,1,2025-08-27,1200,24832.63,0.00,EUR,C006
NL01-2025-003979,2,2025-08-27,4000,0.00,18846.05,EUR,C006
NL01-2025-003979,3,2025-08-27,4100,0.00,5986.58,EUR,C006
NL01-2025-003980,1,2025-10-17,1000,24832.63,0.00,EUR,C006
NL01-2025-003980,2,2025-10-17,1200,0.00,24832.63,EUR,C006
NL01-2025-003981,1,2025-08-28,1200,1010.70,0.00,EUR,C030
NL01-2025-003981,2,2025-08-28,4000,0.00,767.04,EUR,C030
NL01-2025-003981,3,2025-08-28,4100,0.00,243.66,EUR,C030
NL01-2025-003982,1,2025-09-19,1000,1010.70,0.00,EUR,C030
NL01-2025-003982,2,2025-09-19,1200,0.00,1010.70,EUR,C030
NL01-2025-003983,1,2025-08-25,1200,4738.50,0.00,EUR,C036
NL01-2025-003983,2,2025-08-25,4000,0.00,3596.16,EUR,C036
NL01-2025-003983,3,2025-08-25,4100,0.00,1142.34,EUR,C036
NL01-2025-003984,1,2025-10-22,1000,4738.50,0.00,EUR,C036
NL01-2025-003984,2,2025-10-22,1200,0.00,4738.50,EUR,C036
NL01-2025-003985,1,2025-08-27,1200,18692.14,0.00,EUR,C039
NL01-2025-003985,2,2025-08-27,4000,0.00,14185.89,EUR,C039
NL01-2025-003985,3,2025-08-27,4100,0.00,4506.25,EUR,C039
NL01-2025-003986,1,2025-09-24,1000,18692.14,0.00,EUR,C039
NL01-2025-003986,2,2025-09-24,1200,0.00,18692.14,EUR,C039
NL01-2025-003987,1,2025-08-28,1200,3406.17,0.00,EUR,C015
NL01-2025-003987,2,2025-08-28,4000,0.00,2585.02,EUR,C015
NL01-2025-003987,3,2025-08-28,4100,0.00,821.15,EUR,C015
NL01-2025-003988,1,2025-09-23,1000,3406.17,0.00,EUR,C015
NL01-2025-003988,2,2025-09-23,1200,0.00,3406.17,EUR,C015
NL01-2025-003989,1,2025-08-10,1200,2513.76,0.00,EUR,C036
NL01-2025-003989,2,2025-08-10,4000,0.00,1907.75,EUR,C036
NL01-2025-003989,3,2025-08-10,4100,0.00,606.01,EUR,C036
NL01-2025-003990,1,2025-09-18,1000,2513.76,0.00,EUR,C036
NL01-2025-003990,2,2025-09-18,1200,0.00,2513.76,EUR,C036
NL01-2025-003991,1,2025-08-15,1200,12648.59,0.00,EUR,C023
NL01-2025-003991,2,2025-08-15,4000,0.00,9599.31,EUR,C023
NL01-2025-003991,3,2025-08-15,4100,0.00,3049.28,EUR,C023
NL01-2025-003992,1,2025-09-14,1000,12648.59,0.00,EUR,C023
NL01-2025-003992,2,2025-09-14,1200,0.00,12648.59,EUR,C023
NL01-2025-003993,1,2025-08-18,1200,1967.35,0.00,EUR,C030
NL01-2025-003993,2,2025-08-18,4000,0.00,1493.07,EUR,C030
NL01-2025-003993,3,2025-08-18,4100,0.00,474.28,EUR,C030
NL01-2025-003994,1,2025-10-07,1000,1967.35,0.00,EUR,C030
NL01-2025-003994,2,2025-10-07,1200,0.00,1967.35,EUR,C030
NL01-2025-003995,1,2025-08-16,1200,3850.31,0.00,EUR,C027
NL01-2025-003995,2,2025-08-16,4000,0.00,2922.09,EUR,C027
NL01-2025-003995,3,2025-08-16,4100,0.00,928.22,EUR,C027
NL01-2025-003996,1,2025-09-25,1000,3850.31,0.00,EUR,C027
NL01-2025-003996,2,2025-09-25,1200,0.00,3850.31,EUR,C027
NL01-2025-003997,1,2025-08-07,1200,4366.35,0.00,EUR,C021
NL01-2025-003997,2,2025-08-07,4000,0.00,3313.72,EUR,C021
NL01-2025-003997,3,2025-08-07,4100,0.00,1052.63,EUR,C021
NL01-2025-003998,1,2025-09-17,1000,4366.35,0.00,EUR,C021
NL01-2025-003998,2,2025-09-17,1200,0.00,4366.35,EUR,C021
NL01-2025-003999,1,2025-08-19,1200,3835.16,0.00,EUR,C008
NL01-2025-003999,2,2025-08-19,4000,0.00,2910.59,EUR,C008
NL01-2025-003999,3,2025-08-19,4100,0.00,924.57,EUR,C008
NL01-2025-004000,1,2025-10-04,1000,3835.16,0.00,EUR,C008
NL01-2025-004000,2,2025-10-04,1200,0.00,3835.16,EUR,C008
NL01-2025-004001,1,2025-08-23,1200,26402.38,0.00,EUR,C019
NL01-2025-004001,2,2025-08-23,4000,0.00,20037.37,EUR,C019
NL01-2025-004001,3,2025-08-23,4100,0.00,6365.01,EUR,C019
NL01-2025-004002,1,2025-09-15,1000,26402.38,0.00,EUR,C019
NL01-2025-004002,2,2025-09-15,1200,0.00,26402.38,EUR,C019
NL01-2025-004003,1,2025-08-28,1200,7643.97,0.00,EUR,C006
NL01-2025-004003,2,2025-08-28,4000,0.00,5801.18,EUR,C006
NL01-2025-004003,3,2025-08-28,4100,0.00,1842.79,EUR,C006
NL01-2025-004004,1,2025-09-26,1000,7643.97,0.00,EUR,C006
NL01-2025-004004,2,2025-09-26,1200,0.00,7643.97,EUR,C006
NL01-2025-004005,1,2025-08-17,1200,9501.59,0.00,EUR,C024
NL01-2025-004005,2,2025-08-17,4000,0.00,7210.97,EUR,C024
NL01-2025-004005,3,2025-08-17,4100,0.00,2290.62,EUR,C024
NL01-2025-004006,1,2025-10-01,1000,9501.59,0.00,EUR,C024
NL01-2025-004006,2,2025-10-01,1200,0.00,9501.59,EUR,C024
NL01-2025-004007,1,2025-08-13,1200,11444.19,0.00,EUR,C016
NL01-2025-004007,2,2025-08-13,4000,0.00,8685.26,EUR,C016
NL01-2025-004007,3,2025-08-13,4100,0.00,2758.93,EUR,C016
NL01-2025-004008,1,2025-09-21,1000,11444.19,0.00,EUR,C016
NL01-2025-004008,2,2025-09-21,1200,0.00,11444.19,EUR,C016
NL01-2025-004009,1,2025-08-17,1200,143212.83,0.00,EUR,C028
NL01-2025-004009,2,2025-08-17,4000,0.00,108687.50,EUR,C028
NL01-2025-004009,3,2025-08-17,4100,0.00,34525.33,EUR,C028
NL01-2025-004010,1,2025-09-03,1000,143212.83,0.00,EUR,C028
NL01-2025-004010,2,2025-09-03,1200,0.00,143212.83,EUR,C028
NL01-2025-004011,1,2025-08-28,1200,9019.46,0.00,EUR,C036
NL01-2025-004011,2,2025-08-28,4000,0.00,6845.08,EUR,C036
NL01-2025-004011,3,2025-08-28,4100,0.00,2174.38,EUR,C036
NL01-2025-004012,1,2025-09-25,1000,9019.46,0.00,EUR,C036
NL01-2025-004012,2,2025-09-25,1200,0.00,9019.46,EUR,C036
NL01-2025-004013,1,2025-08-09,1200,9748.37,0.00,EUR,C033
NL01-2025-004013,2,2025-08-09,4000,0.00,7398.26,EUR,C033
NL01-2025-004013,3,2025-08-09,4100,0.00,2350.11,EUR,C033
NL01-2025-004014,1,2025-09-05,1000,9748.37,0.00,EUR,C033
NL01-2025-004014,2,2025-09-05,1200,0.00,9748.37,EUR,C033
NL01-2025-004015,1,2025-08-02,1200,3027.95,0.00,EUR,C036
NL01-2025-004015,2,2025-08-02,4000,0.00,2297.98,EUR,C036
NL01-2025-004015,3,2025-08-02,4100,0.00,729.97,EUR,C036
NL01-2025-004016,1,2025-08-25,1000,3027.95,0.00,EUR,C036
NL01-2025-004016,2,2025-08-25,1200,0.00,3027.95,EUR,C036
NL01-2025-004017,1,2025-08-18,1200,6410.76,0.00,EUR,C032
NL01-2025-004017,2,2025-08-18,4000,0.00,4865.27,EUR,C032
NL01-2025-004017,3,2025-08-18,4100,0.00,1545.49,EUR,C032
NL01-2025-004018,1,2025-09-17,1000,6410.76,0.00,EUR,C032
NL01-2025-004018,2,2025-09-17,1200,0.00,6410.76,EUR,C032
NL01-2025-004019,1,2025-08-16,1200,2226.93,0.00,EUR,C032
NL01-2025-004019,2,2025-08-16,4000,0.00,1690.07,EUR,C032
NL01-2025-004019,3,2025-08-16,4100,0.00,536.86,EUR,C032
NL01-2025-004020,1,2025-09-01,1000,2226.93,0.00,EUR,C032
NL01-2025-004020,2,2025-09-01,1200,0.00,2226.93,EUR,C032
NL01-2025-004021,1,2025-08-11,1200,3646.19,0.00,EUR,C018
NL01-2025-004021,2,2025-08-11,4000,0.00,2767.18,EUR,C018
NL01-2025-004021,3,2025-08-11,4100,0.00,879.01,EUR,C018
NL01-2025-004022,1,2025-09-07,1000,3646.19,0.00,EUR,C018
NL01-2025-004022,2,2025-09-07,1200,0.00,3646.19,EUR,C018
NL01-2025-004023,1,2025-08-31,1200,3240.44,0.00,EUR,C010
NL01-2025-004023,2,2025-08-31,4000,0.00,2459.24,EUR,C010
NL01-2025-004023,3,2025-08-31,4100,0.00,781.20,EUR,C010
NL01-2025-004024,1,2025-10-07,1000,3240.44,0.00,EUR,C010
NL01-2025-004024,2,2025-10-07,1200,0.00,3240.44,EUR,C010
NL01-2025-004025,1,2025-08-19,1200,8037.14,0.00,EUR,C032
NL01-2025-004025,2,2025-08-19,4000,0.00,6099.57,EUR,C032
NL01-2025-004025,3,2025-08-19,4100,0.00,1937.57,EUR,C032
NL01-2025-004026,1,2025-09-19,1000,8037.14,0.00,EUR,C032
NL01-2025-004026,2,2025-09-19,1200,0.00,8037.14,EUR,C032
NL01-2025-004027,1,2025-08-26,1200,3317.85,0.00,EUR,C036
NL01-2025-004027,2,2025-08-26,4000,0.00,2517.99,EUR,C036
NL01-2025-004027,3,2025-08-26,4100,0.00,799.86,EUR,C036
NL01-2025-004028,1,2025-09-27,1000,3317.85,0.00,EUR,C036
NL01-2025-004028,2,2025-09-27,1200,0.00,3317.85,EUR,C036
NL01-2025-004029,1,2025-08-13,1200,1803.12,0.00,EUR,C006
NL01-2025-004029,2,2025-08-13,4000,0.00,1368.43,EUR,C006
NL01-2025-004029,3,2025-08-13,4100,0.00,434.69,EUR,C006
NL01-2025-004030,1,2025-09-17,1000,1803.12,0.00,EUR,C006
NL01-2025-004030,2,2025-09-17,1200,0.00,1803.12,EUR,C006
NL01-2025-004031,1,2025-08-21,1200,7429.40,0.00,EUR,C005
NL01-2025-004031,2,2025-08-21,4000,0.00,5638.34,EUR,C005
NL01-2025-004031,3,2025-08-21,4100,0.00,1791.06,EUR,C005
NL01-2025-004032,1,2025-09-17,1000,7429.40,0.00,EUR,C005
NL01-2025-004032,2,2025-09-17,1200,0.00,7429.40,EUR,C005
NL01-2025-004033,1,2025-08-31,1200,6999.28,0.00,EUR,C028
NL01-2025-004033,2,2025-08-31,4000,0.00,5311.91,EUR,C028
NL01-2025-004033,3,2025-08-31,4100,0.00,1687.37,EUR,C028
NL01-2025-004034,1,2025-10-12,1000,6999.28,0.00,EUR,C028
NL01-2025-004034,2,2025-10-12,1200,0.00,6999.28,EUR,C028
NL01-2025-004035,1,2025-08-16,1200,2985.12,0.00,EUR,C001
NL01-2025-004035,2,2025-08-16,4000,0.00,2265.48,EUR,C001
NL01-2025-004035,3,2025-08-16,4100,0.00,719.64,EUR,C001
NL01-2025-004036,1,2025-09-20,1000,2985.12,0.00,EUR,C001
NL01-2025-004036,2,2025-09-20,1200,0.00,2985.12,EUR,C001
NL01-2025-004037,1,2025-08-23,1200,9954.48,0.00,EUR,C011
NL01-2025-004037,2,2025-08-23,4000,0.00,7554.68,EUR,C011
NL01-2025-004037,3,2025-08-23,4100,0.00,2399.80,EUR,C011
NL01-2025-004038,1,2025-10-11,1000,9954.48,0.00,EUR,C011
NL01-2025-004038,2,2025-10-11,1200,0.00,9954.48,EUR,C011
NL01-2025-004039,1,2025-08-09,1200,7935.77,0.00,EUR,C028
NL01-2025-004039,2,2025-08-09,4000,0.00,6022.64,EUR,C028
NL01-2025-004039,3,2025-08-09,4100,0.00,1913.13,EUR,C028
NL01-2025-004040,1,2025-08-29,1000,7935.77,0.00,EUR,C028
NL01-2025-004040,2,2025-08-29,1200,0.00,7935.77,EUR,C028
NL01-2025-004041,1,2025-08-12,1200,11976.15,0.00,EUR,C015
NL01-2025-004041,2,2025-08-12,4000,0.00,9088.98,EUR,C015
NL01-2025-004041,3,2025-08-12,4100,0.00,2887.17,EUR,C015
NL01-2025-004042,1,2025-09-08,1000,11976.15,0.00,EUR,C015
NL01-2025-004042,2,2025-09-08,1200,0.00,11976.15,EUR,C015
NL01-2025-004043,1,2025-08-08,1200,5528.83,0.00,EUR,C002
NL01-2025-004043,2,2025-08-08,4000,0.00,4195.96,EUR,C002
NL01-2025-004043,3,2025-08-08,4100,0.00,1332.87,EUR,C002
NL01-2025-004044,1,2025-09-05,1000,5528.83,0.00,EUR,C002
NL01-2025-004044,2,2025-09-05,1200,0.00,5528.83,EUR,C002
NL01-2025-004045,1,2025-08-13,1200,11228.88,0.00,EUR,C030
NL01-2025-004045,2,2025-08-13,4000,0.00,8521.85,EUR,C030
NL01-2025-004045,3,2025-08-13,4100,0.00,2707.03,EUR,C030
NL01-2025-004046,1,2025-09-12,1000,11228.88,0.00,EUR,C030
NL01-2025-004046,2,2025-09-12,1200,0.00,11228.88,EUR,C030
NL01-2025-004047,1,2025-08-07,1200,5563.25,0.00,EUR,C010
NL01-2025-004047,2,2025-08-07,4000,0.00,4222.08,EUR,C010
NL01-2025-004047,3,2025-08-07,4100,0.00,1341.17,EUR,C010
NL01-2025-004048,1,2025-09-02,1000,5563.25,0.00,EUR,C010
NL01-2025-004048,2,2025-09-02,1200,0.00,5563.25,EUR,C010
NL01-2025-004049,1,2025-08-13,1200,8606.43,0.00,EUR,C001
NL01-2025-004049,2,2025-08-13,4000,0.00,6531.62,EUR,C001
NL01-2025-004049,3,2025-08-13,4100,0.00,2074.81,EUR,C001
NL01-2025-004050,1,2025-09-15,1000,8606.43,0.00,EUR,C001
NL01-2025-004050,2,2025-09-15,1200,0.00,8606.43,EUR,C001
NL01-2025-004051,1,2025-08-11,1200,12621.84,0.00,EUR,C001
NL01-2025-004051,2,2025-08-11,4000,0.00,9579.00,EUR,C001
NL01-2025-004051,3,2025-08-11,4100,0.00,3042.84,EUR,C001
NL01-2025-004052,1,2025-09-13,1000,12621.84,0.00,EUR,C001
NL01-2025-004052,2,2025-09-13,1200,0.00,12621.84,EUR,C001
NL01-2025-004053,1,2025-08-31,1200,18642.73,0.00,EUR,C035
NL01-2025-004053,2,2025-08-31,4000,0.00,14148.40,EUR,C035
NL01-2025-004053,3,2025-08-31,4100,0.00,4494.33,EUR,C035
NL01-2025-004054,1,2025-09-30,1000,18642.73,0.00,EUR,C035
NL01-2025-004054,2,2025-09-30,1200,0.00,18642.73,EUR,C035
NL01-2025-004055,1,2025-08-03,1200,25343.24,0.00,EUR,C021
NL01-2025-004055,2,2025-08-03,4000,0.00,19233.57,EUR,C021
NL01-2025-004055,3,2025-08-03,4100,0.00,6109.67,EUR,C021
NL01-2025-004056,1,2025-10-06,1000,25343.24,0.00,EUR,C021
NL01-2025-004056,2,2025-10-06,1200,0.00,25343.24,EUR,C021
NL01-2025-004057,1,2025-08-31,1200,21574.15,0.00,EUR,C002
NL01-2025-004057,2,2025-08-31,4000,0.00,16373.12,EUR,C002
NL01-2025-004057,3,2025-08-31,4100,0.00,5201.03,EUR,C002
NL01-2025-004058,1,2025-10-16,1000,21574.15,0.00,EUR,C002
NL01-2025-004058,2,2025-10-16,1200,0.00,21574.15,EUR,C002
NL01-2025-004059,1,2025-08-20,1200,4802.87,0.00,EUR,C009
NL01-2025-004059,2,2025-08-20,4000,0.00,3645.01,EUR,C009
NL01-2025-004059,3,2025-08-20,4100,0.00,1157.86,EUR,C009
NL01-2025-004060,1,2025-09-16,1000,4802.87,0.00,EUR,C009
NL01-2025-004060,2,2025-09-16,1200,0.00,4802.87,EUR,C009
NL01-2025-004061,1,2025-08-27,1200,3301.62,0.00,EUR,C024
NL01-2025-004061,2,2025-08-27,4000,0.00,2505.68,EUR,C024
NL01-2025-004061,3,2025-08-27,4100,0.00,795.94,EUR,C024
NL01-2025-004062,1,2025-09-25,1000,3301.62,0.00,EUR,C024
NL01-2025-004062,2,2025-09-25,1200,0.00,3301.62,EUR,C024
NL01-2025-004063,1,2025-08-09,1200,3685.52,0.00,EUR,C032
NL01-2025-004063,2,2025-08-09,4000,0.00,2797.03,EUR,C032
NL01-2025-004063,3,2025-08-09,4100,0.00,888.49,EUR,C032
NL01-2025-004064,1,2025-09-14,1000,3685.52,0.00,EUR,C032
NL01-2025-004064,2,2025-09-14,1200,0.00,3685.52,EUR,C032
NL01-2025-004065,1,2025-08-11,1200,2725.33,0.00,EUR,C038
NL01-2025-004065,2,2025-08-11,4000,0.00,2068.32,EUR,C038
NL01-2025-004065,3,2025-08-11,4100,0.00,657.01,EUR,C038
NL01-2025-004066,1,2025-10-10,1000,2725.33,0.00,EUR,C038
NL01-2025-004066,2,2025-10-10,1200,0.00,2725.33,EUR,C038
NL01-2025-004067,1,2025-08-11,1200,1280.63,0.00,EUR,C037
NL01-2025-004067,2,2025-08-11,4000,0.00,971.90,EUR,C037
NL01-2025-004067,3,2025-08-11,4100,0.00,308.73,EUR,C037
NL01-2025-004068,1,2025-09-05,1000,1280.63,0.00,EUR,C037
NL01-2025-004068,2,2025-09-05,1200,0.00,1280.63,EUR,C037
NL01-2025-004069,1,2025-08-27,1200,3723.91,0.00,EUR,C025
NL01-2025-004069,2,2025-08-27,4000,0.00,2826.16,EUR,C025
NL01-2025-004069,3,2025-08-27,4100,0.00,897.75,EUR,C025
NL01-2025-004070,1,2025-09-21,1000,3723.91,0.00,EUR,C025
NL01-2025-004070,2,2025-09-21,1200,0.00,3723.91,EUR,C025
NL01-2025-004071,1,2025-08-10,1200,4121.71,0.00,EUR,C017
NL01-2025-004071,2,2025-08-10,4000,0.00,3128.06,EUR,C017
NL01-2025-004071,3,2025-08-10,4100,0.00,993.65,EUR,C017
NL01-2025-004072,1,2025-09-18,1000,4121.71,0.00,EUR,C017
NL01-2025-004072,2,2025-09-18,1200,0.00,4121.71,EUR,C017
NL01-2025-004073,1,2025-08-06,1200,41608.66,0.00,EUR,C002
NL01-2025-004073,2,2025-08-06,4000,0.00,31577.77,EUR,C002
NL01-2025-004073,3,2025-08-06,4100,0.00,10030.89,EUR,C002
NL01-2025-004074,1,2025-08-30,1000,41608.66,0.00,EUR,C002
NL01-2025-004074,2,2025-08-30,1200,0.00,41608.66,EUR,C002
NL01-2025-004075,1,2025-08-30,1200,14409.12,0.00,EUR,C010
NL01-2025-004075,2,2025-08-30,4000,0.00,10935.41,EUR,C010
NL01-2025-004075,3,2025-08-30,4100,0.00,3473.71,EUR,C010
NL01-2025-004076,1,2025-10-02,1000,14409.12,0.00,EUR,C010
NL01-2025-004076,2,2025-10-02,1200,0.00,14409.12,EUR,C010
NL01-2025-004077,1,2025-08-04,1200,26712.43,0.00,EUR,C011
NL01-2025-004077,2,2025-08-04,4000,0.00,20272.68,EUR,C011
NL01-2025-004077,3,2025-08-04,4100,0.00,6439.75,EUR,C011
NL01-2025-004078,1,2025-09-01,1000,26712.43,0.00,EUR,C011
NL01-2025-004078,2,2025-09-01,1200,0.00,26712.43,EUR,C011
NL01-2025-004079,1,2025-08-27,1200,3513.71,0.00,EUR,C035
NL01-2025-004079,2,2025-08-27,4000,0.00,2666.64,EUR,C035
NL01-2025-004079,3,2025-08-27,4100,0.00,847.07,EUR,C035
NL01-2025-004080,1,2025-10-12,1000,3513.71,0.00,EUR,C035
NL01-2025-004080,2,2025-10-12,1200,0.00,3513.71,EUR,C035
NL01-2025-004081,1,2025-08-04,1200,4036.84,0.00,EUR,C024
NL01-2025-004081,2,2025-08-04,4000,0.00,3063.65,EUR,C024
NL01-2025-004081,3,2025-08-04,4100,0.00,973.19,EUR,C024
NL01-2025-004082,1,2025-09-19,1000,4036.84,0.00,EUR,C024
NL01-2025-004082,2,2025-09-19,1200,0.00,4036.84,EUR,C024
NL01-2025-004083,1,2025-08-16,1200,2164.47,0.00,EUR,C031
NL01-2025-004083,2,2025-08-16,4000,0.00,1642.67,EUR,C031
NL01-2025-004083,3,2025-08-16,4100,0.00,521.80,EUR,C031
NL01-2025-004084,1,2025-10-08,1000,2164.47,0.00,EUR,C031
NL01-2025-004084,2,2025-10-08,1200,0.00,2164.47,EUR,C031
NL01-2025-004085,1,2025-08-28,1200,12361.61,0.00,EUR,C025
NL01-2025-004085,2,2025-08-28,4000,0.00,9381.51,EUR,C025
NL01-2025-004085,3,2025-08-28,4100,0.00,2980.10,EUR,C025
NL01-2025-004086,1,2025-10-15,1000,12361.61,0.00,EUR,C025
NL01-2025-004086,2,2025-10-15,1200,0.00,12361.61,EUR,C025
NL01-2025-004087,1,2025-08-27,1200,5008.47,0.00,EUR,C004
NL01-2025-004087,2,2025-08-27,4000,0.00,3801.04,EUR,C004
NL01-2025-004087,3,2025-08-27,4100,0.00,1207.43,EUR,C004
NL01-2025-004088,1,2025-09-20,1000,5008.47,0.00,EUR,C004
NL01-2025-004088,2,2025-09-20,1200,0.00,5008.47,EUR,C004
NL01-2025-004089,1,2025-08-16,1200,6914.79,0.00,EUR,C006
NL01-2025-004089,2,2025-08-16,4000,0.00,5247.79,EUR,C006
NL01-2025-004089,3,2025-08-16,4100,0.00,1667.00,EUR,C006
NL01-2025-004090,1,2025-10-04,1000,6914.79,0.00,EUR,C006
NL01-2025-004090,2,2025-10-04,1200,0.00,6914.79,EUR,C006
NL01-2025-004091,1,2025-08-24,1200,17017.50,0.00,EUR,C015
NL01-2025-004091,2,2025-08-24,4000,0.00,12914.97,EUR,C015
NL01-2025-004091,3,2025-08-24,4100,0.00,4102.53,EUR,C015
NL01-2025-004092,1,2025-10-07,1000,17017.50,0.00,EUR,C015
NL01-2025-004092,2,2025-10-07,1200,0.00,17017.50,EUR,C015
NL01-2025-004093,1,2025-08-14,1200,4629.94,0.00,EUR,C007
NL01-2025-004093,2,2025-08-14,4000,0.00,3513.77,EUR,C007
NL01-2025-004093,3,2025-08-14,4100,0.00,1116.17,EUR,C007
NL01-2025-004094,1,2025-09-05,1000,4629.94,0.00,EUR,C007
NL01-2025-004094,2,2025-09-05,1200,0.00,4629.94,EUR,C007
NL01-2025-004095,1,2025-08-13,1200,4142.80,0.00,EUR,C021
NL01-2025-004095,2,2025-08-13,4000,0.00,3144.07,EUR,C021
NL01-2025-004095,3,2025-08-13,4100,0.00,998.73,EUR,C021
NL01-2025-004096,1,2025-08-31,1000,4142.80,0.00,EUR,C021
NL01-2025-004096,2,2025-08-31,1200,0.00,4142.80,EUR,C021
NL01-2025-004097,1,2025-08-11,1200,8417.90,0.00,EUR,C008
NL01-2025-004097,2,2025-08-11,4000,0.00,6388.54,EUR,C008
NL01-2025-004097,3,2025-08-11,4100,0.00,2029.36,EUR,C008
NL01-2025-004098,1,2025-09-08,1000,8417.90,0.00,EUR,C008
NL01-2025-004098,2,2025-09-08,1200,0.00,8417.90,EUR,C008
NL01-2025-004099,1,2025-08-08,1200,4253.16,0.00,EUR,C007
NL01-2025-004099,2,2025-08-08,4000,0.00,3227.82,EUR,C007
NL01-2025-004099,3,2025-08-08,4100,0.00,1025.34,EUR,C007
NL01-2025-004100,1,2025-09-28,1000,4253.16,0.00,EUR,C007
NL01-2025-004100,2,2025-09-28,1200,0.00,4253.16,EUR,C007
NL01-2025-004101,1,2025-08-20,1200,54954.11,0.00,EUR,C017
NL01-2025-004101,2,2025-08-20,4000,0.00,41705.94,EUR,C017
NL01-2025-004101,3,2025-08-20,4100,0.00,13248.17,EUR,C017
NL01-2025-004102,1,2025-09-18,1000,54954.11,0.00,EUR,C017
NL01-2025-004102,2,2025-09-18,1200,0.00,54954.11,EUR,C017
NL01-2025-004103,1,2025-08-07,1200,6443.18,0.00,EUR,C023
NL01-2025-004103,2,2025-08-07,4000,0.00,4889.88,EUR,C023
NL01-2025-004103,3,2025-08-07,4100,0.00,1553.30,EUR,C023
NL01-2025-004104,1,2025-09-02,1000,6443.18,0.00,EUR,C023
NL01-2025-004104,2,2025-09-02,1200,0.00,6443.18,EUR,C023
NL01-2025-004105,1,2025-08-08,1200,4850.20,0.00,EUR,C039
NL01-2025-004105,2,2025-08-08,4000,0.00,3680.93,EUR,C039
NL01-2025-004105,3,2025-08-08,4100,0.00,1169.27,EUR,C039
NL01-2025-004106,1,2025-09-09,1000,4850.20,0.00,EUR,C039
NL01-2025-004106,2,2025-09-09,1200,0.00,4850.20,EUR,C039
NL01-2025-004107,1,2025-08-30,1200,19723.45,0.00,EUR,C037
NL01-2025-004107,2,2025-08-30,4000,0.00,14968.58,EUR,C037
NL01-2025-004107,3,2025-08-30,4100,0.00,4754.87,EUR,C037
NL01-2025-004108,1,2025-09-14,1000,19723.45,0.00,EUR,C037
NL01-2025-004108,2,2025-09-14,1200,0.00,19723.45,EUR,C037
NL01-2025-004109,1,2025-08-19,1200,3116.10,0.00,EUR,C024
NL01-2025-004109,2,2025-08-19,4000,0.00,2364.88,EUR,C024
NL01-2025-004109,3,2025-08-19,4100,0.00,751.22,EUR,C024
NL01-2025-004110,1,2025-09-22,1000,3116.10,0.00,EUR,C024
NL01-2025-004110,2,2025-09-22,1200,0.00,3116.10,EUR,C024
NL01-2025-004111,1,2025-08-22,1200,66591.78,0.00,EUR,C014
NL01-2025-004111,2,2025-08-22,4000,0.00,50538.03,EUR,C014
NL01-2025-004111,3,2025-08-22,4100,0.00,16053.75,EUR,C014
NL01-2025-004112,1,2025-09-24,1000,66591.78,0.00,EUR,C014
NL01-2025-004112,2,2025-09-24,1200,0.00,66591.78,EUR,C014
NL01-2025-004113,1,2025-08-17,1200,7392.80,0.00,EUR,C036
NL01-2025-004113,2,2025-08-17,4000,0.00,5610.57,EUR,C036
NL01-2025-004113,3,2025-08-17,4100,0.00,1782.23,EUR,C036
NL01-2025-004114,1,2025-09-24,1000,7392.80,0.00,EUR,C036
NL01-2025-004114,2,2025-09-24,1200,0.00,7392.80,EUR,C036
NL01-2025-004115,1,2025-08-30,1200,6054.40,0.00,EUR,C020
NL01-2025-004115,2,2025-08-30,4000,0.00,4594.82,EUR,C020
NL01-2025-004115,3,2025-08-30,4100,0.00,1459.58,EUR,C020
NL01-2025-004116,1,2025-10-20,1000,6054.40,0.00,EUR,C020
NL01-2025-004116,2,2025-10-20,1200,0.00,6054.40,EUR,C020
NL01-2025-004117,1,2025-08-02,1200,7047.26,0.00,EUR,C025
NL01-2025-004117,2,2025-08-02,4000,0.00,5348.33,EUR,C025
NL01-2025-004117,3,2025-08-02,4100,0.00,1698.93,EUR,C025
NL01-2025-004118,1,2025-09-13,1000,7047.26,0.00,EUR,C025
NL01-2025-004118,2,2025-09-13,1200,0.00,7047.26,EUR,C025
NL01-2025-004119,1,2025-08-23,1200,5975.25,0.00,EUR,C035
NL01-2025-004119,2,2025-08-23,4000,0.00,4534.75,EUR,C035
NL01-2025-004119,3,2025-08-23,4100,0.00,1440.50,EUR,C035
NL01-2025-004120,1,2025-09-14,1000,5975.25,0.00,EUR,C035
NL01-2025-004120,2,2025-09-14,1200,0.00,5975.25,EUR,C035
NL01-2025-004121,1,2025-08-17,1200,6068.35,0.00,EUR,C014
NL01-2025-004121,2,2025-08-17,4000,0.00,4605.41,EUR,C014
NL01-2025-004121,3,2025-08-17,4100,0.00,1462.94,EUR,C014
NL01-2025-004122,1,2025-10-03,1000,6068.35,0.00,EUR,C014
NL01-2025-004122,2,2025-10-03,1200,0.00,6068.35,EUR,C014
NL01-2025-004123,1,2025-08-27,1200,1613.12,0.00,EUR,C035
NL01-2025-004123,2,2025-08-27,4000,0.00,1224.23,EUR,C035
NL01-2025-004123,3,2025-08-27,4100,0.00,388.89,EUR,C035
NL01-2025-004124,1,2025-10-16,1000,1613.12,0.00,EUR,C035
NL01-2025-004124,2,2025-10-16,1200,0.00,1613.12,EUR,C035
NL01-2025-004125,1,2025-08-26,1200,18607.29,0.00,EUR,C011
NL01-2025-004125,2,2025-08-26,4000,0.00,14121.50,EUR,C011
NL01-2025-004125,3,2025-08-26,4100,0.00,4485.79,EUR,C011
NL01-2025-004126,1,2025-09-16,1000,18607.29,0.00,EUR,C011
NL01-2025-004126,2,2025-09-16,1200,0.00,18607.29,EUR,C011
NL01-2025-004127,1,2025-08-26,1200,2850.37,0.00,EUR,C021
NL01-2025-004127,2,2025-08-26,4000,0.00,2163.21,EUR,C021
NL01-2025-004127,3,2025-08-26,4100,0.00,687.16,EUR,C021
NL01-2025-004128,1,2025-09-24,1000,2850.37,0.00,EUR,C021
NL01-2025-004128,2,2025-09-24,1200,0.00,2850.37,EUR,C021
NL01-2025-004129,1,2025-08-10,1200,15489.00,0.00,EUR,C034
NL01-2025-004129,2,2025-08-10,4000,0.00,11754.96,EUR,C034
NL01-2025-004129,3,2025-08-10,4100,0.00,3734.04,EUR,C034
NL01-2025-004130,1,2025-09-13,1000,15489.00,0.00,EUR,C034
NL01-2025-004130,2,2025-09-13,1200,0.00,15489.00,EUR,C034
NL01-2025-004131,1,2025-08-24,1200,1508.64,0.00,EUR,C002
NL01-2025-004131,2,2025-08-24,4000,0.00,1144.94,EUR,C002
NL01-2025-004131,3,2025-08-24,4100,0.00,363.70,EUR,C002
NL01-2025-004132,1,2025-09-29,1000,1508.64,0.00,EUR,C002
NL01-2025-004132,2,2025-09-29,1200,0.00,1508.64,EUR,C002
NL01-2025-004133,1,2025-08-12,1200,5536.57,0.00,EUR,C031
NL01-2025-004133,2,2025-08-12,4000,0.00,4201.83,EUR,C031
NL01-2025-004133,3,2025-08-12,4100,0.00,1334.74,EUR,C031
NL01-2025-004134,1,2025-09-21,1000,5536.57,0.00,EUR,C031
NL01-2025-004134,2,2025-09-21,1200,0.00,5536.57,EUR,C031
NL01-2025-004135,1,2025-08-01,1200,9986.82,0.00,EUR,C001
NL01-2025-004135,2,2025-08-01,4000,0.00,7579.23,EUR,C001
NL01-2025-004135,3,2025-08-01,4100,0.00,2407.59,EUR,C001
NL01-2025-004136,1,2025-09-06,1000,9986.82,0.00,EUR,C001
NL01-2025-004136,2,2025-09-06,1200,0.00,9986.82,EUR,C001
NL01-2025-004137,1,2025-08-19,1200,16589.76,0.00,EUR,C038
NL01-2025-004137,2,2025-08-19,4000,0.00,12590.35,EUR,C038
NL01-2025-004137,3,2025-08-19,4100,0.00,3999.41,EUR,C038
NL01-2025-004138,1,2025-10-04,1000,16589.76,0.00,EUR,C038
NL01-2025-004138,2,2025-10-04,1200,0.00,16589.76,EUR,C038
NL01-2025-004139,1,2025-08-21,1200,6745.83,0.00,EUR,C034
NL01-2025-004139,2,2025-08-21,4000,0.00,5119.57,EUR,C034
NL01-2025-004139,3,2025-08-21,4100,0.00,1626.26,EUR,C034
NL01-2025-004140,1,2025-10-12,1000,6745.83,0.00,EUR,C034
NL01-2025-004140,2,2025-10-12,1200,0.00,6745.83,EUR,C034
NL01-2025-004141,1,2025-08-31,1200,29214.59,0.00,EUR,C025
NL01-2025-004141,2,2025-08-31,4000,0.00,22171.62,EUR,C025
NL01-2025-004141,3,2025-08-31,4100,0.00,7042.97,EUR,C025
NL01-2025-004142,1,2025-10-30,1000,29214.59,0.00,EUR,C025
NL01-2025-004142,2,2025-10-30,1200,0.00,29214.59,EUR,C025
NL01-2025-004143,1,2025-08-21,1200,14234.74,0.00,EUR,C020
NL01-2025-004143,2,2025-08-21,4000,0.00,10803.07,EUR,C020
NL01-2025-004143,3,2025-08-21,4100,0.00,3431.67,EUR,C020
NL01-2025-004144,1,2025-09-15,1000,14234.74,0.00,EUR,C020
NL01-2025-004144,2,2025-09-15,1200,0.00,14234.74,EUR,C020
NL01-2025-004145,1,2025-08-25,1200,3528.59,0.00,EUR,C017
NL01-2025-004145,2,2025-08-25,4000,0.00,2677.93,EUR,C017
NL01-2025-004145,3,2025-08-25,4100,0.00,850.66,EUR,C017
NL01-2025-004146,1,2025-10-05,1000,3528.59,0.00,EUR,C017
NL01-2025-004146,2,2025-10-05,1200,0.00,3528.59,EUR,C017
NL01-2025-004147,1,2025-08-27,1200,3786.63,0.00,EUR,C002
NL01-2025-004147,2,2025-08-27,4000,0.00,2873.76,EUR,C002
NL01-2025-004147,3,2025-08-27,4100,0.00,912.87,EUR,C002
NL01-2025-004148,1,2025-10-07,1000,3786.63,0.00,EUR,C002
NL01-2025-004148,2,2025-10-07,1200,0.00,3786.63,EUR,C002
NL01-2025-004149,1,2025-08-23,1200,1259.98,0.00,EUR,C031
NL01-2025-004149,2,2025-08-23,4000,0.00,956.23,EUR,C031
NL01-2025-004149,3,2025-08-23,4100,0.00,303.75,EUR,C031
NL01-2025-004150,1,2025-10-02,1000,1259.98,0.00,EUR,C031
NL01-2025-004150,2,2025-10-02,1200,0.00,1259.98,EUR,C031
NL01-2025-004151,1,2025-08-23,1300,176791.74,0.00,EUR,V004
NL01-2025-004151,2,2025-08-23,2100,0.00,176791.74,EUR,V004
NL01-2025-004152,1,2025-09-10,2100,176791.74,0.00,EUR,V004
NL01-2025-004152,2,2025-09-10,1000,0.00,176791.74,EUR,V004
NL01-2025-004153,1,2025-08-04,1300,224780.61,0.00,EUR,V001
NL01-2025-004153,2,2025-08-04,2100,0.00,224780.61,EUR,V001
NL01-2025-004154,1,2025-09-21,2100,224780.61,0.00,EUR,V001
NL01-2025-004154,2,2025-09-21,1000,0.00,224780.61,EUR,V001
NL01-2025-004155,1,2025-08-08,1300,115766.74,0.00,EUR,V005
NL01-2025-004155,2,2025-08-08,2100,0.00,115766.74,EUR,V005
NL01-2025-004156,1,2025-08-30,2100,115766.74,0.00,EUR,V005
NL01-2025-004156,2,2025-08-30,1000,0.00,115766.74,EUR,V005
NL01-2025-004157,1,2025-08-18,1300,85241.97,0.00,EUR,V006
NL01-2025-004157,2,2025-08-18,2100,0.00,85241.97,EUR,V006
NL01-2025-004158,1,2025-09-17,2100,85241.97,0.00,EUR,V006
NL01-2025-004158,2,2025-09-17,1000,0.00,85241.97,EUR,V006
NL01-2025-004159,1,2025-08-31,5000,539805.84,0.00,EUR,
NL01-2025-004159,2,2025-08-31,1300,0.00,539805.84,EUR,
NL01-2025-004160,1,2025-08-08,6100,63743.87,0.00,EUR,V043
NL01-2025-004160,2,2025-08-08,2100,0.00,63743.87,EUR,V043
NL01-2025-004161,1,2025-09-04,2100,63743.87,0.00,EUR,V043
NL01-2025-004161,2,2025-09-04,1000,0.00,63743.87,EUR,V043
NL01-2025-004162,1,2025-08-16,6200,40482.52,0.00,EUR,V028
NL01-2025-004162,2,2025-08-16,2100,0.00,40482.52,EUR,V028
NL01-2025-004163,1,2025-09-10,2100,40482.52,0.00,EUR,V028
NL01-2025-004163,2,2025-09-10,1000,0.00,40482.52,EUR,V028
NL01-2025-004164,1,2025-08-13,6300,22475.01,0.00,EUR,V026
NL01-2025-004164,2,2025-08-13,2100,0.00,22475.01,EUR,V026
NL01-2025-004165,1,2025-09-18,2100,22475.01,0.00,EUR,V026
NL01-2025-004165,2,2025-09-18,1000,0.00,22475.01,EUR,V026
NL01-2025-004166,1,2025-08-08,6400,31694.85,0.00,EUR,V048
NL01-2025-004166,2,2025-08-08,2100,0.00,31694.85,EUR,V048
NL01-2025-004167,1,2025-09-12,2100,31694.85,0.00,EUR,V048
NL01-2025-004167,2,2025-09-12,1000,0.00,31694.85,EUR,V048
NL01-2025-004168,1,2025-08-25,6000,396647.16,0.00,EUR,
NL01-2025-004168,2,2025-08-25,1000,0.00,396647.16,EUR,
NL01-2025-004169,1,2025-08-31,6900,15625.00,0.00,EUR,
NL01-2025-004169,2,2025-08-31,1590,0.00,15625.00,EUR,
NL01-2025-004170,1,2025-09-02,1200,6427.81,0.00,EUR,C031
NL01-2025-004170,2,2025-09-02,4000,0.00,4850.25,EUR,C031
NL01-2025-004170,3,2025-09-02,4100,0.00,1577.56,EUR,C031
NL01-2025-004171,1,2025-10-28,1000,6427.81,0.00,EUR,C031
NL01-2025-004171,2,2025-10-28,1200,0.00,6427.81,EUR,C031
NL01-2025-004172,1,2025-09-16,1200,30977.12,0.00,EUR,C011
NL01-2025-004172,2,2025-09-16,4000,0.00,23374.50,EUR,C011
NL01-2025-004172,3,2025-09-16,4100,0.00,7602.62,EUR,C011
NL01-2025-004173,1,2025-10-09,1000,30977.12,0.00,EUR,C011
NL01-2025-004173,2,2025-10-09,1200,0.00,30977.12,EUR,C011
NL01-2025-004174,1,2025-09-23,1200,3836.52,0.00,EUR,C025
NL01-2025-004174,2,2025-09-23,4000,0.00,2894.93,EUR,C025
NL01-2025-004174,3,2025-09-23,4100,0.00,941.59,EUR,C025
NL01-2025-004175,1,2025-10-29,1000,3836.52,0.00,EUR,C025
NL01-2025-004175,2,2025-10-29,1200,0.00,3836.52,EUR,C025
NL01-2025-004176,1,2025-09-10,1200,7520.10,0.00,EUR,C014
NL01-2025-004176,2,2025-09-10,4000,0.00,5674.46,EUR,C014
NL01-2025-004176,3,2025-09-10,4100,0.00,1845.64,EUR,C014
NL01-2025-004177,1,2025-10-14,1000,7520.10,0.00,EUR,C014
NL01-2025-004177,2,2025-10-14,1200,0.00,7520.10,EUR,C014
NL01-2025-004178,1,2025-09-30,1200,11719.38,0.00,EUR,C015
NL01-2025-004178,2,2025-09-30,4000,0.00,8843.13,EUR,C015
NL01-2025-004178,3,2025-09-30,4100,0.00,2876.25,EUR,C015
NL01-2025-004179,1,2025-11-19,1000,11719.38,0.00,EUR,C015
NL01-2025-004179,2,2025-11-19,1200,0.00,11719.38,EUR,C015
NL01-2025-004180,1,2025-09-18,1200,9866.40,0.00,EUR,C040
NL01-2025-004180,2,2025-09-18,4000,0.00,7444.92,EUR,C040
NL01-2025-004180,3,2025-09-18,4100,0.00,2421.48,EUR,C040
NL01-2025-004181,1,2025-10-18,1000,9866.40,0.00,EUR,C040
NL01-2025-004181,2,2025-10-18,1200,0.00,9866.40,EUR,C040
NL01-2025-004182,1,2025-09-22,1200,9491.94,0.00,EUR,C005
NL01-2025-004182,2,2025-09-22,4000,0.00,7162.36,EUR,C005
NL01-2025-004182,3,2025-09-22,4100,0.00,2329.58,EUR,C005
NL01-2025-004183,1,2025-11-07,1000,9491.94,0.00,EUR,C005
NL01-2025-004183,2,2025-11-07,1200,0.00,9491.94,EUR,C005
NL01-2025-004184,1,2025-09-18,1200,3796.11,0.00,EUR,C030
NL01-2025-004184,2,2025-09-18,4000,0.00,2864.44,EUR,C030
NL01-2025-004184,3,2025-09-18,4100,0.00,931.67,EUR,C030
NL01-2025-004185,1,2025-10-10,1000,3796.11,0.00,EUR,C030
NL01-2025-004185,2,2025-10-10,1200,0.00,3796.11,EUR,C030
NL01-2025-004186,1,2025-09-20,1200,6129.60,0.00,EUR,C005
NL01-2025-004186,2,2025-09-20,4000,0.00,4625.23,EUR,C005
NL01-2025-004186,3,2025-09-20,4100,0.00,1504.37,EUR,C005
NL01-2025-004187,1,2025-10-15,1000,6129.60,0.00,EUR,C005
NL01-2025-004187,2,2025-10-15,1200,0.00,6129.60,EUR,C005
NL01-2025-004188,1,2025-09-19,1200,9478.88,0.00,EUR,C022
NL01-2025-004188,2,2025-09-19,4000,0.00,7152.51,EUR,C022
NL01-2025-004188,3,2025-09-19,4100,0.00,2326.37,EUR,C022
NL01-2025-004189,1,2025-10-14,1000,9478.88,0.00,EUR,C022
NL01-2025-004189,2,2025-10-14,1200,0.00,9478.88,EUR,C022
NL01-2025-004190,1,2025-09-21,1200,8273.98,0.00,EUR,C005
NL01-2025-004190,2,2025-09-21,4000,0.00,6243.32,EUR,C005
NL01-2025-004190,3,2025-09-21,4100,0.00,2030.66,EUR,C005
NL01-2025-004191,1,2025-10-17,1000,8273.98,0.00,EUR,C005
NL01-2025-004191,2,2025-10-17,1200,0.00,8273.98,EUR,C005
NL01-2025-004192,1,2025-09-04,1200,2602.92,0.00,EUR,C012
NL01-2025-004192,2,2025-09-04,4000,0.00,1964.09,EUR,C012
NL01-2025-004192,3,2025-09-04,4100,0.00,638.83,EUR,C012
NL01-2025-004193,1,2025-09-26,1000,2602.92,0.00,EUR,C012
NL01-2025-004193,2,2025-09-26,1200,0.00,2602.92,EUR,C012
NL01-2025-004194,1,2025-09-14,1200,10150.43,0.00,EUR,C029
NL01-2025-004194,2,2025-09-14,4000,0.00,7659.24,EUR,C029
NL01-2025-004194,3,2025-09-14,4100,0.00,2491.19,EUR,C029
NL01-2025-004195,1,2025-10-16,1000,10150.43,0.00,EUR,C029
NL01-2025-004195,2,2025-10-16,1200,0.00,10150.43,EUR,C029
NL01-2025-004196,1,2025-09-18,1200,12994.12,0.00,EUR,C028
NL01-2025-004196,2,2025-09-18,4000,0.00,9805.01,EUR,C028
NL01-2025-004196,3,2025-09-18,4100,0.00,3189.11,EUR,C028
NL01-2025-004197,1,2025-10-13,1000,12994.12,0.00,EUR,C028
NL01-2025-004197,2,2025-10-13,1200,0.00,12994.12,EUR,C028
NL01-2025-004198,1,2025-09-06,1200,10433.83,0.00,EUR,C004
NL01-2025-004198,2,2025-09-06,4000,0.00,7873.09,EUR,C004
NL01-2025-004198,3,2025-09-06,4100,0.00,2560.74,EUR,C004
NL01-2025-004199,1,2025-10-02,1000,10433.83,0.00,EUR,C004
NL01-2025-004199,2,2025-10-02,1200,0.00,10433.83,EUR,C004
NL01-2025-004200,1,2025-09-22,1200,7248.59,0.00,EUR,C013
NL01-2025-004200,2,2025-09-22,4000,0.00,5469.59,EUR,C013
NL01-2025-004200,3,2025-09-22,4100,0.00,1779.00,EUR,C013
NL01-2025-004201,1,2025-11-04,1000,7248.59,0.00,EUR,C013
NL01-2025-004201,2,2025-11-04,1200,0.00,7248.59,EUR,C013
NL01-2025-004202,1,2025-09-14,1200,20086.15,0.00,EUR,C039
NL01-2025-004202,2,2025-09-14,4000,0.00,15156.47,EUR,C039
NL01-2025-004202,3,2025-09-14,4100,0.00,4929.68,EUR,C039
NL01-2025-004203,1,2025-10-14,1000,20086.15,0.00,EUR,C039
NL01-2025-004203,2,2025-10-14,1200,0.00,20086.15,EUR,C039
NL01-2025-004204,1,2025-09-22,1200,3479.49,0.00,EUR,C007
NL01-2025-004204,2,2025-09-22,4000,0.00,2625.53,EUR,C007
NL01-2025-004204,3,2025-09-22,4100,0.00,853.96,EUR,C007
NL01-2025-004205,1,2025-11-06,1000,3479.49,0.00,EUR,C007
NL01-2025-004205,2,2025-11-06,1200,0.00,3479.49,EUR,C007
NL01-2025-004206,1,2025-09-23,1200,2110.68,0.00,EUR,C008
NL01-2025-004206,2,2025-09-23,4000,0.00,1592.66,EUR,C008
NL01-2025-004206,3,2025-09-23,4100,0.00,518.02,EUR,C008
NL01-2025-004207,1,2025-10-18,1000,2110.68,0.00,EUR,C008
NL01-2025-004207,2,2025-10-18,1200,0.00,2110.68,EUR,C008
NL01-2025-004208,1,2025-09-14,1200,15736.81,0.00,EUR,C027
NL01-2025-004208,2,2025-09-14,4000,0.00,11874.57,EUR,C027
NL01-2025-004208,3,2025-09-14,4100,0.00,3862.24,EUR,C027
NL01-2025-004209,1,2025-10-01,1000,15736.81,0.00,EUR,C027
NL01-2025-004209,2,2025-10-01,1200,0.00,15736.81,EUR,C027
NL01-2025-004210,1,2025-09-14,1200,3847.47,0.00,EUR,C039
NL01-2025-004210,2,2025-09-14,4000,0.00,2903.20,EUR,C039
NL01-2025-004210,3,2025-09-14,4100,0.00,944.27,EUR,C039
NL01-2025-004211,1,2025-10-09,1000,3847.47,0.00,EUR,C039
NL01-2025-004211,2,2025-10-09,1200,0.00,3847.47,EUR,C039
NL01-2025-004212,1,2025-09-16,1200,15174.09,0.00,EUR,C019
NL01-2025-004212,2,2025-09-16,4000,0.00,11449.96,EUR,C019
NL01-2025-004212,3,2025-09-16,4100,0.00,3724.13,EUR,C019
NL01-2025-004213,1,2025-10-17,1000,15174.09,0.00,EUR,C019
NL01-2025-004213,2,2025-10-17,1200,0.00,15174.09,EUR,C019
NL01-2025-004214,1,2025-09-10,1200,8481.27,0.00,EUR,C006
NL01-2025-004214,2,2025-09-10,4000,0.00,6399.74,EUR,C006
NL01-2025-004214,3,2025-09-10,4100,0.00,2081.53,EUR,C006
NL01-2025-004215,1,2025-10-05,1000,8481.27,0.00,EUR,C006
NL01-2025-004215,2,2025-10-05,1200,0.00,8481.27,EUR,C006
NL01-2025-004216,1,2025-09-09,1200,5804.06,0.00,EUR,C014
NL01-2025-004216,2,2025-09-09,4000,0.00,4379.59,EUR,C014
NL01-2025-004216,3,2025-09-09,4100,0.00,1424.47,EUR,C014
NL01-2025-004217,1,2025-10-20,1000,5804.06,0.00,EUR,C014
NL01-2025-004217,2,2025-10-20,1200,0.00,5804.06,EUR,C014
NL01-2025-004218,1,2025-09-16,1200,2235.65,0.00,EUR,C040
NL01-2025-004218,2,2025-09-16,4000,0.00,1686.96,EUR,C040
NL01-2025-004218,3,2025-09-16,4100,0.00,548.69,EUR,C040
NL01-2025-004219,1,2025-10-21,1000,2235.65,0.00,EUR,C040
NL01-2025-004219,2,2025-10-21,1200,0.00,2235.65,EUR,C040
NL01-2025-004220,1,2025-09-04,1200,9045.27,0.00,EUR,C030
NL01-2025-004220,2,2025-09-04,4000,0.00,6825.32,EUR,C030
NL01-2025-004220,3,2025-09-04,4100,0.00,2219.95,EUR,C030
NL01-2025-004221,1,2025-11-26,1000,9045.27,0.00,EUR,C030
NL01-2025-004221,2,2025-11-26,1200,0.00,9045.27,EUR,C030
NL01-2025-004222,1,2025-09-08,1200,29795.13,0.00,EUR,C034
NL01-2025-004222,2,2025-09-08,4000,0.00,22482.60,EUR,C034
NL01-2025-004222,3,2025-09-08,4100,0.00,7312.53,EUR,C034
NL01-2025-004223,1,2025-10-19,1000,29795.13,0.00,EUR,C034
NL01-2025-004223,2,2025-10-19,1200,0.00,29795.13,EUR,C034
NL01-2025-004224,1,2025-09-09,1200,9209.90,0.00,EUR,C026
NL01-2025-004224,2,2025-09-09,4000,0.00,6949.54,EUR,C026
NL01-2025-004224,3,2025-09-09,4100,0.00,2260.36,EUR,C026
NL01-2025-004225,1,2025-10-15,1000,9209.90,0.00,EUR,C026
NL01-2025-004225,2,2025-10-15,1200,0.00,9209.90,EUR,C026
NL01-2025-004226,1,2025-09-17,1200,1967.61,0.00,EUR,C013
NL01-2025-004226,2,2025-09-17,4000,0.00,1484.71,EUR,C013
NL01-2025-004226,3,2025-09-17,4100,0.00,482.90,EUR,C013
NL01-2025-004227,1,2025-10-24,1000,1967.61,0.00,EUR,C013
NL01-2025-004227,2,2025-10-24,1200,0.00,1967.61,EUR,C013
NL01-2025-004228,1,2025-09-11,1200,4652.92,0.00,EUR,C038
NL01-2025-004228,2,2025-09-11,4000,0.00,3510.97,EUR,C038
NL01-2025-004228,3,2025-09-11,4100,0.00,1141.95,EUR,C038
NL01-2025-004229,1,2025-10-28,1000,4652.92,0.00,EUR,C038
NL01-2025-004229,2,2025-10-28,1200,0.00,4652.92,EUR,C038
NL01-2025-004230,1,2025-09-25,1200,4547.52,0.00,EUR,C035
NL01-2025-004230,2,2025-09-25,4000,0.00,3431.44,EUR,C035
NL01-2025-004230,3,2025-09-25,4100,0.00,1116.08,EUR,C035
NL01-2025-004231,1,2025-11-03,1000,4547.52,0.00,EUR,C035
NL01-2025-004231,2,2025-11-03,1200,0.00,4547.52,EUR,C035
NL01-2025-004232,1,2025-09-20,1200,2975.92,0.00,EUR,C007
NL01-2025-004232,2,2025-09-20,4000,0.00,2245.55,EUR,C007
NL01-2025-004232,3,2025-09-20,4100,0.00,730.37,EUR,C007
NL01-2025-004233,1,2025-11-20,1000,2975.92,0.00,EUR,C007
NL01-2025-004233,2,2025-11-20,1200,0.00,2975.92,EUR,C007
NL01-2025-004234,1,2025-09-15,1200,8546.47,0.00,EUR,C033
NL01-2025-004234,2,2025-09-15,4000,0.00,6448.94,EUR,C033
NL01-2025-004234,3,2025-09-15,4100,0.00,2097.53,EUR,C033
NL01-2025-004235,1,2025-11-03,1000,8546.47,0.00,EUR,C033
NL01-2025-004235,2,2025-11-03,1200,0.00,8546.47,EUR,C033
NL01-2025-004236,1,2025-09-08,1200,1875.34,0.00,EUR,C019
NL01-2025-004236,2,2025-09-08,4000,0.00,1415.08,EUR,C019
NL01-2025-004236,3,2025-09-08,4100,0.00,460.26,EUR,C019
NL01-2025-004237,1,2025-10-05,1000,1875.34,0.00,EUR,C019
NL01-2025-004237,2,2025-10-05,1200,0.00,1875.34,EUR,C019
NL01-2025-004238,1,2025-09-27,1200,8834.11,0.00,EUR,C017
NL01-2025-004238,2,2025-09-27,4000,0.00,6665.98,EUR,C017
NL01-2025-004238,3,2025-09-27,4100,0.00,2168.13,EUR,C017
NL01-2025-004239,1,2025-11-02,1000,8834.11,0.00,EUR,C017
NL01-2025-004239,2,2025-11-02,1200,0.00,8834.11,EUR,C017
NL01-2025-004240,1,2025-09-17,1200,8596.10,0.00,EUR,C037
NL01-2025-004240,2,2025-09-17,4000,0.00,6486.39,EUR,C037
NL01-2025-004240,3,2025-09-17,4100,0.00,2109.71,EUR,C037
NL01-2025-004241,1,2025-10-26,1000,8596.10,0.00,EUR,C037
NL01-2025-004241,2,2025-10-26,1200,0.00,8596.10,EUR,C037
NL01-2025-004242,1,2025-09-30,1200,16739.97,0.00,EUR,C025
NL01-2025-004242,2,2025-09-30,4000,0.00,12631.53,EUR,C025
NL01-2025-004242,3,2025-09-30,4100,0.00,4108.44,EUR,C025
NL01-2025-004243,1,2025-11-04,1000,16739.97,0.00,EUR,C025
NL01-2025-004243,2,2025-11-04,1200,0.00,16739.97,EUR,C025
NL01-2025-004244,1,2025-09-18,1200,16122.14,0.00,EUR,C032
NL01-2025-004244,2,2025-09-18,4000,0.00,12165.33,EUR,C032
NL01-2025-004244,3,2025-09-18,4100,0.00,3956.81,EUR,C032
NL01-2025-004245,1,2025-10-04,1000,16122.14,0.00,EUR,C032
NL01-2025-004245,2,2025-10-04,1200,0.00,16122.14,EUR,C032
NL01-2025-004246,1,2025-09-27,1200,12645.70,0.00,EUR,C014
NL01-2025-004246,2,2025-09-27,4000,0.00,9542.10,EUR,C014
NL01-2025-004246,3,2025-09-27,4100,0.00,3103.60,EUR,C014
NL01-2025-004247,1,2025-11-26,1000,12645.70,0.00,EUR,C014
NL01-2025-004247,2,2025-11-26,1200,0.00,12645.70,EUR,C014
NL01-2025-004248,1,2025-09-16,1200,15563.45,0.00,EUR,C026
NL01-2025-004248,2,2025-09-16,4000,0.00,11743.76,EUR,C026
NL01-2025-004248,3,2025-09-16,4100,0.00,3819.69,EUR,C026
NL01-2025-004249,1,2025-10-25,1000,15563.45,0.00,EUR,C026
NL01-2025-004249,2,2025-10-25,1200,0.00,15563.45,EUR,C026
NL01-2025-004250,1,2025-09-06,1200,3889.49,0.00,EUR,C010
NL01-2025-004250,2,2025-09-06,4000,0.00,2934.90,EUR,C010
NL01-2025-004250,3,2025-09-06,4100,0.00,954.59,EUR,C010
NL01-2025-004251,1,2025-10-14,1000,3889.49,0.00,EUR,C010
NL01-2025-004251,2,2025-10-14,1200,0.00,3889.49,EUR,C010
NL01-2025-004252,1,2025-09-03,1200,17271.21,0.00,EUR,C016
NL01-2025-004252,2,2025-09-03,4000,0.00,13032.39,EUR,C016
NL01-2025-004252,3,2025-09-03,4100,0.00,4238.82,EUR,C016
NL01-2025-004253,1,2025-10-15,1000,17271.21,0.00,EUR,C016
NL01-2025-004253,2,2025-10-15,1200,0.00,17271.21,EUR,C016
NL01-2025-004254,1,2025-09-02,1200,5508.31,0.00,EUR,C039
NL01-2025-004254,2,2025-09-02,4000,0.00,4156.42,EUR,C039
NL01-2025-004254,3,2025-09-02,4100,0.00,1351.89,EUR,C039
NL01-2025-004255,1,2025-10-07,1000,5508.31,0.00,EUR,C039
NL01-2025-004255,2,2025-10-07,1200,0.00,5508.31,EUR,C039
NL01-2025-004256,1,2025-09-25,1200,65000.14,0.00,EUR,C014
NL01-2025-004256,2,2025-09-25,4000,0.00,49047.35,EUR,C014
NL01-2025-004256,3,2025-09-25,4100,0.00,15952.79,EUR,C014
NL01-2025-004257,1,2025-11-04,1000,65000.14,0.00,EUR,C014
NL01-2025-004257,2,2025-11-04,1200,0.00,65000.14,EUR,C014
NL01-2025-004258,1,2025-09-02,1200,12591.64,0.00,EUR,C029
NL01-2025-004258,2,2025-09-02,4000,0.00,9501.31,EUR,C029
NL01-2025-004258,3,2025-09-02,4100,0.00,3090.33,EUR,C029
NL01-2025-004259,1,2025-10-04,1000,12591.64,0.00,EUR,C029
NL01-2025-004259,2,2025-10-04,1200,0.00,12591.64,EUR,C029
NL01-2025-004260,1,2025-09-28,1200,28190.11,0.00,EUR,C016
NL01-2025-004260,2,2025-09-28,4000,0.00,21271.50,EUR,C016
NL01-2025-004260,3,2025-09-28,4100,0.00,6918.61,EUR,C016
NL01-2025-004261,1,2025-10-20,1000,28190.11,0.00,EUR,C016
NL01-2025-004261,2,2025-10-20,1200,0.00,28190.11,EUR,C016
NL01-2025-004262,1,2025-09-22,1200,11646.09,0.00,EUR,C016
NL01-2025-004262,2,2025-09-22,4000,0.00,8787.83,EUR,C016
NL01-2025-004262,3,2025-09-22,4100,0.00,2858.26,EUR,C016
NL01-2025-004263,1,2025-10-25,1000,11646.09,0.00,EUR,C016
NL01-2025-004263,2,2025-10-25,1200,0.00,11646.09,EUR,C016
NL01-2025-004264,1,2025-09-21,1200,527.90,0.00,EUR,C016
NL01-2025-004264,2,2025-09-21,4000,0.00,398.34,EUR,C016
NL01-2025-004264,3,2025-09-21,4100,0.00,129.56,EUR,C016
NL01-2025-004265,1,2025-10-08,1000,527.90,0.00,EUR,C016
NL01-2025-004265,2,2025-10-08,1200,0.00,527.90,EUR,C016
NL01-2025-004266,1,2025-09-09,1200,12190.23,0.00,EUR,C008
NL01-2025-004266,2,2025-09-09,4000,0.00,9198.42,EUR,C008
NL01-2025-004266,3,2025-09-09,4100,0.00,2991.81,EUR,C008
NL01-2025-004267,1,2025-10-30,1000,12190.23,0.00,EUR,C008
NL01-2025-004267,2,2025-10-30,1200,0.00,12190.23,EUR,C008
NL01-2025-004268,1,2025-09-28,1200,5484.10,0.00,EUR,C038
NL01-2025-004268,2,2025-09-28,4000,0.00,4138.15,EUR,C038
NL01-2025-004268,3,2025-09-28,4100,0.00,1345.95,EUR,C038
NL01-2025-004269,1,2025-10-22,1000,5484.10,0.00,EUR,C038
NL01-2025-004269,2,2025-10-22,1200,0.00,5484.10,EUR,C038
NL01-2025-004270,1,2025-09-24,1200,2507.39,0.00,EUR,C039
NL01-2025-004270,2,2025-09-24,4000,0.00,1892.01,EUR,C039
NL01-2025-004270,3,2025-09-24,4100,0.00,615.38,EUR,C039
NL01-2025-004271,1,2025-10-08,1000,2507.39,0.00,EUR,C039
NL01-2025-004271,2,2025-10-08,1200,0.00,2507.39,EUR,C039
NL01-2025-004272,1,2025-09-06,1200,4454.27,0.00,EUR,C019
NL01-2025-004272,2,2025-09-06,4000,0.00,3361.07,EUR,C019
NL01-2025-004272,3,2025-09-06,4100,0.00,1093.20,EUR,C019
NL01-2025-004273,1,2025-09-30,1000,4454.27,0.00,EUR,C019
NL01-2025-004273,2,2025-09-30,1200,0.00,4454.27,EUR,C019
NL01-2025-004274,1,2025-09-27,1200,3180.32,0.00,EUR,C039
NL01-2025-004274,2,2025-09-27,4000,0.00,2399.78,EUR,C039
NL01-2025-004274,3,2025-09-27,4100,0.00,780.54,EUR,C039
NL01-2025-004275,1,2025-11-02,1000,3180.32,0.00,EUR,C039
NL01-2025-004275,2,2025-11-02,1200,0.00,3180.32,EUR,C039
NL01-2025-004276,1,2025-09-16,1200,2166.76,0.00,EUR,C016
NL01-2025-004276,2,2025-09-16,4000,0.00,1634.98,EUR,C016
NL01-2025-004276,3,2025-09-16,4100,0.00,531.78,EUR,C016
NL01-2025-004277,1,2025-10-15,1000,2166.76,0.00,EUR,C016
NL01-2025-004277,2,2025-10-15,1200,0.00,2166.76,EUR,C016
NL01-2025-004278,1,2025-09-22,1200,3374.88,0.00,EUR,C021
NL01-2025-004278,2,2025-09-22,4000,0.00,2546.59,EUR,C021
NL01-2025-004278,3,2025-09-22,4100,0.00,828.29,EUR,C021
NL01-2025-004279,1,2025-10-17,1000,3374.88,0.00,EUR,C021
NL01-2025-004279,2,2025-10-17,1200,0.00,3374.88,EUR,C021
NL01-2025-004280,1,2025-09-13,1200,5429.86,0.00,EUR,C010
NL01-2025-004280,2,2025-09-13,4000,0.00,4097.23,EUR,C010
NL01-2025-004280,3,2025-09-13,4100,0.00,1332.63,EUR,C010
NL01-2025-004281,1,2025-10-26,1000,5429.86,0.00,EUR,C010
NL01-2025-004281,2,2025-10-26,1200,0.00,5429.86,EUR,C010
NL01-2025-004282,1,2025-09-14,1200,30844.94,0.00,EUR,C002
NL01-2025-004282,2,2025-09-14,4000,0.00,23274.76,EUR,C002
NL01-2025-004282,3,2025-09-14,4100,0.00,7570.18,EUR,C002
NL01-2025-004283,1,2025-11-13,1000,30844.94,0.00,EUR,C002
NL01-2025-004283,2,2025-11-13,1200,0.00,30844.94,EUR,C002
NL01-2025-004284,1,2025-09-03,1200,8282.97,0.00,EUR,C032
NL01-2025-004284,2,2025-09-03,4000,0.00,6250.11,EUR,C032
NL01-2025-004284,3,2025-09-03,4100,0.00,2032.86,EUR,C032
NL01-2025-004285,1,2025-09-26,1000,8282.97,0.00,EUR,C032
NL01-2025-004285,2,2025-09-26,1200,0.00,8282.97,EUR,C032
NL01-2025-004286,1,2025-09-09,1200,60362.24,0.00,EUR,C029
NL01-2025-004286,2,2025-09-09,4000,0.00,45547.72,EUR,C029
NL01-2025-004286,3,2025-09-09,4100,0.00,14814.52,EUR,C029
NL01-2025-004287,1,2025-10-14,1000,60362.24,0.00,EUR,C029
NL01-2025-004287,2,2025-10-14,1200,0.00,60362.24,EUR,C029
NL01-2025-004288,1,2025-09-28,1200,5723.19,0.00,EUR,C040
NL01-2025-004288,2,2025-09-28,4000,0.00,4318.56,EUR,C040
NL01-2025-004288,3,2025-09-28,4100,0.00,1404.63,EUR,C040
NL01-2025-004289,1,2025-10-25,1000,5723.19,0.00,EUR,C040
NL01-2025-004289,2,2025-10-25,1200,0.00,5723.19,EUR,C040
NL01-2025-004290,1,2025-09-06,1200,5645.25,0.00,EUR,C037
NL01-2025-004290,2,2025-09-06,4000,0.00,4259.75,EUR,C037
NL01-2025-004290,3,2025-09-06,4100,0.00,1385.50,EUR,C037
NL01-2025-004291,1,2025-09-28,1000,5645.25,0.00,EUR,C037
NL01-2025-004291,2,2025-09-28,1200,0.00,5645.25,EUR,C037
NL01-2025-004292,1,2025-09-21,1200,7762.40,0.00,EUR,C003
NL01-2025-004292,2,2025-09-21,4000,0.00,5857.30,EUR,C003
NL01-2025-004292,3,2025-09-21,4100,0.00,1905.10,EUR,C003
NL01-2025-004293,1,2025-11-15,1000,7762.40,0.00,EUR,C003
NL01-2025-004293,2,2025-11-15,1200,0.00,7762.40,EUR,C003
NL01-2025-004294,1,2025-09-06,1200,33806.12,0.00,EUR,C025
NL01-2025-004294,2,2025-09-06,4000,0.00,25509.19,EUR,C025
NL01-2025-004294,3,2025-09-06,4100,0.00,8296.93,EUR,C025
NL01-2025-004295,1,2025-09-27,1000,33806.12,0.00,EUR,C025
NL01-2025-004295,2,2025-09-27,1200,0.00,33806.12,EUR,C025
NL01-2025-004296,1,2025-09-11,1200,2684.42,0.00,EUR,C020
NL01-2025-004296,2,2025-09-11,4000,0.00,2025.59,EUR,C020
NL01-2025-004296,3,2025-09-11,4100,0.00,658.83,EUR,C020
NL01-2025-004297,1,2025-10-09,1000,2684.42,0.00,EUR,C020
NL01-2025-004297,2,2025-10-09,1200,0.00,2684.42,EUR,C020
NL01-2025-004298,1,2025-09-26,1200,7193.04,0.00,EUR,C035
NL01-2025-004298,2,2025-09-26,4000,0.00,5427.67,EUR,C035
NL01-2025-004298,3,2025-09-26,4100,0.00,1765.37,EUR,C035
NL01-2025-004299,1,2025-11-03,1000,7193.04,0.00,EUR,C035
NL01-2025-004299,2,2025-11-03,1200,0.00,7193.04,EUR,C035
NL01-2025-004300,1,2025-09-05,1200,8512.59,0.00,EUR,C008
NL01-2025-004300,2,2025-09-05,4000,0.00,6423.37,EUR,C008
NL01-2025-004300,3,2025-09-05,4100,0.00,2089.22,EUR,C008
NL01-2025-004301,1,2025-11-01,1000,8512.59,0.00,EUR,C008
NL01-2025-004301,2,2025-11-01,1200,0.00,8512.59,EUR,C008
NL01-2025-004302,1,2025-09-30,1200,13206.02,0.00,EUR,C012
NL01-2025-004302,2,2025-09-30,4000,0.00,9964.91,EUR,C012
NL01-2025-004302,3,2025-09-30,4100,0.00,3241.11,EUR,C012
NL01-2025-004303,1,2025-10-21,1000,13206.02,0.00,EUR,C012
NL01-2025-004303,2,2025-10-21,1200,0.00,13206.02,EUR,C012
NL01-2025-004304,1,2025-09-29,1200,4699.70,0.00,EUR,C032
NL01-2025-004304,2,2025-09-29,4000,0.00,3546.27,EUR,C032
NL01-2025-004304,3,2025-09-29,4100,0.00,1153.43,EUR,C032
NL01-2025-004305,1,2025-10-21,1000,4699.70,0.00,EUR,C032
NL01-2025-004305,2,2025-10-21,1200,0.00,4699.70,EUR,C032
NL01-2025-004306,1,2025-09-24,1200,27008.40,0.00,EUR,C008
NL01-2025-004306,2,2025-09-24,4000,0.00,20379.81,EUR,C008
NL01-2025-004306,3,2025-09-24,4100,0.00,6628.59,EUR,C008
NL01-2025-004307,1,2025-11-18,1000,27008.40,0.00,EUR,C008
NL01-2025-004307,2,2025-11-18,1200,0.00,27008.40,EUR,C008
NL01-2025-004308,1,2025-09-10,1200,1864.10,0.00,EUR,C014
NL01-2025-004308,2,2025-09-10,4000,0.00,1406.60,EUR,C014
NL01-2025-004308,3,2025-09-10,4100,0.00,457.50,EUR,C014
NL01-2025-004309,1,2025-11-01,1000,1864.10,0.00,EUR,C014
NL01-2025-004309,2,2025-11-01,1200,0.00,1864.10,EUR,C014
NL01-2025-004310,1,2025-09-05,1200,7351.14,0.00,EUR,C027
NL01-2025-004310,2,2025-09-05,4000,0.00,5546.97,EUR,C027
NL01-2025-004310,3,2025-09-05,4100,0.00,1804.17,EUR,C027
NL01-2025-004311,1,2025-10-11,1000,7351.14,0.00,EUR,C027
NL01-2025-004311,2,2025-10-11,1200,0.00,7351.14,EUR,C027
NL01-2025-004312,1,2025-09-02,1200,7660.89,0.00,EUR,C013
NL01-2025-004312,2,2025-09-02,4000,0.00,5780.70,EUR,C013
NL01-2025-004312,3,2025-09-02,4100,0.00,1880.19,EUR,C013
NL01-2025-004313,1,2025-10-05,1000,7660.89,0.00,EUR,C013
NL01-2025-004313,2,2025-10-05,1200,0.00,7660.89,EUR,C013
NL01-2025-004314,1,2025-09-07,1200,10552.48,0.00,EUR,C014
NL01-2025-004314,2,2025-09-07,4000,0.00,7962.62,EUR,C014
NL01-2025-004314,3,2025-09-07,4100,0.00,2589.86,EUR,C014
NL01-2025-004315,1,2025-09-29,1000,10552.48,0.00,EUR,C014
NL01-2025-004315,2,2025-09-29,1200,0.00,10552.48,EUR,C014
NL01-2025-004316,1,2025-09-28,1200,22811.42,0.00,EUR,C040
NL01-2025-004316,2,2025-09-28,4000,0.00,17212.88,EUR,C040
NL01-2025-004316,3,2025-09-28,4100,0.00,5598.54,EUR,C040
NL01-2025-004317,1,2025-10-29,1000,22811.42,0.00,EUR,C040
NL01-2025-004317,2,2025-10-29,1200,0.00,22811.42,EUR,C040
NL01-2025-004318,1,2025-09-27,1200,132703.80,0.00,EUR,C015
NL01-2025-004318,2,2025-09-27,4000,0.00,100134.71,EUR,C015
NL01-2025-004318,3,2025-09-27,4100,0.00,32569.09,EUR,C015
NL01-2025-004319,1,2025-10-28,1000,132703.80,0.00,EUR,C015
NL01-2025-004319,2,2025-10-28,1200,0.00,132703.80,EUR,C015
NL01-2025-004320,1,2025-09-18,1200,17117.61,0.00,EUR,C017
NL01-2025-004320,2,2025-09-18,4000,0.00,12916.49,EUR,C017
NL01-2025-004320,3,2025-09-18,4100,0.00,4201.12,EUR,C017
NL01-2025-004321,1,2025-10-08,1000,17117.61,0.00,EUR,C017
NL01-2025-004321,2,2025-10-08,1200,0.00,17117.61,EUR,C017
NL01-2025-004322,1,2025-09-22,1200,5255.02,0.00,EUR,C007
NL01-2025-004322,2,2025-09-22,4000,0.00,3965.30,EUR,C007
NL01-2025-004322,3,2025-09-22,4100,0.00,1289.72,EUR,C007
NL01-2025-004323,1,2025-10-25,1000,5255.02,0.00,EUR,C007
NL01-2025-004323,2,2025-10-25,1200,0.00,5255.02,EUR,C007
NL01-2025-004324,1,2025-09-23,1200,21118.72,0.00,EUR,C002
NL01-2025-004324,2,2025-09-23,4000,0.00,15935.62,EUR,C002
NL01-2025-004324,3,2025-09-23,4100,0.00,5183.10,EUR,C002
NL01-2025-004325,1,2025-10-07,1000,21118.72,0.00,EUR,C002
NL01-2025-004325,2,2025-10-07,1200,0.00,21118.72,EUR,C002
NL01-2025-004326,1,2025-09-17,1200,5428.84,0.00,EUR,C016
NL01-2025-004326,2,2025-09-17,4000,0.00,4096.46,EUR,C016
NL01-2025-004326,3,2025-09-17,4100,0.00,1332.38,EUR,C016
NL01-2025-004327,1,2025-11-09,1000,5428.84,0.00,EUR,C016
NL01-2025-004327,2,2025-11-09,1200,0.00,5428.84,EUR,C016
NL01-2025-004328,1,2025-09-22,1200,24379.23,0.00,EUR,C027
NL01-2025-004328,2,2025-09-22,4000,0.00,18395.91,EUR,C027
NL01-2025-004328,3,2025-09-22,4100,0.00,5983.32,EUR,C027
NL01-2025-004329,1,2025-10-22,1000,24379.23,0.00,EUR,C027
NL01-2025-004329,2,2025-10-22,1200,0.00,24379.23,EUR,C027
NL01-2025-004330,1,2025-09-22,1200,5693.95,0.00,EUR,C040
NL01-2025-004330,2,2025-09-22,4000,0.00,4296.50,EUR,C040
NL01-2025-004330,3,2025-09-22,4100,0.00,1397.45,EUR,C040
NL01-2025-004331,1,2025-10-17,1000,5693.95,0.00,EUR,C040
NL01-2025-004331,2,2025-10-17,1200,0.00,5693.95,EUR,C040
NL01-2025-004332,1,2025-09-12,1200,21047.67,0.00,EUR,C035
NL01-2025-004332,2,2025-09-12,4000,0.00,15882.00,EUR,C035
NL01-2025-004332,3,2025-09-12,4100,0.00,5165.67,EUR,C035
NL01-2025-004333,1,2025-10-20,1000,21047.67,0.00,EUR,C035
NL01-2025-004333,2,2025-10-20,1200,0.00,21047.67,EUR,C035
NL01-2025-004334,1,2025-09-02,1200,29797.62,0.00,EUR,C020
NL01-2025-004334,2,2025-09-02,4000,0.00,22484.48,EUR,C020
NL01-2025-004334,3,2025-09-02,4100,0.00,7313.14,EUR,C020
NL01-2025-004335,1,2025-10-14,1000,29797.62,0.00,EUR,C020
NL01-2025-004335,2,2025-10-14,1200,0.00,29797.62,EUR,C020
NL01-2025-004336,1,2025-09-10,1200,3427.40,0.00,EUR,C010
NL01-2025-004336,2,2025-09-10,4000,0.00,2586.22,EUR,C010
NL01-2025-004336,3,2025-09-10,4100,0.00,841.18,EUR,C010
NL01-2025-004337,1,2025-10-09,1000,3427.40,0.00,EUR,C010
NL01-2025-004337,2,2025-10-09,1200,0.00,3427.40,EUR,C010
NL01-2025-004338,1,2025-09-10,1200,4365.89,0.00,EUR,C040
NL01-2025-004338,2,2025-09-10,4000,0.00,3294.38,EUR,C040
NL01-2025-004338,3,2025-09-10,4100,0.00,1071.51,EUR,C040
NL01-2025-004339,1,2025-10-26,1000,4365.89,0.00,EUR,C040
NL01-2025-004339,2,2025-10-26,1200,0.00,4365.89,EUR,C040
NL01-2025-004340,1,2025-09-05,1200,13968.95,0.00,EUR,C027
NL01-2025-004340,2,2025-09-05,4000,0.00,10540.59,EUR,C027
NL01-2025-004340,3,2025-09-05,4100,0.00,3428.36,EUR,C027
NL01-2025-004341,1,2025-09-28,1000,13968.95,0.00,EUR,C027
NL01-2025-004341,2,2025-09-28,1200,0.00,13968.95,EUR,C027
NL01-2025-004342,1,2025-09-19,1200,17578.38,0.00,EUR,C015
NL01-2025-004342,2,2025-09-19,4000,0.00,13264.17,EUR,C015
NL01-2025-004342,3,2025-09-19,4100,0.00,4314.21,EUR,C015
NL01-2025-004343,1,2025-11-16,1000,17578.38,0.00,EUR,C015
NL01-2025-004343,2,2025-11-16,1200,0.00,17578.38,EUR,C015
NL01-2025-004344,1,2025-09-10,1200,19812.73,0.00,EUR,C024
NL01-2025-004344,2,2025-09-10,4000,0.00,14950.15,EUR,C024
NL01-2025-004344,3,2025-09-10,4100,0.00,4862.58,EUR,C024
NL01-2025-004345,1,2025-10-27,1000,19812.73,0.00,EUR,C024
NL01-2025-004345,2,2025-10-27,1200,0.00,19812.73,EUR,C024
NL01-2025-004346,1,2025-09-28,1200,15163.43,0.00,EUR,C005
NL01-2025-004346,2,2025-09-28,4000,0.00,11441.92,EUR,C005
NL01-2025-004346,3,2025-09-28,4100,0.00,3721.51,EUR,C005
NL01-2025-004347,1,2025-10-24,1000,15163.43,0.00,EUR,C005
NL01-2025-004347,2,2025-10-24,1200,0.00,15163.43,EUR,C005
NL01-2025-004348,1,2025-09-04,1200,19810.58,0.00,EUR,C036
NL01-2025-004348,2,2025-09-04,4000,0.00,14948.53,EUR,C036
NL01-2025-004348,3,2025-09-04,4100,0.00,4862.05,EUR,C036
NL01-2025-004349,1,2025-10-23,1000,19810.58,0.00,EUR,C036
NL01-2025-004349,2,2025-10-23,1200,0.00,19810.58,EUR,C036
NL01-2025-004350,1,2025-09-06,1200,10218.14,0.00,EUR,C026
NL01-2025-004350,2,2025-09-06,4000,0.00,7710.33,EUR,C026
NL01-2025-004350,3,2025-09-06,4100,0.00,2507.81,EUR,C026
NL01-2025-004351,1,2025-10-05,1000,10218.14,0.00,EUR,C026
NL01-2025-004351,2,2025-10-05,1200,0.00,10218.14,EUR,C026
NL01-2025-004352,1,2025-09-24,1200,7092.91,0.00,EUR,C030
NL01-2025-004352,2,2025-09-24,4000,0.00,5352.12,EUR,C030
NL01-2025-004352,3,2025-09-24,4100,0.00,1740.79,EUR,C030
NL01-2025-004353,1,2025-10-20,1000,7092.91,0.00,EUR,C030
NL01-2025-004353,2,2025-10-20,1200,0.00,7092.91,EUR,C030
NL01-2025-004354,1,2025-09-26,1200,3381.74,0.00,EUR,C032
NL01-2025-004354,2,2025-09-26,4000,0.00,2551.77,EUR,C032
NL01-2025-004354,3,2025-09-26,4100,0.00,829.97,EUR,C032
NL01-2025-004355,1,2025-11-24,1000,3381.74,0.00,EUR,C032
NL01-2025-004355,2,2025-11-24,1200,0.00,3381.74,EUR,C032
NL01-2025-004356,1,2025-09-05,1200,11263.07,0.00,EUR,C007
NL01-2025-004356,2,2025-09-05,4000,0.00,8498.81,EUR,C007
NL01-2025-004356,3,2025-09-05,4100,0.00,2764.26,EUR,C007
NL01-2025-004357,1,2025-09-20,1000,11263.07,0.00,EUR,C007
NL01-2025-004357,2,2025-09-20,1200,0.00,11263.07,EUR,C007
NL01-2025-004358,1,2025-09-16,1200,5248.13,0.00,EUR,C033
NL01-2025-004358,2,2025-09-16,4000,0.00,3960.10,EUR,C033
NL01-2025-004358,3,2025-09-16,4100,0.00,1288.03,EUR,C033
NL01-2025-004359,1,2025-10-21,1000,5248.13,0.00,EUR,C033
NL01-2025-004359,2,2025-10-21,1200,0.00,5248.13,EUR,C033
NL01-2025-004360,1,2025-09-06,1200,15992.28,0.00,EUR,C015
NL01-2025-004360,2,2025-09-06,4000,0.00,12067.34,EUR,C015
NL01-2025-004360,3,2025-09-06,4100,0.00,3924.94,EUR,C015
NL01-2025-004361,1,2025-10-01,1000,15992.28,0.00,EUR,C015
NL01-2025-004361,2,2025-10-01,1200,0.00,15992.28,EUR,C015
NL01-2025-004362,1,2025-09-18,1200,23984.96,0.00,EUR,C038
NL01-2025-004362,2,2025-09-18,4000,0.00,18098.40,EUR,C038
NL01-2025-004362,3,2025-09-18,4100,0.00,5886.56,EUR,C038
NL01-2025-004363,1,2025-10-25,1000,23984.96,0.00,EUR,C038
NL01-2025-004363,2,2025-10-25,1200,0.00,23984.96,EUR,C038
NL01-2025-004364,1,2025-09-11,1200,7011.49,0.00,EUR,C001
NL01-2025-004364,2,2025-09-11,4000,0.00,5290.68,EUR,C001
NL01-2025-004364,3,2025-09-11,4100,0.00,1720.81,EUR,C001
NL01-2025-004365,1,2025-10-23,1000,7011.49,0.00,EUR,C001
NL01-2025-004365,2,2025-10-23,1200,0.00,7011.49,EUR,C001
NL01-2025-004366,1,2025-09-19,1200,9806.63,0.00,EUR,C038
NL01-2025-004366,2,2025-09-19,4000,0.00,7399.82,EUR,C038
NL01-2025-004366,3,2025-09-19,4100,0.00,2406.81,EUR,C038
NL01-2025-004367,1,2025-10-21,1000,9806.63,0.00,EUR,C038
NL01-2025-004367,2,2025-10-21,1200,0.00,9806.63,EUR,C038
NL01-2025-004368,1,2025-09-24,1200,44842.46,0.00,EUR,C036
NL01-2025-004368,2,2025-09-24,4000,0.00,33836.91,EUR,C036
NL01-2025-004368,3,2025-09-24,4100,0.00,11005.55,EUR,C036
NL01-2025-004369,1,2025-10-19,1000,44842.46,0.00,EUR,C036
NL01-2025-004369,2,2025-10-19,1200,0.00,44842.46,EUR,C036
NL01-2025-004370,1,2025-09-21,1200,4168.24,0.00,EUR,C028
NL01-2025-004370,2,2025-09-21,4000,0.00,3145.24,EUR,C028
NL01-2025-004370,3,2025-09-21,4100,0.00,1023.00,EUR,C028
NL01-2025-004371,1,2025-11-03,1000,4168.24,0.00,EUR,C028
NL01-2025-004371,2,2025-11-03,1200,0.00,4168.24,EUR,C028
NL01-2025-004372,1,2025-09-19,1200,27537.45,0.00,EUR,C006
NL01-2025-004372,2,2025-09-19,4000,0.00,20779.02,EUR,C006
NL01-2025-004372,3,2025-09-19,4100,0.00,6758.43,EUR,C006
NL01-2025-004373,1,2025-11-04,1000,27537.45,0.00,EUR,C006
NL01-2025-004373,2,2025-11-04,1200,0.00,27537.45,EUR,C006
NL01-2025-004374,1,2025-09-19,1200,5673.15,0.00,EUR,C023
NL01-2025-004374,2,2025-09-19,4000,0.00,4280.81,EUR,C023
NL01-2025-004374,3,2025-09-19,4100,0.00,1392.34,EUR,C023
NL01-2025-004375,1,2025-10-04,1000,5673.15,0.00,EUR,C023
NL01-2025-004375,2,2025-10-04,1200,0.00,5673.15,EUR,C023
NL01-2025-004376,1,2025-09-26,1200,8981.26,0.00,EUR,C006
NL01-2025-004376,2,2025-09-26,4000,0.00,6777.02,EUR,C006
NL01-2025-004376,3,2025-09-26,4100,0.00,2204.24,EUR,C006
NL01-2025-004377,1,2025-10-23,1000,8981.26,0.00,EUR,C006
NL01-2025-004377,2,2025-10-23,1200,0.00,8981.26,EUR,C006
NL01-2025-004378,1,2025-09-09,1200,6073.17,0.00,EUR,C038
NL01-2025-004378,2,2025-09-09,4000,0.00,4582.65,EUR,C038
NL01-2025-004378,3,2025-09-09,4100,0.00,1490.52,EUR,C038
NL01-2025-004379,1,2025-10-10,1000,6073.17,0.00,EUR,C038
NL01-2025-004379,2,2025-10-10,1200,0.00,6073.17,EUR,C038
NL01-2025-004380,1,2025-09-12,1200,21660.73,0.00,EUR,C015
NL01-2025-004380,2,2025-09-12,4000,0.00,16344.60,EUR,C015
NL01-2025-004380,3,2025-09-12,4100,0.00,5316.13,EUR,C015
NL01-2025-004381,1,2025-10-29,1000,21660.73,0.00,EUR,C015
NL01-2025-004381,2,2025-10-29,1200,0.00,21660.73,EUR,C015
NL01-2025-004382,1,2025-09-12,1200,5947.92,0.00,EUR,C024
NL01-2025-004382,2,2025-09-12,4000,0.00,4488.14,EUR,C024
NL01-2025-004382,3,2025-09-12,4100,0.00,1459.78,EUR,C024
NL01-2025-004383,1,2025-10-28,1000,5947.92,0.00,EUR,C024
NL01-2025-004383,2,2025-10-28,1200,0.00,5947.92,EUR,C024
NL01-2025-004384,1,2025-09-24,1200,19155.14,0.00,EUR,C014
NL01-2025-004384,2,2025-09-24,4000,0.00,14453.95,EUR,C014
NL01-2025-004384,3,2025-09-24,4100,0.00,4701.19,EUR,C014
NL01-2025-004385,1,2025-10-19,1000,19155.14,0.00,EUR,C014
NL01-2025-004385,2,2025-10-19,1200,0.00,19155.14,EUR,C014
NL01-2025-004386,1,2025-09-07,1200,16248.01,0.00,EUR,C005
NL01-2025-004386,2,2025-09-07,4000,0.00,12260.31,EUR,C005
NL01-2025-004386,3,2025-09-07,4100,0.00,3987.70,EUR,C005
NL01-2025-004387,1,2025-10-20,1000,16248.01,0.00,EUR,C005
NL01-2025-004387,2,2025-10-20,1200,0.00,16248.01,EUR,C005
NL01-2025-004388,1,2025-09-12,1200,38792.43,0.00,EUR,C020
NL01-2025-004388,2,2025-09-12,4000,0.00,29271.72,EUR,C020
NL01-2025-004388,3,2025-09-12,4100,0.00,9520.71,EUR,C020
NL01-2025-004389,1,2025-10-15,1000,38792.43,0.00,EUR,C020
NL01-2025-004389,2,2025-10-15,1200,0.00,38792.43,EUR,C020
NL01-2025-004390,1,2025-09-03,1200,3268.47,0.00,EUR,C018
NL01-2025-004390,2,2025-09-03,4000,0.00,2466.30,EUR,C018
NL01-2025-004390,3,2025-09-03,4100,0.00,802.17,EUR,C018
NL01-2025-004391,1,2025-10-02,1000,3268.47,0.00,EUR,C018
NL01-2025-004391,2,2025-10-02,1200,0.00,3268.47,EUR,C018
NL01-2025-004392,1,2025-09-17,1200,5113.47,0.00,EUR,C027
NL01-2025-004392,2,2025-09-17,4000,0.00,3858.49,EUR,C027
NL01-2025-004392,3,2025-09-17,4100,0.00,1254.98,EUR,C027
NL01-2025-004393,1,2025-10-17,1000,5113.47,0.00,EUR,C027
NL01-2025-004393,2,2025-10-17,1200,0.00,5113.47,EUR,C027
NL01-2025-004394,1,2025-09-06,1200,4575.75,0.00,EUR,C029
NL01-2025-004394,2,2025-09-06,4000,0.00,3452.74,EUR,C029
NL01-2025-004394,3,2025-09-06,4100,0.00,1123.01,EUR,C029
NL01-2025-004395,1,2025-10-12,1000,4575.75,0.00,EUR,C029
NL01-2025-004395,2,2025-10-12,1200,0.00,4575.75,EUR,C029
NL01-2025-004396,1,2025-09-29,1200,6912.35,0.00,EUR,C020
NL01-2025-004396,2,2025-09-29,4000,0.00,5215.87,EUR,C020
NL01-2025-004396,3,2025-09-29,4100,0.00,1696.48,EUR,C020
NL01-2025-004397,1,2025-10-23,1000,6912.35,0.00,EUR,C020
NL01-2025-004397,2,2025-10-23,1200,0.00,6912.35,EUR,C020
NL01-2025-004398,1,2025-09-15,1200,7910.51,0.00,EUR,C008
NL01-2025-004398,2,2025-09-15,4000,0.00,5969.06,EUR,C008
NL01-2025-004398,3,2025-09-15,4100,0.00,1941.45,EUR,C008
NL01-2025-004399,1,2025-10-30,1000,7910.51,0.00,EUR,C008
NL01-2025-004399,2,2025-10-30,1200,0.00,7910.51,EUR,C008
NL01-2025-004400,1,2025-09-25,1200,14313.66,0.00,EUR,C012
NL01-2025-004400,2,2025-09-25,4000,0.00,10800.70,EUR,C012
NL01-2025-004400,3,2025-09-25,4100,0.00,3512.96,EUR,C012
NL01-2025-004401,1,2025-10-11,1000,14313.66,0.00,EUR,C012
NL01-2025-004401,2,2025-10-11,1200,0.00,14313.66,EUR,C012
NL01-2025-004402,1,2025-09-06,1300,376333.19,0.00,EUR,V021
NL01-2025-004402,2,2025-09-06,2100,0.00,376333.19,EUR,V021
NL01-2025-004403,1,2025-10-19,2100,376333.19,0.00,EUR,V021
NL01-2025-004403,2,2025-10-19,1000,0.00,376333.19,EUR,V021
NL01-2025-004404,1,2025-09-09,1300,137347.37,0.00,EUR,V006
NL01-2025-004404,2,2025-09-09,2100,0.00,137347.37,EUR,V006
NL01-2025-004405,1,2025-10-14,2100,137347.37,0.00,EUR,V006
NL01-2025-004405,2,2025-10-14,1000,0.00,137347.37,EUR,V006
NL01-2025-004406,1,2025-09-23,1300,85059.55,0.00,EUR,V022
NL01-2025-004406,2,2025-09-23,2100,0.00,85059.55,EUR,V022
NL01-2025-004407,1,2025-10-20,2100,85059.55,0.00,EUR,V022
NL01-2025-004407,2,2025-10-20,1000,0.00,85059.55,EUR,V022
NL01-2025-004408,1,2025-09-14,1300,36863.00,0.00,EUR,V023
NL01-2025-004408,2,2025-09-14,2100,0.00,36863.00,EUR,V023
NL01-2025-004409,1,2025-10-13,2100,36863.00,0.00,EUR,V023
NL01-2025-004409,2,2025-10-13,1000,0.00,36863.00,EUR,V023
NL01-2025-004410,1,2025-09-20,1300,72156.91,0.00,EUR,V003
NL01-2025-004410,2,2025-09-20,2100,0.00,72156.91,EUR,V003
NL01-2025-004411,1,2025-10-22,2100,72156.91,0.00,EUR,V003
NL01-2025-004411,2,2025-10-22,1000,0.00,72156.91,EUR,V003
NL01-2025-004412,1,2025-09-30,5000,647977.09,0.00,EUR,
NL01-2025-004412,2,2025-09-30,1300,0.00,647977.09,EUR,
NL01-2025-004413,1,2025-09-07,6100,66106.75,0.00,EUR,V038
NL01-2025-004413,2,2025-09-07,2100,0.00,66106.75,EUR,V038
NL01-2025-004414,1,2025-10-07,2100,66106.75,0.00,EUR,V038
NL01-2025-004414,2,2025-10-07,1000,0.00,66106.75,EUR,V038
NL01-2025-004415,1,2025-09-06,6200,52227.70,0.00,EUR,V034
NL01-2025-004415,2,2025-09-06,2100,0.00,52227.70,EUR,V034
NL01-2025-004416,1,2025-10-19,2100,52227.70,0.00,EUR,V034
NL01-2025-004416,2,2025-10-19,1000,0.00,52227.70,EUR,V034
NL01-2025-004417,1,2025-09-19,6300,20626.69,0.00,EUR,V043
NL01-2025-004417,2,2025-09-19,2100,0.00,20626.69,EUR,V043
NL01-2025-004418,1,2025-10-22,2100,20626.69,0.00,EUR,V043
NL01-2025-004418,2,2025-10-22,1000,0.00,20626.69,EUR,V043
NL01-2025-004419,1,2025-09-06,6400,40525.06,0.00,EUR,V027
NL01-2025-004419,2,2025-09-06,2100,0.00,40525.06,EUR,V027
NL01-2025-004420,1,2025-10-10,2100,40525.06,0.00,EUR,V027
NL01-2025-004420,2,2025-10-10,1000,0.00,40525.06,EUR,V027
NL01-2025-004421,1,2025-09-25,6000,396793.31,0.00,EUR,
NL01-2025-004421,2,2025-09-25,1000,0.00,396793.31,EUR,
NL01-2025-004422,1,2025-09-30,6900,15625.00,0.00,EUR,
NL01-2025-004422,2,2025-09-30,1590,0.00,15625.00,EUR,
NL01-2025-004423,1,2025-10-17,1200,1682.26,0.00,EUR,C026
NL01-2025-004423,2,2025-10-17,4000,0.00,1313.25,EUR,C026
NL01-2025-004423,3,2025-10-17,4100,0.00,369.01,EUR,C026
NL01-2025-004424,1,2025-11-27,1000,1682.26,0.00,EUR,C026
NL01-2025-004424,2,2025-11-27,1200,0.00,1682.26,EUR,C026
NL01-2025-004425,1,2025-10-28,1200,3966.41,0.00,EUR,C006
NL01-2025-004425,2,2025-10-28,4000,0.00,3096.35,EUR,C006
NL01-2025-004425,3,2025-10-28,4100,0.00,870.06,EUR,C006
NL01-2025-004426,1,2025-11-21,1000,3966.41,0.00,EUR,C006
NL01-2025-004426,2,2025-11-21,1200,0.00,3966.41,EUR,C006
NL01-2025-004427,1,2025-10-05,1200,7593.31,0.00,EUR,C009
NL01-2025-004427,2,2025-10-05,4000,0.00,5927.67,EUR,C009
NL01-2025-004427,3,2025-10-05,4100,0.00,1665.64,EUR,C009
NL01-2025-004428,1,2025-11-22,1000,7593.31,0.00,EUR,C009
NL01-2025-004428,2,2025-11-22,1200,0.00,7593.31,EUR,C009
NL01-2025-004429,1,2025-10-28,1200,24215.92,0.00,EUR,C012
NL01-2025-004429,2,2025-10-28,4000,0.00,18904.00,EUR,C012
NL01-2025-004429,3,2025-10-28,4100,0.00,5311.92,EUR,C012
NL01-2025-004430,1,2025-12-24,1000,24215.92,0.00,EUR,C012
NL01-2025-004430,2,2025-12-24,1200,0.00,24215.92,EUR,C012
NL01-2025-004431,1,2025-10-16,1200,58360.55,0.00,EUR,C036
NL01-2025-004431,2,2025-10-16,4000,0.00,45558.78,EUR,C036
NL01-2025-004431,3,2025-10-16,4100,0.00,12801.77,EUR,C036
NL01-2025-004432,1,2025-11-23,1000,58360.55,0.00,EUR,C036
NL01-2025-004432,2,2025-11-23,1200,0.00,58360.55,EUR,C036
NL01-2025-004433,1,2025-10-01,1200,4735.17,0.00,EUR,C008
NL01-2025-004433,2,2025-10-01,4000,0.00,3696.48,EUR,C008
NL01-2025-004433,3,2025-10-01,4100,0.00,1038.69,EUR,C008
NL01-2025-004434,1,2025-10-23,1000,4735.17,0.00,EUR,C008
NL01-2025-004434,2,2025-10-23,1200,0.00,4735.17,EUR,C008
NL01-2025-004435,1,2025-10-05,1200,9800.76,0.00,EUR,C037
NL01-2025-004435,2,2025-10-05,4000,0.00,7650.90,EUR,C037
NL01-2025-004435,3,2025-10-05,4100,0.00,2149.86,EUR,C037
NL01-2025-004436,1,2025-11-03,1000,9800.76,0.00,EUR,C037
NL01-2025-004436,2,2025-11-03,1200,0.00,9800.76,EUR,C037
NL01-2025-004437,1,2025-10-01,1200,2696.52,0.00,EUR,C021
NL01-2025-004437,2,2025-10-01,4000,0.00,2105.02,EUR,C021
NL01-2025-004437,3,2025-10-01,4100,0.00,591.50,EUR,C021
NL01-2025-004438,1,2025-11-21,1000,2696.52,0.00,EUR,C021
NL01-2025-004438,2,2025-11-21,1200,0.00,2696.52,EUR,C021
NL01-2025-004439,1,2025-10-09,1200,525.96,0.00,EUR,C016
NL01-2025-004439,2,2025-10-09,4000,0.00,410.59,EUR,C016
NL01-2025-004439,3,2025-10-09,4100,0.00,115.37,EUR,C016
NL01-2025-004440,1,2025-11-10,1000,525.96,0.00,EUR,C016
NL01-2025-004440,2,2025-11-10,1200,0.00,525.96,EUR,C016
NL01-2025-004441,1,2025-10-16,1200,590.69,0.00,EUR,C011
NL01-2025-004441,2,2025-10-16,4000,0.00,461.12,EUR,C011
NL01-2025-004441,3,2025-10-16,4100,0.00,129.57,EUR,C011
NL01-2025-004442,1,2025-11-14,1000,590.69,0.00,EUR,C011
NL01-2025-004442,2,2025-11-14,1200,0.00,590.69,EUR,C011
NL01-2025-004443,1,2025-10-16,1200,13018.41,0.00,EUR,C015
NL01-2025-004443,2,2025-10-16,4000,0.00,10162.74,EUR,C015
NL01-2025-004443,3,2025-10-16,4100,0.00,2855.67,EUR,C015
NL01-2025-004444,1,2025-11-05,1000,13018.41,0.00,EUR,C015
NL01-2025-004444,2,2025-11-05,1200,0.00,13018.41,EUR,C015
NL01-2025-004445,1,2025-10-30,1200,5543.46,0.00,EUR,C015
NL01-2025-004445,2,2025-10-30,4000,0.00,4327.47,EUR,C015
NL01-2025-004445,3,2025-10-30,4100,0.00,1215.99,EUR,C015
NL01-2025-004446,1,2025-11-27,1000,5543.46,0.00,EUR,C015
NL01-2025-004446,2,2025-11-27,1200,0.00,5543.46,EUR,C015
NL01-2025-004447,1,2025-10-06,1200,8446.15,0.00,EUR,C030
NL01-2025-004447,2,2025-10-06,4000,0.00,6593.43,EUR,C030
NL01-2025-004447,3,2025-10-06,4100,0.00,1852.72,EUR,C030
NL01-2025-004448,1,2025-11-14,1000,8446.15,0.00,EUR,C030
NL01-2025-004448,2,2025-11-14,1200,0.00,8446.15,EUR,C030
NL01-2025-004449,1,2025-10-13,1200,30031.53,0.00,EUR,C029
NL01-2025-004449,2,2025-10-13,4000,0.00,23443.92,EUR,C029
NL01-2025-004449,3,2025-10-13,4100,0.00,6587.61,EUR,C029
NL01-2025-004450,1,2025-11-16,1000,30031.53,0.00,EUR,C029
NL01-2025-004450,2,2025-11-16,1200,0.00,30031.53,EUR,C029
NL01-2025-004451,1,2025-10-19,1200,9847.61,0.00,EUR,C017
NL01-2025-004451,2,2025-10-19,4000,0.00,7687.47,EUR,C017
NL01-2025-004451,3,2025-10-19,4100,0.00,2160.14,EUR,C017
NL01-2025-004452,1,2025-11-27,1000,9847.61,0.00,EUR,C017
NL01-2025-004452,2,2025-11-27,1200,0.00,9847.61,EUR,C017
NL01-2025-004453,1,2025-10-26,1200,12042.43,0.00,EUR,C029
NL01-2025-004453,2,2025-10-26,4000,0.00,9400.84,EUR,C029
NL01-2025-004453,3,2025-10-26,4100,0.00,2641.59,EUR,C029
NL01-2025-004454,1,2025-12-04,1000,12042.43,0.00,EUR,C029
NL01-2025-004454,2,2025-12-04,1200,0.00,12042.43,EUR,C029
NL01-2025-004455,1,2025-10-03,1200,12976.72,0.00,EUR,C030
NL01-2025-004455,2,2025-10-03,4000,0.00,10130.19,EUR,C030
NL01-2025-004455,3,2025-10-03,4100,0.00,2846.53,EUR,C030
NL01-2025-004456,1,2025-11-18,1000,12976.72,0.00,EUR,C030
NL01-2025-004456,2,2025-11-18,1200,0.00,12976.72,EUR,C030
NL01-2025-004457,1,2025-10-19,1200,2186.75,0.00,EUR,C005
NL01-2025-004457,2,2025-10-19,4000,0.00,1707.07,EUR,C005
NL01-2025-004457,3,2025-10-19,4100,0.00,479.68,EUR,C005
NL01-2025-004458,1,2025-11-19,1000,2186.75,0.00,EUR,C005
NL01-2025-004458,2,2025-11-19,1200,0.00,2186.75,EUR,C005
NL01-2025-004459,1,2025-10-29,1200,5409.75,0.00,EUR,C037
NL01-2025-004459,2,2025-10-29,4000,0.00,4223.09,EUR,C037
NL01-2025-004459,3,2025-10-29,4100,0.00,1186.66,EUR,C037
NL01-2025-004460,1,2025-11-18,1000,5409.75,0.00,EUR,C037
NL01-2025-004460,2,2025-11-18,1200,0.00,5409.75,EUR,C037
NL01-2025-004461,1,2025-10-27,1200,3018.45,0.00,EUR,C028
NL01-2025-004461,2,2025-10-27,4000,0.00,2356.33,EUR,C028
NL01-2025-004461,3,2025-10-27,4100,0.00,662.12,EUR,C028
NL01-2025-004462,1,2025-11-23,1000,3018.45,0.00,EUR,C028
NL01-2025-004462,2,2025-11-23,1200,0.00,3018.45,EUR,C028
NL01-2025-004463,1,2025-10-18,1200,10406.97,0.00,EUR,C027
NL01-2025-004463,2,2025-10-18,4000,0.00,8124.13,EUR,C027
NL01-2025-004463,3,2025-10-18,4100,0.00,2282.84,EUR,C027
NL01-2025-004464,1,2025-11-06,1000,10406.97,0.00,EUR,C027
NL01-2025-004464,2,2025-11-06,1200,0.00,10406.97,EUR,C027
NL01-2025-004465,1,2025-10-21,1200,34382.05,0.00,EUR,C011
NL01-2025-004465,2,2025-10-21,4000,0.00,26840.12,EUR,C011
NL01-2025-004465,3,2025-10-21,4100,0.00,7541.93,EUR,C011
NL01-2025-004466,1,2025-11-23,1000,34382.05,0.00,EUR,C011
NL01-2025-004466,2,2025-11-23,1200,0.00,34382.05,EUR,C011
NL01-2025-004467,1,2025-10-29,1200,1494.42,0.00,EUR,C025
NL01-2025-004467,2,2025-10-29,4000,0.00,1166.61,EUR,C025
NL01-2025-004467,3,2025-10-29,4100,0.00,327.81,EUR,C025
NL01-2025-004468,1,2025-12-19,1000,1494.42,0.00,EUR,C025
NL01-2025-004468,2,2025-12-19,1200,0.00,1494.42,EUR,C025
NL01-2025-004469,1,2025-10-12,1200,5469.92,0.00,EUR,C008
NL01-2025-004469,2,2025-10-12,4000,0.00,4270.06,EUR,C008
NL01-2025-004469,3,2025-10-12,4100,0.00,1199.86,EUR,C008
NL01-2025-004470,1,2025-11-20,1000,5469.92,0.00,EUR,C008
NL01-2025-004470,2,2025-11-20,1200,0.00,5469.92,EUR,C008
NL01-2025-004471,1,2025-10-11,1200,6115.95,0.00,EUR,C001
NL01-2025-004471,2,2025-10-11,4000,0.00,4774.38,EUR,C001
NL01-2025-004471,3,2025-10-11,4100,0.00,1341.57,EUR,C001
NL01-2025-004472,1,2025-11-11,1000,6115.95,0.00,EUR,C001
NL01-2025-004472,2,2025-11-11,1200,0.00,6115.95,EUR,C001
NL01-2025-004473,1,2025-10-28,1200,13512.60,0.00,EUR,C031
NL01-2025-004473,2,2025-10-28,4000,0.00,10548.52,EUR,C031
NL01-2025-004473,3,2025-10-28,4100,0.00,2964.08,EUR,C031
NL01-2025-004474,1,2025-11-11,1000,13512.60,0.00,EUR,C031
NL01-2025-004474,2,2025-11-11,1200,0.00,13512.60,EUR,C031
NL01-2025-004475,1,2025-10-16,1200,15322.33,0.00,EUR,C030
NL01-2025-004475,2,2025-10-16,4000,0.00,11961.28,EUR,C030
NL01-2025-004475,3,2025-10-16,4100,0.00,3361.05,EUR,C030
NL01-2025-004476,1,2025-11-14,1000,15322.33,0.00,EUR,C030
NL01-2025-004476,2,2025-11-14,1200,0.00,15322.33,EUR,C030
NL01-2025-004477,1,2025-10-19,1200,4817.64,0.00,EUR,C040
NL01-2025-004477,2,2025-10-19,4000,0.00,3760.86,EUR,C040
NL01-2025-004477,3,2025-10-19,4100,0.00,1056.78,EUR,C040
NL01-2025-004478,1,2025-11-26,1000,4817.64,0.00,EUR,C040
NL01-2025-004478,2,2025-11-26,1200,0.00,4817.64,EUR,C040
NL01-2025-004479,1,2025-10-03,1200,4424.60,0.00,EUR,C029
NL01-2025-004479,2,2025-10-03,4000,0.00,3454.03,EUR,C029
NL01-2025-004479,3,2025-10-03,4100,0.00,970.57,EUR,C029
NL01-2025-004480,1,2025-11-27,1000,4424.60,0.00,EUR,C029
NL01-2025-004480,2,2025-11-27,1200,0.00,4424.60,EUR,C029
NL01-2025-004481,1,2025-10-15,1200,18292.31,0.00,EUR,C033
NL01-2025-004481,2,2025-10-15,4000,0.00,14279.77,EUR,C033
NL01-2025-004481,3,2025-10-15,4100,0.00,4012.54,EUR,C033
NL01-2025-004482,1,2025-12-07,1000,18292.31,0.00,EUR,C033
NL01-2025-004482,2,2025-12-07,1200,0.00,18292.31,EUR,C033
NL01-2025-004483,1,2025-10-30,1200,3195.17,0.00,EUR,C001
NL01-2025-004483,2,2025-10-30,4000,0.00,2494.29,EUR,C001
NL01-2025-004483,3,2025-10-30,4100,0.00,700.88,EUR,C001
NL01-2025-004484,1,2025-11-29,1000,3195.17,0.00,EUR,C001
NL01-2025-004484,2,2025-11-29,1200,0.00,3195.17,EUR,C001
NL01-2025-004485,1,2025-10-20,1200,25918.13,0.00,EUR,C017
NL01-2025-004485,2,2025-10-20,4000,0.00,20232.82,EUR,C017
NL01-2025-004485,3,2025-10-20,4100,0.00,5685.31,EUR,C017
NL01-2025-004486,1,2025-12-06,1000,25918.13,0.00,EUR,C017
NL01-2025-004486,2,2025-12-06,1200,0.00,25918.13,EUR,C017
NL01-2025-004487,1,2025-10-12,1200,3843.16,0.00,EUR,C017
NL01-2025-004487,2,2025-10-12,4000,0.00,3000.14,EUR,C017
NL01-2025-004487,3,2025-10-12,4100,0.00,843.02,EUR,C017
NL01-2025-004488,1,2025-11-07,1000,3843.16,0.00,EUR,C017
NL01-2025-004488,2,2025-11-07,1200,0.00,3843.16,EUR,C017
NL01-2025-004489,1,2025-10-15,1200,4552.44,0.00,EUR,C030
NL01-2025-004489,2,2025-10-15,4000,0.00,3553.83,EUR,C030
NL01-2025-004489,3,2025-10-15,4100,0.00,998.61,EUR,C030
NL01-2025-004490,1,2025-11-19,1000,4552.44,0.00,EUR,C030
NL01-2025-004490,2,2025-11-19,1200,0.00,4552.44,EUR,C030
NL01-2025-004491,1,2025-10-23,1200,6644.71,0.00,EUR,C012
NL01-2025-004491,2,2025-10-23,4000,0.00,5187.15,EUR,C012
NL01-2025-004491,3,2025-10-23,4100,0.00,1457.56,EUR,C012
NL01-2025-004492,1,2025-11-17,1000,6644.71,0.00,EUR,C012
NL01-2025-004492,2,2025-11-17,1200,0.00,6644.71,EUR,C012
NL01-2025-004493,1,2025-10-02,1200,6002.72,0.00,EUR,C001
NL01-2025-004493,2,2025-10-02,4000,0.00,4685.98,EUR,C001
NL01-2025-004493,3,2025-10-02,4100,0.00,1316.74,EUR,C001
NL01-2025-004494,1,2025-11-09,1000,6002.72,0.00,EUR,C001
NL01-2025-004494,2,2025-11-09,1200,0.00,6002.72,EUR,C001
NL01-2025-004495,1,2025-10-25,1200,3124.29,0.00,EUR,C030
NL01-2025-004495,2,2025-10-25,4000,0.00,2438.96,EUR,C030
NL01-2025-004495,3,2025-10-25,4100,0.00,685.33,EUR,C030
NL01-2025-004496,1,2025-11-21,1000,3124.29,0.00,EUR,C030
NL01-2025-004496,2,2025-11-21,1200,0.00,3124.29,EUR,C030
NL01-2025-004497,1,2025-10-18,1200,7091.02,0.00,EUR,C017
NL01-2025-004497,2,2025-10-18,4000,0.00,5535.56,EUR,C017
NL01-2025-004497,3,2025-10-18,4100,0.00,1555.46,EUR,C017
NL01-2025-004498,1,2025-12-02,1000,7091.02,0.00,EUR,C017
NL01-2025-004498,2,2025-12-02,1200,0.00,7091.02,EUR,C017
NL01-2025-004499,1,2025-10-14,1200,11568.60,0.00,EUR,C005
NL01-2025-004499,2,2025-10-14,4000,0.00,9030.95,EUR,C005
NL01-2025-004499,3,2025-10-14,4100,0.00,2537.65,EUR,C005
NL01-2025-004500,1,2025-11-19,1000,11568.60,0.00,EUR,C005
NL01-2025-004500,2,2025-11-19,1200,0.00,11568.60,EUR,C005
NL01-2025-004501,1,2025-10-08,1200,7516.60,0.00,EUR,C013
NL01-2025-004501,2,2025-10-08,4000,0.00,5867.78,EUR,C013
NL01-2025-004501,3,2025-10-08,4100,0.00,1648.82,EUR,C013
NL01-2025-004502,1,2025-11-09,1000,7516.60,0.00,EUR,C013
NL01-2025-004502,2,2025-11-09,1200,0.00,7516.60,EUR,C013
NL01-2025-004503,1,2025-10-06,1200,15068.59,0.00,EUR,C005
NL01-2025-004503,2,2025-10-06,4000,0.00,11763.20,EUR,C005
NL01-2025-004503,3,2025-10-06,4100,0.00,3305.39,EUR,C005
NL01-2025-004504,1,2025-11-10,1000,15068.59,0.00,EUR,C005
NL01-2025-004504,2,2025-11-10,1200,0.00,15068.59,EUR,C005
NL01-2025-004505,1,2025-10-09,1200,7441.87,0.00,EUR,C006
NL01-2025-004505,2,2025-10-09,4000,0.00,5809.45,EUR,C006
NL01-2025-004505,3,2025-10-09,4100,0.00,1632.42,EUR,C006
NL01-2025-004506,1,2025-10-30,1000,7441.87,0.00,EUR,C006
NL01-2025-004506,2,2025-10-30,1200,0.00,7441.87,EUR,C006
NL01-2025-004507,1,2025-10-30,1200,6479.84,0.00,EUR,C036
NL01-2025-004507,2,2025-10-30,4000,0.00,5058.44,EUR,C036
NL01-2025-004507,3,2025-10-30,4100,0.00,1421.40,EUR,C036
NL01-2025-004508,1,2025-12-11,1000,6479.84,0.00,EUR,C036
NL01-2025-004508,2,2025-12-11,1200,0.00,6479.84,EUR,C036
NL01-2025-004509,1,2025-10-11,1200,43288.84,0.00,EUR,C011
NL01-2025-004509,2,2025-10-11,4000,0.00,33793.15,EUR,C011
NL01-2025-004509,3,2025-10-11,4100,0.00,9495.69,EUR,C011
NL01-2025-004510,1,2025-11-19,1000,43288.84,0.00,EUR,C011
NL01-2025-004510,2,2025-11-19,1200,0.00,43288.84,EUR,C011
NL01-2025-004511,1,2025-10-12,1200,7645.17,0.00,EUR,C035
NL01-2025-004511,2,2025-10-12,4000,0.00,5968.15,EUR,C035
NL01-2025-004511,3,2025-10-12,4100,0.00,1677.02,EUR,C035
NL01-2025-004512,1,2025-11-21,1000,7645.17,0.00,EUR,C035
NL01-2025-004512,2,2025-11-21,1200,0.00,7645.17,EUR,C035
NL01-2025-004513,1,2025-10-21,1200,63516.50,0.00,EUR,C038
NL01-2025-004513,2,2025-10-21,4000,0.00,49583.74,EUR,C038
NL01-2025-004513,3,2025-10-21,4100,0.00,13932.76,EUR,C038
NL01-2025-004514,1,2025-12-01,1000,63516.50,0.00,EUR,C038
NL01-2025-004514,2,2025-12-01,1200,0.00,63516.50,EUR,C038
NL01-2025-004515,1,2025-10-23,1200,3312.19,0.00,EUR,C011
NL01-2025-004515,2,2025-10-23,4000,0.00,2585.64,EUR,C011
NL01-2025-004515,3,2025-10-23,4100,0.00,726.55,EUR,C011
NL01-2025-004516,1,2025-11-22,1000,3312.19,0.00,EUR,C011
NL01-2025-004516,2,2025-11-22,1200,0.00,3312.19,EUR,C011
NL01-2025-004517,1,2025-10-07,1200,18874.45,0.00,EUR,C038
NL01-2025-004517,2,2025-10-07,4000,0.00,14734.22,EUR,C038
NL01-2025-004517,3,2025-10-07,4100,0.00,4140.23,EUR,C038
NL01-2025-004518,1,2025-11-17,1000,18874.45,0.00,EUR,C038
NL01-2025-004518,2,2025-11-17,1200,0.00,18874.45,EUR,C038
NL01-2025-004519,1,2025-10-01,1200,3703.71,0.00,EUR,C023
NL01-2025-004519,2,2025-10-01,4000,0.00,2891.28,EUR,C023
NL01-2025-004519,3,2025-10-01,4100,0.00,812.43,EUR,C023
NL01-2025-004520,1,2025-11-06,1000,3703.71,0.00,EUR,C023
NL01-2025-004520,2,2025-11-06,1200,0.00,3703.71,EUR,C023
NL01-2025-004521,1,2025-10-04,1200,16526.18,0.00,EUR,C013
NL01-2025-004521,2,2025-10-04,4000,0.00,12901.05,EUR,C013
NL01-2025-004521,3,2025-10-04,4100,0.00,3625.13,EUR,C013
NL01-2025-004522,1,2025-10-31,1000,16526.18,0.00,EUR,C013
NL01-2025-004522,2,2025-10-31,1200,0.00,16526.18,EUR,C013
NL01-2025-004523,1,2025-10-25,1200,10561.78,0.00,EUR,C008
NL01-2025-004523,2,2025-10-25,4000,0.00,8244.98,EUR,C008
NL01-2025-004523,3,2025-10-25,4100,0.00,2316.80,EUR,C008
NL01-2025-004524,1,2025-12-08,1000,10561.78,0.00,EUR,C008
NL01-2025-004524,2,2025-12-08,1200,0.00,10561.78,EUR,C008
NL01-2025-004525,1,2025-10-31,1200,5837.35,0.00,EUR,C016
NL01-2025-004525,2,2025-10-31,4000,0.00,4556.89,EUR,C016
NL01-2025-004525,3,2025-10-31,4100,0.00,1280.46,EUR,C016
NL01-2025-004526,1,2025-12-07,1000,5837.35,0.00,EUR,C016
NL01-2025-004526,2,2025-12-07,1200,0.00,5837.35,EUR,C016
NL01-2025-004527,1,2025-10-26,1200,2437.09,0.00,EUR,C005
NL01-2025-004527,2,2025-10-26,4000,0.00,1902.50,EUR,C005
NL01-2025-004527,3,2025-10-26,4100,0.00,534.59,EUR,C005
NL01-2025-004528,1,2025-11-27,1000,2437.09,0.00,EUR,C005
NL01-2025-004528,2,2025-11-27,1200,0.00,2437.09,EUR,C005
NL01-2025-004529,1,2025-10-08,1200,12214.37,0.00,EUR,C030
NL01-2025-004529,2,2025-10-08,4000,0.00,9535.07,EUR,C030
NL01-2025-004529,3,2025-10-08,4100,0.00,2679.30,EUR,C030
NL01-2025-004530,1,2025-11-19,1000,12214.37,0.00,EUR,C030
NL01-2025-004530,2,2025-11-19,1200,0.00,12214.37,EUR,C030
NL01-2025-004531,1,2025-10-27,1200,5792.45,0.00,EUR,C001
NL01-2025-004531,2,2025-10-27,4000,0.00,4521.84,EUR,C001
NL01-2025-004531,3,2025-10-27,4100,0.00,1270.61,EUR,C001
NL01-2025-004532,1,2025-12-02,1000,5792.45,0.00,EUR,C001
NL01-2025-004532,2,2025-12-02,1200,0.00,5792.45,EUR,C001
NL01-2025-004533,1,2025-10-03,1200,4118.95,0.00,EUR,C029
NL01-2025-004533,2,2025-10-03,4000,0.00,3215.43,EUR,C029
NL01-2025-004533,3,2025-10-03,4100,0.00,903.52,EUR,C029
NL01-2025-004534,1,2025-11-08,1000,4118.95,0.00,EUR,C029
NL01-2025-004534,2,2025-11-08,1200,0.00,4118.95,EUR,C029
NL01-2025-004535,1,2025-10-05,1200,7235.83,0.00,EUR,C021
NL01-2025-004535,2,2025-10-05,4000,0.00,5648.60,EUR,C021
NL01-2025-004535,3,2025-10-05,4100,0.00,1587.23,EUR,C021
NL01-2025-004536,1,2025-11-02,1000,7235.83,0.00,EUR,C021
NL01-2025-004536,2,2025-11-02,1200,0.00,7235.83,EUR,C021
NL01-2025-004537,1,2025-10-03,1200,11960.17,0.00,EUR,C026
NL01-2025-004537,2,2025-10-03,4000,0.00,9336.63,EUR,C026
NL01-2025-004537,3,2025-10-03,4100,0.00,2623.54,EUR,C026
NL01-2025-004538,1,2025-11-02,1000,11960.17,0.00,EUR,C026
NL01-2025-004538,2,2025-11-02,1200,0.00,11960.17,EUR,C026
NL01-2025-004539,1,2025-10-13,1200,15228.52,0.00,EUR,C020
NL01-2025-004539,2,2025-10-13,4000,0.00,11888.04,EUR,C020
NL01-2025-004539,3,2025-10-13,4100,0.00,3340.48,EUR,C020
NL01-2025-004540,1,2025-11-02,1000,15228.52,0.00,EUR,C020
NL01-2025-004540,2,2025-11-02,1200,0.00,15228.52,EUR,C020
NL01-2025-004541,1,2025-10-15,1200,11095.23,0.00,EUR,C003
NL01-2025-004541,2,2025-10-15,4000,0.00,8661.42,EUR,C003
NL01-2025-004541,3,2025-10-15,4100,0.00,2433.81,EUR,C003
NL01-2025-004542,1,2025-11-16,1000,11095.23,0.00,EUR,C003
NL01-2025-004542,2,2025-11-16,1200,0.00,11095.23,EUR,C003
NL01-2025-004543,1,2025-10-29,1200,21062.82,0.00,EUR,C037
NL01-2025-004543,2,2025-10-29,4000,0.00,16442.55,EUR,C037
NL01-2025-004543,3,2025-10-29,4100,0.00,4620.27,EUR,C037
NL01-2025-004544,1,2025-12-08,1000,21062.82,0.00,EUR,C037
NL01-2025-004544,2,2025-12-08,1200,0.00,21062.82,EUR,C037
NL01-2025-004545,1,2025-10-06,1200,28866.36,0.00,EUR,C033
NL01-2025-004545,2,2025-10-06,4000,0.00,22534.33,EUR,C033
NL01-2025-004545,3,2025-10-06,4100,0.00,6332.03,EUR,C033
NL01-2025-004546,1,2025-11-03,1000,28866.36,0.00,EUR,C033
NL01-2025-004546,2,2025-11-03,1200,0.00,28866.36,EUR,C033
NL01-2025-004547,1,2025-10-23,1200,11747.02,0.00,EUR,C027
NL01-2025-004547,2,2025-10-23,4000,0.00,9170.23,EUR,C027
NL01-2025-004547,3,2025-10-23,4100,0.00,2576.79,EUR,C027
NL01-2025-004548,1,2025-12-18,1000,11747.02,0.00,EUR,C027
NL01-2025-004548,2,2025-12-18,1200,0.00,11747.02,EUR,C027
NL01-2025-004549,1,2025-10-16,1200,6719.56,0.00,EUR,C006
NL01-2025-004549,2,2025-10-16,4000,0.00,5245.58,EUR,C006
NL01-2025-004549,3,2025-10-16,4100,0.00,1473.98,EUR,C006
NL01-2025-004550,1,2025-11-24,1000,6719.56,0.00,EUR,C006
NL01-2025-004550,2,2025-11-24,1200,0.00,6719.56,EUR,C006
NL01-2025-004551,1,2025-10-11,1200,7985.93,0.00,EUR,C014
NL01-2025-004551,2,2025-10-11,4000,0.00,6234.16,EUR,C014
NL01-2025-004551,3,2025-10-11,4100,0.00,1751.77,EUR,C014
NL01-2025-004552,1,2025-11-10,1000,7985.93,0.00,EUR,C014
NL01-2025-004552,2,2025-11-10,1200,0.00,7985.93,EUR,C014
NL01-2025-004553,1,2025-10-29,1200,7349.20,0.00,EUR,C013
NL01-2025-004553,2,2025-10-29,4000,0.00,5737.10,EUR,C013
NL01-2025-004553,3,2025-10-29,4100,0.00,1612.10,EUR,C013
NL01-2025-004554,1,2025-12-15,1000,7349.20,0.00,EUR,C013
NL01-2025-004554,2,2025-12-15,1200,0.00,7349.20,EUR,C013
NL01-2025-004555,1,2025-10-05,1200,14791.94,0.00,EUR,C010
NL01-2025-004555,2,2025-10-05,4000,0.00,11547.23,EUR,C010
NL01-2025-004555,3,2025-10-05,4100,0.00,3244.71,EUR,C010
NL01-2025-004556,1,2025-11-24,1000,14791.94,0.00,EUR,C010
NL01-2025-004556,2,2025-11-24,1200,0.00,14791.94,EUR,C010
NL01-2025-004557,1,2025-10-24,1200,8175.80,0.00,EUR,C002
NL01-2025-004557,2,2025-10-24,4000,0.00,6382.38,EUR,C002
NL01-2025-004557,3,2025-10-24,4100,0.00,1793.42,EUR,C002
NL01-2025-004558,1,2025-11-20,1000,8175.80,0.00,EUR,C002
NL01-2025-004558,2,2025-11-20,1200,0.00,8175.80,EUR,C002
NL01-2025-004559,1,2025-10-26,1200,24046.87,0.00,EUR,C027
NL01-2025-004559,2,2025-10-26,4000,0.00,18772.03,EUR,C027
NL01-2025-004559,3,2025-10-26,4100,0.00,5274.84,EUR,C027
NL01-2025-004560,1,2025-11-25,1000,24046.87,0.00,EUR,C027
NL01-2025-004560,2,2025-11-25,1200,0.00,24046.87,EUR,C027
NL01-2025-004561,1,2025-10-06,1200,8839.31,0.00,EUR,C030
NL01-2025-004561,2,2025-10-06,4000,0.00,6900.35,EUR,C030
NL01-2025-004561,3,2025-10-06,4100,0.00,1938.96,EUR,C030
NL01-2025-004562,1,2025-11-09,1000,8839.31,0.00,EUR,C030
NL01-2025-004562,2,2025-11-09,1200,0.00,8839.31,EUR,C030
NL01-2025-004563,1,2025-10-28,1200,41496.62,0.00,EUR,C018
NL01-2025-004563,2,2025-10-28,4000,0.00,32394.06,EUR,C018
NL01-2025-004563,3,2025-10-28,4100,0.00,9102.56,EUR,C018
NL01-2025-004564,1,2025-11-29,1000,41496.62,0.00,EUR,C018
NL01-2025-004564,2,2025-11-29,1200,0.00,41496.62,EUR,C018
NL01-2025-004565,1,2025-10-04,1200,6758.35,0.00,EUR,C024
NL01-2025-004565,2,2025-10-04,4000,0.00,5275.86,EUR,C024
NL01-2025-004565,3,2025-10-04,4100,0.00,1482.49,EUR,C024
NL01-2025-004566,1,2025-10-28,1000,6758.35,0.00,EUR,C024
NL01-2025-004566,2,2025-10-28,1200,0.00,6758.35,EUR,C024
NL01-2025-004567,1,2025-10-14,1200,4838.06,0.00,EUR,C007
NL01-2025-004567,2,2025-10-14,4000,0.00,3776.80,EUR,C007
NL01-2025-004567,3,2025-10-14,4100,0.00,1061.26,EUR,C007
NL01-2025-004568,1,2025-11-17,1000,4838.06,0.00,EUR,C007
NL01-2025-004568,2,2025-11-17,1200,0.00,4838.06,EUR,C007
NL01-2025-004569,1,2025-10-01,1200,7677.18,0.00,EUR,C020
NL01-2025-004569,2,2025-10-01,4000,0.00,5993.14,EUR,C020
NL01-2025-004569,3,2025-10-01,4100,0.00,1684.04,EUR,C020
NL01-2025-004570,1,2025-11-02,1000,7677.18,0.00,EUR,C020
NL01-2025-004570,2,2025-11-02,1200,0.00,7677.18,EUR,C020
NL01-2025-004571,1,2025-10-14,1200,30075.73,0.00,EUR,C022
NL01-2025-004571,2,2025-10-14,4000,0.00,23478.42,EUR,C022
NL01-2025-004571,3,2025-10-14,4100,0.00,6597.31,EUR,C022
NL01-2025-004572,1,2025-11-13,1000,30075.73,0.00,EUR,C022
NL01-2025-004572,2,2025-11-13,1200,0.00,30075.73,EUR,C022
NL01-2025-004573,1,2025-10-20,1200,36402.69,0.00,EUR,C026
NL01-2025-004573,2,2025-10-20,4000,0.00,28417.52,EUR,C026
NL01-2025-004573,3,2025-10-20,4100,0.00,7985.17,EUR,C026
NL01-2025-004574,1,2025-11-24,1000,36402.69,0.00,EUR,C026
NL01-2025-004574,2,2025-11-24,1200,0.00,36402.69,EUR,C026
NL01-2025-004575,1,2025-10-19,1200,4669.17,0.00,EUR,C036
NL01-2025-004575,2,2025-10-19,4000,0.00,3644.96,EUR,C036
NL01-2025-004575,3,2025-10-19,4100,0.00,1024.21,EUR,C036
NL01-2025-004576,1,2025-11-23,1000,4669.17,0.00,EUR,C036
NL01-2025-004576,2,2025-11-23,1200,0.00,4669.17,EUR,C036
NL01-2025-004577,1,2025-10-08,1200,22832.79,0.00,EUR,C010
NL01-2025-004577,2,2025-10-08,4000,0.00,17824.27,EUR,C010
NL01-2025-004577,3,2025-10-08,4100,0.00,5008.52,EUR,C010
NL01-2025-004578,1,2025-11-14,1000,22832.79,0.00,EUR,C010
NL01-2025-004578,2,2025-11-14,1200,0.00,22832.79,EUR,C010
NL01-2025-004579,1,2025-10-13,1200,5866.23,0.00,EUR,C008
NL01-2025-004579,2,2025-10-13,4000,0.00,4579.43,EUR,C008
NL01-2025-004579,3,2025-10-13,4100,0.00,1286.80,EUR,C008
NL01-2025-004580,1,2025-11-10,1000,5866.23,0.00,EUR,C008
NL01-2025-004580,2,2025-11-10,1200,0.00,5866.23,EUR,C008
NL01-2025-004581,1,2025-10-09,1200,9113.99,0.00,EUR,C032
NL01-2025-004581,2,2025-10-09,4000,0.00,7114.78,EUR,C032
NL01-2025-004581,3,2025-10-09,4100,0.00,1999.21,EUR,C032
NL01-2025-004582,1,2025-11-17,1000,9113.99,0.00,EUR,C032
NL01-2025-004582,2,2025-11-17,1200,0.00,9113.99,EUR,C032
NL01-2025-004583,1,2025-10-28,1200,5706.40,0.00,EUR,C018
NL01-2025-004583,2,2025-10-28,4000,0.00,4454.66,EUR,C018
NL01-2025-004583,3,2025-10-28,4100,0.00,1251.74,EUR,C018
NL01-2025-004584,1,2025-12-08,1000,5706.40,0.00,EUR,C018
NL01-2025-004584,2,2025-12-08,1200,0.00,5706.40,EUR,C018
NL01-2025-004585,1,2025-10-09,1200,14162.07,0.00,EUR,C019
NL01-2025-004585,2,2025-10-09,4000,0.00,11055.53,EUR,C019
NL01-2025-004585,3,2025-10-09,4100,0.00,3106.54,EUR,C019
NL01-2025-004586,1,2025-11-20,1000,14162.07,0.00,EUR,C019
NL01-2025-004586,2,2025-11-20,1200,0.00,14162.07,EUR,C019
NL01-2025-004587,1,2025-10-02,1200,3904.45,0.00,EUR,C006
NL01-2025-004587,2,2025-10-02,4000,0.00,3047.98,EUR,C006
NL01-2025-004587,3,2025-10-02,4100,0.00,856.47,EUR,C006
NL01-2025-004588,1,2025-11-11,1000,3904.45,0.00,EUR,C006
NL01-2025-004588,2,2025-11-11,1200,0.00,3904.45,EUR,C006
NL01-2025-004589,1,2025-10-14,1200,1546.57,0.00,EUR,C018
NL01-2025-004589,2,2025-10-14,4000,0.00,1207.32,EUR,C018
NL01-2025-004589,3,2025-10-14,4100,0.00,339.25,EUR,C018
NL01-2025-004590,1,2025-11-12,1000,1546.57,0.00,EUR,C018
NL01-2025-004590,2,2025-11-12,1200,0.00,1546.57,EUR,C018
NL01-2025-004591,1,2025-10-23,1200,21254.73,0.00,EUR,C007
NL01-2025-004591,2,2025-10-23,4000,0.00,16592.37,EUR,C007
NL01-2025-004591,3,2025-10-23,4100,0.00,4662.36,EUR,C007
NL01-2025-004592,1,2025-10-27,1200,12331.30,0.00,EUR,C039
NL01-2025-004592,2,2025-10-27,4000,0.00,9626.35,EUR,C039
NL01-2025-004592,3,2025-10-27,4100,0.00,2704.95,EUR,C039
NL01-2025-004593,1,2025-11-24,1000,12331.30,0.00,EUR,C039
NL01-2025-004593,2,2025-11-24,1200,0.00,12331.30,EUR,C039
NL01-2025-004594,1,2025-10-30,1200,9856.33,0.00,EUR,C020
NL01-2025-004594,2,2025-10-30,4000,0.00,7694.28,EUR,C020
NL01-2025-004594,3,2025-10-30,4100,0.00,2162.05,EUR,C020
NL01-2025-004595,1,2025-12-02,1000,9856.33,0.00,EUR,C020
NL01-2025-004595,2,2025-12-02,1200,0.00,9856.33,EUR,C020
NL01-2025-004596,1,2025-10-22,1200,5684.36,0.00,EUR,C038
NL01-2025-004596,2,2025-10-22,4000,0.00,4437.46,EUR,C038
NL01-2025-004596,3,2025-10-22,4100,0.00,1246.90,EUR,C038
NL01-2025-004597,1,2025-11-20,1000,5684.36,0.00,EUR,C038
NL01-2025-004597,2,2025-11-20,1200,0.00,5684.36,EUR,C038
NL01-2025-004598,1,2025-10-20,1200,9297.08,0.00,EUR,C005
NL01-2025-004598,2,2025-10-20,4000,0.00,7257.70,EUR,C005
NL01-2025-004598,3,2025-10-20,4100,0.00,2039.38,EUR,C005
NL01-2025-004599,1,2025-12-05,1000,9297.08,0.00,EUR,C005
NL01-2025-004599,2,2025-12-05,1200,0.00,9297.08,EUR,C005
NL01-2025-004600,1,2025-10-14,1200,3579.96,0.00,EUR,C035
NL01-2025-004600,2,2025-10-14,4000,0.00,2794.67,EUR,C035
NL01-2025-004600,3,2025-10-14,4100,0.00,785.29,EUR,C035
NL01-2025-004601,1,2025-11-19,1000,3579.96,0.00,EUR,C035
NL01-2025-004601,2,2025-11-19,1200,0.00,3579.96,EUR,C035
NL01-2025-004602,1,2025-10-21,1200,7272.81,0.00,EUR,C033
NL01-2025-004602,2,2025-10-21,4000,0.00,5677.47,EUR,C033
NL01-2025-004602,3,2025-10-21,4100,0.00,1595.34,EUR,C033
NL01-2025-004603,1,2025-11-07,1000,7272.81,0.00,EUR,C033
NL01-2025-004603,2,2025-11-07,1200,0.00,7272.81,EUR,C033
NL01-2025-004604,1,2025-10-09,1200,5364.16,0.00,EUR,C029
NL01-2025-004604,2,2025-10-09,4000,0.00,4187.50,EUR,C029
NL01-2025-004604,3,2025-10-09,4100,0.00,1176.66,EUR,C029
NL01-2025-004605,1,2025-12-11,1000,5364.16,0.00,EUR,C029
NL01-2025-004605,2,2025-12-11,1200,0.00,5364.16,EUR,C029
NL01-2025-004606,1,2025-10-15,1200,35959.74,0.00,EUR,C011
NL01-2025-004606,2,2025-10-15,4000,0.00,28071.73,EUR,C011
NL01-2025-004606,3,2025-10-15,4100,0.00,7888.01,EUR,C011
NL01-2025-004607,1,2025-12-05,1000,35959.74,0.00,EUR,C011
NL01-2025-004607,2,2025-12-05,1200,0.00,35959.74,EUR,C011
NL01-2025-004608,1,2025-10-31,1200,13321.83,0.00,EUR,C033
NL01-2025-004608,2,2025-10-31,4000,0.00,10399.60,EUR,C033
NL01-2025-004608,3,2025-10-31,4100,0.00,2922.23,EUR,C033
NL01-2025-004609,1,2025-11-29,1000,13321.83,0.00,EUR,C033
NL01-2025-004609,2,2025-11-29,1200,0.00,13321.83,EUR,C033
NL01-2025-004610,1,2025-10-14,1200,6331.70,0.00,EUR,C022
NL01-2025-004610,2,2025-10-14,4000,0.00,4942.80,EUR,C022
NL01-2025-004610,3,2025-10-14,4100,0.00,1388.90,EUR,C022
NL01-2025-004611,1,2025-11-11,1000,6331.70,0.00,EUR,C022
NL01-2025-004611,2,2025-11-11,1200,0.00,6331.70,EUR,C022
NL01-2025-004612,1,2025-10-19,1200,31458.28,0.00,EUR,C014
NL01-2025-004612,2,2025-10-19,4000,0.00,24557.70,EUR,C014
NL01-2025-004612,3,2025-10-19,4100,0.00,6900.58,EUR,C014
NL01-2025-004613,1,2025-11-25,1000,31458.28,0.00,EUR,C014
NL01-2025-004613,2,2025-11-25,1200,0.00,31458.28,EUR,C014
NL01-2025-004614,1,2025-10-09,1200,6876.55,0.00,EUR,C007
NL01-2025-004614,2,2025-10-09,4000,0.00,5368.13,EUR,C007
NL01-2025-004614,3,2025-10-09,4100,0.00,1508.42,EUR,C007
NL01-2025-004615,1,2025-11-28,1000,6876.55,0.00,EUR,C007
NL01-2025-004615,2,2025-11-28,1200,0.00,6876.55,EUR,C007
NL01-2025-004616,1,2025-10-26,1200,9378.51,0.00,EUR,C038
NL01-2025-004616,2,2025-10-26,4000,0.00,7321.27,EUR,C038
NL01-2025-004616,3,2025-10-26,4100,0.00,2057.24,EUR,C038
NL01-2025-004617,1,2025-11-26,1000,9378.51,0.00,EUR,C038
NL01-2025-004617,2,2025-11-26,1200,0.00,9378.51,EUR,C038
NL01-2025-004618,1,2025-10-11,1200,10869.93,0.00,EUR,C037
NL01-2025-004618,2,2025-10-11,4000,0.00,8485.54,EUR,C037
NL01-2025-004618,3,2025-10-11,4100,0.00,2384.39,EUR,C037
NL01-2025-004619,1,2025-11-14,1000,10869.93,0.00,EUR,C037
NL01-2025-004619,2,2025-11-14,1200,0.00,10869.93,EUR,C037
NL01-2025-004620,1,2025-10-02,1200,14850.01,0.00,EUR,C019
NL01-2025-004620,2,2025-10-02,4000,0.00,11592.56,EUR,C019
NL01-2025-004620,3,2025-10-02,4100,0.00,3257.45,EUR,C019
NL01-2025-004621,1,2025-11-17,1000,14850.01,0.00,EUR,C019
NL01-2025-004621,2,2025-11-17,1200,0.00,14850.01,EUR,C019
NL01-2025-004622,1,2025-10-18,1200,1787.87,0.00,EUR,C011
NL01-2025-004622,2,2025-10-18,4000,0.00,1395.69,EUR,C011
NL01-2025-004622,3,2025-10-18,4100,0.00,392.18,EUR,C011
NL01-2025-004623,1,2025-11-21,1000,1787.87,0.00,EUR,C011
NL01-2025-004623,2,2025-11-21,1200,0.00,1787.87,EUR,C011
NL01-2025-004624,1,2025-10-16,1200,7341.54,0.00,EUR,C013
NL01-2025-004624,2,2025-10-16,4000,0.00,5731.12,EUR,C013
NL01-2025-004624,3,2025-10-16,4100,0.00,1610.42,EUR,C013
NL01-2025-004625,1,2025-11-03,1000,7341.54,0.00,EUR,C013
NL01-2025-004625,2,2025-11-03,1200,0.00,7341.54,EUR,C013
NL01-2025-004626,1,2025-10-21,1200,6239.08,0.00,EUR,C001
NL01-2025-004626,2,2025-10-21,4000,0.00,4870.50,EUR,C001
NL01-2025-004626,3,2025-10-21,4100,0.00,1368.58,EUR,C001
NL01-2025-004627,1,2025-11-23,1000,6239.08,0.00,EUR,C001
NL01-2025-004627,2,2025-11-23,1200,0.00,6239.08,EUR,C001
NL01-2025-004628,1,2025-10-31,1200,12359.92,0.00,EUR,C019
NL01-2025-004628,2,2025-10-31,4000,0.00,9648.69,EUR,C019
NL01-2025-004628,3,2025-10-31,4100,0.00,2711.23,EUR,C019
NL01-2025-004629,1,2025-12-01,1000,12359.92,0.00,EUR,C019
NL01-2025-004629,2,2025-12-01,1200,0.00,12359.92,EUR,C019
NL01-2025-004630,1,2025-10-05,1200,37084.17,0.00,EUR,C039
NL01-2025-004630,2,2025-10-05,4000,0.00,28949.51,EUR,C039
NL01-2025-004630,3,2025-10-05,4100,0.00,8134.66,EUR,C039
NL01-2025-004631,1,2025-10-24,1000,37084.17,0.00,EUR,C039
NL01-2025-004631,2,2025-10-24,1200,0.00,37084.17,EUR,C039
NL01-2025-004632,1,2025-10-30,1200,3371.24,0.00,EUR,C022
NL01-2025-004632,2,2025-10-30,4000,0.00,2631.74,EUR,C022
NL01-2025-004632,3,2025-10-30,4100,0.00,739.50,EUR,C022
NL01-2025-004633,1,2025-12-23,1000,3371.24,0.00,EUR,C022
NL01-2025-004633,2,2025-12-23,1200,0.00,3371.24,EUR,C022
NL01-2025-004634,1,2025-10-10,1200,5585.35,0.00,EUR,C024
NL01-2025-004634,2,2025-10-10,4000,0.00,4360.17,EUR,C024
NL01-2025-004634,3,2025-10-10,4100,0.00,1225.18,EUR,C024
NL01-2025-004635,1,2025-11-13,1000,5585.35,0.00,EUR,C024
NL01-2025-004635,2,2025-11-13,1200,0.00,5585.35,EUR,C024
NL01-2025-004636,1,2025-10-08,1200,16935.78,0.00,EUR,C005
NL01-2025-004636,2,2025-10-08,4000,0.00,13220.81,EUR,C005
NL01-2025-004636,3,2025-10-08,4100,0.00,3714.97,EUR,C005
NL01-2025-004637,1,2025-10-28,1000,16935.78,0.00,EUR,C005
NL01-2025-004637,2,2025-10-28,1200,0.00,16935.78,EUR,C005
NL01-2025-004638,1,2025-10-24,1200,4845.16,0.00,EUR,C008
NL01-2025-004638,2,2025-10-24,4000,0.00,3782.34,EUR,C008
NL01-2025-004638,3,2025-10-24,4100,0.00,1062.82,EUR,C008
NL01-2025-004639,1,2025-11-18,1000,4845.16,0.00,EUR,C008
NL01-2025-004639,2,2025-11-18,1200,0.00,4845.16,EUR,C008
NL01-2025-004640,1,2025-10-19,1200,15524.48,0.00,EUR,C033
NL01-2025-004640,2,2025-10-19,4000,0.00,12119.08,EUR,C033
NL01-2025-004640,3,2025-10-19,4100,0.00,3405.40,EUR,C033
NL01-2025-004641,1,2025-11-11,1000,15524.48,0.00,EUR,C033
NL01-2025-004641,2,2025-11-11,1200,0.00,15524.48,EUR,C033
NL01-2025-004642,1,2025-10-14,1200,11430.39,0.00,EUR,C035
NL01-2025-004642,2,2025-10-14,4000,0.00,8923.06,EUR,C035
NL01-2025-004642,3,2025-10-14,4100,0.00,2507.33,EUR,C035
NL01-2025-004643,1,2025-11-22,1000,11430.39,0.00,EUR,C035
NL01-2025-004643,2,2025-11-22,1200,0.00,11430.39,EUR,C035
NL01-2025-004644,1,2025-10-24,1200,7195.07,0.00,EUR,C010
NL01-2025-004644,2,2025-10-24,4000,0.00,5616.78,EUR,C010
NL01-2025-004644,3,2025-10-24,4100,0.00,1578.29,EUR,C010
NL01-2025-004645,1,2025-11-22,1000,7195.07,0.00,EUR,C010
NL01-2025-004645,2,2025-11-22,1200,0.00,7195.07,EUR,C010
NL01-2025-004646,1,2025-10-22,1200,47829.83,0.00,EUR,C004
NL01-2025-004646,2,2025-10-22,4000,0.00,37338.04,EUR,C004
NL01-2025-004646,3,2025-10-22,4100,0.00,10491.79,EUR,C004
NL01-2025-004647,1,2025-12-06,1000,47829.83,0.00,EUR,C004
NL01-2025-004647,2,2025-12-06,1200,0.00,47829.83,EUR,C004
NL01-2025-004648,1,2025-10-22,1200,1824.43,0.00,EUR,C026
NL01-2025-004648,2,2025-10-22,4000,0.00,1424.23,EUR,C026
NL01-2025-004648,3,2025-10-22,4100,0.00,400.20,EUR,C026
NL01-2025-004649,1,2025-12-05,1000,1824.43,0.00,EUR,C026
NL01-2025-004649,2,2025-12-05,1200,0.00,1824.43,EUR,C026
NL01-2025-004650,1,2025-10-10,1200,4536.63,0.00,EUR,C004
NL01-2025-004650,2,2025-10-10,4000,0.00,3541.49,EUR,C004
NL01-2025-004650,3,2025-10-10,4100,0.00,995.14,EUR,C004
NL01-2025-004651,1,2025-11-07,1000,4536.63,0.00,EUR,C004
NL01-2025-004651,2,2025-11-07,1200,0.00,4536.63,EUR,C004
NL01-2025-004652,1,2025-10-05,1200,8449.06,0.00,EUR,C033
NL01-2025-004652,2,2025-10-05,4000,0.00,6595.70,EUR,C033
NL01-2025-004652,3,2025-10-05,4100,0.00,1853.36,EUR,C033
NL01-2025-004653,1,2025-12-16,1000,8449.06,0.00,EUR,C033
NL01-2025-004653,2,2025-12-16,1200,0.00,8449.06,EUR,C033
NL01-2025-004654,1,2025-10-15,1200,15150.58,0.00,EUR,C033
NL01-2025-004654,2,2025-10-15,4000,0.00,11827.20,EUR,C033
NL01-2025-004654,3,2025-10-15,4100,0.00,3323.38,EUR,C033
NL01-2025-004655,1,2025-11-08,1000,15150.58,0.00,EUR,C033
NL01-2025-004655,2,2025-11-08,1200,0.00,15150.58,EUR,C033
NL01-2025-004656,1,2025-10-20,1200,7751.24,0.00,EUR,C001
NL01-2025-004656,2,2025-10-20,4000,0.00,6050.95,EUR,C001
NL01-2025-004656,3,2025-10-20,4100,0.00,1700.29,EUR,C001
NL01-2025-004657,1,2025-11-17,1000,7751.24,0.00,EUR,C001
NL01-2025-004657,2,2025-11-17,1200,0.00,7751.24,EUR,C001
NL01-2025-004658,1,2025-10-12,1200,25623.26,0.00,EUR,C027
NL01-2025-004658,2,2025-10-12,4000,0.00,20002.63,EUR,C027
NL01-2025-004658,3,2025-10-12,4100,0.00,5620.63,EUR,C027
NL01-2025-004659,1,2025-11-09,1000,25623.26,0.00,EUR,C027
NL01-2025-004659,2,2025-11-09,1200,0.00,25623.26,EUR,C027
NL01-2025-004660,1,2025-10-29,1200,31398.37,0.00,EUR,C040
NL01-2025-004660,2,2025-10-29,4000,0.00,24510.93,EUR,C040
NL01-2025-004660,3,2025-10-29,4100,0.00,6887.44,EUR,C040
NL01-2025-004661,1,2025-11-25,1000,31398.37,0.00,EUR,C040
NL01-2025-004661,2,2025-11-25,1200,0.00,31398.37,EUR,C040
NL01-2025-004662,1,2025-10-08,1200,5727.58,0.00,EUR,C036
NL01-2025-004662,2,2025-10-08,4000,0.00,4471.20,EUR,C036
NL01-2025-004662,3,2025-10-08,4100,0.00,1256.38,EUR,C036
NL01-2025-004663,1,2025-11-09,1000,5727.58,0.00,EUR,C036
NL01-2025-004663,2,2025-11-09,1200,0.00,5727.58,EUR,C036
NL01-2025-004664,1,2025-10-18,1300,26196.39,0.00,EUR,V007
NL01-2025-004664,2,2025-10-18,2100,0.00,26196.39,EUR,V007
NL01-2025-004665,1,2025-11-10,2100,26196.39,0.00,EUR,V007
NL01-2025-004665,2,2025-11-10,1000,0.00,26196.39,EUR,V007
NL01-2025-004666,1,2025-10-21,1300,62387.43,0.00,EUR,V004
NL01-2025-004666,2,2025-10-21,2100,0.00,62387.43,EUR,V004
NL01-2025-004667,1,2025-11-20,2100,62387.43,0.00,EUR,V004
NL01-2025-004667,2,2025-11-20,1000,0.00,62387.43,EUR,V004
NL01-2025-004668,1,2025-10-10,1300,182999.47,0.00,EUR,V007
NL01-2025-004668,2,2025-10-10,2100,0.00,182999.47,EUR,V007
NL01-2025-004669,1,2025-11-11,2100,182999.47,0.00,EUR,V007
NL01-2025-004669,2,2025-11-11,1000,0.00,182999.47,EUR,V007
NL01-2025-004670,1,2025-10-05,1300,250406.83,0.00,EUR,V012
NL01-2025-004670,2,2025-10-05,2100,0.00,250406.83,EUR,V012
NL01-2025-004671,1,2025-11-18,2100,250406.83,0.00,EUR,V012
NL01-2025-004671,2,2025-11-18,1000,0.00,250406.83,EUR,V012
NL01-2025-004672,1,2025-10-14,1300,168989.34,0.00,EUR,V016
NL01-2025-004672,2,2025-10-14,2100,0.00,168989.34,EUR,V016
NL01-2025-004673,1,2025-11-20,2100,168989.34,0.00,EUR,V016
NL01-2025-004673,2,2025-11-20,1000,0.00,168989.34,EUR,V016
NL01-2025-004674,1,2025-10-31,5000,658325.14,0.00,EUR,
NL01-2025-004674,2,2025-10-31,1300,0.00,658325.14,EUR,
NL01-2025-004675,1,2025-10-20,6100,58718.48,0.00,EUR,V027
NL01-2025-004675,2,2025-10-20,2100,0.00,58718.48,EUR,V027
NL01-2025-004676,1,2025-11-13,2100,58718.48,0.00,EUR,V027
NL01-2025-004676,2,2025-11-13,1000,0.00,58718.48,EUR,V027
NL01-2025-004677,1,2025-10-05,6200,52530.92,0.00,EUR,V054
NL01-2025-004677,2,2025-10-05,2100,0.00,52530.92,EUR,V054
NL01-2025-004678,1,2025-11-03,2100,52530.92,0.00,EUR,V054
NL01-2025-004678,2,2025-11-03,1000,0.00,52530.92,EUR,V054
NL01-2025-004679,1,2025-10-02,6300,29249.12,0.00,EUR,V055
NL01-2025-004679,2,2025-10-02,2100,0.00,29249.12,EUR,V055
NL01-2025-004680,1,2025-10-25,2100,29249.12,0.00,EUR,V055
NL01-2025-004680,2,2025-10-25,1000,0.00,29249.12,EUR,V055
NL01-2025-004681,1,2025-10-17,6400,33494.65,0.00,EUR,V057
NL01-2025-004681,2,2025-10-17,2100,0.00,33494.65,EUR,V057
NL01-2025-004682,1,2025-11-21,2100,33494.65,0.00,EUR,V057
NL01-2025-004682,2,2025-11-21,1000,0.00,33494.65,EUR,V057
NL01-2025-004683,1,2025-10-25,6000,392421.21,0.00,EUR,
NL01-2025-004683,2,2025-10-25,1000,0.00,392421.21,EUR,
NL01-2025-004684,1,2025-10-31,6900,15625.00,0.00,EUR,
NL01-2025-004684,2,2025-10-31,1590,0.00,15625.00,EUR,
NL01-2025-004685,1,2025-11-07,1200,9373.38,0.00,EUR,C008
NL01-2025-004685,2,2025-11-07,4000,0.00,7289.91,EUR,C008
NL01-2025-004685,3,2025-11-07,4100,0.00,2083.47,EUR,C008
NL01-2025-004686,1,2025-12-08,1000,9373.38,0.00,EUR,C008
NL01-2025-004686,2,2025-12-08,1200,0.00,9373.38,EUR,C008
NL01-2025-004687,1,2025-11-29,1200,2053.77,0.00,EUR,C018
NL01-2025-004687,2,2025-11-29,4000,0.00,1597.27,EUR,C018
NL01-2025-004687,3,2025-11-29,4100,0.00,456.50,EUR,C018
NL01-2025-004688,1,2025-12-18,1000,2053.77,0.00,EUR,C018
NL01-2025-004688,2,2025-12-18,1200,0.00,2053.77,EUR,C018
NL01-2025-004689,1,2025-11-15,1200,4217.19,0.00,EUR,C002
NL01-2025-004689,2,2025-11-15,4000,0.00,3279.81,EUR,C002
NL01-2025-004689,3,2025-11-15,4100,0.00,937.38,EUR,C002
NL01-2025-004690,1,2025-12-10,1000,4217.19,0.00,EUR,C002
NL01-2025-004690,2,2025-12-10,1200,0.00,4217.19,EUR,C002
NL01-2025-004691,1,2025-11-11,1200,18735.38,0.00,EUR,C005
NL01-2025-004691,2,2025-11-11,4000,0.00,14570.96,EUR,C005
NL01-2025-004691,3,2025-11-11,4100,0.00,4164.42,EUR,C005
NL01-2025-004692,1,2025-12-20,1000,18735.38,0.00,EUR,C005
NL01-2025-004692,2,2025-12-20,1200,0.00,18735.38,EUR,C005
NL01-2025-004693,1,2025-11-24,1200,3941.67,0.00,EUR,C038
NL01-2025-004693,2,2025-11-24,4000,0.00,3065.53,EUR,C038
NL01-2025-004693,3,2025-11-24,4100,0.00,876.14,EUR,C038
NL01-2025-004694,1,2025-11-08,1200,16709.35,0.00,EUR,C033
NL01-2025-004694,2,2025-11-08,4000,0.00,12995.27,EUR,C033
NL01-2025-004694,3,2025-11-08,4100,0.00,3714.08,EUR,C033
NL01-2025-004695,1,2025-11-09,1200,19165.06,0.00,EUR,C017
NL01-2025-004695,2,2025-11-09,4000,0.00,14905.13,EUR,C017
NL01-2025-004695,3,2025-11-09,4100,0.00,4259.93,EUR,C017
NL01-2025-004696,1,2025-11-30,1000,19165.06,0.00,EUR,C017
NL01-2025-004696,2,2025-11-30,1200,0.00,19165.06,EUR,C017
NL01-2025-004697,1,2025-11-28,1200,3907.82,0.00,EUR,C009
NL01-2025-004697,2,2025-11-28,4000,0.00,3039.21,EUR,C009
NL01-2025-004697,3,2025-11-28,4100,0.00,868.61,EUR,C009
NL01-2025-004698,1,2025-12-21,1000,3907.82,0.00,EUR,C009
NL01-2025-004698,2,2025-12-21,1200,0.00,3907.82,EUR,C009
NL01-2025-004699,1,2025-11-27,1200,32720.67,0.00,EUR,C002
NL01-2025-004699,2,2025-11-27,4000,0.00,25447.66,EUR,C002
NL01-2025-004699,3,2025-11-27,4100,0.00,7273.01,EUR,C002
NL01-2025-004700,1,2025-12-24,1000,32720.67,0.00,EUR,C002
NL01-2025-004700,2,2025-12-24,1200,0.00,32720.67,EUR,C002
NL01-2025-004701,1,2025-11-30,1200,15118.45,0.00,EUR,C011
NL01-2025-004701,2,2025-11-30,4000,0.00,11757.99,EUR,C011
NL01-2025-004701,3,2025-11-30,4100,0.00,3360.46,EUR,C011
NL01-2025-004702,1,2025-12-26,1000,15118.45,0.00,EUR,C011
NL01-2025-004702,2,2025-12-26,1200,0.00,15118.45,EUR,C011
NL01-2025-004703,1,2025-11-29,1200,30923.64,0.00,EUR,C013
NL01-2025-004703,2,2025-11-29,4000,0.00,24050.07,EUR,C013
NL01-2025-004703,3,2025-11-29,4100,0.00,6873.57,EUR,C013
NL01-2025-004704,1,2025-12-20,1000,30923.64,0.00,EUR,C013
NL01-2025-004704,2,2025-12-20,1200,0.00,30923.64,EUR,C013
NL01-2025-004705,1,2025-11-30,1200,14460.86,0.00,EUR,C037
NL01-2025-004705,2,2025-11-30,4000,0.00,11246.56,EUR,C037
NL01-2025-004705,3,2025-11-30,4100,0.00,3214.30,EUR,C037
NL01-2025-004706,1,2025-11-01,1200,5031.72,0.00,EUR,C027
NL01-2025-004706,2,2025-11-01,4000,0.00,3913.29,EUR,C027
NL01-2025-004706,3,2025-11-01,4100,0.00,1118.43,EUR,C027
NL01-2025-004707,1,2025-12-05,1000,5031.72,0.00,EUR,C027
NL01-2025-004707,2,2025-12-05,1200,0.00,5031.72,EUR,C027
NL01-2025-004708,1,2025-11-29,1200,19115.46,0.00,EUR,C004
NL01-2025-004708,2,2025-11-29,4000,0.00,14866.56,EUR,C004
NL01-2025-004708,3,2025-11-29,4100,0.00,4248.90,EUR,C004
NL01-2025-004709,1,2025-12-31,1000,19115.46,0.00,EUR,C004
NL01-2025-004709,2,2025-12-31,1200,0.00,19115.46,EUR,C004
NL01-2025-004710,1,2025-11-09,1200,30535.76,0.00,EUR,C033
NL01-2025-004710,2,2025-11-09,4000,0.00,23748.40,EUR,C033
NL01-2025-004710,3,2025-11-09,4100,0.00,6787.36,EUR,C033
NL01-2025-004711,1,2025-12-06,1000,30535.76,0.00,EUR,C033
NL01-2025-004711,2,2025-12-06,1200,0.00,30535.76,EUR,C033
NL01-2025-004712,1,2025-11-09,1200,15751.47,0.00,EUR,C009
NL01-2025-004712,2,2025-11-09,4000,0.00,12250.30,EUR,C009
NL01-2025-004712,3,2025-11-09,4100,0.00,3501.17,EUR,C009
NL01-2025-004713,1,2025-11-13,1200,2018.48,0.00,EUR,C030
NL01-2025-004713,2,2025-11-13,4000,0.00,1569.82,EUR,C030
NL01-2025-004713,3,2025-11-13,4100,0.00,448.66,EUR,C030
NL01-2025-004714,1,2025-12-11,1000,2018.48,0.00,EUR,C030
NL01-2025-004714,2,2025-12-11,1200,0.00,2018.48,EUR,C030
NL01-2025-004715,1,2025-11-30,1200,2712.81,0.00,EUR,C034
NL01-2025-004715,2,2025-11-30,4000,0.00,2109.82,EUR,C034
NL01-2025-004715,3,2025-11-30,4100,0.00,602.99,EUR,C034
NL01-2025-004716,1,2025-12-30,1000,2712.81,0.00,EUR,C034
NL01-2025-004716,2,2025-12-30,1200,0.00,2712.81,EUR,C034
NL01-2025-004717,1,2025-11-05,1200,9166.43,0.00,EUR,C015
NL01-2025-004717,2,2025-11-05,4000,0.00,7128.96,EUR,C015
NL01-2025-004717,3,2025-11-05,4100,0.00,2037.47,EUR,C015
NL01-2025-004718,1,2025-12-08,1000,9166.43,0.00,EUR,C015
NL01-2025-004718,2,2025-12-08,1200,0.00,9166.43,EUR,C015
NL01-2025-004719,1,2025-11-03,1200,4574.71,0.00,EUR,C028
NL01-2025-004719,2,2025-11-03,4000,0.00,3557.86,EUR,C028
NL01-2025-004719,3,2025-11-03,4100,0.00,1016.85,EUR,C028
NL01-2025-004720,1,2025-11-28,1000,4574.71,0.00,EUR,C028
NL01-2025-004720,2,2025-11-28,1200,0.00,4574.71,EUR,C028
NL01-2025-004721,1,2025-11-16,1200,13577.10,0.00,EUR,C027
NL01-2025-004721,2,2025-11-16,4000,0.00,10559.24,EUR,C027
NL01-2025-004721,3,2025-11-16,4100,0.00,3017.86,EUR,C027
NL01-2025-004722,1,2025-12-25,1000,13577.10,0.00,EUR,C027
NL01-2025-004722,2,2025-12-25,1200,0.00,13577.10,EUR,C027
NL01-2025-004723,1,2025-11-04,1200,4544.05,0.00,EUR,C019
NL01-2025-004723,2,2025-11-04,4000,0.00,3534.02,EUR,C019
NL01-2025-004723,3,2025-11-04,4100,0.00,1010.03,EUR,C019
NL01-2025-004724,1,2025-12-18,1000,4544.05,0.00,EUR,C019
NL01-2025-004724,2,2025-12-18,1200,0.00,4544.05,EUR,C019
NL01-2025-004725,1,2025-11-14,1200,5703.88,0.00,EUR,C009
NL01-2025-004725,2,2025-11-14,4000,0.00,4436.05,EUR,C009
NL01-2025-004725,3,2025-11-14,4100,0.00,1267.83,EUR,C009
NL01-2025-004726,1,2025-11-25,1200,35556.34,0.00,EUR,C010
NL01-2025-004726,2,2025-11-25,4000,0.00,27653.03,EUR,C010
NL01-2025-004726,3,2025-11-25,4100,0.00,7903.31,EUR,C010
NL01-2025-004727,1,2025-12-26,1000,35556.34,0.00,EUR,C010
NL01-2025-004727,2,2025-12-26,1200,0.00,35556.34,EUR,C010
NL01-2025-004728,1,2025-11-08,1200,4207.22,0.00,EUR,C007
NL01-2025-004728,2,2025-11-08,4000,0.00,3272.06,EUR,C007
NL01-2025-004728,3,2025-11-08,4100,0.00,935.16,EUR,C007
NL01-2025-004729,1,2025-12-23,1000,4207.22,0.00,EUR,C007
NL01-2025-004729,2,2025-12-23,1200,0.00,4207.22,EUR,C007
NL01-2025-004730,1,2025-11-14,1200,2523.41,0.00,EUR,C006
NL01-2025-004730,2,2025-11-14,4000,0.00,1962.52,EUR,C006
NL01-2025-004730,3,2025-11-14,4100,0.00,560.89,EUR,C006
NL01-2025-004731,1,2025-12-19,1000,2523.41,0.00,EUR,C006
NL01-2025-004731,2,2025-12-19,1200,0.00,2523.41,EUR,C006
NL01-2025-004732,1,2025-11-07,1200,2925.82,0.00,EUR,C028
NL01-2025-004732,2,2025-11-07,4000,0.00,2275.48,EUR,C028
NL01-2025-004732,3,2025-11-07,4100,0.00,650.34,EUR,C028
NL01-2025-004733,1,2025-11-21,1200,2935.09,0.00,EUR,C029
NL01-2025-004733,2,2025-11-21,4000,0.00,2282.69,EUR,C029
NL01-2025-004733,3,2025-11-21,4100,0.00,652.40,EUR,C029
NL01-2025-004734,1,2025-12-28,1000,2935.09,0.00,EUR,C029
NL01-2025-004734,2,2025-12-28,1200,0.00,2935.09,EUR,C029
NL01-2025-004735,1,2025-11-02,1200,3969.43,0.00,EUR,C023
NL01-2025-004735,2,2025-11-02,4000,0.00,3087.12,EUR,C023
NL01-2025-004735,3,2025-11-02,4100,0.00,882.31,EUR,C023
NL01-2025-004736,1,2025-12-08,1000,3969.43,0.00,EUR,C023
NL01-2025-004736,2,2025-12-08,1200,0.00,3969.43,EUR,C023
NL01-2025-004737,1,2025-11-05,1200,2680.88,0.00,EUR,C029
NL01-2025-004737,2,2025-11-05,4000,0.00,2084.99,EUR,C029
NL01-2025-004737,3,2025-11-05,4100,0.00,595.89,EUR,C029
NL01-2025-004738,1,2025-12-23,1000,2680.88,0.00,EUR,C029
NL01-2025-004738,2,2025-12-23,1200,0.00,2680.88,EUR,C029
NL01-2025-004739,1,2025-11-18,1200,9092.99,0.00,EUR,C020
NL01-2025-004739,2,2025-11-18,4000,0.00,7071.84,EUR,C020
NL01-2025-004739,3,2025-11-18,4100,0.00,2021.15,EUR,C020
NL01-2025-004740,1,2025-12-25,1000,9092.99,0.00,EUR,C020
NL01-2025-004740,2,2025-12-25,1200,0.00,9092.99,EUR,C020
NL01-2025-004741,1,2025-11-02,1200,3934.12,0.00,EUR,C031
NL01-2025-004741,2,2025-11-02,4000,0.00,3059.66,EUR,C031
NL01-2025-004741,3,2025-11-02,4100,0.00,874.46,EUR,C031
NL01-2025-004742,1,2025-12-25,1000,3934.12,0.00,EUR,C031
NL01-2025-004742,2,2025-12-25,1200,0.00,3934.12,EUR,C031
NL01-2025-004743,1,2025-11-15,1200,5405.64,0.00,EUR,C011
NL01-2025-004743,2,2025-11-15,4000,0.00,4204.10,EUR,C011
NL01-2025-004743,3,2025-11-15,4100,0.00,1201.54,EUR,C011
NL01-2025-004744,1,2025-12-06,1000,5405.64,0.00,EUR,C011
NL01-2025-004744,2,2025-12-06,1200,0.00,5405.64,EUR,C011
NL01-2025-004745,1,2025-11-11,1200,9069.61,0.00,EUR,C016
NL01-2025-004745,2,2025-11-11,4000,0.00,7053.66,EUR,C016
NL01-2025-004745,3,2025-11-11,4100,0.00,2015.95,EUR,C016
NL01-2025-004746,1,2025-12-23,1000,9069.61,0.00,EUR,C016
NL01-2025-004746,2,2025-12-23,1200,0.00,9069.61,EUR,C016
NL01-2025-004747,1,2025-11-23,1200,11435.50,0.00,EUR,C030
NL01-2025-004747,2,2025-11-23,4000,0.00,8893.67,EUR,C030
NL01-2025-004747,3,2025-11-23,4100,0.00,2541.83,EUR,C030
NL01-2025-004748,1,2025-12-20,1000,11435.50,0.00,EUR,C030
NL01-2025-004748,2,2025-12-20,1200,0.00,11435.50,EUR,C030
NL01-2025-004749,1,2025-11-26,1200,28498.21,0.00,EUR,C039
NL01-2025-004749,2,2025-11-26,4000,0.00,22163.75,EUR,C039
NL01-2025-004749,3,2025-11-26,4100,0.00,6334.46,EUR,C039
NL01-2025-004750,1,2025-12-25,1000,28498.21,0.00,EUR,C039
NL01-2025-004750,2,2025-12-25,1200,0.00,28498.21,EUR,C039
NL01-2025-004751,1,2025-11-21,1200,19570.94,0.00,EUR,C015
NL01-2025-004751,2,2025-11-21,4000,0.00,15220.80,EUR,C015
NL01-2025-004751,3,2025-11-21,4100,0.00,4350.14,EUR,C015
NL01-2025-004752,1,2025-11-06,1200,18084.39,0.00,EUR,C040
NL01-2025-004752,2,2025-11-06,4000,0.00,14064.67,EUR,C040
NL01-2025-004752,3,2025-11-06,4100,0.00,4019.72,EUR,C040
NL01-2025-004753,1,2025-12-22,1000,18084.39,0.00,EUR,C040
NL01-2025-004753,2,2025-12-22,1200,0.00,18084.39,EUR,C040
NL01-2025-004754,1,2025-11-01,1200,15566.73,0.00,EUR,C005
NL01-2025-004754,2,2025-11-01,4000,0.00,12106.62,EUR,C005
NL01-2025-004754,3,2025-11-01,4100,0.00,3460.11,EUR,C005
NL01-2025-004755,1,2025-11-25,1000,15566.73,0.00,EUR,C005
NL01-2025-004755,2,2025-11-25,1200,0.00,15566.73,EUR,C005
NL01-2025-004756,1,2025-11-08,1200,25785.08,0.00,EUR,C026
NL01-2025-004756,2,2025-11-08,4000,0.00,20053.68,EUR,C026
NL01-2025-004756,3,2025-11-08,4100,0.00,5731.40,EUR,C026
NL01-2025-004757,1,2025-12-18,1000,25785.08,0.00,EUR,C026
NL01-2025-004757,2,2025-12-18,1200,0.00,25785.08,EUR,C026
NL01-2025-004758,1,2025-11-25,1200,26717.55,0.00,EUR,C036
NL01-2025-004758,2,2025-11-25,4000,0.00,20778.89,EUR,C036
NL01-2025-004758,3,2025-11-25,4100,0.00,5938.66,EUR,C036
NL01-2025-004759,1,2025-11-19,1200,11624.89,0.00,EUR,C035
NL01-2025-004759,2,2025-11-19,4000,0.00,9040.96,EUR,C035
NL01-2025-004759,3,2025-11-19,4100,0.00,2583.93,EUR,C035
NL01-2025-004760,1,2025-12-13,1000,11624.89,0.00,EUR,C035
NL01-2025-004760,2,2025-12-13,1200,0.00,11624.89,EUR,C035
NL01-2025-004761,1,2025-11-22,1200,2120.23,0.00,EUR,C025
NL01-2025-004761,2,2025-11-22,4000,0.00,1648.95,EUR,C025
NL01-2025-004761,3,2025-11-22,4100,0.00,471.28,EUR,C025
NL01-2025-004762,1,2025-12-15,1000,2120.23,0.00,EUR,C025
NL01-2025-004762,2,2025-12-15,1200,0.00,2120.23,EUR,C025
NL01-2025-004763,1,2025-11-05,1200,3703.72,0.00,EUR,C007
NL01-2025-004763,2,2025-11-05,4000,0.00,2880.47,EUR,C007
NL01-2025-004763,3,2025-11-05,4100,0.00,823.25,EUR,C007
NL01-2025-004764,1,2025-12-26,1000,3703.72,0.00,EUR,C007
NL01-2025-004764,2,2025-12-26,1200,0.00,3703.72,EUR,C007
NL01-2025-004765,1,2025-11-26,1200,20551.10,0.00,EUR,C022
NL01-2025-004765,2,2025-11-26,4000,0.00,15983.09,EUR,C022
NL01-2025-004765,3,2025-11-26,4100,0.00,4568.01,EUR,C022
NL01-2025-004766,1,2025-11-05,1200,3333.02,0.00,EUR,C001
NL01-2025-004766,2,2025-11-05,4000,0.00,2592.17,EUR,C001
NL01-2025-004766,3,2025-11-05,4100,0.00,740.85,EUR,C001
NL01-2025-004767,1,2025-12-05,1000,3333.02,0.00,EUR,C001
NL01-2025-004767,2,2025-12-05,1200,0.00,3333.02,EUR,C001
NL01-2025-004768,1,2025-11-09,1200,9905.91,0.00,EUR,C037
NL01-2025-004768,2,2025-11-09,4000,0.00,7704.07,EUR,C037
NL01-2025-004768,3,2025-11-09,4100,0.00,2201.84,EUR,C037
NL01-2025-004769,1,2025-12-04,1000,9905.91,0.00,EUR,C037
NL01-2025-004769,2,2025-12-04,1200,0.00,9905.91,EUR,C037
NL01-2025-004770,1,2025-11-05,1200,15764.41,0.00,EUR,C008
NL01-2025-004770,2,2025-11-05,4000,0.00,12260.37,EUR,C008
NL01-2025-004770,3,2025-11-05,4100,0.00,3504.04,EUR,C008
NL01-2025-004771,1,2025-11-30,1000,15764.41,0.00,EUR,C008
NL01-2025-004771,2,2025-11-30,1200,0.00,15764.41,EUR,C008
NL01-2025-004772,1,2025-11-11,1200,3508.69,0.00,EUR,C016
NL01-2025-004772,2,2025-11-11,4000,0.00,2728.79,EUR,C016
NL01-2025-004772,3,2025-11-11,4100,0.00,779.90,EUR,C016
NL01-2025-004773,1,2025-12-08,1000,3508.69,0.00,EUR,C016
NL01-2025-004773,2,2025-12-08,1200,0.00,3508.69,EUR,C016
NL01-2025-004774,1,2025-11-07,1200,1150.19,0.00,EUR,C007
NL01-2025-004774,2,2025-11-07,4000,0.00,894.53,EUR,C007
NL01-2025-004774,3,2025-11-07,4100,0.00,255.66,EUR,C007
NL01-2025-004775,1,2025-12-31,1000,1150.19,0.00,EUR,C007
NL01-2025-004775,2,2025-12-31,1200,0.00,1150.19,EUR,C007
NL01-2025-004776,1,2025-11-02,1200,6410.19,0.00,EUR,C033
NL01-2025-004776,2,2025-11-02,4000,0.00,4985.36,EUR,C033
NL01-2025-004776,3,2025-11-02,4100,0.00,1424.83,EUR,C033
NL01-2025-004777,1,2025-12-12,1000,6410.19,0.00,EUR,C033
NL01-2025-004777,2,2025-12-12,1200,0.00,6410.19,EUR,C033
NL01-2025-004778,1,2025-11-01,1200,13656.72,0.00,EUR,C026
NL01-2025-004778,2,2025-11-01,4000,0.00,10621.16,EUR,C026
NL01-2025-004778,3,2025-11-01,4100,0.00,3035.56,EUR,C026
NL01-2025-004779,1,2025-12-19,1000,13656.72,0.00,EUR,C026
NL01-2025-004779,2,2025-12-19,1200,0.00,13656.72,EUR,C026
NL01-2025-004780,1,2025-11-14,1200,4311.63,0.00,EUR,C028
NL01-2025-004780,2,2025-11-14,4000,0.00,3353.26,EUR,C028
NL01-2025-004780,3,2025-11-14,4100,0.00,958.37,EUR,C028
NL01-2025-004781,1,2025-12-13,1000,4311.63,0.00,EUR,C028
NL01-2025-004781,2,2025-12-13,1200,0.00,4311.63,EUR,C028
NL01-2025-004782,1,2025-11-29,1200,4240.26,0.00,EUR,C038
NL01-2025-004782,2,2025-11-29,4000,0.00,3297.75,EUR,C038
NL01-2025-004782,3,2025-11-29,4100,0.00,942.51,EUR,C038
NL01-2025-004783,1,2025-12-25,1000,4240.26,0.00,EUR,C038
NL01-2025-004783,2,2025-12-25,1200,0.00,4240.26,EUR,C038
NL01-2025-004784,1,2025-11-30,1200,41689.75,0.00,EUR,C038
NL01-2025-004784,2,2025-11-30,4000,0.00,32423.13,EUR,C038
NL01-2025-004784,3,2025-11-30,4100,0.00,9266.62,EUR,C038
NL01-2025-004785,1,2025-12-23,1000,41689.75,0.00,EUR,C038
NL01-2025-004785,2,2025-12-23,1200,0.00,41689.75,EUR,C038
NL01-2025-004786,1,2025-11-23,1200,6394.25,0.00,EUR,C017
NL01-2025-004786,2,2025-11-23,4000,0.00,4972.96,EUR,C017
NL01-2025-004786,3,2025-11-23,4100,0.00,1421.29,EUR,C017
NL01-2025-004787,1,2025-12-28,1000,6394.25,0.00,EUR,C017
NL01-2025-004787,2,2025-12-28,1200,0.00,6394.25,EUR,C017
NL01-2025-004788,1,2025-11-13,1200,6165.82,0.00,EUR,C034
NL01-2025-004788,2,2025-11-13,4000,0.00,4795.31,EUR,C034
NL01-2025-004788,3,2025-11-13,4100,0.00,1370.51,EUR,C034
NL01-2025-004789,1,2025-11-05,1200,1944.15,0.00,EUR,C001
NL01-2025-004789,2,2025-11-05,4000,0.00,1512.01,EUR,C001
NL01-2025-004789,3,2025-11-05,4100,0.00,432.14,EUR,C001
NL01-2025-004790,1,2025-11-23,1000,1944.15,0.00,EUR,C001
NL01-2025-004790,2,2025-11-23,1200,0.00,1944.15,EUR,C001
NL01-2025-004791,1,2025-11-29,1200,7518.38,0.00,EUR,C016
NL01-2025-004791,2,2025-11-29,4000,0.00,5847.23,EUR,C016
NL01-2025-004791,3,2025-11-29,4100,0.00,1671.15,EUR,C016
NL01-2025-004792,1,2025-11-28,1200,15841.25,0.00,EUR,C014
NL01-2025-004792,2,2025-11-28,4000,0.00,12320.13,EUR,C014
NL01-2025-004792,3,2025-11-28,4100,0.00,3521.12,EUR,C014
NL01-2025-004793,1,2025-12-23,1000,15841.25,0.00,EUR,C014
NL01-2025-004793,2,2025-12-23,1200,0.00,15841.25,EUR,C014
NL01-2025-004794,1,2025-11-09,1200,2751.93,0.00,EUR,C023
NL01-2025-004794,2,2025-11-09,4000,0.00,2140.24,EUR,C023
NL01-2025-004794,3,2025-11-09,4100,0.00,611.69,EUR,C023
NL01-2025-004795,1,2025-12-16,1000,2751.93,0.00,EUR,C023
NL01-2025-004795,2,2025-12-16,1200,0.00,2751.93,EUR,C023
NL01-2025-004796,1,2025-11-08,1200,6792.15,0.00,EUR,C018
NL01-2025-004796,2,2025-11-08,4000,0.00,5282.42,EUR,C018
NL01-2025-004796,3,2025-11-08,4100,0.00,1509.73,EUR,C018
NL01-2025-004797,1,2025-12-10,1000,6792.15,0.00,EUR,C018
NL01-2025-004797,2,2025-12-10,1200,0.00,6792.15,EUR,C018
NL01-2025-004798,1,2025-11-08,1200,10911.67,0.00,EUR,C020
NL01-2025-004798,2,2025-11-08,4000,0.00,8486.27,EUR,C020
NL01-2025-004798,3,2025-11-08,4100,0.00,2425.40,EUR,C020
NL01-2025-004799,1,2025-11-17,1200,1490.58,0.00,EUR,C039
NL01-2025-004799,2,2025-11-17,4000,0.00,1159.26,EUR,C039
NL01-2025-004799,3,2025-11-17,4100,0.00,331.32,EUR,C039
NL01-2025-004800,1,2025-12-25,1000,1490.58,0.00,EUR,C039
NL01-2025-004800,2,2025-12-25,1200,0.00,1490.58,EUR,C039
NL01-2025-004801,1,2025-11-13,1200,8467.83,0.00,EUR,C025
NL01-2025-004801,2,2025-11-13,4000,0.00,6585.64,EUR,C025
NL01-2025-004801,3,2025-11-13,4100,0.00,1882.19,EUR,C025
NL01-2025-004802,1,2025-11-04,1200,19473.84,0.00,EUR,C030
NL01-2025-004802,2,2025-11-04,4000,0.00,15145.28,EUR,C030
NL01-2025-004802,3,2025-11-04,4100,0.00,4328.56,EUR,C030
NL01-2025-004803,1,2025-12-11,1000,19473.84,0.00,EUR,C030
NL01-2025-004803,2,2025-12-11,1200,0.00,19473.84,EUR,C030
NL01-2025-004804,1,2025-11-24,1200,3972.51,0.00,EUR,C007
NL01-2025-004804,2,2025-11-24,4000,0.00,3089.52,EUR,C007
NL01-2025-004804,3,2025-11-24,4100,0.00,882.99,EUR,C007
NL01-2025-004805,1,2025-12-24,1000,3972.51,0.00,EUR,C007
NL01-2025-004805,2,2025-12-24,1200,0.00,3972.51,EUR,C007
NL01-2025-004806,1,2025-11-12,1200,6166.52,0.00,EUR,C009
NL01-2025-004806,2,2025-11-12,4000,0.00,4795.85,EUR,C009
NL01-2025-004806,3,2025-11-12,4100,0.00,1370.67,EUR,C009
NL01-2025-004807,1,2025-12-27,1000,6166.52,0.00,EUR,C009
NL01-2025-004807,2,2025-12-27,1200,0.00,6166.52,EUR,C009
NL01-2025-004808,1,2025-11-30,1200,4407.15,0.00,EUR,C036
NL01-2025-004808,2,2025-11-30,4000,0.00,3427.55,EUR,C036
NL01-2025-004808,3,2025-11-30,4100,0.00,979.60,EUR,C036
NL01-2025-004809,1,2025-11-25,1200,19829.64,0.00,EUR,C006
NL01-2025-004809,2,2025-11-25,4000,0.00,15421.99,EUR,C006
NL01-2025-004809,3,2025-11-25,4100,0.00,4407.65,EUR,C006
NL01-2025-004810,1,2025-12-25,1000,19829.64,0.00,EUR,C006
NL01-2025-004810,2,2025-12-25,1200,0.00,19829.64,EUR,C006
NL01-2025-004811,1,2025-11-28,1200,10886.36,0.00,EUR,C007
NL01-2025-004811,2,2025-11-28,4000,0.00,8466.59,EUR,C007
NL01-2025-004811,3,2025-11-28,4100,0.00,2419.77,EUR,C007
NL01-2025-004812,1,2025-12-27,1000,10886.36,0.00,EUR,C007
NL01-2025-004812,2,2025-12-27,1200,0.00,10886.36,EUR,C007
NL01-2025-004813,1,2025-11-02,1200,10456.46,0.00,EUR,C040
NL01-2025-004813,2,2025-11-02,4000,0.00,8132.24,EUR,C040
NL01-2025-004813,3,2025-11-02,4100,0.00,2324.22,EUR,C040
NL01-2025-004814,1,2025-12-06,1000,10456.46,0.00,EUR,C040
NL01-2025-004814,2,2025-12-06,1200,0.00,10456.46,EUR,C040
NL01-2025-004815,1,2025-11-16,1200,11588.39,0.00,EUR,C015
NL01-2025-004815,2,2025-11-16,4000,0.00,9012.57,EUR,C015
NL01-2025-004815,3,2025-11-16,4100,0.00,2575.82,EUR,C015
NL01-2025-004816,1,2025-12-05,1000,11588.39,0.00,EUR,C015
NL01-2025-004816,2,2025-12-05,1200,0.00,11588.39,EUR,C015
NL01-2025-004817,1,2025-11-04,1200,10802.49,0.00,EUR,C012
NL01-2025-004817,2,2025-11-04,4000,0.00,8401.36,EUR,C012
NL01-2025-004817,3,2025-11-04,4100,0.00,2401.13,EUR,C012
NL01-2025-004818,1,2025-12-22,1000,10802.49,0.00,EUR,C012
NL01-2025-004818,2,2025-12-22,1200,0.00,10802.49,EUR,C012
NL01-2025-004819,1,2025-11-11,1200,22141.85,0.00,EUR,C021
NL01-2025-004819,2,2025-11-11,4000,0.00,17220.26,EUR,C021
NL01-2025-004819,3,2025-11-11,4100,0.00,4921.59,EUR,C021
NL01-2025-004820,1,2025-12-09,1000,22141.85,0.00,EUR,C021
NL01-2025-004820,2,2025-12-09,1200,0.00,22141.85,EUR,C021
NL01-2025-004821,1,2025-11-28,1200,2928.10,0.00,EUR,C040
NL01-2025-004821,2,2025-11-28,4000,0.00,2277.25,EUR,C040
NL01-2025-004821,3,2025-11-28,4100,0.00,650.85,EUR,C040
NL01-2025-004822,1,2025-11-01,1200,8458.57,0.00,EUR,C014
NL01-2025-004822,2,2025-11-01,4000,0.00,6578.44,EUR,C014
NL01-2025-004822,3,2025-11-01,4100,0.00,1880.13,EUR,C014
NL01-2025-004823,1,2025-12-05,1000,8458.57,0.00,EUR,C014
NL01-2025-004823,2,2025-12-05,1200,0.00,8458.57,EUR,C014
NL01-2025-004824,1,2025-11-05,1200,12969.80,0.00,EUR,C024
NL01-2025-004824,2,2025-11-05,4000,0.00,10086.93,EUR,C024
NL01-2025-004824,3,2025-11-05,4100,0.00,2882.87,EUR,C024
NL01-2025-004825,1,2025-12-10,1000,12969.80,0.00,EUR,C024
NL01-2025-004825,2,2025-12-10,1200,0.00,12969.80,EUR,C024
NL01-2025-004826,1,2025-11-12,1200,22826.69,0.00,EUR,C024
NL01-2025-004826,2,2025-11-12,4000,0.00,17752.87,EUR,C024
NL01-2025-004826,3,2025-11-12,4100,0.00,5073.82,EUR,C024
NL01-2025-004827,1,2025-12-08,1000,22826.69,0.00,EUR,C024
NL01-2025-004827,2,2025-12-08,1200,0.00,22826.69,EUR,C024
NL01-2025-004828,1,2025-11-27,1200,25807.50,0.00,EUR,C023
NL01-2025-004828,2,2025-11-27,4000,0.00,20071.12,EUR,C023
NL01-2025-004828,3,2025-11-27,4100,0.00,5736.38,EUR,C023
NL01-2025-004829,1,2025-12-22,1000,25807.50,0.00,EUR,C023
NL01-2025-004829,2,2025-12-22,1200,0.00,25807.50,EUR,C023
NL01-2025-004830,1,2025-11-26,1200,16880.67,0.00,EUR,C036
NL01-2025-004830,2,2025-11-26,4000,0.00,13128.51,EUR,C036
NL01-2025-004830,3,2025-11-26,4100,0.00,3752.16,EUR,C036
NL01-2025-004831,1,2025-12-28,1000,16880.67,0.00,EUR,C036
NL01-2025-004831,2,2025-12-28,1200,0.00,16880.67,EUR,C036
NL01-2025-004832,1,2025-11-20,1200,60174.97,0.00,EUR,C037
NL01-2025-004832,2,2025-11-20,4000,0.00,46799.54,EUR,C037
NL01-2025-004832,3,2025-11-20,4100,0.00,13375.43,EUR,C037
NL01-2025-004833,1,2025-12-06,1000,60174.97,0.00,EUR,C037
NL01-2025-004833,2,2025-12-06,1200,0.00,60174.97,EUR,C037
NL01-2025-004834,1,2025-11-04,1200,20874.41,0.00,EUR,C001
NL01-2025-004834,2,2025-11-04,4000,0.00,16234.54,EUR,C001
NL01-2025-004834,3,2025-11-04,4100,0.00,4639.87,EUR,C001
NL01-2025-004835,1,2025-11-24,1000,20874.41,0.00,EUR,C001
NL01-2025-004835,2,2025-11-24,1200,0.00,20874.41,EUR,C001
NL01-2025-004836,1,2025-11-06,1200,19030.84,0.00,EUR,C034
NL01-2025-004836,2,2025-11-06,4000,0.00,14800.75,EUR,C034
NL01-2025-004836,3,2025-11-06,4100,0.00,4230.09,EUR,C034
NL01-2025-004837,1,2025-11-30,1000,19030.84,0.00,EUR,C034
NL01-2025-004837,2,2025-11-30,1200,0.00,19030.84,EUR,C034
NL01-2025-004838,1,2025-11-27,1200,3693.79,0.00,EUR,C038
NL01-2025-004838,2,2025-11-27,4000,0.00,2872.75,EUR,C038
NL01-2025-004838,3,2025-11-27,4100,0.00,821.04,EUR,C038
NL01-2025-004839,1,2025-11-14,1200,4854.70,0.00,EUR,C021
NL01-2025-004839,2,2025-11-14,4000,0.00,3775.62,EUR,C021
NL01-2025-004839,3,2025-11-14,4100,0.00,1079.08,EUR,C021
NL01-2025-004840,1,2025-11-08,1200,45128.02,0.00,EUR,C027
NL01-2025-004840,2,2025-11-08,4000,0.00,35097.16,EUR,C027
NL01-2025-004840,3,2025-11-08,4100,0.00,10030.86,EUR,C027
NL01-2025-004841,1,2025-12-13,1000,45128.02,0.00,EUR,C027
NL01-2025-004841,2,2025-12-13,1200,0.00,45128.02,EUR,C027
NL01-2025-004842,1,2025-11-05,1200,17555.46,0.00,EUR,C014
NL01-2025-004842,2,2025-11-05,4000,0.00,13653.31,EUR,C014
NL01-2025-004842,3,2025-11-05,4100,0.00,3902.15,EUR,C014
NL01-2025-004843,1,2025-11-26,1000,17555.46,0.00,EUR,C014
NL01-2025-004843,2,2025-11-26,1200,0.00,17555.46,EUR,C014
NL01-2025-004844,1,2025-11-25,1200,7132.98,0.00,EUR,C035
NL01-2025-004844,2,2025-11-25,4000,0.00,5547.49,EUR,C035
NL01-2025-004844,3,2025-11-25,4100,0.00,1585.49,EUR,C035
NL01-2025-004845,1,2025-11-29,1200,3337.56,0.00,EUR,C016
NL01-2025-004845,2,2025-11-29,4000,0.00,2595.70,EUR,C016
NL01-2025-004845,3,2025-11-29,4100,0.00,741.86,EUR,C016
NL01-2025-004846,1,2025-12-25,1000,3337.56,0.00,EUR,C016
NL01-2025-004846,2,2025-12-25,1200,0.00,3337.56,EUR,C016
NL01-2025-004847,1,2025-11-05,1200,2438.14,0.00,EUR,C031
NL01-2025-004847,2,2025-11-05,4000,0.00,1896.20,EUR,C031
NL01-2025-004847,3,2025-11-05,4100,0.00,541.94,EUR,C031
NL01-2025-004848,1,2025-12-18,1000,2438.14,0.00,EUR,C031
NL01-2025-004848,2,2025-12-18,1200,0.00,2438.14,EUR,C031
NL01-2025-004849,1,2025-11-24,1200,12983.75,0.00,EUR,C020
NL01-2025-004849,2,2025-11-24,4000,0.00,10097.78,EUR,C020
NL01-2025-004849,3,2025-11-24,4100,0.00,2885.97,EUR,C020
NL01-2025-004850,1,2025-12-19,1000,12983.75,0.00,EUR,C020
NL01-2025-004850,2,2025-12-19,1200,0.00,12983.75,EUR,C020
NL01-2025-004851,1,2025-11-30,1200,2332.81,0.00,EUR,C009
NL01-2025-004851,2,2025-11-30,4000,0.00,1814.28,EUR,C009
NL01-2025-004851,3,2025-11-30,4100,0.00,518.53,EUR,C009
NL01-2025-004852,1,2025-11-24,1200,37125.42,0.00,EUR,C016
NL01-2025-004852,2,2025-11-24,4000,0.00,28873.34,EUR,C016
NL01-2025-004852,3,2025-11-24,4100,0.00,8252.08,EUR,C016
NL01-2025-004853,1,2025-12-26,1000,37125.42,0.00,EUR,C016
NL01-2025-004853,2,2025-12-26,1200,0.00,37125.42,EUR,C016
NL01-2025-004854,1,2025-11-06,1200,12461.60,0.00,EUR,C009
NL01-2025-004854,2,2025-11-06,4000,0.00,9691.69,EUR,C009
NL01-2025-004854,3,2025-11-06,4100,0.00,2769.91,EUR,C009
NL01-2025-004855,1,2025-12-08,1000,12461.60,0.00,EUR,C009
NL01-2025-004855,2,2025-12-08,1200,0.00,12461.60,EUR,C009
NL01-2025-004856,1,2025-11-19,1200,14284.85,0.00,EUR,C006
NL01-2025-004856,2,2025-11-19,4000,0.00,11109.68,EUR,C006
NL01-2025-004856,3,2025-11-19,4100,0.00,3175.17,EUR,C006
NL01-2025-004857,1,2025-11-06,1200,9864.22,0.00,EUR,C023
NL01-2025-004857,2,2025-11-06,4000,0.00,7671.64,EUR,C023
NL01-2025-004857,3,2025-11-06,4100,0.00,2192.58,EUR,C023
NL01-2025-004858,1,2025-12-31,1000,9864.22,0.00,EUR,C023
NL01-2025-004858,2,2025-12-31,1200,0.00,9864.22,EUR,C023
NL01-2025-004859,1,2025-11-05,1200,18420.60,0.00,EUR,C001
NL01-2025-004859,2,2025-11-05,4000,0.00,14326.15,EUR,C001
NL01-2025-004859,3,2025-11-05,4100,0.00,4094.45,EUR,C001
NL01-2025-004860,1,2025-12-02,1000,18420.60,0.00,EUR,C001
NL01-2025-004860,2,2025-12-02,1200,0.00,18420.60,EUR,C001
NL01-2025-004861,1,2025-11-10,1200,8060.20,0.00,EUR,C005
NL01-2025-004861,2,2025-11-10,4000,0.00,6268.61,EUR,C005
NL01-2025-004861,3,2025-11-10,4100,0.00,1791.59,EUR,C005
NL01-2025-004862,1,2025-11-01,1200,4981.02,0.00,EUR,C015
NL01-2025-004862,2,2025-11-01,4000,0.00,3873.86,EUR,C015
NL01-2025-004862,3,2025-11-01,4100,0.00,1107.16,EUR,C015
NL01-2025-004863,1,2025-12-23,1000,4981.02,0.00,EUR,C015
NL01-2025-004863,2,2025-12-23,1200,0.00,4981.02,EUR,C015
NL01-2025-004864,1,2025-11-11,1200,12017.15,0.00,EUR,C039
NL01-2025-004864,2,2025-11-11,4000,0.00,9346.03,EUR,C039
NL01-2025-004864,3,2025-11-11,4100,0.00,2671.12,EUR,C039
NL01-2025-004865,1,2025-12-25,1000,12017.15,0.00,EUR,C039
NL01-2025-004865,2,2025-12-25,1200,0.00,12017.15,EUR,C039
NL01-2025-004866,1,2025-11-15,1200,1374.08,0.00,EUR,C024
NL01-2025-004866,2,2025-11-15,4000,0.00,1068.66,EUR,C024
NL01-2025-004866,3,2025-11-15,4100,0.00,305.42,EUR,C024
NL01-2025-004867,1,2025-12-14,1000,1374.08,0.00,EUR,C024
NL01-2025-004867,2,2025-12-14,1200,0.00,1374.08,EUR,C024
NL01-2025-004868,1,2025-11-20,1200,10067.15,0.00,EUR,C036
NL01-2025-004868,2,2025-11-20,4000,0.00,7829.47,EUR,C036
NL01-2025-004868,3,2025-11-20,4100,0.00,2237.68,EUR,C036
NL01-2025-004869,1,2025-12-26,1000,10067.15,0.00,EUR,C036
NL01-2025-004869,2,2025-12-26,1200,0.00,10067.15,EUR,C036
NL01-2025-004870,1,2025-11-29,1200,11246.60,0.00,EUR,C024
NL01-2025-004870,2,2025-11-29,4000,0.00,8746.75,EUR,C024
NL01-2025-004870,3,2025-11-29,4100,0.00,2499.85,EUR,C024
NL01-2025-004871,1,2025-12-20,1000,11246.60,0.00,EUR,C024
NL01-2025-004871,2,2025-12-20,1200,0.00,11246.60,EUR,C024
NL01-2025-004872,1,2025-11-07,1200,21861.72,0.00,EUR,C019
NL01-2025-004872,2,2025-11-07,4000,0.00,17002.39,EUR,C019
NL01-2025-004872,3,2025-11-07,4100,0.00,4859.33,EUR,C019
NL01-2025-004873,1,2025-12-09,1000,21861.72,0.00,EUR,C019
NL01-2025-004873,2,2025-12-09,1200,0.00,21861.72,EUR,C019
NL01-2025-004874,1,2025-11-13,1200,5970.35,0.00,EUR,C029
NL01-2025-004874,2,2025-11-13,4000,0.00,4643.29,EUR,C029
NL01-2025-004874,3,2025-11-13,4100,0.00,1327.06,EUR,C029
NL01-2025-004875,1,2025-12-25,1000,5970.35,0.00,EUR,C029
NL01-2025-004875,2,2025-12-25,1200,0.00,5970.35,EUR,C029
NL01-2025-004876,1,2025-11-15,1200,33689.63,0.00,EUR,C034
NL01-2025-004876,2,2025-11-15,4000,0.00,26201.24,EUR,C034
NL01-2025-004876,3,2025-11-15,4100,0.00,7488.39,EUR,C034
NL01-2025-004877,1,2025-11-27,1200,3364.63,0.00,EUR,C027
NL01-2025-004877,2,2025-11-27,4000,0.00,2616.75,EUR,C027
NL01-2025-004877,3,2025-11-27,4100,0.00,747.88,EUR,C027
NL01-2025-004878,1,2025-11-28,1200,19051.74,0.00,EUR,C033
NL01-2025-004878,2,2025-11-28,4000,0.00,14817.00,EUR,C033
NL01-2025-004878,3,2025-11-28,4100,0.00,4234.74,EUR,C033
NL01-2025-004879,1,2025-11-29,1200,8827.27,0.00,EUR,C019
NL01-2025-004879,2,2025-11-29,4000,0.00,6865.18,EUR,C019
NL01-2025-004879,3,2025-11-29,4100,0.00,1962.09,EUR,C019
NL01-2025-004880,1,2025-11-15,1200,18604.76,0.00,EUR,C012
NL01-2025-004880,2,2025-11-15,4000,0.00,14469.37,EUR,C012
NL01-2025-004880,3,2025-11-15,4100,0.00,4135.39,EUR,C012
NL01-2025-004881,1,2025-12-13,1000,18604.76,0.00,EUR,C012
NL01-2025-004881,2,2025-12-13,1200,0.00,18604.76,EUR,C012
NL01-2025-004882,1,2025-11-05,1200,3209.66,0.00,EUR,C030
NL01-2025-004882,2,2025-11-05,4000,0.00,2496.23,EUR,C030
NL01-2025-004882,3,2025-11-05,4100,0.00,713.43,EUR,C030
NL01-2025-004883,1,2025-12-13,1000,3209.66,0.00,EUR,C030
NL01-2025-004883,2,2025-12-13,1200,0.00,3209.66,EUR,C030
NL01-2025-004884,1,2025-11-16,1200,13753.61,0.00,EUR,C011
NL01-2025-004884,2,2025-11-16,4000,0.00,10696.52,EUR,C011
NL01-2025-004884,3,2025-11-16,4100,0.00,3057.09,EUR,C011
NL01-2025-004885,1,2025-11-12,1200,7527.61,0.00,EUR,C034
NL01-2025-004885,2,2025-11-12,4000,0.00,5854.41,EUR,C034
NL01-2025-004885,3,2025-11-12,4100,0.00,1673.20,EUR,C034
NL01-2025-004886,1,2025-12-21,1000,7527.61,0.00,EUR,C034
NL01-2025-004886,2,2025-12-21,1200,0.00,7527.61,EUR,C034
NL01-2025-004887,1,2025-11-08,1200,10382.38,0.00,EUR,C005
NL01-2025-004887,2,2025-11-08,4000,0.00,8074.63,EUR,C005
NL01-2025-004887,3,2025-11-08,4100,0.00,2307.75,EUR,C005
NL01-2025-004888,1,2025-11-11,1200,11040.91,0.00,EUR,C021
NL01-2025-004888,2,2025-11-11,4000,0.00,8586.78,EUR,C021
NL01-2025-004888,3,2025-11-11,4100,0.00,2454.13,EUR,C021
NL01-2025-004889,1,2025-12-12,1000,11040.91,0.00,EUR,C021
NL01-2025-004889,2,2025-12-12,1200,0.00,11040.91,EUR,C021
NL01-2025-004890,1,2025-11-25,1200,9196.99,0.00,EUR,C002
NL01-2025-004890,2,2025-11-25,4000,0.00,7152.72,EUR,C002
NL01-2025-004890,3,2025-11-25,4100,0.00,2044.27,EUR,C002
NL01-2025-004891,1,2025-12-30,1000,9196.99,0.00,EUR,C002
NL01-2025-004891,2,2025-12-30,1200,0.00,9196.99,EUR,C002
NL01-2025-004892,1,2025-11-23,1200,8040.53,0.00,EUR,C008
NL01-2025-004892,2,2025-11-23,4000,0.00,6253.32,EUR,C008
NL01-2025-004892,3,2025-11-23,4100,0.00,1787.21,EUR,C008
NL01-2025-004893,1,2025-11-06,1200,8360.02,0.00,EUR,C007
NL01-2025-004893,2,2025-11-06,4000,0.00,6501.79,EUR,C007
NL01-2025-004893,3,2025-11-06,4100,0.00,1858.23,EUR,C007
NL01-2025-004894,1,2025-12-13,1000,8360.02,0.00,EUR,C007
NL01-2025-004894,2,2025-12-13,1200,0.00,8360.02,EUR,C007
NL01-2025-004895,1,2025-11-22,1200,3973.19,0.00,EUR,C023
NL01-2025-004895,2,2025-11-22,4000,0.00,3090.05,EUR,C023
NL01-2025-004895,3,2025-11-22,4100,0.00,883.14,EUR,C023
NL01-2025-004896,1,2025-11-10,1200,10407.03,0.00,EUR,C002
NL01-2025-004896,2,2025-11-10,4000,0.00,8093.80,EUR,C002
NL01-2025-004896,3,2025-11-10,4100,0.00,2313.23,EUR,C002
NL01-2025-004897,1,2025-12-28,1000,10407.03,0.00,EUR,C002
NL01-2025-004897,2,2025-12-28,1200,0.00,10407.03,EUR,C002
NL01-2025-004898,1,2025-11-18,1300,100402.57,0.00,EUR,V004
NL01-2025-004898,2,2025-11-18,2100,0.00,100402.57,EUR,V004
NL01-2025-004899,1,2025-12-11,2100,100402.57,0.00,EUR,V004
NL01-2025-004899,2,2025-12-11,1000,0.00,100402.57,EUR,V004
NL01-2025-004900,1,2025-11-07,1300,99519.32,0.00,EUR,V021
NL01-2025-004900,2,2025-11-07,2100,0.00,99519.32,EUR,V021
NL01-2025-004901,1,2025-11-28,2100,99519.32,0.00,EUR,V021
NL01-2025-004901,2,2025-11-28,1000,0.00,99519.32,EUR,V021
NL01-2025-004902,1,2025-11-11,1300,40699.95,0.00,EUR,V003
NL01-2025-004902,2,2025-11-11,2100,0.00,40699.95,EUR,V003
NL01-2025-004903,1,2025-12-11,2100,40699.95,0.00,EUR,V003
NL01-2025-004903,2,2025-12-11,1000,0.00,40699.95,EUR,V003
NL01-2025-004904,1,2025-11-24,1300,217391.62,0.00,EUR,V004
NL01-2025-004904,2,2025-11-24,2100,0.00,217391.62,EUR,V004
NL01-2025-004905,1,2025-12-28,2100,217391.62,0.00,EUR,V004
NL01-2025-004905,2,2025-12-28,1000,0.00,217391.62,EUR,V004
NL01-2025-004906,1,2025-11-12,1300,219369.95,0.00,EUR,V009
NL01-2025-004906,2,2025-11-12,2100,0.00,219369.95,EUR,V009
NL01-2025-004907,1,2025-12-12,2100,219369.95,0.00,EUR,V009
NL01-2025-004907,2,2025-12-12,1000,0.00,219369.95,EUR,V009
NL01-2025-004908,1,2025-11-30,5000,640703.52,0.00,EUR,
NL01-2025-004908,2,2025-11-30,1300,0.00,640703.52,EUR,
NL01-2025-004909,1,2025-11-02,6100,68743.73,0.00,EUR,V057
NL01-2025-004909,2,2025-11-02,2100,0.00,68743.73,EUR,V057
NL01-2025-004910,1,2025-12-02,2100,68743.73,0.00,EUR,V057
NL01-2025-004910,2,2025-12-02,1000,0.00,68743.73,EUR,V057
NL01-2025-004911,1,2025-11-01,6200,56225.89,0.00,EUR,V057
NL01-2025-004911,2,2025-11-01,2100,0.00,56225.89,EUR,V057
NL01-2025-004912,1,2025-11-27,2100,56225.89,0.00,EUR,V057
NL01-2025-004912,2,2025-11-27,1000,0.00,56225.89,EUR,V057
NL01-2025-004913,1,2025-11-08,6300,25177.86,0.00,EUR,V053
NL01-2025-004913,2,2025-11-08,2100,0.00,25177.86,EUR,V053
NL01-2025-004914,1,2025-12-23,2100,25177.86,0.00,EUR,V053
NL01-2025-004914,2,2025-12-23,1000,0.00,25177.86,EUR,V053
NL01-2025-004915,1,2025-11-11,6400,40795.57,0.00,EUR,V055
NL01-2025-004915,2,2025-11-11,2100,0.00,40795.57,EUR,V055
NL01-2025-004916,1,2025-12-10,2100,40795.57,0.00,EUR,V055
NL01-2025-004916,2,2025-12-10,1000,0.00,40795.57,EUR,V055
NL01-2025-004917,1,2025-11-25,6000,395863.80,0.00,EUR,
NL01-2025-004917,2,2025-11-25,1000,0.00,395863.80,EUR,
NL01-2025-004918,1,2025-11-30,6900,15625.00,0.00,EUR,
NL01-2025-004918,2,2025-11-30,1590,0.00,15625.00,EUR,
NL01-2025-004919,1,2025-12-25,1200,832855.77,0.00,EUR,C020
NL01-2025-004919,2,2025-12-25,4000,0.00,647057.10,EUR,C020
NL01-2025-004919,3,2025-12-25,4100,0.00,185798.67,EUR,C020
NL01-2025-004920,1,2025-12-13,1200,2634.99,0.00,EUR,C026
NL01-2025-004920,2,2025-12-13,4000,0.00,2047.16,EUR,C026
NL01-2025-004920,3,2025-12-13,4100,0.00,587.83,EUR,C026
NL01-2025-004921,1,2025-12-17,1200,4288.69,0.00,EUR,C033
NL01-2025-004921,2,2025-12-17,4000,0.00,3331.94,EUR,C033
NL01-2025-004921,3,2025-12-17,4100,0.00,956.75,EUR,C033
NL01-2025-004922,1,2025-12-03,1200,2289.66,0.00,EUR,C036
NL01-2025-004922,2,2025-12-03,4000,0.00,1778.87,EUR,C036
NL01-2025-004922,3,2025-12-03,4100,0.00,510.79,EUR,C036
NL01-2025-004923,1,2025-12-27,1000,2289.66,0.00,EUR,C036
NL01-2025-004923,2,2025-12-27,1200,0.00,2289.66,EUR,C036
NL01-2025-004924,1,2025-12-22,1200,1955.20,0.00,EUR,C038
NL01-2025-004924,2,2025-12-22,4000,0.00,1519.02,EUR,C038
NL01-2025-004924,3,2025-12-22,4100,0.00,436.18,EUR,C038
NL01-2025-004925,1,2025-12-24,1200,2004.36,0.00,EUR,C002
NL01-2025-004925,2,2025-12-24,4000,0.00,1557.21,EUR,C002
NL01-2025-004925,3,2025-12-24,4100,0.00,447.15,EUR,C002
NL01-2025-004926,1,2025-12-11,1200,16856.49,0.00,EUR,C034
NL01-2025-004926,2,2025-12-11,4000,0.00,13096.04,EUR,C034
NL01-2025-004926,3,2025-12-11,4100,0.00,3760.45,EUR,C034
NL01-2025-004927,1,2025-12-29,1200,5629.12,0.00,EUR,C031
NL01-2025-004927,2,2025-12-29,4000,0.00,4373.34,EUR,C031
NL01-2025-004927,3,2025-12-29,4100,0.00,1255.78,EUR,C031
NL01-2025-004928,1,2025-12-17,1200,1728.00,0.00,EUR,C038
NL01-2025-004928,2,2025-12-17,4000,0.00,1342.51,EUR,C038
NL01-2025-004928,3,2025-12-17,4100,0.00,385.49,EUR,C038
NL01-2025-004929,1,2025-12-03,1200,10962.45,0.00,EUR,C032
NL01-2025-004929,2,2025-12-03,4000,0.00,8516.88,EUR,C032
NL01-2025-004929,3,2025-12-03,4100,0.00,2445.57,EUR,C032
NL01-2025-004930,1,2025-12-10,1200,8745.70,0.00,EUR,C015
NL01-2025-004930,2,2025-12-10,4000,0.00,6794.65,EUR,C015
NL01-2025-004930,3,2025-12-10,4100,0.00,1951.05,EUR,C015
NL01-2025-004931,1,2025-12-11,1200,18277.53,0.00,EUR,C032
NL01-2025-004931,2,2025-12-11,4000,0.00,14200.06,EUR,C032
NL01-2025-004931,3,2025-12-11,4100,0.00,4077.47,EUR,C032
NL01-2025-004932,1,2025-12-27,1200,8130.55,0.00,EUR,C017
NL01-2025-004932,2,2025-12-27,4000,0.00,6316.74,EUR,C017
NL01-2025-004932,3,2025-12-27,4100,0.00,1813.81,EUR,C017
NL01-2025-004933,1,2025-12-16,1200,24521.15,0.00,EUR,C021
NL01-2025-004933,2,2025-12-16,4000,0.00,19050.82,EUR,C021
NL01-2025-004933,3,2025-12-16,4100,0.00,5470.33,EUR,C021
NL01-2025-004934,1,2025-12-15,1200,12244.47,0.00,EUR,C029
NL01-2025-004934,2,2025-12-15,4000,0.00,9512.90,EUR,C029
NL01-2025-004934,3,2025-12-15,4100,0.00,2731.57,EUR,C029
NL01-2025-004935,1,2025-12-18,1200,3387.81,0.00,EUR,C038
NL01-2025-004935,2,2025-12-18,4000,0.00,2632.04,EUR,C038
NL01-2025-004935,3,2025-12-18,4100,0.00,755.77,EUR,C038
NL01-2025-004936,1,2025-12-22,1200,12785.39,0.00,EUR,C016
NL01-2025-004936,2,2025-12-22,4000,0.00,9933.15,EUR,C016
NL01-2025-004936,3,2025-12-22,4100,0.00,2852.24,EUR,C016
NL01-2025-004937,1,2025-12-19,1200,4530.76,0.00,EUR,C002
NL01-2025-004937,2,2025-12-19,4000,0.00,3520.01,EUR,C002
NL01-2025-004937,3,2025-12-19,4100,0.00,1010.75,EUR,C002
NL01-2025-004938,1,2025-12-08,1200,18957.86,0.00,EUR,C003
NL01-2025-004938,2,2025-12-08,4000,0.00,14728.62,EUR,C003
NL01-2025-004938,3,2025-12-08,4100,0.00,4229.24,EUR,C003
NL01-2025-004939,1,2025-12-17,1200,10027.39,0.00,EUR,C038
NL01-2025-004939,2,2025-12-17,4000,0.00,7790.42,EUR,C038
NL01-2025-004939,3,2025-12-17,4100,0.00,2236.97,EUR,C038
NL01-2025-004940,1,2025-12-07,1200,4931.41,0.00,EUR,C006
NL01-2025-004940,2,2025-12-07,4000,0.00,3831.28,EUR,C006
NL01-2025-004940,3,2025-12-07,4100,0.00,1100.13,EUR,C006
NL01-2025-004941,1,2025-12-06,1200,9026.59,0.00,EUR,C018
NL01-2025-004941,2,2025-12-06,4000,0.00,7012.88,EUR,C018
NL01-2025-004941,3,2025-12-06,4100,0.00,2013.71,EUR,C018
NL01-2025-004942,1,2025-12-26,1000,9026.59,0.00,EUR,C018
NL01-2025-004942,2,2025-12-26,1200,0.00,9026.59,EUR,C018
NL01-2025-004943,1,2025-12-02,1200,17971.61,0.00,EUR,C034
NL01-2025-004943,2,2025-12-02,4000,0.00,13962.39,EUR,C034
NL01-2025-004943,3,2025-12-02,4100,0.00,4009.22,EUR,C034
NL01-2025-004944,1,2025-12-31,1000,17971.61,0.00,EUR,C034
NL01-2025-004944,2,2025-12-31,1200,0.00,17971.61,EUR,C034
NL01-2025-004945,1,2025-12-20,1200,4521.86,0.00,EUR,C018
NL01-2025-004945,2,2025-12-20,4000,0.00,3513.10,EUR,C018
NL01-2025-004945,3,2025-12-20,4100,0.00,1008.76,EUR,C018
NL01-2025-004946,1,2025-12-10,1200,20491.14,0.00,EUR,C023
NL01-2025-004946,2,2025-12-10,4000,0.00,15919.85,EUR,C023
NL01-2025-004946,3,2025-12-10,4100,0.00,4571.29,EUR,C023
NL01-2025-004947,1,2025-12-05,1200,3169.94,0.00,EUR,C032
NL01-2025-004947,2,2025-12-05,4000,0.00,2462.77,EUR,C032
NL01-2025-004947,3,2025-12-05,4100,0.00,707.17,EUR,C032
NL01-2025-004948,1,2025-12-05,1200,4884.76,0.00,EUR,C019
NL01-2025-004948,2,2025-12-05,4000,0.00,3795.04,EUR,C019
NL01-2025-004948,3,2025-12-05,4100,0.00,1089.72,EUR,C019
NL01-2025-004949,1,2025-12-28,1000,4884.76,0.00,EUR,C019
NL01-2025-004949,2,2025-12-28,1200,0.00,4884.76,EUR,C019
NL01-2025-004950,1,2025-12-19,1200,34397.35,0.00,EUR,C004
NL01-2025-004950,2,2025-12-19,4000,0.00,26723.77,EUR,C004
NL01-2025-004950,3,2025-12-19,4100,0.00,7673.58,EUR,C004
NL01-2025-004951,1,2025-12-18,1200,3596.47,0.00,EUR,C038
NL01-2025-004951,2,2025-12-18,4000,0.00,2794.15,EUR,C038
NL01-2025-004951,3,2025-12-18,4100,0.00,802.32,EUR,C038
NL01-2025-004952,1,2025-12-09,1200,33103.47,0.00,EUR,C023
NL01-2025-004952,2,2025-12-09,4000,0.00,25718.54,EUR,C023
NL01-2025-004952,3,2025-12-09,4100,0.00,7384.93,EUR,C023
NL01-2025-004953,1,2025-12-11,1200,153543.86,0.00,EUR,C020
NL01-2025-004953,2,2025-12-11,4000,0.00,119290.34,EUR,C020
NL01-2025-004953,3,2025-12-11,4100,0.00,34253.52,EUR,C020
NL01-2025-004954,1,2025-12-11,1200,5802.83,0.00,EUR,C040
NL01-2025-004954,2,2025-12-11,4000,0.00,4508.30,EUR,C040
NL01-2025-004954,3,2025-12-11,4100,0.00,1294.53,EUR,C040
NL01-2025-004955,1,2025-12-28,1200,2458.88,0.00,EUR,C024
NL01-2025-004955,2,2025-12-28,4000,0.00,1910.34,EUR,C024
NL01-2025-004955,3,2025-12-28,4100,0.00,548.54,EUR,C024
NL01-2025-004956,1,2025-12-01,1200,4467.95,0.00,EUR,C039
NL01-2025-004956,2,2025-12-01,4000,0.00,3471.21,EUR,C039
NL01-2025-004956,3,2025-12-01,4100,0.00,996.74,EUR,C039
NL01-2025-004957,1,2025-12-29,1200,10931.48,0.00,EUR,C020
NL01-2025-004957,2,2025-12-29,4000,0.00,8492.82,EUR,C020
NL01-2025-004957,3,2025-12-29,4100,0.00,2438.66,EUR,C020
NL01-2025-004958,1,2025-12-15,1200,12765.98,0.00,EUR,C029
NL01-2025-004958,2,2025-12-15,4000,0.00,9918.07,EUR,C029
NL01-2025-004958,3,2025-12-15,4100,0.00,2847.91,EUR,C029
NL01-2025-004959,1,2025-12-15,1200,4606.02,0.00,EUR,C006
NL01-2025-004959,2,2025-12-15,4000,0.00,3578.48,EUR,C006
NL01-2025-004959,3,2025-12-15,4100,0.00,1027.54,EUR,C006
NL01-2025-004960,1,2025-12-07,1200,16421.80,0.00,EUR,C037
NL01-2025-004960,2,2025-12-07,4000,0.00,12758.32,EUR,C037
NL01-2025-004960,3,2025-12-07,4100,0.00,3663.48,EUR,C037
NL01-2025-004961,1,2025-12-13,1200,8220.87,0.00,EUR,C028
NL01-2025-004961,2,2025-12-13,4000,0.00,6386.91,EUR,C028
NL01-2025-004961,3,2025-12-13,4100,0.00,1833.96,EUR,C028
NL01-2025-004962,1,2025-12-07,1200,24463.86,0.00,EUR,C002
NL01-2025-004962,2,2025-12-07,4000,0.00,19006.31,EUR,C002
NL01-2025-004962,3,2025-12-07,4100,0.00,5457.55,EUR,C002
NL01-2025-004963,1,2025-12-01,1200,27010.49,0.00,EUR,C032
NL01-2025-004963,2,2025-12-01,4000,0.00,20984.82,EUR,C032
NL01-2025-004963,3,2025-12-01,4100,0.00,6025.67,EUR,C032
NL01-2025-004964,1,2025-12-28,1200,2020.57,0.00,EUR,C011
NL01-2025-004964,2,2025-12-28,4000,0.00,1569.81,EUR,C011
NL01-2025-004964,3,2025-12-28,4100,0.00,450.76,EUR,C011
NL01-2025-004965,1,2025-12-17,1200,15524.21,0.00,EUR,C004
NL01-2025-004965,2,2025-12-17,4000,0.00,12060.97,EUR,C004
NL01-2025-004965,3,2025-12-17,4100,0.00,3463.24,EUR,C004
NL01-2025-004966,1,2025-12-04,1200,25237.25,0.00,EUR,C037
NL01-2025-004966,2,2025-12-04,4000,0.00,19607.17,EUR,C037
NL01-2025-004966,3,2025-12-04,4100,0.00,5630.08,EUR,C037
NL01-2025-004967,1,2025-12-02,1200,10998.94,0.00,EUR,C018
NL01-2025-004967,2,2025-12-02,4000,0.00,8545.23,EUR,C018
NL01-2025-004967,3,2025-12-02,4100,0.00,2453.71,EUR,C018
NL01-2025-004968,1,2025-12-02,1200,2672.13,0.00,EUR,C002
NL01-2025-004968,2,2025-12-02,4000,0.00,2076.01,EUR,C002
NL01-2025-004968,3,2025-12-02,4100,0.00,596.12,EUR,C002
NL01-2025-004969,1,2025-12-19,1000,2672.13,0.00,EUR,C002
NL01-2025-004969,2,2025-12-19,1200,0.00,2672.13,EUR,C002
NL01-2025-004970,1,2025-12-26,1200,9495.84,0.00,EUR,C031
NL01-2025-004970,2,2025-12-26,4000,0.00,7377.45,EUR,C031
NL01-2025-004970,3,2025-12-26,4100,0.00,2118.39,EUR,C031
NL01-2025-004971,1,2025-12-25,1200,10693.77,0.00,EUR,C002
NL01-2025-004971,2,2025-12-25,4000,0.00,8308.14,EUR,C002
NL01-2025-004971,3,2025-12-25,4100,0.00,2385.63,EUR,C002
NL01-2025-004972,1,2025-12-26,1200,4943.04,0.00,EUR,C010
NL01-2025-004972,2,2025-12-26,4000,0.00,3840.32,EUR,C010
NL01-2025-004972,3,2025-12-26,4100,0.00,1102.72,EUR,C010
NL01-2025-004973,1,2025-12-19,1200,10450.98,0.00,EUR,C026
NL01-2025-004973,2,2025-12-19,4000,0.00,8119.51,EUR,C026
NL01-2025-004973,3,2025-12-19,4100,0.00,2331.47,EUR,C026
NL01-2025-004974,1,2025-12-14,1200,11884.57,0.00,EUR,C011
NL01-2025-004974,2,2025-12-14,4000,0.00,9233.29,EUR,C011
NL01-2025-004974,3,2025-12-14,4100,0.00,2651.28,EUR,C011
NL01-2025-004975,1,2025-12-12,1200,20741.08,0.00,EUR,C039
NL01-2025-004975,2,2025-12-12,4000,0.00,16114.03,EUR,C039
NL01-2025-004975,3,2025-12-12,4100,0.00,4627.05,EUR,C039
NL01-2025-004976,1,2025-12-25,1200,28968.52,0.00,EUR,C035
NL01-2025-004976,2,2025-12-25,4000,0.00,22506.04,EUR,C035
NL01-2025-004976,3,2025-12-25,4100,0.00,6462.48,EUR,C035
NL01-2025-004977,1,2025-12-27,1200,3550.51,0.00,EUR,C028
NL01-2025-004977,2,2025-12-27,4000,0.00,2758.44,EUR,C028
NL01-2025-004977,3,2025-12-27,4100,0.00,792.07,EUR,C028
NL01-2025-004978,1,2025-12-09,1200,725.82,0.00,EUR,C017
NL01-2025-004978,2,2025-12-09,4000,0.00,563.90,EUR,C017
NL01-2025-004978,3,2025-12-09,4100,0.00,161.92,EUR,C017
NL01-2025-004979,1,2025-12-23,1200,1460.27,0.00,EUR,C019
NL01-2025-004979,2,2025-12-23,4000,0.00,1134.50,EUR,C019
NL01-2025-004979,3,2025-12-23,4100,0.00,325.77,EUR,C019
NL01-2025-004980,1,2025-12-13,1200,1328.74,0.00,EUR,C034
NL01-2025-004980,2,2025-12-13,4000,0.00,1032.32,EUR,C034
NL01-2025-004980,3,2025-12-13,4100,0.00,296.42,EUR,C034
NL01-2025-004981,1,2025-12-23,1200,25043.11,0.00,EUR,C028
NL01-2025-004981,2,2025-12-23,4000,0.00,19456.34,EUR,C028
NL01-2025-004981,3,2025-12-23,4100,0.00,5586.77,EUR,C028
NL01-2025-004982,1,2025-12-07,1200,13110.81,0.00,EUR,C027
NL01-2025-004982,2,2025-12-07,4000,0.00,10185.97,EUR,C027
NL01-2025-004982,3,2025-12-07,4100,0.00,2924.84,EUR,C027
NL01-2025-004983,1,2025-12-10,1200,6965.31,0.00,EUR,C022
NL01-2025-004983,2,2025-12-10,4000,0.00,5411.45,EUR,C022
NL01-2025-004983,3,2025-12-10,4100,0.00,1553.86,EUR,C022
NL01-2025-004984,1,2025-12-13,1200,1108.14,0.00,EUR,C017
NL01-2025-004984,2,2025-12-13,4000,0.00,860.93,EUR,C017
NL01-2025-004984,3,2025-12-13,4100,0.00,247.21,EUR,C017
NL01-2025-004985,1,2025-12-25,1200,694.64,0.00,EUR,C015
NL01-2025-004985,2,2025-12-25,4000,0.00,539.68,EUR,C015
NL01-2025-004985,3,2025-12-25,4100,0.00,154.96,EUR,C015
NL01-2025-004986,1,2025-12-26,1200,15696.70,0.00,EUR,C031
NL01-2025-004986,2,2025-12-26,4000,0.00,12194.98,EUR,C031
NL01-2025-004986,3,2025-12-26,4100,0.00,3501.72,EUR,C031
NL01-2025-004987,1,2025-12-20,1200,2971.25,0.00,EUR,C008
NL01-2025-004987,2,2025-12-20,4000,0.00,2308.40,EUR,C008
NL01-2025-004987,3,2025-12-20,4100,0.00,662.85,EUR,C008
NL01-2025-004988,1,2025-12-03,1200,9601.02,0.00,EUR,C032
NL01-2025-004988,2,2025-12-03,4000,0.00,7459.16,EUR,C032
NL01-2025-004988,3,2025-12-03,4100,0.00,2141.86,EUR,C032
NL01-2025-004989,1,2025-12-27,1000,9601.02,0.00,EUR,C032
NL01-2025-004989,2,2025-12-27,1200,0.00,9601.02,EUR,C032
NL01-2025-004990,1,2025-12-15,1200,8396.77,0.00,EUR,C004
NL01-2025-004990,2,2025-12-15,4000,0.00,6523.57,EUR,C004
NL01-2025-004990,3,2025-12-15,4100,0.00,1873.20,EUR,C004
NL01-2025-004991,1,2025-12-02,1200,8573.50,0.00,EUR,C025
NL01-2025-004991,2,2025-12-02,4000,0.00,6660.87,EUR,C025
NL01-2025-004991,3,2025-12-02,4100,0.00,1912.63,EUR,C025
NL01-2025-004992,1,2025-12-27,1200,8727.09,0.00,EUR,C029
NL01-2025-004992,2,2025-12-27,4000,0.00,6780.20,EUR,C029
NL01-2025-004992,3,2025-12-27,4100,0.00,1946.89,EUR,C029
NL01-2025-004993,1,2025-12-17,1200,8439.37,0.00,EUR,C029
NL01-2025-004993,2,2025-12-17,4000,0.00,6556.66,EUR,C029
NL01-2025-004993,3,2025-12-17,4100,0.00,1882.71,EUR,C029
NL01-2025-004994,1,2025-12-31,1200,4363.59,0.00,EUR,C039
NL01-2025-004994,2,2025-12-31,4000,0.00,3390.13,EUR,C039
NL01-2025-004994,3,2025-12-31,4100,0.00,973.46,EUR,C039
NL01-2025-004995,1,2025-12-01,1200,4805.66,0.00,EUR,C032
NL01-2025-004995,2,2025-12-01,4000,0.00,3733.58,EUR,C032
NL01-2025-004995,3,2025-12-01,4100,0.00,1072.08,EUR,C032
NL01-2025-004996,1,2025-12-04,1200,11564.02,0.00,EUR,C024
NL01-2025-004996,2,2025-12-04,4000,0.00,8984.25,EUR,C024
NL01-2025-004996,3,2025-12-04,4100,0.00,2579.77,EUR,C024
NL01-2025-004997,1,2025-12-14,1200,9775.87,0.00,EUR,C035
NL01-2025-004997,2,2025-12-14,4000,0.00,7595.01,EUR,C035
NL01-2025-004997,3,2025-12-14,4100,0.00,2180.86,EUR,C035
NL01-2025-004998,1,2025-12-02,1200,18130.69,0.00,EUR,C024
NL01-2025-004998,2,2025-12-02,4000,0.00,14085.98,EUR,C024
NL01-2025-004998,3,2025-12-02,4100,0.00,4044.71,EUR,C024
NL01-2025-004999,1,2025-12-25,1200,7175.16,0.00,EUR,C023
NL01-2025-004999,2,2025-12-25,4000,0.00,5574.48,EUR,C023
NL01-2025-004999,3,2025-12-25,4100,0.00,1600.68,EUR,C023
NL01-2025-005000,1,2025-12-02,1200,28610.73,0.00,EUR,C013
NL01-2025-005000,2,2025-12-02,4000,0.00,22228.07,EUR,C013
NL01-2025-005000,3,2025-12-02,4100,0.00,6382.66,EUR,C013
NL01-2025-005001,1,2025-12-30,1000,28610.73,0.00,EUR,C013
NL01-2025-005001,2,2025-12-30,1200,0.00,28610.73,EUR,C013
NL01-2025-005002,1,2025-12-24,1200,12440.26,0.00,EUR,C024
NL01-2025-005002,2,2025-12-24,4000,0.00,9665.01,EUR,C024
NL01-2025-005002,3,2025-12-24,4100,0.00,2775.25,EUR,C024
NL01-2025-005003,1,2025-12-01,1200,49130.45,0.00,EUR,C017
NL01-2025-005003,2,2025-12-01,4000,0.00,38170.12,EUR,C017
NL01-2025-005003,3,2025-12-01,4100,0.00,10960.33,EUR,C017
NL01-2025-005004,1,2025-12-28,1200,3387.44,0.00,EUR,C004
NL01-2025-005004,2,2025-12-28,4000,0.00,2631.75,EUR,C004
NL01-2025-005004,3,2025-12-28,4100,0.00,755.69,EUR,C004
NL01-2025-005005,1,2025-12-01,1200,7479.25,0.00,EUR,C002
NL01-2025-005005,2,2025-12-01,4000,0.00,5810.73,EUR,C002
NL01-2025-005005,3,2025-12-01,4100,0.00,1668.52,EUR,C002
NL01-2025-005006,1,2025-12-14,1200,7930.25,0.00,EUR,C013
NL01-2025-005006,2,2025-12-14,4000,0.00,6161.12,EUR,C013
NL01-2025-005006,3,2025-12-14,4100,0.00,1769.13,EUR,C013
NL01-2025-005007,1,2025-12-24,1200,32687.51,0.00,EUR,C024
NL01-2025-005007,2,2025-12-24,4000,0.00,25395.38,EUR,C024
NL01-2025-005007,3,2025-12-24,4100,0.00,7292.13,EUR,C024
NL01-2025-005008,1,2025-12-11,1200,5001.99,0.00,EUR,C040
NL01-2025-005008,2,2025-12-11,4000,0.00,3886.11,EUR,C040
NL01-2025-005008,3,2025-12-11,4100,0.00,1115.88,EUR,C040
NL01-2025-005009,1,2025-12-31,1200,4995.53,0.00,EUR,C021
NL01-2025-005009,2,2025-12-31,4000,0.00,3881.10,EUR,C021
NL01-2025-005009,3,2025-12-31,4100,0.00,1114.43,EUR,C021
NL01-2025-005010,1,2025-12-01,1200,4476.46,0.00,EUR,C037
NL01-2025-005010,2,2025-12-01,4000,0.00,3477.82,EUR,C037
NL01-2025-005010,3,2025-12-01,4100,0.00,998.64,EUR,C037
NL01-2025-005011,1,2025-12-31,1000,4476.46,0.00,EUR,C037
NL01-2025-005011,2,2025-12-31,1200,0.00,4476.46,EUR,C037
NL01-2025-005012,1,2025-12-22,1200,25450.47,0.00,EUR,C015
NL01-2025-005012,2,2025-12-22,4000,0.00,19772.82,EUR,C015
NL01-2025-005012,3,2025-12-22,4100,0.00,5677.65,EUR,C015
NL01-2025-005013,1,2025-12-19,1200,18118.87,0.00,EUR,C031
NL01-2025-005013,2,2025-12-19,4000,0.00,14076.80,EUR,C031
NL01-2025-005013,3,2025-12-19,4100,0.00,4042.07,EUR,C031
NL01-2025-005014,1,2025-12-20,1200,4992.24,0.00,EUR,C001
NL01-2025-005014,2,2025-12-20,4000,0.00,3878.54,EUR,C001
NL01-2025-005014,3,2025-12-20,4100,0.00,1113.70,EUR,C001
NL01-2025-005015,1,2025-12-08,1200,3082.31,0.00,EUR,C013
NL01-2025-005015,2,2025-12-08,4000,0.00,2394.69,EUR,C013
NL01-2025-005015,3,2025-12-08,4100,0.00,687.62,EUR,C013
NL01-2025-005016,1,2025-12-13,1200,3756.53,0.00,EUR,C040
NL01-2025-005016,2,2025-12-13,4000,0.00,2918.50,EUR,C040
NL01-2025-005016,3,2025-12-13,4100,0.00,838.03,EUR,C040
NL01-2025-005017,1,2025-12-09,1200,5651.64,0.00,EUR,C024
NL01-2025-005017,2,2025-12-09,4000,0.00,4390.84,EUR,C024
NL01-2025-005017,3,2025-12-09,4100,0.00,1260.80,EUR,C024
NL01-2025-005018,1,2025-12-05,1200,17518.40,0.00,EUR,C006
NL01-2025-005018,2,2025-12-05,4000,0.00,13610.29,EUR,C006
NL01-2025-005018,3,2025-12-05,4100,0.00,3908.11,EUR,C006
NL01-2025-005019,1,2025-12-21,1200,22261.36,0.00,EUR,C033
NL01-2025-005019,2,2025-12-21,4000,0.00,17295.16,EUR,C033
NL01-2025-005019,3,2025-12-21,4100,0.00,4966.20,EUR,C033
NL01-2025-005020,1,2025-12-28,1200,2986.18,0.00,EUR,C027
NL01-2025-005020,2,2025-12-28,4000,0.00,2320.00,EUR,C027
NL01-2025-005020,3,2025-12-28,4100,0.00,666.18,EUR,C027
NL01-2025-005021,1,2025-12-14,1200,7323.43,0.00,EUR,C001
NL01-2025-005021,2,2025-12-14,4000,0.00,5689.67,EUR,C001
NL01-2025-005021,3,2025-12-14,4100,0.00,1633.76,EUR,C001
NL01-2025-005022,1,2025-12-27,1200,15454.59,0.00,EUR,C019
NL01-2025-005022,2,2025-12-27,4000,0.00,12006.88,EUR,C019
NL01-2025-005022,3,2025-12-27,4100,0.00,3447.71,EUR,C019
NL01-2025-005023,1,2025-12-24,1200,8988.23,0.00,EUR,C031
NL01-2025-005023,2,2025-12-24,4000,0.00,6983.08,EUR,C031
NL01-2025-005023,3,2025-12-24,4100,0.00,2005.15,EUR,C031
NL01-2025-005024,1,2025-12-26,1200,19775.50,0.00,EUR,C036
NL01-2025-005024,2,2025-12-26,4000,0.00,15363.86,EUR,C036
NL01-2025-005024,3,2025-12-26,4100,0.00,4411.64,EUR,C036
NL01-2025-005025,1,2025-12-31,1200,14891.20,0.00,EUR,C038
NL01-2025-005025,2,2025-12-31,4000,0.00,11569.18,EUR,C038
NL01-2025-005025,3,2025-12-31,4100,0.00,3322.02,EUR,C038
NL01-2025-005026,1,2025-12-31,1200,36229.96,0.00,EUR,C038
NL01-2025-005026,2,2025-12-31,4000,0.00,28147.55,EUR,C038
NL01-2025-005026,3,2025-12-31,4100,0.00,8082.41,EUR,C038
NL01-2025-005027,1,2025-12-03,1200,941.78,0.00,EUR,C025
NL01-2025-005027,2,2025-12-03,4000,0.00,731.68,EUR,C025
NL01-2025-005027,3,2025-12-03,4100,0.00,210.10,EUR,C025
NL01-2025-005028,1,2025-12-27,1200,5040.93,0.00,EUR,C034
NL01-2025-005028,2,2025-12-27,4000,0.00,3916.37,EUR,C034
NL01-2025-005028,3,2025-12-27,4100,0.00,1124.56,EUR,C034
NL01-2025-005029,1,2025-12-06,1200,3192.18,0.00,EUR,C030
NL01-2025-005029,2,2025-12-06,4000,0.00,2480.05,EUR,C030
NL01-2025-005029,3,2025-12-06,4100,0.00,712.13,EUR,C030
NL01-2025-005030,1,2025-12-29,1000,3192.18,0.00,EUR,C030
NL01-2025-005030,2,2025-12-29,1200,0.00,3192.18,EUR,C030
NL01-2025-005031,1,2025-12-15,1200,5148.37,0.00,EUR,C023
NL01-2025-005031,2,2025-12-15,4000,0.00,3999.84,EUR,C023
NL01-2025-005031,3,2025-12-15,4100,0.00,1148.53,EUR,C023
NL01-2025-005032,1,2025-12-12,1200,21251.24,0.00,EUR,C026
NL01-2025-005032,2,2025-12-12,4000,0.00,16510.38,EUR,C026
NL01-2025-005032,3,2025-12-12,4100,0.00,4740.86,EUR,C026
NL01-2025-005033,1,2025-12-09,1200,19585.67,0.00,EUR,C038
NL01-2025-005033,2,2025-12-09,4000,0.00,15216.38,EUR,C038
NL01-2025-005033,3,2025-12-09,4100,0.00,4369.29,EUR,C038
NL01-2025-005034,1,2025-12-10,1200,3338.54,0.00,EUR,C009
NL01-2025-005034,2,2025-12-10,4000,0.00,2593.76,EUR,C009
NL01-2025-005034,3,2025-12-10,4100,0.00,744.78,EUR,C009
NL01-2025-005035,1,2025-12-25,1200,10687.60,0.00,EUR,C029
NL01-2025-005035,2,2025-12-25,4000,0.00,8303.34,EUR,C029
NL01-2025-005035,3,2025-12-25,4100,0.00,2384.26,EUR,C029
NL01-2025-005036,1,2025-12-18,1200,6063.99,0.00,EUR,C039
NL01-2025-005036,2,2025-12-18,4000,0.00,4711.20,EUR,C039
NL01-2025-005036,3,2025-12-18,4100,0.00,1352.79,EUR,C039
NL01-2025-005037,1,2025-12-03,1200,3733.86,0.00,EUR,C001
NL01-2025-005037,2,2025-12-03,4000,0.00,2900.89,EUR,C001
NL01-2025-005037,3,2025-12-03,4100,0.00,832.97,EUR,C001
NL01-2025-005038,1,2025-12-25,1000,3733.86,0.00,EUR,C001
NL01-2025-005038,2,2025-12-25,1200,0.00,3733.86,EUR,C001
NL01-2025-005039,1,2025-12-12,1200,4113.66,0.00,EUR,C020
NL01-2025-005039,2,2025-12-12,4000,0.00,3195.96,EUR,C020
NL01-2025-005039,3,2025-12-12,4100,0.00,917.70,EUR,C020
NL01-2025-005040,1,2025-12-20,1200,5374.57,0.00,EUR,C036
NL01-2025-005040,2,2025-12-20,4000,0.00,4175.58,EUR,C036
NL01-2025-005040,3,2025-12-20,4100,0.00,1198.99,EUR,C036
NL01-2025-005041,1,2025-12-28,1200,5926.58,0.00,EUR,C011
NL01-2025-005041,2,2025-12-28,4000,0.00,4604.44,EUR,C011
NL01-2025-005041,3,2025-12-28,4100,0.00,1322.14,EUR,C011
NL01-2025-005042,1,2025-12-18,1200,14576.40,0.00,EUR,C009
NL01-2025-005042,2,2025-12-18,4000,0.00,11324.61,EUR,C009
NL01-2025-005042,3,2025-12-18,4100,0.00,3251.79,EUR,C009
NL01-2025-005043,1,2025-12-14,1200,1271.56,0.00,EUR,C018
NL01-2025-005043,2,2025-12-14,4000,0.00,987.89,EUR,C018
NL01-2025-005043,3,2025-12-14,4100,0.00,283.67,EUR,C018
NL01-2025-005044,1,2025-12-27,1200,4284.11,0.00,EUR,C021
NL01-2025-005044,2,2025-12-27,4000,0.00,3328.38,EUR,C021
NL01-2025-005044,3,2025-12-27,4100,0.00,955.73,EUR,C021
NL01-2025-005045,1,2025-12-07,1200,3172.07,0.00,EUR,C012
NL01-2025-005045,2,2025-12-07,4000,0.00,2464.42,EUR,C012
NL01-2025-005045,3,2025-12-07,4100,0.00,707.65,EUR,C012
NL01-2025-005046,1,2025-12-26,1200,9952.21,0.00,EUR,C013
NL01-2025-005046,2,2025-12-26,4000,0.00,7732.01,EUR,C013
NL01-2025-005046,3,2025-12-26,4100,0.00,2220.20,EUR,C013
NL01-2025-005047,1,2025-12-05,1200,21346.55,0.00,EUR,C040
NL01-2025-005047,2,2025-12-05,4000,0.00,16584.43,EUR,C040
NL01-2025-005047,3,2025-12-05,4100,0.00,4762.12,EUR,C040
NL01-2025-005048,1,2025-12-29,1200,4616.05,0.00,EUR,C040
NL01-2025-005048,2,2025-12-29,4000,0.00,3586.27,EUR,C040
NL01-2025-005048,3,2025-12-29,4100,0.00,1029.78,EUR,C040
NL01-2025-005049,1,2025-12-05,1200,13671.50,0.00,EUR,C034
NL01-2025-005049,2,2025-12-05,4000,0.00,10621.58,EUR,C034
NL01-2025-005049,3,2025-12-05,4100,0.00,3049.92,EUR,C034
NL01-2025-005050,1,2025-12-01,1200,7801.54,0.00,EUR,C012
NL01-2025-005050,2,2025-12-01,4000,0.00,6061.12,EUR,C012
NL01-2025-005050,3,2025-12-01,4100,0.00,1740.42,EUR,C012
NL01-2025-005051,1,2025-12-04,1200,5989.19,0.00,EUR,C031
NL01-2025-005051,2,2025-12-04,4000,0.00,4653.08,EUR,C031
NL01-2025-005051,3,2025-12-04,4100,0.00,1336.11,EUR,C031
NL01-2025-005052,1,2025-12-31,1000,5989.19,0.00,EUR,C031
NL01-2025-005052,2,2025-12-31,1200,0.00,5989.19,EUR,C031
NL01-2025-005053,1,2025-12-09,1200,11373.27,0.00,EUR,C020
NL01-2025-005053,2,2025-12-09,4000,0.00,8836.05,EUR,C020
NL01-2025-005053,3,2025-12-09,4100,0.00,2537.22,EUR,C020
NL01-2025-005054,1,2025-12-29,1200,55270.36,0.00,EUR,C028
NL01-2025-005054,2,2025-12-29,4000,0.00,42940.30,EUR,C028
NL01-2025-005054,3,2025-12-29,4100,0.00,12330.06,EUR,C028
NL01-2025-005055,1,2025-12-27,1200,3957.93,0.00,EUR,C026
NL01-2025-005055,2,2025-12-27,4000,0.00,3074.97,EUR,C026
NL01-2025-005055,3,2025-12-27,4100,0.00,882.96,EUR,C026
NL01-2025-005056,1,2025-12-20,1200,8015.02,0.00,EUR,C024
NL01-2025-005056,2,2025-12-20,4000,0.00,6226.98,EUR,C024
NL01-2025-005056,3,2025-12-20,4100,0.00,1788.04,EUR,C024
NL01-2025-005057,1,2025-12-03,1200,4625.60,0.00,EUR,C010
NL01-2025-005057,2,2025-12-03,4000,0.00,3593.69,EUR,C010
NL01-2025-005057,3,2025-12-03,4100,0.00,1031.91,EUR,C010
NL01-2025-005058,1,2025-12-22,1000,4625.60,0.00,EUR,C010
NL01-2025-005058,2,2025-12-22,1200,0.00,4625.60,EUR,C010
NL01-2025-005059,1,2025-12-16,1200,5724.75,0.00,EUR,C018
NL01-2025-005059,2,2025-12-16,4000,0.00,4447.64,EUR,C018
NL01-2025-005059,3,2025-12-16,4100,0.00,1277.11,EUR,C018
NL01-2025-005060,1,2025-12-12,1200,2584.96,0.00,EUR,C012
NL01-2025-005060,2,2025-12-12,4000,0.00,2008.29,EUR,C012
NL01-2025-005060,3,2025-12-12,4100,0.00,576.67,EUR,C012
NL01-2025-005061,1,2025-12-08,1200,11336.74,0.00,EUR,C022
NL01-2025-005061,2,2025-12-08,4000,0.00,8807.67,EUR,C022
NL01-2025-005061,3,2025-12-08,4100,0.00,2529.07,EUR,C022
NL01-2025-005062,1,2025-12-22,1200,9494.29,0.00,EUR,C037
NL01-2025-005062,2,2025-12-22,4000,0.00,7376.24,EUR,C037
NL01-2025-005062,3,2025-12-22,4100,0.00,2118.05,EUR,C037
NL01-2025-005063,1,2025-12-19,1200,25682.90,0.00,EUR,C019
NL01-2025-005063,2,2025-12-19,4000,0.00,19953.40,EUR,C019
NL01-2025-005063,3,2025-12-19,4100,0.00,5729.50,EUR,C019
NL01-2025-005064,1,2025-12-05,1300,186863.05,0.00,EUR,V017
NL01-2025-005064,2,2025-12-05,2100,0.00,186863.05,EUR,V017
NL01-2025-005065,1,2025-12-29,2100,186863.05,0.00,EUR,V017
NL01-2025-005065,2,2025-12-29,1000,0.00,186863.05,EUR,V017
NL01-2025-005066,1,2025-12-02,1300,78371.77,0.00,EUR,V004
NL01-2025-005066,2,2025-12-02,2100,0.00,78371.77,EUR,V004
NL01-2025-005067,1,2025-12-15,2100,78371.77,0.00,EUR,V004
NL01-2025-005067,2,2025-12-15,1000,0.00,78371.77,EUR,V004
NL01-2025-005068,1,2025-12-19,1300,450452.40,0.00,EUR,V001
NL01-2025-005068,2,2025-12-19,2100,0.00,450452.40,EUR,V001
NL01-2025-005069,1,2025-12-31,5000,725445.25,0.00,EUR,
NL01-2025-005069,2,2025-12-31,1300,0.00,725445.25,EUR,
NL01-2025-005070,1,2025-12-18,6100,87414.56,0.00,EUR,V029
NL01-2025-005070,2,2025-12-18,2100,0.00,87414.56,EUR,V029
NL01-2025-005071,1,2025-12-03,6200,72614.66,0.00,EUR,V029
NL01-2025-005071,2,2025-12-03,2100,0.00,72614.66,EUR,V029
NL01-2025-005072,1,2025-12-29,2100,72614.66,0.00,EUR,V029
NL01-2025-005072,2,2025-12-29,1000,0.00,72614.66,EUR,V029
NL01-2025-005073,1,2025-12-18,6300,28046.87,0.00,EUR,V031
NL01-2025-005073,2,2025-12-18,2100,0.00,28046.87,EUR,V031
NL01-2025-005074,1,2025-12-05,6400,40104.57,0.00,EUR,V057
NL01-2025-005074,2,2025-12-05,2100,0.00,40104.57,EUR,V057
NL01-2025-005075,1,2025-12-24,2100,40104.57,0.00,EUR,V057
NL01-2025-005075,2,2025-12-24,1000,0.00,40104.57,EUR,V057
NL01-2025-005076,1,2025-12-25,6000,394344.63,0.00,EUR,
NL01-2025-005076,2,2025-12-25,1000,0.00,394344.63,EUR,
NL01-2025-005077,1,2025-12-31,6900,15625.00,0.00,EUR,
NL01-2025-005077,2,2025-12-31,1590,0.00,15625.00,EUR,
