doc_id,line_no,posting_date,account,debit,credit,currency,partner_id
PL01-2024-000001,1,2024-01-01,1000 ,2400000.00,0.00,PLN,
PL01-2024-000001,2,2024-01-01,1300 ,2900000.00,0.00,PLN,
PL01-2024-000001,3,2024-01-01,1500 ,4100000.00,0.00,PLN,
PL01-2024-000001,4,2024-01-01,3000 ,0.00,9400000.00,PLN,
PL01-2024-000002,1,2024-01-27,1200 ,31913.66,0.00,PLN,C011
PL01-2024-000002,2,2024-01-27,4000 ,0.00,27899.50,PLN,C011
PL01-2024-000002,3,2024-01-27,4100 ,0.00,4014.16,PLN,C011
PL01-2024-000003,1,2024-03-04,1000 ,31913.66,0.00,PLN,C011
PL01-2024-000003,2,2024-03-04,1200 ,0.00,31913.66,PLN,C011
PL01-2024-000004,1,2024-01-01,1200 ,26052.02,0.00,PLN,C037
PL01-2024-000004,2,2024-01-01,4000 ,0.00,22775.15,PLN,C037
PL01-2024-000004,3,2024-01-01,4100 ,0.00,3276.87,PLN,C037
PL01-2024-000005,1,2024-02-25,1000 ,26052.02,0.00,PLN,C037
PL01-2024-000005,2,2024-02-25,1200 ,0.00,26052.02,PLN,C037
PL01-2024-000006,1,2024-01-15,1200 ,34085.83,0.00,PLN,C040
PL01-2024-000006,2,2024-01-15,4000 ,0.00,29798.45,PLN,C040
PL01-2024-000006,3,2024-01-15,4100 ,0.00,4287.38,PLN,C040
PL01-2024-000007,1,2024-03-05,1000 ,34085.83,0.00,PLN,C040
PL01-2024-000007,2,2024-03-05,1200 ,0.00,34085.83,PLN,C040
PL01-2024-000008,1,2024-01-10,1200 ,8280.86,0.00,PLN,C018
PL01-2024-000008,2,2024-01-10,4000 ,0.00,7239.28,PLN,C018
PL01-2024-000008,3,2024-01-10,4100 ,0.00,1041.58,PLN,C018
PL01-2024-000009,1,2024-02-07,1000 ,8280.86,0.00,PLN,C018
PL01-2024-000009,2,2024-02-07,1200 ,0.00,8280.86,PLN,C018
PL01-2024-000010,1,2024-01-26,1200 ,65439.66,0.00,PLN,C018
PL01-2024-000010,2,2024-01-26,4000 ,0.00,57208.53,PLN,C018
PL01-2024-000010,3,2024-01-26,4100 ,0.00,8231.13,PLN,C018
PL01-2024-000011,1,2024-03-29,1000 ,65439.66,0.00,PLN,C018
PL01-2024-000011,2,2024-03-29,1200 ,0.00,65439.66,PLN,C018
PL01-2024-000012,1,2024-01-29,1200 ,10620.66,0.00,PLN,C008
PL01-2024-000012,2,2024-01-29,4000 ,0.00,9284.77,PLN,C008
PL01-2024-000012,3,2024-01-29,4100 ,0.00,1335.89,PLN,C008
PL01-2024-000013,1,2024-03-26,1000 ,10620.66,0.00,PLN,C008
PL01-2024-000013,2,2024-03-26,1200 ,0.00,10620.66,PLN,C008
PL01-2024-000014,1,2024-01-12,1200 ,7567.64,0.00,PLN,C003
PL01-2024-000014,2,2024-01-12,4000 ,0.00,6615.77,PLN,C003
PL01-2024-000014,3,2024-01-12,4100 ,0.00,951.87,PLN,C003
PL01-2024-000015,1,2024-02-03,1000 ,7567.64,0.00,PLN,C003
PL01-2024-000015,2,2024-02-03,1200 ,0.00,7567.64,PLN,C003
PL01-2024-000016,1,2024-01-18,1200 ,34562.01,0.00,PLN,C034
PL01-2024-000016,2,2024-01-18,4000 ,0.00,30214.73,PLN,C034
PL01-2024-000016,3,2024-01-18,4100 ,0.00,4347.28,PLN,C034
PL01-2024-000017,1,2024-03-21,1000 ,34562.01,0.00,PLN,C034
PL01-2024-000017,2,2024-03-21,1200 ,0.00,34562.01,PLN,C034
PL01-2024-000018,1,2024-01-23,1200 ,18014.22,0.00,PLN,C015
PL01-2024-000018,2,2024-01-23,4000 ,0.00,15748.36,PLN,C015
PL01-2024-000018,3,2024-01-23,4100 ,0.00,2265.86,PLN,C015
PL01-2024-000019,1,2024-03-06,1000 ,18014.22,0.00,PLN,C015
PL01-2024-000019,2,2024-03-06,1200 ,0.00,18014.22,PLN,C015
PL01-2024-000020,1,2024-01-10,1200 ,31475.39,0.00,PLN,C036
PL01-2024-000020,2,2024-01-10,4000 ,0.00,27516.35,PLN,C036
PL01-2024-000020,3,2024-01-10,4100 ,0.00,3959.04,PLN,C036
PL01-2024-000021,1,2024-02-22,1000 ,31475.39,0.00,PLN,C036
PL01-2024-000021,2,2024-02-22,1200 ,0.00,31475.39,PLN,C036
PL01-2024-000022,1,2024-01-22,1200 ,14597.13,0.00,PLN,C001
PL01-2024-000022,2,2024-01-22,4000 ,0.00,12761.07,PLN,C001
PL01-2024-000022,3,2024-01-22,4100 ,0.00,1836.06,PLN,C001
PL01-2024-000023,1,2024-03-08,1000 ,14597.13,0.00,PLN,C001
PL01-2024-000023,2,2024-03-08,1200 ,0.00,14597.13,PLN,C001
PL01-2024-000024,1,2024-01-07,1200 ,10661.10,0.00,PLN,C021
PL01-2024-000024,2,2024-01-07,4000 ,0.00,9320.13,PLN,C021
PL01-2024-000024,3,2024-01-07,4100 ,0.00,1340.97,PLN,C021
PL01-2024-000025,1,2024-02-12,1000 ,10661.10,0.00,PLN,C021
PL01-2024-000025,2,2024-02-12,1200 ,0.00,10661.10,PLN,C021
PL01-2024-000026,1,2024-01-10,1200 ,8924.10,0.00,PLN,C038
PL01-2024-000026,2,2024-01-10,4000 ,0.00,7801.61,PLN,C038
PL01-2024-000026,3,2024-01-10,4100 ,0.00,1122.49,PLN,C038
PL01-2024-000027,1,2024-02-01,1000 ,8924.10,0.00,PLN,C038
PL01-2024-000027,2,2024-02-01,1200 ,0.00,8924.10,PLN,C038
PL01-2024-000028,1,2024-01-15,1200 ,79782.12,0.00,PLN,C025
PL01-2024-000028,2,2024-01-15,4000 ,0.00,69746.97,PLN,C025
PL01-2024-000028,3,2024-01-15,4100 ,0.00,10035.15,PLN,C025
PL01-2024-000029,1,2024-02-25,1000 ,79782.12,0.00,PLN,C025
PL01-2024-000029,2,2024-02-25,1200 ,0.00,79782.12,PLN,C025
PL01-2024-000030,1,2024-01-25,1200 ,4181.16,0.00,PLN,C027
PL01-2024-000030,2,2024-01-25,4000 ,0.00,3655.25,PLN,C027
PL01-2024-000030,3,2024-01-25,4100 ,0.00,525.91,PLN,C027
PL01-2024-000031,1,2024-02-27,1000 ,4181.16,0.00,PLN,C027
PL01-2024-000031,2,2024-02-27,1200 ,0.00,4181.16,PLN,C027
PL01-2024-000032,1,2024-01-21,1200 ,6192.68,0.00,PLN,C017
PL01-2024-000032,2,2024-01-21,4000 ,0.00,5413.75,PLN,C017
PL01-2024-000032,3,2024-01-21,4100 ,0.00,778.93,PLN,C017
PL01-2024-000033,1,2024-03-01,1000 ,6192.68,0.00,PLN,C017
PL01-2024-000033,2,2024-03-01,1200 ,0.00,6192.68,PLN,C017
PL01-2024-000034,1,2024-01-12,1200 ,45744.55,0.00,PLN,C024
PL01-2024-000034,2,2024-01-12,4000 ,0.00,39990.71,PLN,C024
PL01-2024-000034,3,2024-01-12,4100 ,0.00,5753.84,PLN,C024
PL01-2024-000035,1,2024-03-04,1000 ,45744.55,0.00,PLN,C024
PL01-2024-000035,2,2024-03-04,1200 ,0.00,45744.55,PLN,C024
PL01-2024-000036,1,2024-01-17,1200 ,8152.82,0.00,PLN,C021
PL01-2024-000036,2,2024-01-17,4000 ,0.00,7127.34,PLN,C021
PL01-2024-000036,3,2024-01-17,4100 ,0.00,1025.48,PLN,C021
PL01-2024-000037,1,2024-05-06,1000 ,8152.82,0.00,PLN,C021
PL01-2024-000037,2,2024-05-06,1200 ,0.00,8152.82,PLN,C021
PL01-2024-000038,1,2024-01-21,1200 ,28823.03,0.00,PLN,C009
PL01-2024-000038,2,2024-01-21,4000 ,0.00,25197.61,PLN,C009
PL01-2024-000038,3,2024-01-21,4100 ,0.00,3625.42,PLN,C009
PL01-2024-000039,1,2024-03-16,1000 ,28823.03,0.00,PLN,C009
PL01-2024-000039,2,2024-03-16,1200 ,0.00,28823.03,PLN,C009
PL01-2024-000040,1,2024-01-01,1200 ,6383.81,0.00,PLN,C010
PL01-2024-000040,2,2024-01-01,4000 ,0.00,5580.84,PLN,C010
PL01-2024-000040,3,2024-01-01,4100 ,0.00,802.97,PLN,C010
PL01-2024-000041,1,2024-02-19,1000 ,6383.81,0.00,PLN,C010
PL01-2024-000041,2,2024-02-19,1200 ,0.00,6383.81,PLN,C010
PL01-2024-000042,1,2024-01-08,1200 ,30121.98,0.00,PLN,C019
PL01-2024-000042,2,2024-01-08,4000 ,0.00,26333.18,PLN,C019
PL01-2024-000042,3,2024-01-08,4100 ,0.00,3788.80,PLN,C019
PL01-2024-000043,1,2024-02-27,1000 ,30121.98,0.00,PLN,C019
PL01-2024-000043,2,2024-02-27,1200 ,0.00,30121.98,PLN,C019
PL01-2024-000044,1,2024-01-01,1200 ,16070.24,0.00,PLN,C007
PL01-2024-000044,2,2024-01-01,4000 ,0.00,14048.89,PLN,C007
PL01-2024-000044,3,2024-01-01,4100 ,0.00,2021.35,PLN,C007
PL01-2024-000045,1,2024-03-12,1000 ,16070.24,0.00,PLN,C007
PL01-2024-000045,2,2024-03-12,1200 ,0.00,16070.24,PLN,C007
PL01-2024-000046,1,2024-01-30,1200 ,38523.47,0.00,PLN,C031
PL01-2024-000046,2,2024-01-30,4000 ,0.00,33677.91,PLN,C031
PL01-2024-000046,3,2024-01-30,4100 ,0.00,4845.56,PLN,C031
PL01-2024-000047,1,2024-03-08,1000 ,38523.47,0.00,PLN,C031
PL01-2024-000047,2,2024-03-08,1200 ,0.00,38523.47,PLN,C031
PL01-2024-000048,1,2024-01-23,1200 ,12209.63,0.00,PLN,C034
PL01-2024-000048,2,2024-01-23,4000 ,0.00,10673.88,PLN,C034
PL01-2024-000048,3,2024-01-23,4100 ,0.00,1535.75,PLN,C034
PL01-2024-000049,1,2024-03-05,1000 ,12209.63,0.00,PLN,C034
PL01-2024-000049,2,2024-03-05,1200 ,0.00,12209.63,PLN,C034
PL01-2024-000050,1,2024-01-14,1200 ,8308.82,0.00,PLN,C032
PL01-2024-000050,2,2024-01-14,4000 ,0.00,7263.72,PLN,C032
PL01-2024-000050,3,2024-01-14,4100 ,0.00,1045.10,PLN,C032
PL01-2024-000051,1,2024-02-25,1000 ,8308.82,0.00,PLN,C032
PL01-2024-000051,2,2024-02-25,1200 ,0.00,8308.82,PLN,C032
PL01-2024-000052,1,2024-01-23,1200 ,28408.72,0.00,PLN,C009
PL01-2024-000052,2,2024-01-23,4000 ,0.00,24835.42,PLN,C009
PL01-2024-000052,3,2024-01-23,4100 ,0.00,3573.30,PLN,C009
PL01-2024-000053,1,2024-02-19,1000 ,28408.72,0.00,PLN,C009
PL01-2024-000053,2,2024-02-19,1200 ,0.00,28408.72,PLN,C009
PL01-2024-000054,1,2024-01-17,1200 ,38471.36,0.00,PLN,C001
PL01-2024-000054,2,2024-01-17,4000 ,0.00,33632.36,PLN,C001
PL01-2024-000054,3,2024-01-17,4100 ,0.00,4839.00,PLN,C001
PL01-2024-000055,1,2024-05-03,1000 ,38471.36,0.00,PLN,C001
PL01-2024-000055,2,2024-05-03,1200 ,0.00,38471.36,PLN,C001
PL01-2024-000056,1,2024-01-05,1200 ,11590.61,0.00,PLN,C021
PL01-2024-000056,2,2024-01-05,4000 ,0.00,10132.72,PLN,C021
PL01-2024-000056,3,2024-01-05,4100 ,0.00,1457.89,PLN,C021
PL01-2024-000057,1,2024-02-23,1000 ,11590.61,0.00,PLN,C021
PL01-2024-000057,2,2024-02-23,1200 ,0.00,11590.61,PLN,C021
PL01-2024-000058,1,2024-01-18,1200 ,31762.92,0.00,PLN,C016
PL01-2024-000058,2,2024-01-18,4000 ,0.00,27767.72,PLN,C016
PL01-2024-000058,3,2024-01-18,4100 ,0.00,3995.20,PLN,C016
PL01-2024-000059,1,2024-03-30,1000 ,31762.92,0.00,PLN,C016
PL01-2024-000059,2,2024-03-30,1200 ,0.00,31762.92,PLN,C016
PL01-2024-000060,1,2024-01-29,1200 ,16658.87,0.00,PLN,C026
PL01-2024-000060,2,2024-01-29,4000 ,0.00,14563.48,PLN,C026
PL01-2024-000060,3,2024-01-29,4100 ,0.00,2095.39,PLN,C026
PL01-2024-000061,1,2024-03-21,1000 ,16658.87,0.00,PLN,C026
PL01-2024-000061,2,2024-03-21,1200 ,0.00,16658.87,PLN,C026
PL01-2024-000062,1,2024-01-22,1200 ,5098.59,0.00,PLN,C039
PL01-2024-000062,2,2024-01-22,4000 ,0.00,4457.28,PLN,C039
PL01-2024-000062,3,2024-01-22,4100 ,0.00,641.31,PLN,C039
PL01-2024-000063,1,2024-03-15,1000 ,5098.59,0.00,PLN,C039
PL01-2024-000063,2,2024-03-15,1200 ,0.00,5098.59,PLN,C039
PL01-2024-000064,1,2024-01-05,1200 ,53538.11,0.00,PLN,C017
PL01-2024-000064,2,2024-01-05,4000 ,0.00,46803.98,PLN,C017
PL01-2024-000064,3,2024-01-05,4100 ,0.00,6734.13,PLN,C017
PL01-2024-000065,1,2024-02-28,1000 ,53538.11,0.00,PLN,C017
PL01-2024-000065,2,2024-02-28,1200 ,0.00,53538.11,PLN,C017
PL01-2024-000066,1,2024-01-13,1200 ,20353.52,0.00,PLN,C019
PL01-2024-000066,2,2024-01-13,4000 ,0.00,17793.41,PLN,C019
PL01-2024-000066,3,2024-01-13,4100 ,0.00,2560.11,PLN,C019
PL01-2024-000067,1,2024-03-09,1000 ,20353.52,0.00,PLN,C019
PL01-2024-000067,2,2024-03-09,1200 ,0.00,20353.52,PLN,C019
PL01-2024-000068,1,2024-01-21,1200 ,5775.33,0.00,PLN,C003
PL01-2024-000068,2,2024-01-21,4000 ,0.00,5048.90,PLN,C003
PL01-2024-000068,3,2024-01-21,4100 ,0.00,726.43,PLN,C003
PL01-2024-000069,1,2024-03-13,1000 ,5775.33,0.00,PLN,C003
PL01-2024-000069,2,2024-03-13,1200 ,0.00,5775.33,PLN,C003
PL01-2024-000070,1,2024-01-14,1200 ,11003.26,0.00,PLN,C023
PL01-2024-000070,2,2024-01-14,4000 ,0.00,9619.25,PLN,C023
PL01-2024-000070,3,2024-01-14,4100 ,0.00,1384.01,PLN,C023
PL01-2024-000071,1,2024-02-28,1000 ,11003.26,0.00,PLN,C023
PL01-2024-000071,2,2024-02-28,1200 ,0.00,11003.26,PLN,C023
PL01-2024-000072,1,2024-01-03,1200 ,35751.19,0.00,PLN,C040
PL01-2024-000072,2,2024-01-03,4000 ,0.00,31254.34,PLN,C040
PL01-2024-000072,3,2024-01-03,4100 ,0.00,4496.85,PLN,C040
PL01-2024-000073,1,2024-02-16,1000 ,35751.19,0.00,PLN,C040
PL01-2024-000073,2,2024-02-16,1200 ,0.00,35751.19,PLN,C040
PL01-2024-000074,1,2024-01-24,1200 ,1424.51,0.00,PLN,C032
PL01-2024-000074,2,2024-01-24,4000 ,0.00,1245.33,PLN,C032
PL01-2024-000074,3,2024-01-24,4100 ,0.00,179.18,PLN,C032
PL01-2024-000075,1,2024-05-17,1000 ,1424.51,0.00,PLN,C032
PL01-2024-000075,2,2024-05-17,1200 ,0.00,1424.51,PLN,C032
PL01-2024-000076,1,2024-01-04,1200 ,36944.51,0.00,PLN,C024
PL01-2024-000076,2,2024-01-04,4000 ,0.00,32297.56,PLN,C024
PL01-2024-000076,3,2024-01-04,4100 ,0.00,4646.95,PLN,C024
PL01-2024-000077,1,2024-02-16,1000 ,36944.51,0.00,PLN,C024
PL01-2024-000077,2,2024-02-16,1200 ,0.00,36944.51,PLN,C024
PL01-2024-000078,1,2024-01-11,1200 ,7291.28,0.00,PLN,C014
PL01-2024-000078,2,2024-01-11,4000 ,0.00,6374.17,PLN,C014
PL01-2024-000078,3,2024-01-11,4100 ,0.00,917.11,PLN,C014
PL01-2024-000079,1,2024-02-29,1000 ,7291.28,0.00,PLN,C014
PL01-2024-000079,2,2024-02-29,1200 ,0.00,7291.28,PLN,C014
PL01-2024-000080,1,2024-01-30,1200 ,6888.04,0.00,PLN,C027
PL01-2024-000080,2,2024-01-30,4000 ,0.00,6021.65,PLN,C027
PL01-2024-000080,3,2024-01-30,4100 ,0.00,866.39,PLN,C027
PL01-2024-000081,1,2024-04-03,1000 ,6888.04,0.00,PLN,C027
PL01-2024-000081,2,2024-04-03,1200 ,0.00,6888.04,PLN,C027
PL01-2024-000082,1,2024-01-07,1200 ,4682.51,0.00,PLN,C007
PL01-2024-000082,2,2024-01-07,4000 ,0.00,4093.53,PLN,C007
PL01-2024-000082,3,2024-01-07,4100 ,0.00,588.98,PLN,C007
PL01-2024-000083,1,2024-02-22,1000 ,4682.51,0.00,PLN,C007
PL01-2024-000083,2,2024-02-22,1200 ,0.00,4682.51,PLN,C007
PL01-2024-000084,1,2024-01-25,1200 ,17915.39,0.00,PLN,C012
PL01-2024-000084,2,2024-01-25,4000 ,0.00,15661.96,PLN,C012
PL01-2024-000084,3,2024-01-25,4100 ,0.00,2253.43,PLN,C012
PL01-2024-000085,1,2024-03-13,1000 ,17915.39,0.00,PLN,C012
PL01-2024-000085,2,2024-03-13,1200 ,0.00,17915.39,PLN,C012
PL01-2024-000086,1,2024-01-28,1200 ,2783.29,0.00,PLN,C024
PL01-2024-000086,2,2024-01-28,4000 ,0.00,2433.20,PLN,C024
PL01-2024-000086,3,2024-01-28,4100 ,0.00,350.09,PLN,C024
PL01-2024-000087,1,2024-03-26,1000 ,2783.29,0.00,PLN,C024
PL01-2024-000087,2,2024-03-26,1200 ,0.00,2783.29,PLN,C024
PL01-2024-000088,1,2024-01-19,1200 ,38118.21,0.00,PLN,C031
PL01-2024-000088,2,2024-01-19,4000 ,0.00,33323.63,PLN,C031
PL01-2024-000088,3,2024-01-19,4100 ,0.00,4794.58,PLN,C031
PL01-2024-000089,1,2024-03-01,1000 ,38118.21,0.00,PLN,C031
PL01-2024-000089,2,2024-03-01,1200 ,0.00,38118.21,PLN,C031
PL01-2024-000090,1,2024-01-22,1200 ,78462.11,0.00,PLN,C010
PL01-2024-000090,2,2024-01-22,4000 ,0.00,68592.99,PLN,C010
PL01-2024-000090,3,2024-01-22,4100 ,0.00,9869.12,PLN,C010
PL01-2024-000091,1,2024-02-27,1000 ,78462.11,0.00,PLN,C010
PL01-2024-000091,2,2024-02-27,1200 ,0.00,78462.11,PLN,C010
PL01-2024-000092,1,2024-01-01,1200 ,12806.18,0.00,PLN,C035
PL01-2024-000092,2,2024-01-01,4000 ,0.00,11195.39,PLN,C035
PL01-2024-000092,3,2024-01-01,4100 ,0.00,1610.79,PLN,C035
PL01-2024-000093,1,2024-02-07,1000 ,12806.18,0.00,PLN,C035
PL01-2024-000093,2,2024-02-07,1200 ,0.00,12806.18,PLN,C035
PL01-2024-000094,1,2024-01-31,1200 ,4816.78,0.00,PLN,C003
PL01-2024-000094,2,2024-01-31,4000 ,0.00,4210.92,PLN,C003
PL01-2024-000094,3,2024-01-31,4100 ,0.00,605.86,PLN,C003
PL01-2024-000095,1,2024-02-29,1000 ,4816.78,0.00,PLN,C003
PL01-2024-000095,2,2024-02-29,1200 ,0.00,4816.78,PLN,C003
PL01-2024-000096,1,2024-01-25,1200 ,21244.03,0.00,PLN,C032
PL01-2024-000096,2,2024-01-25,4000 ,0.00,18571.91,PLN,C032
PL01-2024-000096,3,2024-01-25,4100 ,0.00,2672.12,PLN,C032
PL01-2024-000097,1,2024-03-26,1000 ,21244.03,0.00,PLN,C032
PL01-2024-000097,2,2024-03-26,1200 ,0.00,21244.03,PLN,C032
PL01-2024-000098,1,2024-01-20,1200 ,552919.20,0.00,PLN,C027
PL01-2024-000098,2,2024-01-20,4000 ,0.00,483371.95,PLN,C027
PL01-2024-000098,3,2024-01-20,4100 ,0.00,69547.25,PLN,C027
PL01-2024-000099,1,2024-03-06,1000 ,552919.20,0.00,PLN,C027
PL01-2024-000099,2,2024-03-06,1200 ,0.00,552919.20,PLN,C027
PL01-2024-000100,1,2024-01-07,1200 ,35942.93,0.00,PLN,C001
PL01-2024-000100,2,2024-01-07,4000 ,0.00,31421.96,PLN,C001
PL01-2024-000100,3,2024-01-07,4100 ,0.00,4520.97,PLN,C001
PL01-2024-000101,1,2024-02-08,1000 ,35942.93,0.00,PLN,C001
PL01-2024-000101,2,2024-02-08,1200 ,0.00,35942.93,PLN,C001
PL01-2024-000102,1,2024-01-27,1200 ,15628.11,0.00,PLN,C008
PL01-2024-000102,2,2024-01-27,4000 ,0.00,13662.38,PLN,C008
PL01-2024-000102,3,2024-01-27,4100 ,0.00,1965.73,PLN,C008
PL01-2024-000103,1,2024-03-03,1000 ,15628.11,0.00,PLN,C008
PL01-2024-000103,2,2024-03-03,1200 ,0.00,15628.11,PLN,C008
PL01-2024-000104,1,2024-01-11,1300 ,381222.14,0.00,PLN,V010
PL01-2024-000104,2,2024-01-11,2100 ,0.00,381222.14,PLN,V010
PL01-2024-000105,1,2024-02-12,2100 ,381222.14,0.00,PLN,V010
PL01-2024-000105,2,2024-02-12,1000 ,0.00,381222.14,PLN,V010
PL01-2024-000106,1,2024-01-23,1300 ,63004.38,0.00,PLN,V007
PL01-2024-000106,2,2024-01-23,2100 ,0.00,63004.38,PLN,V007
PL01-2024-000107,1,2024-03-02,2100 ,63004.38,0.00,PLN,V007
PL01-2024-000107,2,2024-03-02,1000 ,0.00,63004.38,PLN,V007
PL01-2024-000108,1,2024-01-19,1300 ,318813.81,0.00,PLN,V003
PL01-2024-000108,2,2024-01-19,2100 ,0.00,318813.81,PLN,V003
PL01-2024-000109,1,2024-02-24,2100 ,318813.81,0.00,PLN,V003
PL01-2024-000109,2,2024-02-24,1000 ,0.00,318813.81,PLN,V003
PL01-2024-000110,1,2024-01-20,1300 ,40234.40,0.00,PLN,V016
PL01-2024-000110,2,2024-01-20,2100 ,0.00,40234.40,PLN,V016
PL01-2024-000111,1,2024-02-15,2100 ,40234.40,0.00,PLN,V016
PL01-2024-000111,2,2024-02-15,1000 ,0.00,40234.40,PLN,V016
PL01-2024-000112,1,2024-01-02,1300 ,112511.30,0.00,PLN,V013
PL01-2024-000112,2,2024-01-02,2100 ,0.00,112511.30,PLN,V013
PL01-2024-000113,1,2024-02-05,2100 ,112511.30,0.00,PLN,V013
PL01-2024-000113,2,2024-02-05,1000 ,0.00,112511.30,PLN,V013
PL01-2024-000114,1,2024-01-31,5000 ,853343.06,0.00,PLN,
PL01-2024-000114,2,2024-01-31,1300 ,0.00,853343.06,PLN,
PL01-2024-000115,1,2024-01-19,6100 ,66990.27,0.00,PLN,V049
PL01-2024-000115,2,2024-01-19,2100 ,0.00,66990.27,PLN,V049
PL01-2024-000116,1,2024-03-05,2100 ,66990.27,0.00,PLN,V049
PL01-2024-000116,2,2024-03-05,1000 ,0.00,66990.27,PLN,V049
PL01-2024-000117,1,2024-01-08,6200 ,63618.45,0.00,PLN,V036
PL01-2024-000117,2,2024-01-08,2100 ,0.00,63618.45,PLN,V036
PL01-2024-000118,1,2024-02-07,2100 ,63618.45,0.00,PLN,V036
PL01-2024-000118,2,2024-02-07,1000 ,0.00,63618.45,PLN,V036
PL01-2024-000119,1,2024-01-10,6300 ,24174.90,0.00,PLN,V033
PL01-2024-000119,2,2024-01-10,2100 ,0.00,24174.90,PLN,V033
PL01-2024-000120,1,2024-02-12,2100 ,24174.90,0.00,PLN,V033
PL01-2024-000120,2,2024-02-12,1000 ,0.00,24174.90,PLN,V033
PL01-2024-000121,1,2024-01-04,6400 ,48231.57,0.00,PLN,V030
PL01-2024-000121,2,2024-01-04,2100 ,0.00,48231.57,PLN,V030
PL01-2024-000122,1,2024-02-03,2100 ,48231.57,0.00,PLN,V030
PL01-2024-000122,2,2024-02-03,1000 ,0.00,48231.57,PLN,V030
PL01-2024-000123,1,2024-01-25,6000 ,684517.22,0.00,PLN,
PL01-2024-000123,2,2024-01-25,1000 ,0.00,684517.22,PLN,
PL01-2024-000124,1,2024-01-31,6900 ,42708.33,0.00,PLN,
PL01-2024-000124,2,2024-01-31,1590 ,0.00,42708.33,PLN,
PL01-2024-000125,1,2024-02-14,1200 ,21635.29,0.00,PLN,C008
PL01-2024-000125,2,2024-02-14,4000 ,0.00,18657.30,PLN,C008
PL01-2024-000125,3,2024-02-14,4100 ,0.00,2977.99,PLN,C008
PL01-2024-000126,1,2024-04-25,1000 ,21635.29,0.00,PLN,C008
PL01-2024-000126,2,2024-04-25,1200 ,0.00,21635.29,PLN,C008
PL01-2024-000127,1,2024-02-09,1200 ,20471.89,0.00,PLN,C008
PL01-2024-000127,2,2024-02-09,4000 ,0.00,17654.04,PLN,C008
PL01-2024-000127,3,2024-02-09,4100 ,0.00,2817.85,PLN,C008
PL01-2024-000128,1,2024-03-11,1000 ,20471.89,0.00,PLN,C008
PL01-2024-000128,2,2024-03-11,1200 ,0.00,20471.89,PLN,C008
PL01-2024-000129,1,2024-02-09,1200 ,21569.74,0.00,PLN,C028
PL01-2024-000129,2,2024-02-09,4000 ,0.00,18600.77,PLN,C028
PL01-2024-000129,3,2024-02-09,4100 ,0.00,2968.97,PLN,C028
PL01-2024-000130,1,2024-03-31,1000 ,21569.74,0.00,PLN,C028
PL01-2024-000130,2,2024-03-31,1200 ,0.00,21569.74,PLN,C028
PL01-2024-000131,1,2024-02-28,1200 ,11474.10,0.00,PLN,C033
PL01-2024-000131,2,2024-02-28,4000 ,0.00,9894.75,PLN,C033
PL01-2024-000131,3,2024-02-28,4100 ,0.00,1579.35,PLN,C033
PL01-2024-000132,1,2024-04-07,1000 ,11474.10,0.00,PLN,C033
PL01-2024-000132,2,2024-04-07,1200 ,0.00,11474.10,PLN,C033
PL01-2024-000133,1,2024-02-17,1200 ,33007.45,0.00,PLN,C007
PL01-2024-000133,2,2024-02-17,4000 ,0.00,28464.14,PLN,C007
PL01-2024-000133,3,2024-02-17,4100 ,0.00,4543.31,PLN,C007
PL01-2024-000134,1,2024-04-12,1000 ,33007.45,0.00,PLN,C007
PL01-2024-000134,2,2024-04-12,1200 ,0.00,33007.45,PLN,C007
PL01-2024-000135,1,2024-02-29,1200 ,23204.34,0.00,PLN,C010
PL01-2024-000135,2,2024-02-29,4000 ,0.00,20010.38,PLN,C010
PL01-2024-000135,3,2024-02-29,4100 ,0.00,3193.96,PLN,C010
PL01-2024-000136,1,2024-04-19,1000 ,23204.34,0.00,PLN,C010
PL01-2024-000136,2,2024-04-19,1200 ,0.00,23204.34,PLN,C010
PL01-2024-000137,1,2024-02-27,1200 ,13067.68,0.00,PLN,C005
PL01-2024-000137,2,2024-02-27,4000 ,0.00,11268.98,PLN,C005
PL01-2024-000137,3,2024-02-27,4100 ,0.00,1798.70,PLN,C005
PL01-2024-000138,1,2024-04-11,1000 ,13067.68,0.00,PLN,C005
PL01-2024-000138,2,2024-04-11,1200 ,0.00,13067.68,PLN,C005
PL01-2024-000139,1,2024-02-26,1200 ,17849.14,0.00,PLN,C018
PL01-2024-000139,2,2024-02-26,4000 ,0.00,15392.30,PLN,C018
PL01-2024-000139,3,2024-02-26,4100 ,0.00,2456.84,PLN,C018
PL01-2024-000140,1,2024-03-26,1000 ,17849.14,0.00,PLN,C018
PL01-2024-000140,2,2024-03-26,1200 ,0.00,17849.14,PLN,C018
PL01-2024-000141,1,2024-02-04,1200 ,10441.82,0.00,PLN,C021
PL01-2024-000141,2,2024-02-04,4000 ,0.00,9004.56,PLN,C021
PL01-2024-000141,3,2024-02-04,4100 ,0.00,1437.26,PLN,C021
PL01-2024-000142,1,2024-03-09,1000 ,10441.82,0.00,PLN,C021
PL01-2024-000142,2,2024-03-09,1200 ,0.00,10441.82,PLN,C021
PL01-2024-000143,1,2024-02-08,1200 ,6102.21,0.00,PLN,C015
PL01-2024-000143,2,2024-02-08,4000 ,0.00,5262.27,PLN,C015
PL01-2024-000143,3,2024-02-08,4100 ,0.00,839.94,PLN,C015
PL01-2024-000144,1,2024-03-06,1000 ,6102.21,0.00,PLN,C015
PL01-2024-000144,2,2024-03-06,1200 ,0.00,6102.21,PLN,C015
PL01-2024-000145,1,2024-02-19,1200 ,49556.70,0.00,PLN,C038
PL01-2024-000145,2,2024-02-19,4000 ,0.00,42735.47,PLN,C038
PL01-2024-000145,3,2024-02-19,4100 ,0.00,6821.23,PLN,C038
PL01-2024-000146,1,2024-03-26,1000 ,49556.70,0.00,PLN,C038
PL01-2024-000146,2,2024-03-26,1200 ,0.00,49556.70,PLN,C038
PL01-2024-000147,1,2024-02-10,1200 ,14992.08,0.00,PLN,C010
PL01-2024-000147,2,2024-02-10,4000 ,0.00,12928.50,PLN,C010
PL01-2024-000147,3,2024-02-10,4100 ,0.00,2063.58,PLN,C010
PL01-2024-000148,1,2024-03-26,1000 ,14992.08,0.00,PLN,C010
PL01-2024-000148,2,2024-03-26,1200 ,0.00,14992.08,PLN,C010
PL01-2024-000149,1,2024-02-06,1200 ,11112.83,0.00,PLN,C027
PL01-2024-000149,2,2024-02-06,4000 ,0.00,9583.21,PLN,C027
PL01-2024-000149,3,2024-02-06,4100 ,0.00,1529.62,PLN,C027
PL01-2024-000150,1,2024-03-16,1000 ,11112.83,0.00,PLN,C027
PL01-2024-000150,2,2024-03-16,1200 ,0.00,11112.83,PLN,C027
PL01-2024-000151,1,2024-02-07,1200 ,88001.47,0.00,PLN,C024
PL01-2024-000151,2,2024-02-07,4000 ,0.00,75888.51,PLN,C024
PL01-2024-000151,3,2024-02-07,4100 ,0.00,12112.96,PLN,C024
PL01-2024-000152,1,2024-03-23,1000 ,88001.47,0.00,PLN,C024
PL01-2024-000152,2,2024-03-23,1200 ,0.00,88001.47,PLN,C024
PL01-2024-000153,1,2024-02-02,1200 ,19886.01,0.00,PLN,C008
PL01-2024-000153,2,2024-02-02,4000 ,0.00,17148.80,PLN,C008
PL01-2024-000153,3,2024-02-02,4100 ,0.00,2737.21,PLN,C008
PL01-2024-000154,1,2024-03-10,1000 ,19886.01,0.00,PLN,C008
PL01-2024-000154,2,2024-03-10,1200 ,0.00,19886.01,PLN,C008
PL01-2024-000155,1,2024-02-28,1200 ,45951.49,0.00,PLN,C032
PL01-2024-000155,2,2024-02-28,4000 ,0.00,39626.50,PLN,C032
PL01-2024-000155,3,2024-02-28,4100 ,0.00,6324.99,PLN,C032
PL01-2024-000156,1,2024-04-02,1000 ,45951.49,0.00,PLN,C032
PL01-2024-000156,2,2024-04-02,1200 ,0.00,45951.49,PLN,C032
PL01-2024-000157,1,2024-02-16,1200 ,33118.33,0.00,PLN,C001
PL01-2024-000157,2,2024-02-16,4000 ,0.00,28559.76,PLN,C001
PL01-2024-000157,3,2024-02-16,4100 ,0.00,4558.57,PLN,C001
PL01-2024-000158,1,2024-03-13,1000 ,33118.33,0.00,PLN,C001
PL01-2024-000158,2,2024-03-13,1200 ,0.00,33118.33,PLN,C001
PL01-2024-000159,1,2024-02-12,1200 ,103046.35,0.00,PLN,C013
PL01-2024-000159,2,2024-02-12,4000 ,0.00,88862.54,PLN,C013
PL01-2024-000159,3,2024-02-12,4100 ,0.00,14183.81,PLN,C013
PL01-2024-000160,1,2024-04-05,1000 ,103046.35,0.00,PLN,C013
PL01-2024-000160,2,2024-04-05,1200 ,0.00,103046.35,PLN,C013
PL01-2024-000161,1,2024-02-03,1200 ,18844.84,0.00,PLN,C004
PL01-2024-000161,2,2024-02-03,4000 ,0.00,16250.94,PLN,C004
PL01-2024-000161,3,2024-02-03,4100 ,0.00,2593.90,PLN,C004
PL01-2024-000162,1,2024-03-21,1000 ,18844.84,0.00,PLN,C004
PL01-2024-000162,2,2024-03-21,1200 ,0.00,18844.84,PLN,C004
PL01-2024-000163,1,2024-02-19,1200 ,76914.02,0.00,PLN,C032
PL01-2024-000163,2,2024-02-19,4000 ,0.00,66327.19,PLN,C032
PL01-2024-000163,3,2024-02-19,4100 ,0.00,10586.83,PLN,C032
PL01-2024-000164,1,2024-03-21,1000 ,76914.02,0.00,PLN,C032
PL01-2024-000164,2,2024-03-21,1200 ,0.00,76914.02,PLN,C032
PL01-2024-000165,1,2024-02-15,1200 ,32410.79,0.00,PLN,C018
PL01-2024-000165,2,2024-02-15,4000 ,0.00,27949.61,PLN,C018
PL01-2024-000165,3,2024-02-15,4100 ,0.00,4461.18,PLN,C018
PL01-2024-000166,1,2024-04-12,1000 ,32410.79,0.00,PLN,C018
PL01-2024-000166,2,2024-04-12,1200 ,0.00,32410.79,PLN,C018
PL01-2024-000167,1,2024-02-10,1200 ,9726.23,0.00,PLN,C021
PL01-2024-000167,2,2024-02-10,4000 ,0.00,8387.46,PLN,C021
PL01-2024-000167,3,2024-02-10,4100 ,0.00,1338.77,PLN,C021
PL01-2024-000168,1,2024-04-08,1000 ,9726.23,0.00,PLN,C021
PL01-2024-000168,2,2024-04-08,1200 ,0.00,9726.23,PLN,C021
PL01-2024-000169,1,2024-02-03,1200 ,33394.66,0.00,PLN,C029
PL01-2024-000169,2,2024-02-03,4000 ,0.00,28798.05,PLN,C029
PL01-2024-000169,3,2024-02-03,4100 ,0.00,4596.61,PLN,C029
PL01-2024-000170,1,2024-03-17,1000 ,33394.66,0.00,PLN,C029
PL01-2024-000170,2,2024-03-17,1200 ,0.00,33394.66,PLN,C029
PL01-2024-000171,1,2024-02-27,1200 ,15437.15,0.00,PLN,C037
PL01-2024-000171,2,2024-02-27,4000 ,0.00,13312.30,PLN,C037
PL01-2024-000171,3,2024-02-27,4100 ,0.00,2124.85,PLN,C037
PL01-2024-000172,1,2024-04-02,1000 ,15437.15,0.00,PLN,C037
PL01-2024-000172,2,2024-04-02,1200 ,0.00,15437.15,PLN,C037
PL01-2024-000173,1,2024-02-22,1200 ,27701.53,0.00,PLN,C009
PL01-2024-000173,2,2024-02-22,4000 ,0.00,23888.55,PLN,C009
PL01-2024-000173,3,2024-02-22,4100 ,0.00,3812.98,PLN,C009
PL01-2024-000174,1,2024-04-21,1000 ,27701.53,0.00,PLN,C009
PL01-2024-000174,2,2024-04-21,1200 ,0.00,27701.53,PLN,C009
PL01-2024-000175,1,2024-02-25,1200 ,27436.60,0.00,PLN,C017
PL01-2024-000175,2,2024-02-25,4000 ,0.00,23660.09,PLN,C017
PL01-2024-000175,3,2024-02-25,4100 ,0.00,3776.51,PLN,C017
PL01-2024-000176,1,2024-04-28,1000 ,27436.60,0.00,PLN,C017
PL01-2024-000176,2,2024-04-28,1200 ,0.00,27436.60,PLN,C017
PL01-2024-000177,1,2024-02-17,1200 ,42015.85,0.00,PLN,C013
PL01-2024-000177,2,2024-02-17,4000 ,0.00,36232.58,PLN,C013
PL01-2024-000177,3,2024-02-17,4100 ,0.00,5783.27,PLN,C013
PL01-2024-000178,1,2024-04-05,1000 ,42015.85,0.00,PLN,C013
PL01-2024-000178,2,2024-04-05,1200 ,0.00,42015.85,PLN,C013
PL01-2024-000179,1,2024-02-25,1200 ,19536.80,0.00,PLN,C004
PL01-2024-000179,2,2024-02-25,4000 ,0.00,16847.66,PLN,C004
PL01-2024-000179,3,2024-02-25,4100 ,0.00,2689.14,PLN,C004
PL01-2024-000180,1,2024-04-12,1000 ,19536.80,0.00,PLN,C004
PL01-2024-000180,2,2024-04-12,1200 ,0.00,19536.80,PLN,C004
PL01-2024-000181,1,2024-02-13,1200 ,65798.11,0.00,PLN,C026
PL01-2024-000181,2,2024-02-13,4000 ,0.00,56741.33,PLN,C026
PL01-2024-000181,3,2024-02-13,4100 ,0.00,9056.78,PLN,C026
PL01-2024-000182,1,2024-03-09,1000 ,65798.11,0.00,PLN,C026
PL01-2024-000182,2,2024-03-09,1200 ,0.00,65798.11,PLN,C026
PL01-2024-000183,1,2024-02-23,1200 ,197972.10,0.00,PLN,C035
PL01-2024-000183,2,2024-02-23,4000 ,0.00,170722.24,PLN,C035
PL01-2024-000183,3,2024-02-23,4100 ,0.00,27249.86,PLN,C035
PL01-2024-000184,1,2024-04-14,1000 ,197972.10,0.00,PLN,C035
PL01-2024-000184,2,2024-04-14,1200 ,0.00,197972.10,PLN,C035
PL01-2024-000185,1,2024-02-18,1200 ,44290.70,0.00,PLN,C027
PL01-2024-000185,2,2024-02-18,4000 ,0.00,38194.31,PLN,C027
PL01-2024-000185,3,2024-02-18,4100 ,0.00,6096.39,PLN,C027
PL01-2024-000186,1,2024-04-02,1000 ,44290.70,0.00,PLN,C027
PL01-2024-000186,2,2024-04-02,1200 ,0.00,44290.70,PLN,C027
PL01-2024-000187,1,2024-02-16,1200 ,35484.21,0.00,PLN,C011
PL01-2024-000187,2,2024-02-16,4000 ,0.00,30599.99,PLN,C011
PL01-2024-000187,3,2024-02-16,4100 ,0.00,4884.22,PLN,C011
PL01-2024-000188,1,2024-04-10,1000 ,35484.21,0.00,PLN,C011
PL01-2024-000188,2,2024-04-10,1200 ,0.00,35484.21,PLN,C011
PL01-2024-000189,1,2024-02-10,1200 ,21599.76,0.00,PLN,C011
PL01-2024-000189,2,2024-02-10,4000 ,0.00,18626.66,PLN,C011
PL01-2024-000189,3,2024-02-10,4100 ,0.00,2973.10,PLN,C011
PL01-2024-000190,1,2024-03-20,1000 ,21599.76,0.00,PLN,C011
PL01-2024-000190,2,2024-03-20,1200 ,0.00,21599.76,PLN,C011
PL01-2024-000191,1,2024-02-02,1200 ,21676.94,0.00,PLN,C011
PL01-2024-000191,2,2024-02-02,4000 ,0.00,18693.22,PLN,C011
PL01-2024-000191,3,2024-02-02,4100 ,0.00,2983.72,PLN,C011
PL01-2024-000192,1,2024-04-13,1000 ,21676.94,0.00,PLN,C011
PL01-2024-000192,2,2024-04-13,1200 ,0.00,21676.94,PLN,C011
PL01-2024-000193,1,2024-02-03,1200 ,16863.60,0.00,PLN,C007
PL01-2024-000193,2,2024-02-03,4000 ,0.00,14542.41,PLN,C007
PL01-2024-000193,3,2024-02-03,4100 ,0.00,2321.19,PLN,C007
PL01-2024-000194,1,2024-03-03,1000 ,16863.60,0.00,PLN,C007
PL01-2024-000194,2,2024-03-03,1200 ,0.00,16863.60,PLN,C007
PL01-2024-000195,1,2024-02-12,1200 ,18360.51,0.00,PLN,C039
PL01-2024-000195,2,2024-02-12,4000 ,0.00,15833.28,PLN,C039
PL01-2024-000195,3,2024-02-12,4100 ,0.00,2527.23,PLN,C039
PL01-2024-000196,1,2024-03-16,1000 ,18360.51,0.00,PLN,C039
PL01-2024-000196,2,2024-03-16,1200 ,0.00,18360.51,PLN,C039
PL01-2024-000197,1,2024-02-05,1200 ,71380.13,0.00,PLN,C017
PL01-2024-000197,2,2024-02-05,4000 ,0.00,61555.02,PLN,C017
PL01-2024-000197,3,2024-02-05,4100 ,0.00,9825.11,PLN,C017
PL01-2024-000198,1,2024-05-27,1000 ,71380.13,0.00,PLN,C017
PL01-2024-000198,2,2024-05-27,1200 ,0.00,71380.13,PLN,C017
PL01-2024-000199,1,2024-02-13,1200 ,34169.59,0.00,PLN,C012
PL01-2024-000199,2,2024-02-13,4000 ,0.00,29466.32,PLN,C012
PL01-2024-000199,3,2024-02-13,4100 ,0.00,4703.27,PLN,C012
PL01-2024-000200,1,2024-03-24,1000 ,34169.59,0.00,PLN,C012
PL01-2024-000200,2,2024-03-24,1200 ,0.00,34169.59,PLN,C012
PL01-2024-000201,1,2024-02-11,1200 ,23410.04,0.00,PLN,C037
PL01-2024-000201,2,2024-02-11,4000 ,0.00,20187.77,PLN,C037
PL01-2024-000201,3,2024-02-11,4100 ,0.00,3222.27,PLN,C037
PL01-2024-000202,1,2024-05-03,1000 ,23410.04,0.00,PLN,C037
PL01-2024-000202,2,2024-05-03,1200 ,0.00,23410.04,PLN,C037
PL01-2024-000203,1,2024-02-20,1200 ,15500.36,0.00,PLN,C001
PL01-2024-000203,2,2024-02-20,4000 ,0.00,13366.81,PLN,C001
PL01-2024-000203,3,2024-02-20,4100 ,0.00,2133.55,PLN,C001
PL01-2024-000204,1,2024-05-02,1000 ,15500.36,0.00,PLN,C001
PL01-2024-000204,2,2024-05-02,1200 ,0.00,15500.36,PLN,C001
PL01-2024-000205,1,2024-02-29,1200 ,4516.47,0.00,PLN,C036
PL01-2024-000205,2,2024-02-29,4000 ,0.00,3894.80,PLN,C036
PL01-2024-000205,3,2024-02-29,4100 ,0.00,621.67,PLN,C036
PL01-2024-000206,1,2024-04-08,1000 ,4516.47,0.00,PLN,C036
PL01-2024-000206,2,2024-04-08,1200 ,0.00,4516.47,PLN,C036
PL01-2024-000207,1,2024-02-16,1200 ,9404.94,0.00,PLN,C013
PL01-2024-000207,2,2024-02-16,4000 ,0.00,8110.40,PLN,C013
PL01-2024-000207,3,2024-02-16,4100 ,0.00,1294.54,PLN,C013
PL01-2024-000208,1,2024-04-28,1000 ,9404.94,0.00,PLN,C013
PL01-2024-000208,2,2024-04-28,1200 ,0.00,9404.94,PLN,C013
PL01-2024-000209,1,2024-02-09,1200 ,26384.50,0.00,PLN,C035
PL01-2024-000209,2,2024-02-09,4000 ,0.00,22752.81,PLN,C035
PL01-2024-000209,3,2024-02-09,4100 ,0.00,3631.69,PLN,C035
PL01-2024-000210,1,2024-03-12,1000 ,26384.50,0.00,PLN,C035
PL01-2024-000210,2,2024-03-12,1200 ,0.00,26384.50,PLN,C035
PL01-2024-000211,1,2024-02-24,1200 ,8540.45,0.00,PLN,C025
PL01-2024-000211,2,2024-02-24,4000 ,0.00,7364.90,PLN,C025
PL01-2024-000211,3,2024-02-24,4100 ,0.00,1175.55,PLN,C025
PL01-2024-000212,1,2024-03-31,1000 ,8540.45,0.00,PLN,C025
PL01-2024-000212,2,2024-03-31,1200 ,0.00,8540.45,PLN,C025
PL01-2024-000213,1,2024-02-19,1200 ,18650.08,0.00,PLN,C001
PL01-2024-000213,2,2024-02-19,4000 ,0.00,16082.99,PLN,C001
PL01-2024-000213,3,2024-02-19,4100 ,0.00,2567.09,PLN,C001
PL01-2024-000214,1,2024-04-04,1000 ,18650.08,0.00,PLN,C001
PL01-2024-000214,2,2024-04-04,1200 ,0.00,18650.08,PLN,C001
PL01-2024-000215,1,2024-02-17,1200 ,10223.36,0.00,PLN,C010
PL01-2024-000215,2,2024-02-17,4000 ,0.00,8816.17,PLN,C010
PL01-2024-000215,3,2024-02-17,4100 ,0.00,1407.19,PLN,C010
PL01-2024-000216,1,2024-05-10,1000 ,10223.36,0.00,PLN,C010
PL01-2024-000216,2,2024-05-10,1200 ,0.00,10223.36,PLN,C010
PL01-2024-000217,1,2024-02-02,1200 ,19525.36,0.00,PLN,C032
PL01-2024-000217,2,2024-02-02,4000 ,0.00,16837.79,PLN,C032
PL01-2024-000217,3,2024-02-02,4100 ,0.00,2687.57,PLN,C032
PL01-2024-000218,1,2024-03-21,1000 ,19525.36,0.00,PLN,C032
PL01-2024-000218,2,2024-03-21,1200 ,0.00,19525.36,PLN,C032
PL01-2024-000219,1,2024-02-20,1200 ,34046.68,0.00,PLN,C012
PL01-2024-000219,2,2024-02-20,4000 ,0.00,29360.33,PLN,C012
PL01-2024-000219,3,2024-02-20,4100 ,0.00,4686.35,PLN,C012
PL01-2024-000220,1,2024-04-18,1000 ,34046.68,0.00,PLN,C012
PL01-2024-000220,2,2024-04-18,1200 ,0.00,34046.68,PLN,C012
PL01-2024-000221,1,2024-02-19,1200 ,81903.85,0.00,PLN,C017
PL01-2024-000221,2,2024-02-19,4000 ,0.00,70630.20,PLN,C017
PL01-2024-000221,3,2024-02-19,4100 ,0.00,11273.65,PLN,C017
PL01-2024-000222,1,2024-03-30,1000 ,81903.85,0.00,PLN,C017
PL01-2024-000222,2,2024-03-30,1200 ,0.00,81903.85,PLN,C017
PL01-2024-000223,1,2024-02-07,1200 ,9029.83,0.00,PLN,C011
PL01-2024-000223,2,2024-02-07,4000 ,0.00,7786.92,PLN,C011
PL01-2024-000223,3,2024-02-07,4100 ,0.00,1242.91,PLN,C011
PL01-2024-000224,1,2024-03-16,1000 ,9029.83,0.00,PLN,C011
PL01-2024-000224,2,2024-03-16,1200 ,0.00,9029.83,PLN,C011
PL01-2024-000225,1,2024-02-12,1200 ,31062.05,0.00,PLN,C032
PL01-2024-000225,2,2024-02-12,4000 ,0.00,26786.52,PLN,C032
PL01-2024-000225,3,2024-02-12,4100 ,0.00,4275.53,PLN,C032
PL01-2024-000226,1,2024-03-20,1000 ,31062.05,0.00,PLN,C032
PL01-2024-000226,2,2024-03-20,1200 ,0.00,31062.05,PLN,C032
PL01-2024-000227,1,2024-02-03,1200 ,9682.67,0.00,PLN,C039
PL01-2024-000227,2,2024-02-03,4000 ,0.00,8349.90,PLN,C039
PL01-2024-000227,3,2024-02-03,4100 ,0.00,1332.77,PLN,C039
PL01-2024-000228,1,2024-03-19,1000 ,9682.67,0.00,PLN,C039
PL01-2024-000228,2,2024-03-19,1200 ,0.00,9682.67,PLN,C039
PL01-2024-000229,1,2024-02-04,1200 ,9651.92,0.00,PLN,C006
PL01-2024-000229,2,2024-02-04,4000 ,0.00,8323.38,PLN,C006
PL01-2024-000229,3,2024-02-04,4100 ,0.00,1328.54,PLN,C006
PL01-2024-000230,1,2024-03-18,1000 ,9651.92,0.00,PLN,C006
PL01-2024-000230,2,2024-03-18,1200 ,0.00,9651.92,PLN,C006
PL01-2024-000231,1,2024-02-01,1300 ,152715.34,0.00,PLN,V009
PL01-2024-000231,2,2024-02-01,2100 ,0.00,152715.34,PLN,V009
PL01-2024-000232,1,2024-03-20,2100 ,152715.34,0.00,PLN,V009
PL01-2024-000232,2,2024-03-20,1000 ,0.00,152715.34,PLN,V009
PL01-2024-000233,1,2024-02-17,1300 ,131821.26,0.00,PLN,V007
PL01-2024-000233,2,2024-02-17,2100 ,0.00,131821.26,PLN,V007
PL01-2024-000234,1,2024-03-29,2100 ,131821.26,0.00,PLN,V007
PL01-2024-000234,2,2024-03-29,1000 ,0.00,131821.26,PLN,V007
PL01-2024-000235,1,2024-02-03,1300 ,535637.94,0.00,PLN,V006
PL01-2024-000235,2,2024-02-03,2100 ,0.00,535637.94,PLN,V006
PL01-2024-000236,1,2024-03-18,2100 ,535637.94,0.00,PLN,V006
PL01-2024-000236,2,2024-03-18,1000 ,0.00,535637.94,PLN,V006
PL01-2024-000237,1,2024-02-29,5000 ,849578.31,0.00,PLN,
PL01-2024-000237,2,2024-02-29,1300 ,0.00,849578.31,PLN,
PL01-2024-000238,1,2024-02-06,6100 ,91573.95,0.00,PLN,V053
PL01-2024-000238,2,2024-02-06,2100 ,0.00,91573.95,PLN,V053
PL01-2024-000239,1,2024-03-17,2100 ,91573.95,0.00,PLN,V053
PL01-2024-000239,2,2024-03-17,1000 ,0.00,91573.95,PLN,V053
PL01-2024-000240,1,2024-02-05,6200 ,69588.46,0.00,PLN,V027
PL01-2024-000240,2,2024-02-05,2100 ,0.00,69588.46,PLN,V027
PL01-2024-000241,1,2024-03-21,2100 ,69588.46,0.00,PLN,V027
PL01-2024-000241,2,2024-03-21,1000 ,0.00,69588.46,PLN,V027
PL01-2024-000242,1,2024-02-19,6300 ,35591.36,0.00,PLN,V055
PL01-2024-000242,2,2024-02-19,2100 ,0.00,35591.36,PLN,V055
PL01-2024-000243,1,2024-03-22,2100 ,35591.36,0.00,PLN,V055
PL01-2024-000243,2,2024-03-22,1000 ,0.00,35591.36,PLN,V055
PL01-2024-000244,1,2024-02-02,6400 ,36781.98,0.00,PLN,V044
PL01-2024-000244,2,2024-02-02,2100 ,0.00,36781.98,PLN,V044
PL01-2024-000245,1,2024-03-20,2100 ,36781.98,0.00,PLN,V044
PL01-2024-000245,2,2024-03-20,1000 ,0.00,36781.98,PLN,V044
PL01-2024-000246,1,2024-02-25,6000 ,677395.49,0.00,PLN,
PL01-2024-000246,2,2024-02-25,1000 ,0.00,677395.49,PLN,
PL01-2024-000247,1,2024-02-29,6900 ,42708.33,0.00,PLN,
PL01-2024-000247,2,2024-02-29,1590 ,0.00,42708.33,PLN,
PL01-2024-000248,1,2024-03-29,1200 ,73638.28,0.00,PLN,C038
PL01-2024-000248,2,2024-03-29,4000 ,0.00,63420.24,PLN,C038
PL01-2024-000248,3,2024-03-29,4100 ,0.00,10218.04,PLN,C038
PL01-2024-000249,1,2024-05-01,1000 ,73638.28,0.00,PLN,C038
PL01-2024-000249,2,2024-05-01,1200 ,0.00,73638.28,PLN,C038
PL01-2024-000250,1,2024-03-07,1200 ,7907.38,0.00,PLN,C028
PL01-2024-000250,2,2024-03-07,4000 ,0.00,6810.15,PLN,C028
PL01-2024-000250,3,2024-03-07,4100 ,0.00,1097.23,PLN,C028
PL01-2024-000251,1,2024-04-12,1000 ,7907.38,0.00,PLN,C028
PL01-2024-000251,2,2024-04-12,1200 ,0.00,7907.38,PLN,C028
PL01-2024-000252,1,2024-03-02,1200 ,56743.44,0.00,PLN,C031
PL01-2024-000252,2,2024-03-02,4000 ,0.00,48869.73,PLN,C031
PL01-2024-000252,3,2024-03-02,4100 ,0.00,7873.71,PLN,C031
PL01-2024-000253,1,2024-04-15,1000 ,56743.44,0.00,PLN,C031
PL01-2024-000253,2,2024-04-15,1200 ,0.00,56743.44,PLN,C031
PL01-2024-000254,1,2024-03-23,1200 ,44887.86,0.00,PLN,C005
PL01-2024-000254,2,2024-03-23,4000 ,0.00,38659.23,PLN,C005
PL01-2024-000254,3,2024-03-23,4100 ,0.00,6228.63,PLN,C005
PL01-2024-000255,1,2024-05-24,1000 ,44887.86,0.00,PLN,C005
PL01-2024-000255,2,2024-05-24,1200 ,0.00,44887.86,PLN,C005
PL01-2024-000256,1,2024-03-25,1200 ,21709.93,0.00,PLN,C015
PL01-2024-000256,2,2024-03-25,4000 ,0.00,18697.46,PLN,C015
PL01-2024-000256,3,2024-03-25,4100 ,0.00,3012.47,PLN,C015
PL01-2024-000257,1,2024-05-15,1000 ,21709.93,0.00,PLN,C015
PL01-2024-000257,2,2024-05-15,1200 ,0.00,21709.93,PLN,C015
PL01-2024-000258,1,2024-03-17,1200 ,21716.21,0.00,PLN,C014
PL01-2024-000258,2,2024-03-17,4000 ,0.00,18702.87,PLN,C014
PL01-2024-000258,3,2024-03-17,4100 ,0.00,3013.34,PLN,C014
PL01-2024-000259,1,2024-05-02,1000 ,21716.21,0.00,PLN,C014
PL01-2024-000259,2,2024-05-02,1200 ,0.00,21716.21,PLN,C014
PL01-2024-000260,1,2024-03-06,1200 ,11671.10,0.00,PLN,C004
PL01-2024-000260,2,2024-03-06,4000 ,0.00,10051.62,PLN,C004
PL01-2024-000260,3,2024-03-06,4100 ,0.00,1619.48,PLN,C004
PL01-2024-000261,1,2024-04-08,1000 ,11671.10,0.00,PLN,C004
PL01-2024-000261,2,2024-04-08,1200 ,0.00,11671.10,PLN,C004
PL01-2024-000262,1,2024-03-31,1200 ,34912.71,0.00,PLN,C031
PL01-2024-000262,2,2024-03-31,4000 ,0.00,30068.23,PLN,C031
PL01-2024-000262,3,2024-03-31,4100 ,0.00,4844.48,PLN,C031
PL01-2024-000263,1,2024-05-06,1000 ,34912.71,0.00,PLN,C031
PL01-2024-000263,2,2024-05-06,1200 ,0.00,34912.71,PLN,C031
PL01-2024-000264,1,2024-03-08,1200 ,15789.00,0.00,PLN,C020
PL01-2024-000264,2,2024-03-08,4000 ,0.00,13598.12,PLN,C020
PL01-2024-000264,3,2024-03-08,4100 ,0.00,2190.88,PLN,C020
PL01-2024-000265,1,2024-04-30,1000 ,15789.00,0.00,PLN,C020
PL01-2024-000265,2,2024-04-30,1200 ,0.00,15789.00,PLN,C020
PL01-2024-000266,1,2024-03-24,1200 ,29409.37,0.00,PLN,C002
PL01-2024-000266,2,2024-03-24,4000 ,0.00,25328.53,PLN,C002
PL01-2024-000266,3,2024-03-24,4100 ,0.00,4080.84,PLN,C002
PL01-2024-000267,1,2024-05-02,1000 ,29409.37,0.00,PLN,C002
PL01-2024-000267,2,2024-05-02,1200 ,0.00,29409.37,PLN,C002
PL01-2024-000268,1,2024-03-13,1200 ,27670.17,0.00,PLN,C031
PL01-2024-000268,2,2024-03-13,4000 ,0.00,23830.66,PLN,C031
PL01-2024-000268,3,2024-03-13,4100 ,0.00,3839.51,PLN,C031
PL01-2024-000269,1,2024-04-17,1000 ,27670.17,0.00,PLN,C031
PL01-2024-000269,2,2024-04-17,1200 ,0.00,27670.17,PLN,C031
PL01-2024-000270,1,2024-03-03,1200 ,20294.44,0.00,PLN,C038
PL01-2024-000270,2,2024-03-03,4000 ,0.00,17478.39,PLN,C038
PL01-2024-000270,3,2024-03-03,4100 ,0.00,2816.05,PLN,C038
PL01-2024-000271,1,2024-04-13,1000 ,20294.44,0.00,PLN,C038
PL01-2024-000271,2,2024-04-13,1200 ,0.00,20294.44,PLN,C038
PL01-2024-000272,1,2024-03-12,1200 ,26359.66,0.00,PLN,C027
PL01-2024-000272,2,2024-03-12,4000 ,0.00,22702.00,PLN,C027
PL01-2024-000272,3,2024-03-12,4100 ,0.00,3657.66,PLN,C027
PL01-2024-000273,1,2024-05-12,1000 ,26359.66,0.00,PLN,C027
PL01-2024-000273,2,2024-05-12,1200 ,0.00,26359.66,PLN,C027
PL01-2024-000274,1,2024-03-28,1200 ,12893.51,0.00,PLN,C006
PL01-2024-000274,2,2024-03-28,4000 ,0.00,11104.41,PLN,C006
PL01-2024-000274,3,2024-03-28,4100 ,0.00,1789.10,PLN,C006
PL01-2024-000275,1,2024-05-05,1000 ,12893.51,0.00,PLN,C006
PL01-2024-000275,2,2024-05-05,1200 ,0.00,12893.51,PLN,C006
PL01-2024-000276,1,2024-03-04,1200 ,38592.22,0.00,PLN,C020
PL01-2024-000276,2,2024-03-04,4000 ,0.00,33237.17,PLN,C020
PL01-2024-000276,3,2024-03-04,4100 ,0.00,5355.05,PLN,C020
PL01-2024-000277,1,2024-05-27,1000 ,38592.22,0.00,PLN,C020
PL01-2024-000277,2,2024-05-27,1200 ,0.00,38592.22,PLN,C020
PL01-2024-000278,1,2024-03-23,1200 ,17550.39,0.00,PLN,C003
PL01-2024-000278,2,2024-03-23,4000 ,0.00,15115.10,PLN,C003
PL01-2024-000278,3,2024-03-23,4100 ,0.00,2435.29,PLN,C003
PL01-2024-000279,1,2024-06-14,1000 ,17550.39,0.00,PLN,C003
PL01-2024-000279,2,2024-06-14,1200 ,0.00,17550.39,PLN,C003
PL01-2024-000280,1,2024-03-03,1200 ,9146.76,0.00,PLN,C002
PL01-2024-000280,2,2024-03-03,4000 ,0.00,7877.56,PLN,C002
PL01-2024-000280,3,2024-03-03,4100 ,0.00,1269.20,PLN,C002
PL01-2024-000281,1,2024-06-03,1000 ,9146.76,0.00,PLN,C002
PL01-2024-000281,2,2024-06-03,1200 ,0.00,9146.76,PLN,C002
PL01-2024-000282,1,2024-03-15,1200 ,9551.66,0.00,PLN,C023
PL01-2024-000282,2,2024-03-15,4000 ,0.00,8226.27,PLN,C023
PL01-2024-000282,3,2024-03-15,4100 ,0.00,1325.39,PLN,C023
PL01-2024-000283,1,2024-04-18,1000 ,9551.66,0.00,PLN,C023
PL01-2024-000283,2,2024-04-18,1200 ,0.00,9551.66,PLN,C023
PL01-2024-000284,1,2024-03-09,1200 ,7563.75,0.00,PLN,C012
PL01-2024-000284,2,2024-03-09,4000 ,0.00,6514.21,PLN,C012
PL01-2024-000284,3,2024-03-09,4100 ,0.00,1049.54,PLN,C012
PL01-2024-000285,1,2024-04-16,1000 ,7563.75,0.00,PLN,C012
PL01-2024-000285,2,2024-04-16,1200 ,0.00,7563.75,PLN,C012
PL01-2024-000286,1,2024-03-17,1200 ,41426.46,0.00,PLN,C036
PL01-2024-000286,2,2024-03-17,4000 ,0.00,35678.13,PLN,C036
PL01-2024-000286,3,2024-03-17,4100 ,0.00,5748.33,PLN,C036
PL01-2024-000287,1,2024-04-21,1000 ,41426.46,0.00,PLN,C036
PL01-2024-000287,2,2024-04-21,1200 ,0.00,41426.46,PLN,C036
PL01-2024-000288,1,2024-03-22,1200 ,26585.23,0.00,PLN,C031
PL01-2024-000288,2,2024-03-22,4000 ,0.00,22896.27,PLN,C031
PL01-2024-000288,3,2024-03-22,4100 ,0.00,3688.96,PLN,C031
PL01-2024-000289,1,2024-04-22,1000 ,26585.23,0.00,PLN,C031
PL01-2024-000289,2,2024-04-22,1200 ,0.00,26585.23,PLN,C031
PL01-2024-000290,1,2024-03-02,1200 ,24502.43,0.00,PLN,C040
PL01-2024-000290,2,2024-03-02,4000 ,0.00,21102.48,PLN,C040
PL01-2024-000290,3,2024-03-02,4100 ,0.00,3399.95,PLN,C040
PL01-2024-000291,1,2024-05-03,1000 ,24502.43,0.00,PLN,C040
PL01-2024-000291,2,2024-05-03,1200 ,0.00,24502.43,PLN,C040
PL01-2024-000292,1,2024-03-28,1200 ,25811.94,0.00,PLN,C005
PL01-2024-000292,2,2024-03-28,4000 ,0.00,22230.28,PLN,C005
PL01-2024-000292,3,2024-03-28,4100 ,0.00,3581.66,PLN,C005
PL01-2024-000293,1,2024-05-04,1000 ,25811.94,0.00,PLN,C005
PL01-2024-000293,2,2024-05-04,1200 ,0.00,25811.94,PLN,C005
PL01-2024-000294,1,2024-03-23,1200 ,10379.37,0.00,PLN,C023
PL01-2024-000294,2,2024-03-23,4000 ,0.00,8939.13,PLN,C023
PL01-2024-000294,3,2024-03-23,4100 ,0.00,1440.24,PLN,C023
PL01-2024-000295,1,2024-05-30,1000 ,10379.37,0.00,PLN,C023
PL01-2024-000295,2,2024-05-30,1200 ,0.00,10379.37,PLN,C023
PL01-2024-000296,1,2024-03-02,1200 ,46468.23,0.00,PLN,C029
PL01-2024-000296,2,2024-03-02,4000 ,0.00,40020.31,PLN,C029
PL01-2024-000296,3,2024-03-02,4100 ,0.00,6447.92,PLN,C029
PL01-2024-000297,1,2024-04-06,1000 ,46468.23,0.00,PLN,C029
PL01-2024-000297,2,2024-04-06,1200 ,0.00,46468.23,PLN,C029
PL01-2024-000298,1,2024-03-14,1200 ,20161.72,0.00,PLN,C036
PL01-2024-000298,2,2024-03-14,4000 ,0.00,17364.08,PLN,C036
PL01-2024-000298,3,2024-03-14,4100 ,0.00,2797.64,PLN,C036
PL01-2024-000299,1,2024-04-13,1000 ,20161.72,0.00,PLN,C036
PL01-2024-000299,2,2024-04-13,1200 ,0.00,20161.72,PLN,C036
PL01-2024-000300,1,2024-03-26,1200 ,74287.41,0.00,PLN,C018
PL01-2024-000300,2,2024-03-26,4000 ,0.00,63979.30,PLN,C018
PL01-2024-000300,3,2024-03-26,4100 ,0.00,10308.11,PLN,C018
PL01-2024-000301,1,2024-06-19,1000 ,74287.41,0.00,PLN,C018
PL01-2024-000301,2,2024-06-19,1200 ,0.00,74287.41,PLN,C018
PL01-2024-000302,1,2024-03-20,1200 ,18242.35,0.00,PLN,C010
PL01-2024-000302,2,2024-03-20,4000 ,0.00,15711.04,PLN,C010
PL01-2024-000302,3,2024-03-20,4100 ,0.00,2531.31,PLN,C010
PL01-2024-000303,1,2024-05-16,1000 ,18242.35,0.00,PLN,C010
PL01-2024-000303,2,2024-05-16,1200 ,0.00,18242.35,PLN,C010
PL01-2024-000304,1,2024-03-18,1200 ,16402.56,0.00,PLN,C009
PL01-2024-000304,2,2024-03-18,4000 ,0.00,14126.54,PLN,C009
PL01-2024-000304,3,2024-03-18,4100 ,0.00,2276.02,PLN,C009
PL01-2024-000305,1,2024-05-02,1000 ,16402.56,0.00,PLN,C009
PL01-2024-000305,2,2024-05-02,1200 ,0.00,16402.56,PLN,C009
PL01-2024-000306,1,2024-03-11,1200 ,4480.66,0.00,PLN,C018
PL01-2024-000306,2,2024-03-11,4000 ,0.00,3858.92,PLN,C018
PL01-2024-000306,3,2024-03-11,4100 ,0.00,621.74,PLN,C018
PL01-2024-000307,1,2024-04-13,1000 ,4480.66,0.00,PLN,C018
PL01-2024-000307,2,2024-04-13,1200 ,0.00,4480.66,PLN,C018
PL01-2024-000308,1,2024-03-03,1200 ,52729.58,0.00,PLN,C037
PL01-2024-000308,2,2024-03-03,4000 ,0.00,45412.83,PLN,C037
PL01-2024-000308,3,2024-03-03,4100 ,0.00,7316.75,PLN,C037
PL01-2024-000309,1,2024-05-26,1000 ,52729.58,0.00,PLN,C037
PL01-2024-000309,2,2024-05-26,1200 ,0.00,52729.58,PLN,C037
PL01-2024-000310,1,2024-03-13,1200 ,9498.20,0.00,PLN,C036
PL01-2024-000310,2,2024-03-13,4000 ,0.00,8180.23,PLN,C036
PL01-2024-000310,3,2024-03-13,4100 ,0.00,1317.97,PLN,C036
PL01-2024-000311,1,2024-05-13,1000 ,9498.20,0.00,PLN,C036
PL01-2024-000311,2,2024-05-13,1200 ,0.00,9498.20,PLN,C036
PL01-2024-000312,1,2024-03-07,1200 ,20172.62,0.00,PLN,C023
PL01-2024-000312,2,2024-03-07,4000 ,0.00,17373.47,PLN,C023
PL01-2024-000312,3,2024-03-07,4100 ,0.00,2799.15,PLN,C023
PL01-2024-000313,1,2024-05-14,1000 ,20172.62,0.00,PLN,C023
PL01-2024-000313,2,2024-05-14,1200 ,0.00,20172.62,PLN,C023
PL01-2024-000314,1,2024-03-07,1200 ,63325.41,0.00,PLN,C039
PL01-2024-000314,2,2024-03-07,4000 ,0.00,54538.39,PLN,C039
PL01-2024-000314,3,2024-03-07,4100 ,0.00,8787.02,PLN,C039
PL01-2024-000315,1,2024-04-21,1000 ,63325.41,0.00,PLN,C039
PL01-2024-000315,2,2024-04-21,1200 ,0.00,63325.41,PLN,C039
PL01-2024-000316,1,2024-03-13,1200 ,21029.30,0.00,PLN,C038
PL01-2024-000316,2,2024-03-13,4000 ,0.00,18111.28,PLN,C038
PL01-2024-000316,3,2024-03-13,4100 ,0.00,2918.02,PLN,C038
PL01-2024-000317,1,2024-04-24,1000 ,21029.30,0.00,PLN,C038
PL01-2024-000317,2,2024-04-24,1200 ,0.00,21029.30,PLN,C038
PL01-2024-000318,1,2024-03-13,1200 ,3812.60,0.00,PLN,C007
PL01-2024-000318,2,2024-03-13,4000 ,0.00,3283.56,PLN,C007
PL01-2024-000318,3,2024-03-13,4100 ,0.00,529.04,PLN,C007
PL01-2024-000319,1,2024-06-28,1000 ,3812.60,0.00,PLN,C007
PL01-2024-000319,2,2024-06-28,1200 ,0.00,3812.60,PLN,C007
PL01-2024-000320,1,2024-03-14,1200 ,69564.78,0.00,PLN,C037
PL01-2024-000320,2,2024-03-14,4000 ,0.00,59911.98,PLN,C037
PL01-2024-000320,3,2024-03-14,4100 ,0.00,9652.80,PLN,C037
PL01-2024-000321,1,2024-04-25,1000 ,69564.78,0.00,PLN,C037
PL01-2024-000321,2,2024-04-25,1200 ,0.00,69564.78,PLN,C037
PL01-2024-000322,1,2024-03-18,1200 ,106284.06,0.00,PLN,C013
PL01-2024-000322,2,2024-03-18,4000 ,0.00,91536.10,PLN,C013
PL01-2024-000322,3,2024-03-18,4100 ,0.00,14747.96,PLN,C013
PL01-2024-000323,1,2024-04-29,1000 ,106284.06,0.00,PLN,C013
PL01-2024-000323,2,2024-04-29,1200 ,0.00,106284.06,PLN,C013
PL01-2024-000324,1,2024-03-14,1200 ,34414.53,0.00,PLN,C015
PL01-2024-000324,2,2024-03-14,4000 ,0.00,29639.18,PLN,C015
PL01-2024-000324,3,2024-03-14,4100 ,0.00,4775.35,PLN,C015
PL01-2024-000325,1,2024-04-30,1000 ,34414.53,0.00,PLN,C015
PL01-2024-000325,2,2024-04-30,1200 ,0.00,34414.53,PLN,C015
PL01-2024-000326,1,2024-03-15,1200 ,30994.53,0.00,PLN,C028
PL01-2024-000326,2,2024-03-15,4000 ,0.00,26693.73,PLN,C028
PL01-2024-000326,3,2024-03-15,4100 ,0.00,4300.80,PLN,C028
PL01-2024-000327,1,2024-04-29,1000 ,30994.53,0.00,PLN,C028
PL01-2024-000327,2,2024-04-29,1200 ,0.00,30994.53,PLN,C028
PL01-2024-000328,1,2024-03-25,1200 ,48072.99,0.00,PLN,C031
PL01-2024-000328,2,2024-03-25,4000 ,0.00,41402.39,PLN,C031
PL01-2024-000328,3,2024-03-25,4100 ,0.00,6670.60,PLN,C031
PL01-2024-000329,1,2024-05-14,1000 ,48072.99,0.00,PLN,C031
PL01-2024-000329,2,2024-05-14,1200 ,0.00,48072.99,PLN,C031
PL01-2024-000330,1,2024-03-18,1200 ,17213.62,0.00,PLN,C027
PL01-2024-000330,2,2024-03-18,4000 ,0.00,14825.06,PLN,C027
PL01-2024-000330,3,2024-03-18,4100 ,0.00,2388.56,PLN,C027
PL01-2024-000331,1,2024-05-23,1000 ,17213.62,0.00,PLN,C027
PL01-2024-000331,2,2024-05-23,1200 ,0.00,17213.62,PLN,C027
PL01-2024-000332,1,2024-03-18,1200 ,16315.89,0.00,PLN,C029
PL01-2024-000332,2,2024-03-18,4000 ,0.00,14051.90,PLN,C029
PL01-2024-000332,3,2024-03-18,4100 ,0.00,2263.99,PLN,C029
PL01-2024-000333,1,2024-05-01,1000 ,16315.89,0.00,PLN,C029
PL01-2024-000333,2,2024-05-01,1200 ,0.00,16315.89,PLN,C029
PL01-2024-000334,1,2024-03-30,1200 ,27915.69,0.00,PLN,C035
PL01-2024-000334,2,2024-03-30,4000 ,0.00,24042.11,PLN,C035
PL01-2024-000334,3,2024-03-30,4100 ,0.00,3873.58,PLN,C035
PL01-2024-000335,1,2024-05-15,1000 ,27915.69,0.00,PLN,C035
PL01-2024-000335,2,2024-05-15,1200 ,0.00,27915.69,PLN,C035
PL01-2024-000336,1,2024-03-04,1200 ,38423.59,0.00,PLN,C026
PL01-2024-000336,2,2024-03-04,4000 ,0.00,33091.94,PLN,C026
PL01-2024-000336,3,2024-03-04,4100 ,0.00,5331.65,PLN,C026
PL01-2024-000337,1,2024-04-23,1000 ,38423.59,0.00,PLN,C026
PL01-2024-000337,2,2024-04-23,1200 ,0.00,38423.59,PLN,C026
PL01-2024-000338,1,2024-03-23,1200 ,10705.62,0.00,PLN,C025
PL01-2024-000338,2,2024-03-23,4000 ,0.00,9220.11,PLN,C025
PL01-2024-000338,3,2024-03-23,4100 ,0.00,1485.51,PLN,C025
PL01-2024-000339,1,2024-05-01,1000 ,10705.62,0.00,PLN,C025
PL01-2024-000339,2,2024-05-01,1200 ,0.00,10705.62,PLN,C025
PL01-2024-000340,1,2024-03-21,1200 ,13077.68,0.00,PLN,C014
PL01-2024-000340,2,2024-03-21,4000 ,0.00,11263.02,PLN,C014
PL01-2024-000340,3,2024-03-21,4100 ,0.00,1814.66,PLN,C014
PL01-2024-000341,1,2024-05-06,1000 ,13077.68,0.00,PLN,C014
PL01-2024-000341,2,2024-05-06,1200 ,0.00,13077.68,PLN,C014
PL01-2024-000342,1,2024-03-13,1200 ,42512.20,0.00,PLN,C004
PL01-2024-000342,2,2024-03-13,4000 ,0.00,36613.21,PLN,C004
PL01-2024-000342,3,2024-03-13,4100 ,0.00,5898.99,PLN,C004
PL01-2024-000343,1,2024-04-23,1000 ,42512.20,0.00,PLN,C004
PL01-2024-000343,2,2024-04-23,1200 ,0.00,42512.20,PLN,C004
PL01-2024-000344,1,2024-03-23,1200 ,55256.65,0.00,PLN,C031
PL01-2024-000344,2,2024-03-23,4000 ,0.00,47589.25,PLN,C031
PL01-2024-000344,3,2024-03-23,4100 ,0.00,7667.40,PLN,C031
PL01-2024-000345,1,2024-04-16,1000 ,55256.65,0.00,PLN,C031
PL01-2024-000345,2,2024-04-16,1200 ,0.00,55256.65,PLN,C031
PL01-2024-000346,1,2024-03-11,1200 ,49205.26,0.00,PLN,C028
PL01-2024-000346,2,2024-03-11,4000 ,0.00,42377.55,PLN,C028
PL01-2024-000346,3,2024-03-11,4100 ,0.00,6827.71,PLN,C028
PL01-2024-000347,1,2024-05-11,1000 ,49205.26,0.00,PLN,C028
PL01-2024-000347,2,2024-05-11,1200 ,0.00,49205.26,PLN,C028
PL01-2024-000348,1,2024-03-19,1200 ,19338.79,0.00,PLN,C004
PL01-2024-000348,2,2024-03-19,4000 ,0.00,16655.34,PLN,C004
PL01-2024-000348,3,2024-03-19,4100 ,0.00,2683.45,PLN,C004
PL01-2024-000349,1,2024-04-30,1000 ,19338.79,0.00,PLN,C004
PL01-2024-000349,2,2024-04-30,1200 ,0.00,19338.79,PLN,C004
PL01-2024-000350,1,2024-03-03,1200 ,29817.70,0.00,PLN,C028
PL01-2024-000350,2,2024-03-03,4000 ,0.00,25680.20,PLN,C028
PL01-2024-000350,3,2024-03-03,4100 ,0.00,4137.50,PLN,C028
PL01-2024-000351,1,2024-03-30,1000 ,29817.70,0.00,PLN,C028
PL01-2024-000351,2,2024-03-30,1200 ,0.00,29817.70,PLN,C028
PL01-2024-000352,1,2024-03-05,1200 ,79320.66,0.00,PLN,C038
PL01-2024-000352,2,2024-03-05,4000 ,0.00,68314.14,PLN,C038
PL01-2024-000352,3,2024-03-05,4100 ,0.00,11006.52,PLN,C038
PL01-2024-000353,1,2024-04-01,1000 ,79320.66,0.00,PLN,C038
PL01-2024-000353,2,2024-04-01,1200 ,0.00,79320.66,PLN,C038
PL01-2024-000354,1,2024-03-30,1200 ,46215.70,0.00,PLN,C006
PL01-2024-000354,2,2024-03-30,4000 ,0.00,39802.82,PLN,C006
PL01-2024-000354,3,2024-03-30,4100 ,0.00,6412.88,PLN,C006
PL01-2024-000355,1,2024-04-18,1000 ,46215.70,0.00,PLN,C006
PL01-2024-000355,2,2024-04-18,1200 ,0.00,46215.70,PLN,C006
PL01-2024-000356,1,2024-03-24,1200 ,37474.85,0.00,PLN,C007
PL01-2024-000356,2,2024-03-24,4000 ,0.00,32274.85,PLN,C007
PL01-2024-000356,3,2024-03-24,4100 ,0.00,5200.00,PLN,C007
PL01-2024-000357,1,2024-05-12,1000 ,37474.85,0.00,PLN,C007
PL01-2024-000357,2,2024-05-12,1200 ,0.00,37474.85,PLN,C007
PL01-2024-000358,1,2024-03-20,1200 ,8429.81,0.00,PLN,C010
PL01-2024-000358,2,2024-03-20,4000 ,0.00,7260.09,PLN,C010
PL01-2024-000358,3,2024-03-20,4100 ,0.00,1169.72,PLN,C010
PL01-2024-000359,1,2024-04-23,1000 ,8429.81,0.00,PLN,C010
PL01-2024-000359,2,2024-04-23,1200 ,0.00,8429.81,PLN,C010
PL01-2024-000360,1,2024-03-04,1200 ,42059.84,0.00,PLN,C017
PL01-2024-000360,2,2024-03-04,4000 ,0.00,36223.62,PLN,C017
PL01-2024-000360,3,2024-03-04,4100 ,0.00,5836.22,PLN,C017
PL01-2024-000361,1,2024-04-23,1000 ,42059.84,0.00,PLN,C017
PL01-2024-000361,2,2024-04-23,1200 ,0.00,42059.84,PLN,C017
PL01-2024-000362,1,2024-03-17,1300 ,91108.04,0.00,PLN,V021
PL01-2024-000362,2,2024-03-17,2100 ,0.00,91108.04,PLN,V021
PL01-2024-000363,1,2024-04-23,2100 ,91108.04,0.00,PLN,V021
PL01-2024-000363,2,2024-04-23,1000 ,0.00,91108.04,PLN,V021
PL01-2024-000364,1,2024-03-16,1300 ,364568.45,0.00,PLN,V019
PL01-2024-000364,2,2024-03-16,2100 ,0.00,364568.45,PLN,V019
PL01-2024-000365,1,2024-05-06,2100 ,364568.45,0.00,PLN,V019
PL01-2024-000365,2,2024-05-06,1000 ,0.00,364568.45,PLN,V019
PL01-2024-000366,1,2024-03-07,1300 ,134831.94,0.00,PLN,V015
PL01-2024-000366,2,2024-03-07,2100 ,0.00,134831.94,PLN,V015
PL01-2024-000367,1,2024-04-20,2100 ,134831.94,0.00,PLN,V015
PL01-2024-000367,2,2024-04-20,1000 ,0.00,134831.94,PLN,V015
PL01-2024-000368,1,2024-03-01,1300 ,325037.58,0.00,PLN,V018
PL01-2024-000368,2,2024-03-01,2100 ,0.00,325037.58,PLN,V018
PL01-2024-000369,1,2024-04-12,2100 ,325037.58,0.00,PLN,V018
PL01-2024-000369,2,2024-04-12,1000 ,0.00,325037.58,PLN,V018
PL01-2024-000370,1,2024-03-31,5000 ,906115.03,0.00,PLN,
PL01-2024-000370,2,2024-03-31,1300 ,0.00,906115.03,PLN,
PL01-2024-000371,1,2024-03-19,6100 ,86101.43,0.00,PLN,V027
PL01-2024-000371,2,2024-03-19,2100 ,0.00,86101.43,PLN,V027
PL01-2024-000372,1,2024-04-23,2100 ,86101.43,0.00,PLN,V027
PL01-2024-000372,2,2024-04-23,1000 ,0.00,86101.43,PLN,V027
PL01-2024-000373,1,2024-03-16,6200 ,82480.28,0.00,PLN,V040
PL01-2024-000373,2,2024-03-16,2100 ,0.00,82480.28,PLN,V040
PL01-2024-000374,1,2024-05-02,2100 ,82480.28,0.00,PLN,V040
PL01-2024-000374,2,2024-05-02,1000 ,0.00,82480.28,PLN,V040
PL01-2024-000375,1,2024-03-14,6300 ,28259.15,0.00,PLN,V041
PL01-2024-000375,2,2024-03-14,2100 ,0.00,28259.15,PLN,V041
PL01-2024-000376,1,2024-04-24,2100 ,28259.15,0.00,PLN,V041
PL01-2024-000376,2,2024-04-24,1000 ,0.00,28259.15,PLN,V041
PL01-2024-000377,1,2024-03-17,6400 ,55295.75,0.00,PLN,V032
PL01-2024-000377,2,2024-03-17,2100 ,0.00,55295.75,PLN,V032
PL01-2024-000378,1,2024-04-28,2100 ,55295.75,0.00,PLN,V032
PL01-2024-000378,2,2024-04-28,1000 ,0.00,55295.75,PLN,V032
PL01-2024-000379,1,2024-03-25,6000 ,687435.29,0.00,PLN,
PL01-2024-000379,2,2024-03-25,1000 ,0.00,687435.29,PLN,
PL01-2024-000380,1,2024-03-31,6900 ,42708.33,0.00,PLN,
PL01-2024-000380,2,2024-03-31,1590 ,0.00,42708.33,PLN,
PL01-2024-000381,1,2024-04-12,1200 ,114867.11,0.00,PLN,C036
PL01-2024-000381,2,2024-04-12,4000 ,0.00,100119.02,PLN,C036
PL01-2024-000381,3,2024-04-12,4100 ,0.00,14748.09,PLN,C036
PL01-2024-000382,1,2024-05-09,1000 ,114867.11,0.00,PLN,C036
PL01-2024-000382,2,2024-05-09,1200 ,0.00,114867.11,PLN,C036
PL01-2024-000383,1,2024-04-16,1200 ,13853.18,0.00,PLN,C016
PL01-2024-000383,2,2024-04-16,4000 ,0.00,12074.53,PLN,C016
PL01-2024-000383,3,2024-04-16,4100 ,0.00,1778.65,PLN,C016
PL01-2024-000384,1,2024-06-15,1000 ,13853.18,0.00,PLN,C016
PL01-2024-000384,2,2024-06-15,1200 ,0.00,13853.18,PLN,C016
PL01-2024-000385,1,2024-04-19,1200 ,5932.80,0.00,PLN,C006
PL01-2024-000385,2,2024-04-19,4000 ,0.00,5171.07,PLN,C006
PL01-2024-000385,3,2024-04-19,4100 ,0.00,761.73,PLN,C006
PL01-2024-000386,1,2024-06-20,1000 ,5932.80,0.00,PLN,C006
PL01-2024-000386,2,2024-06-20,1200 ,0.00,5932.80,PLN,C006
PL01-2024-000387,1,2024-04-21,1200 ,74768.41,0.00,PLN,C023
PL01-2024-000387,2,2024-04-21,4000 ,0.00,65168.70,PLN,C023
PL01-2024-000387,3,2024-04-21,4100 ,0.00,9599.71,PLN,C023
PL01-2024-000388,1,2024-06-03,1000 ,74768.41,0.00,PLN,C023
PL01-2024-000388,2,2024-06-03,1200 ,0.00,74768.41,PLN,C023
PL01-2024-000389,1,2024-04-30,1200 ,3012.62,0.00,PLN,C017
PL01-2024-000389,2,2024-04-30,4000 ,0.00,2625.82,PLN,C017
PL01-2024-000389,3,2024-04-30,4100 ,0.00,386.80,PLN,C017
PL01-2024-000390,1,2024-07-06,1000 ,3012.62,0.00,PLN,C017
PL01-2024-000390,2,2024-07-06,1200 ,0.00,3012.62,PLN,C017
PL01-2024-000391,1,2024-04-28,1200 ,15135.56,0.00,PLN,C017
PL01-2024-000391,2,2024-04-28,4000 ,0.00,13192.27,PLN,C017
PL01-2024-000391,3,2024-04-28,4100 ,0.00,1943.29,PLN,C017
PL01-2024-000392,1,2024-06-01,1000 ,15135.56,0.00,PLN,C017
PL01-2024-000392,2,2024-06-01,1200 ,0.00,15135.56,PLN,C017
PL01-2024-000393,1,2024-04-19,1200 ,31511.88,0.00,PLN,C023
PL01-2024-000393,2,2024-04-19,4000 ,0.00,27465.99,PLN,C023
PL01-2024-000393,3,2024-04-19,4100 ,0.00,4045.89,PLN,C023
PL01-2024-000394,1,2024-06-07,1000 ,31511.88,0.00,PLN,C023
PL01-2024-000394,2,2024-06-07,1200 ,0.00,31511.88,PLN,C023
PL01-2024-000395,1,2024-04-11,1200 ,24499.37,0.00,PLN,C032
PL01-2024-000395,2,2024-04-11,4000 ,0.00,21353.83,PLN,C032
PL01-2024-000395,3,2024-04-11,4100 ,0.00,3145.54,PLN,C032
PL01-2024-000396,1,2024-06-04,1000 ,24499.37,0.00,PLN,C032
PL01-2024-000396,2,2024-06-04,1200 ,0.00,24499.37,PLN,C032
PL01-2024-000397,1,2024-04-15,1200 ,9568.19,0.00,PLN,C007
PL01-2024-000397,2,2024-04-15,4000 ,0.00,8339.70,PLN,C007
PL01-2024-000397,3,2024-04-15,4100 ,0.00,1228.49,PLN,C007
PL01-2024-000398,1,2024-07-13,1000 ,9568.19,0.00,PLN,C007
PL01-2024-000398,2,2024-07-13,1200 ,0.00,9568.19,PLN,C007
PL01-2024-000399,1,2024-04-30,1200 ,33122.74,0.00,PLN,C019
PL01-2024-000399,2,2024-04-30,4000 ,0.00,28870.02,PLN,C019
PL01-2024-000399,3,2024-04-30,4100 ,0.00,4252.72,PLN,C019
PL01-2024-000400,1,2024-06-15,1000 ,33122.74,0.00,PLN,C019
PL01-2024-000400,2,2024-06-15,1200 ,0.00,33122.74,PLN,C019
PL01-2024-000401,1,2024-04-18,1200 ,33252.72,0.00,PLN,C009
PL01-2024-000401,2,2024-04-18,4000 ,0.00,28983.32,PLN,C009
PL01-2024-000401,3,2024-04-18,4100 ,0.00,4269.40,PLN,C009
PL01-2024-000402,1,2024-06-14,1000 ,33252.72,0.00,PLN,C009
PL01-2024-000402,2,2024-06-14,1200 ,0.00,33252.72,PLN,C009
PL01-2024-000403,1,2024-04-20,1200 ,23816.14,0.00,PLN,C014
PL01-2024-000403,2,2024-04-20,4000 ,0.00,20758.32,PLN,C014
PL01-2024-000403,3,2024-04-20,4100 ,0.00,3057.82,PLN,C014
PL01-2024-000404,1,2024-05-25,1000 ,23816.14,0.00,PLN,C014
PL01-2024-000404,2,2024-05-25,1200 ,0.00,23816.14,PLN,C014
PL01-2024-000405,1,2024-04-03,1200 ,8827.04,0.00,PLN,C037
PL01-2024-000405,2,2024-04-03,4000 ,0.00,7693.71,PLN,C037
PL01-2024-000405,3,2024-04-03,4100 ,0.00,1133.33,PLN,C037
PL01-2024-000406,1,2024-05-20,1000 ,8827.04,0.00,PLN,C037
PL01-2024-000406,2,2024-05-20,1200 ,0.00,8827.04,PLN,C037
PL01-2024-000407,1,2024-04-04,1200 ,48292.14,0.00,PLN,C039
PL01-2024-000407,2,2024-04-04,4000 ,0.00,42091.78,PLN,C039
PL01-2024-000407,3,2024-04-04,4100 ,0.00,6200.36,PLN,C039
PL01-2024-000408,1,2024-04-28,1000 ,48292.14,0.00,PLN,C039
PL01-2024-000408,2,2024-04-28,1200 ,0.00,48292.14,PLN,C039
PL01-2024-000409,1,2024-04-05,1200 ,158060.84,0.00,PLN,C011
PL01-2024-000409,2,2024-04-05,4000 ,0.00,137766.99,PLN,C011
PL01-2024-000409,3,2024-04-05,4100 ,0.00,20293.85,PLN,C011
PL01-2024-000410,1,2024-06-15,1000 ,158060.84,0.00,PLN,C011
PL01-2024-000410,2,2024-06-15,1200 ,0.00,158060.84,PLN,C011
PL01-2024-000411,1,2024-04-04,1200 ,51955.21,0.00,PLN,C015
PL01-2024-000411,2,2024-04-04,4000 ,0.00,45284.54,PLN,C015
PL01-2024-000411,3,2024-04-04,4100 ,0.00,6670.67,PLN,C015
PL01-2024-000412,1,2024-05-27,1000 ,51955.21,0.00,PLN,C015
PL01-2024-000412,2,2024-05-27,1200 ,0.00,51955.21,PLN,C015
PL01-2024-000413,1,2024-04-08,1200 ,12613.46,0.00,PLN,C017
PL01-2024-000413,2,2024-04-08,4000 ,0.00,10993.98,PLN,C017
PL01-2024-000413,3,2024-04-08,4100 ,0.00,1619.48,PLN,C017
PL01-2024-000414,1,2024-05-18,1000 ,12613.46,0.00,PLN,C017
PL01-2024-000414,2,2024-05-18,1200 ,0.00,12613.46,PLN,C017
PL01-2024-000415,1,2024-04-25,1200 ,2270.09,0.00,PLN,C015
PL01-2024-000415,2,2024-04-25,4000 ,0.00,1978.63,PLN,C015
PL01-2024-000415,3,2024-04-25,4100 ,0.00,291.46,PLN,C015
PL01-2024-000416,1,2024-05-28,1000 ,2270.09,0.00,PLN,C015
PL01-2024-000416,2,2024-05-28,1200 ,0.00,2270.09,PLN,C015
PL01-2024-000417,1,2024-04-15,1200 ,17938.85,0.00,PLN,C028
PL01-2024-000417,2,2024-04-15,4000 ,0.00,15635.63,PLN,C028
PL01-2024-000417,3,2024-04-15,4100 ,0.00,2303.22,PLN,C028
PL01-2024-000418,1,2024-05-17,1000 ,17938.85,0.00,PLN,C028
PL01-2024-000418,2,2024-05-17,1200 ,0.00,17938.85,PLN,C028
PL01-2024-000419,1,2024-04-17,1200 ,25939.27,0.00,PLN,C003
PL01-2024-000419,2,2024-04-17,4000 ,0.00,22608.86,PLN,C003
PL01-2024-000419,3,2024-04-17,4100 ,0.00,3330.41,PLN,C003
PL01-2024-000420,1,2024-06-19,1000 ,25939.27,0.00,PLN,C003
PL01-2024-000420,2,2024-06-19,1200 ,0.00,25939.27,PLN,C003
PL01-2024-000421,1,2024-04-07,1200 ,26809.92,0.00,PLN,C031
PL01-2024-000421,2,2024-04-07,4000 ,0.00,23367.72,PLN,C031
PL01-2024-000421,3,2024-04-07,4100 ,0.00,3442.20,PLN,C031
PL01-2024-000422,1,2024-05-05,1000 ,26809.92,0.00,PLN,C031
PL01-2024-000422,2,2024-05-05,1200 ,0.00,26809.92,PLN,C031
PL01-2024-000423,1,2024-04-30,1200 ,32495.32,0.00,PLN,C009
PL01-2024-000423,2,2024-04-30,4000 ,0.00,28323.16,PLN,C009
PL01-2024-000423,3,2024-04-30,4100 ,0.00,4172.16,PLN,C009
PL01-2024-000424,1,2024-06-09,1000 ,32495.32,0.00,PLN,C009
PL01-2024-000424,2,2024-06-09,1200 ,0.00,32495.32,PLN,C009
PL01-2024-000425,1,2024-04-04,1200 ,12500.52,0.00,PLN,C017
PL01-2024-000425,2,2024-04-04,4000 ,0.00,10895.55,PLN,C017
PL01-2024-000425,3,2024-04-04,4100 ,0.00,1604.97,PLN,C017
PL01-2024-000426,1,2024-04-27,1000 ,12500.52,0.00,PLN,C017
PL01-2024-000426,2,2024-04-27,1200 ,0.00,12500.52,PLN,C017
PL01-2024-000427,1,2024-04-28,1200 ,59528.47,0.00,PLN,C022
PL01-2024-000427,2,2024-04-28,4000 ,0.00,51885.45,PLN,C022
PL01-2024-000427,3,2024-04-28,4100 ,0.00,7643.02,PLN,C022
PL01-2024-000428,1,2024-05-31,1000 ,59528.47,0.00,PLN,C022
PL01-2024-000428,2,2024-05-31,1200 ,0.00,59528.47,PLN,C022
PL01-2024-000429,1,2024-04-12,1200 ,6951.21,0.00,PLN,C027
PL01-2024-000429,2,2024-04-12,4000 ,0.00,6058.73,PLN,C027
PL01-2024-000429,3,2024-04-12,4100 ,0.00,892.48,PLN,C027
PL01-2024-000430,1,2024-06-02,1000 ,6951.21,0.00,PLN,C027
PL01-2024-000430,2,2024-06-02,1200 ,0.00,6951.21,PLN,C027
PL01-2024-000431,1,2024-04-10,1200 ,30002.49,0.00,PLN,C013
PL01-2024-000431,2,2024-04-10,4000 ,0.00,26150.39,PLN,C013
PL01-2024-000431,3,2024-04-10,4100 ,0.00,3852.10,PLN,C013
PL01-2024-000432,1,2024-06-15,1000 ,30002.49,0.00,PLN,C013
PL01-2024-000432,2,2024-06-15,1200 ,0.00,30002.49,PLN,C013
PL01-2024-000433,1,2024-04-16,1200 ,17975.11,0.00,PLN,C006
PL01-2024-000433,2,2024-04-16,4000 ,0.00,15667.24,PLN,C006
PL01-2024-000433,3,2024-04-16,4100 ,0.00,2307.87,PLN,C006
PL01-2024-000434,1,2024-05-29,1000 ,17975.11,0.00,PLN,C006
PL01-2024-000434,2,2024-05-29,1200 ,0.00,17975.11,PLN,C006
PL01-2024-000435,1,2024-04-09,1200 ,8307.28,0.00,PLN,C036
PL01-2024-000435,2,2024-04-09,4000 ,0.00,7240.69,PLN,C036
PL01-2024-000435,3,2024-04-09,4100 ,0.00,1066.59,PLN,C036
PL01-2024-000436,1,2024-06-07,1000 ,8307.28,0.00,PLN,C036
PL01-2024-000436,2,2024-06-07,1200 ,0.00,8307.28,PLN,C036
PL01-2024-000437,1,2024-04-13,1200 ,76582.41,0.00,PLN,C011
PL01-2024-000437,2,2024-04-13,4000 ,0.00,66749.79,PLN,C011
PL01-2024-000437,3,2024-04-13,4100 ,0.00,9832.62,PLN,C011
PL01-2024-000438,1,2024-05-24,1000 ,76582.41,0.00,PLN,C011
PL01-2024-000438,2,2024-05-24,1200 ,0.00,76582.41,PLN,C011
PL01-2024-000439,1,2024-04-28,1200 ,34241.13,0.00,PLN,C006
PL01-2024-000439,2,2024-04-28,4000 ,0.00,29844.82,PLN,C006
PL01-2024-000439,3,2024-04-28,4100 ,0.00,4396.31,PLN,C006
PL01-2024-000440,1,2024-05-29,1000 ,34241.13,0.00,PLN,C006
PL01-2024-000440,2,2024-05-29,1200 ,0.00,34241.13,PLN,C006
PL01-2024-000441,1,2024-04-05,1200 ,57484.23,0.00,PLN,C009
PL01-2024-000441,2,2024-04-05,4000 ,0.00,50103.68,PLN,C009
PL01-2024-000441,3,2024-04-05,4100 ,0.00,7380.55,PLN,C009
PL01-2024-000442,1,2024-05-27,1000 ,57484.23,0.00,PLN,C009
PL01-2024-000442,2,2024-05-27,1200 ,0.00,57484.23,PLN,C009
PL01-2024-000443,1,2024-04-06,1200 ,34948.64,0.00,PLN,C034
PL01-2024-000443,2,2024-04-06,4000 ,0.00,30461.49,PLN,C034
PL01-2024-000443,3,2024-04-06,4100 ,0.00,4487.15,PLN,C034
PL01-2024-000444,1,2024-04-28,1000 ,34948.64,0.00,PLN,C034
PL01-2024-000444,2,2024-04-28,1200 ,0.00,34948.64,PLN,C034
PL01-2024-000445,1,2024-04-01,1200 ,13217.41,0.00,PLN,C039
PL01-2024-000445,2,2024-04-01,4000 ,0.00,11520.39,PLN,C039
PL01-2024-000445,3,2024-04-01,4100 ,0.00,1697.02,PLN,C039
PL01-2024-000446,1,2024-05-05,1000 ,13217.41,0.00,PLN,C039
PL01-2024-000446,2,2024-05-05,1200 ,0.00,13217.41,PLN,C039
PL01-2024-000447,1,2024-04-17,1200 ,45374.48,0.00,PLN,C013
PL01-2024-000447,2,2024-04-17,4000 ,0.00,39548.73,PLN,C013
PL01-2024-000447,3,2024-04-17,4100 ,0.00,5825.75,PLN,C013
PL01-2024-000448,1,2024-05-30,1000 ,45374.48,0.00,PLN,C013
PL01-2024-000448,2,2024-05-30,1200 ,0.00,45374.48,PLN,C013
PL01-2024-000449,1,2024-04-20,1200 ,29919.41,0.00,PLN,C002
PL01-2024-000449,2,2024-04-20,4000 ,0.00,26077.98,PLN,C002
PL01-2024-000449,3,2024-04-20,4100 ,0.00,3841.43,PLN,C002
PL01-2024-000450,1,2024-06-19,1000 ,29919.41,0.00,PLN,C002
PL01-2024-000450,2,2024-06-19,1200 ,0.00,29919.41,PLN,C002
PL01-2024-000451,1,2024-04-21,1200 ,11878.32,0.00,PLN,C002
PL01-2024-000451,2,2024-04-21,4000 ,0.00,10353.23,PLN,C002
PL01-2024-000451,3,2024-04-21,4100 ,0.00,1525.09,PLN,C002
PL01-2024-000452,1,2024-05-17,1000 ,11878.32,0.00,PLN,C002
PL01-2024-000452,2,2024-05-17,1200 ,0.00,11878.32,PLN,C002
PL01-2024-000453,1,2024-04-29,1200 ,23375.79,0.00,PLN,C013
PL01-2024-000453,2,2024-04-29,4000 ,0.00,20374.51,PLN,C013
PL01-2024-000453,3,2024-04-29,4100 ,0.00,3001.28,PLN,C013
PL01-2024-000454,1,2024-06-28,1000 ,23375.79,0.00,PLN,C013
PL01-2024-000454,2,2024-06-28,1200 ,0.00,23375.79,PLN,C013
PL01-2024-000455,1,2024-04-09,1200 ,13179.03,0.00,PLN,C038
PL01-2024-000455,2,2024-04-09,4000 ,0.00,11486.94,PLN,C038
PL01-2024-000455,3,2024-04-09,4100 ,0.00,1692.09,PLN,C038
PL01-2024-000456,1,2024-05-15,1000 ,13179.03,0.00,PLN,C038
PL01-2024-000456,2,2024-05-15,1200 ,0.00,13179.03,PLN,C038
PL01-2024-000457,1,2024-04-26,1200 ,55032.56,0.00,PLN,C034
PL01-2024-000457,2,2024-04-26,4000 ,0.00,47966.78,PLN,C034
PL01-2024-000457,3,2024-04-26,4100 ,0.00,7065.78,PLN,C034
PL01-2024-000458,1,2024-05-25,1000 ,55032.56,0.00,PLN,C034
PL01-2024-000458,2,2024-05-25,1200 ,0.00,55032.56,PLN,C034
PL01-2024-000459,1,2024-04-20,1200 ,38549.49,0.00,PLN,C025
PL01-2024-000459,2,2024-04-20,4000 ,0.00,33600.02,PLN,C025
PL01-2024-000459,3,2024-04-20,4100 ,0.00,4949.47,PLN,C025
PL01-2024-000460,1,2024-06-20,1000 ,38549.49,0.00,PLN,C025
PL01-2024-000460,2,2024-06-20,1200 ,0.00,38549.49,PLN,C025
PL01-2024-000461,1,2024-04-22,1200 ,12942.35,0.00,PLN,C025
PL01-2024-000461,2,2024-04-22,4000 ,0.00,11280.65,PLN,C025
PL01-2024-000461,3,2024-04-22,4100 ,0.00,1661.70,PLN,C025
PL01-2024-000462,1,2024-05-17,1000 ,12942.35,0.00,PLN,C025
PL01-2024-000462,2,2024-05-17,1200 ,0.00,12942.35,PLN,C025
PL01-2024-000463,1,2024-04-13,1200 ,13879.20,0.00,PLN,C039
PL01-2024-000463,2,2024-04-13,4000 ,0.00,12097.21,PLN,C039
PL01-2024-000463,3,2024-04-13,4100 ,0.00,1781.99,PLN,C039
PL01-2024-000464,1,2024-06-08,1000 ,13879.20,0.00,PLN,C039
PL01-2024-000464,2,2024-06-08,1200 ,0.00,13879.20,PLN,C039
PL01-2024-000465,1,2024-04-22,1200 ,10244.77,0.00,PLN,C014
PL01-2024-000465,2,2024-04-22,4000 ,0.00,8929.42,PLN,C014
PL01-2024-000465,3,2024-04-22,4100 ,0.00,1315.35,PLN,C014
PL01-2024-000466,1,2024-06-27,1000 ,10244.77,0.00,PLN,C014
PL01-2024-000466,2,2024-06-27,1200 ,0.00,10244.77,PLN,C014
PL01-2024-000467,1,2024-04-29,1200 ,18968.75,0.00,PLN,C029
PL01-2024-000467,2,2024-04-29,4000 ,0.00,16533.30,PLN,C029
PL01-2024-000467,3,2024-04-29,4100 ,0.00,2435.45,PLN,C029
PL01-2024-000468,1,2024-05-24,1000 ,18968.75,0.00,PLN,C029
PL01-2024-000468,2,2024-05-24,1200 ,0.00,18968.75,PLN,C029
PL01-2024-000469,1,2024-04-20,1200 ,99124.15,0.00,PLN,C038
PL01-2024-000469,2,2024-04-20,4000 ,0.00,86397.34,PLN,C038
PL01-2024-000469,3,2024-04-20,4100 ,0.00,12726.81,PLN,C038
PL01-2024-000470,1,2024-05-24,1000 ,99124.15,0.00,PLN,C038
PL01-2024-000470,2,2024-05-24,1200 ,0.00,99124.15,PLN,C038
PL01-2024-000471,1,2024-04-27,1200 ,31215.27,0.00,PLN,C010
PL01-2024-000471,2,2024-04-27,4000 ,0.00,27207.46,PLN,C010
PL01-2024-000471,3,2024-04-27,4100 ,0.00,4007.81,PLN,C010
PL01-2024-000472,1,2024-06-28,1000 ,31215.27,0.00,PLN,C010
PL01-2024-000472,2,2024-06-28,1200 ,0.00,31215.27,PLN,C010
PL01-2024-000473,1,2024-04-02,1200 ,21039.66,0.00,PLN,C012
PL01-2024-000473,2,2024-04-02,4000 ,0.00,18338.32,PLN,C012
PL01-2024-000473,3,2024-04-02,4100 ,0.00,2701.34,PLN,C012
PL01-2024-000474,1,2024-05-01,1000 ,21039.66,0.00,PLN,C012
PL01-2024-000474,2,2024-05-01,1200 ,0.00,21039.66,PLN,C012
PL01-2024-000475,1,2024-04-01,1200 ,20927.74,0.00,PLN,C015
PL01-2024-000475,2,2024-04-01,4000 ,0.00,18240.77,PLN,C015
PL01-2024-000475,3,2024-04-01,4100 ,0.00,2686.97,PLN,C015
PL01-2024-000476,1,2024-05-14,1000 ,20927.74,0.00,PLN,C015
PL01-2024-000476,2,2024-05-14,1200 ,0.00,20927.74,PLN,C015
PL01-2024-000477,1,2024-04-10,1200 ,20756.92,0.00,PLN,C034
PL01-2024-000477,2,2024-04-10,4000 ,0.00,18091.88,PLN,C034
PL01-2024-000477,3,2024-04-10,4100 ,0.00,2665.04,PLN,C034
PL01-2024-000478,1,2024-05-13,1000 ,20756.92,0.00,PLN,C034
PL01-2024-000478,2,2024-05-13,1200 ,0.00,20756.92,PLN,C034
PL01-2024-000479,1,2024-04-28,1200 ,26775.96,0.00,PLN,C013
PL01-2024-000479,2,2024-04-28,4000 ,0.00,23338.12,PLN,C013
PL01-2024-000479,3,2024-04-28,4100 ,0.00,3437.84,PLN,C013
PL01-2024-000480,1,2024-06-01,1000 ,26775.96,0.00,PLN,C013
PL01-2024-000480,2,2024-06-01,1200 ,0.00,26775.96,PLN,C013
PL01-2024-000481,1,2024-04-04,1200 ,44375.84,0.00,PLN,C040
PL01-2024-000481,2,2024-04-04,4000 ,0.00,38678.31,PLN,C040
PL01-2024-000481,3,2024-04-04,4100 ,0.00,5697.53,PLN,C040
PL01-2024-000482,1,2024-05-12,1000 ,44375.84,0.00,PLN,C040
PL01-2024-000482,2,2024-05-12,1200 ,0.00,44375.84,PLN,C040
PL01-2024-000483,1,2024-04-02,1200 ,25003.59,0.00,PLN,C012
PL01-2024-000483,2,2024-04-02,4000 ,0.00,21793.31,PLN,C012
PL01-2024-000483,3,2024-04-02,4100 ,0.00,3210.28,PLN,C012
PL01-2024-000484,1,2024-06-11,1000 ,25003.59,0.00,PLN,C012
PL01-2024-000484,2,2024-06-11,1200 ,0.00,25003.59,PLN,C012
PL01-2024-000485,1,2024-04-19,1200 ,22994.30,0.00,PLN,C016
PL01-2024-000485,2,2024-04-19,4000 ,0.00,20042.00,PLN,C016
PL01-2024-000485,3,2024-04-19,4100 ,0.00,2952.30,PLN,C016
PL01-2024-000486,1,2024-06-01,1000 ,22994.30,0.00,PLN,C016
PL01-2024-000486,2,2024-06-01,1200 ,0.00,22994.30,PLN,C016
PL01-2024-000487,1,2024-04-15,1200 ,20465.63,0.00,PLN,C030
PL01-2024-000487,2,2024-04-15,4000 ,0.00,17837.99,PLN,C030
PL01-2024-000487,3,2024-04-15,4100 ,0.00,2627.64,PLN,C030
PL01-2024-000488,1,2024-06-03,1000 ,20465.63,0.00,PLN,C030
PL01-2024-000488,2,2024-06-03,1200 ,0.00,20465.63,PLN,C030
PL01-2024-000489,1,2024-04-02,1200 ,20452.09,0.00,PLN,C027
PL01-2024-000489,2,2024-04-02,4000 ,0.00,17826.19,PLN,C027
PL01-2024-000489,3,2024-04-02,4100 ,0.00,2625.90,PLN,C027
PL01-2024-000490,1,2024-05-07,1000 ,20452.09,0.00,PLN,C027
PL01-2024-000490,2,2024-05-07,1200 ,0.00,20452.09,PLN,C027
PL01-2024-000491,1,2024-04-26,1200 ,58753.48,0.00,PLN,C029
PL01-2024-000491,2,2024-04-26,4000 ,0.00,51209.97,PLN,C029
PL01-2024-000491,3,2024-04-26,4100 ,0.00,7543.51,PLN,C029
PL01-2024-000492,1,2024-06-05,1000 ,58753.48,0.00,PLN,C029
PL01-2024-000492,2,2024-06-05,1200 ,0.00,58753.48,PLN,C029
PL01-2024-000493,1,2024-04-13,1300 ,353115.47,0.00,PLN,V025
PL01-2024-000493,2,2024-04-13,2100 ,0.00,353115.47,PLN,V025
PL01-2024-000494,1,2024-05-25,2100 ,353115.47,0.00,PLN,V025
PL01-2024-000494,2,2024-05-25,1000 ,0.00,353115.47,PLN,V025
PL01-2024-000495,1,2024-04-13,1300 ,402415.84,0.00,PLN,V020
PL01-2024-000495,2,2024-04-13,2100 ,0.00,402415.84,PLN,V020
PL01-2024-000496,1,2024-05-30,2100 ,402415.84,0.00,PLN,V020
PL01-2024-000496,2,2024-05-30,1000 ,0.00,402415.84,PLN,V020
PL01-2024-000497,1,2024-04-21,1300 ,285429.28,0.00,PLN,V017
PL01-2024-000497,2,2024-04-21,2100 ,0.00,285429.28,PLN,V017
PL01-2024-000498,1,2024-06-03,2100 ,285429.28,0.00,PLN,V017
PL01-2024-000498,2,2024-06-03,1000 ,0.00,285429.28,PLN,V017
PL01-2024-000499,1,2024-04-30,5000 ,930515.36,0.00,PLN,
PL01-2024-000499,2,2024-04-30,1300 ,0.00,930515.36,PLN,
PL01-2024-000500,1,2024-04-09,6100 ,95187.91,0.00,PLN,V035
PL01-2024-000500,2,2024-04-09,2100 ,0.00,95187.91,PLN,V035
PL01-2024-000501,1,2024-05-18,2100 ,95187.91,0.00,PLN,V035
PL01-2024-000501,2,2024-05-18,1000 ,0.00,95187.91,PLN,V035
PL01-2024-000502,1,2024-04-06,6200 ,62055.52,0.00,PLN,V046
PL01-2024-000502,2,2024-04-06,2100 ,0.00,62055.52,PLN,V046
PL01-2024-000503,1,2024-05-16,2100 ,62055.52,0.00,PLN,V046
PL01-2024-000503,2,2024-05-16,1000 ,0.00,62055.52,PLN,V046
PL01-2024-000504,1,2024-04-05,6300 ,26377.24,0.00,PLN,V032
PL01-2024-000504,2,2024-04-05,2100 ,0.00,26377.24,PLN,V032
PL01-2024-000505,1,2024-05-09,2100 ,26377.24,0.00,PLN,V032
PL01-2024-000505,2,2024-05-09,1000 ,0.00,26377.24,PLN,V032
PL01-2024-000506,1,2024-04-17,6400 ,56808.10,0.00,PLN,V045
PL01-2024-000506,2,2024-04-17,2100 ,0.00,56808.10,PLN,V045
PL01-2024-000507,1,2024-06-10,2100 ,56808.10,0.00,PLN,V045
PL01-2024-000507,2,2024-06-10,1000 ,0.00,56808.10,PLN,V045
PL01-2024-000508,1,2024-04-25,6000 ,679497.36,0.00,PLN,
PL01-2024-000508,2,2024-04-25,1000 ,0.00,679497.36,PLN,
PL01-2024-000509,1,2024-04-30,6900 ,42708.33,0.00,PLN,
PL01-2024-000509,2,2024-04-30,1590 ,0.00,42708.33,PLN,
PL01-2024-000510,1,2024-05-18,1200 ,11975.70,0.00,PLN,C009
PL01-2024-000510,2,2024-05-18,4000 ,0.00,10324.85,PLN,C009
PL01-2024-000510,3,2024-05-18,4100 ,0.00,1650.85,PLN,C009
PL01-2024-000511,1,2024-06-23,1000 ,11975.70,0.00,PLN,C009
PL01-2024-000511,2,2024-06-23,1200 ,0.00,11975.70,PLN,C009
PL01-2024-000512,1,2024-05-24,1200 ,3773.28,0.00,PLN,C001
PL01-2024-000512,2,2024-05-24,4000 ,0.00,3253.13,PLN,C001
PL01-2024-000512,3,2024-05-24,4100 ,0.00,520.15,PLN,C001
PL01-2024-000513,1,2024-07-17,1000 ,3773.28,0.00,PLN,C001
PL01-2024-000513,2,2024-07-17,1200 ,0.00,3773.28,PLN,C001
PL01-2024-000514,1,2024-05-11,1200 ,20403.36,0.00,PLN,C009
PL01-2024-000514,2,2024-05-11,4000 ,0.00,17590.76,PLN,C009
PL01-2024-000514,3,2024-05-11,4100 ,0.00,2812.60,PLN,C009
PL01-2024-000515,1,2024-07-15,1000 ,20403.36,0.00,PLN,C009
PL01-2024-000515,2,2024-07-15,1200 ,0.00,20403.36,PLN,C009
PL01-2024-000516,1,2024-05-23,1200 ,31517.84,0.00,PLN,C005
PL01-2024-000516,2,2024-05-23,4000 ,0.00,27173.10,PLN,C005
PL01-2024-000516,3,2024-05-23,4100 ,0.00,4344.74,PLN,C005
PL01-2024-000517,1,2024-06-19,1000 ,31517.84,0.00,PLN,C005
PL01-2024-000517,2,2024-06-19,1200 ,0.00,31517.84,PLN,C005
PL01-2024-000518,1,2024-05-31,1200 ,160112.11,0.00,PLN,C036
PL01-2024-000518,2,2024-05-31,4000 ,0.00,138040.64,PLN,C036
PL01-2024-000518,3,2024-05-31,4100 ,0.00,22071.47,PLN,C036
PL01-2024-000519,1,2024-07-08,1000 ,160112.11,0.00,PLN,C036
PL01-2024-000519,2,2024-07-08,1200 ,0.00,160112.11,PLN,C036
PL01-2024-000520,1,2024-05-28,1200 ,9693.99,0.00,PLN,C031
PL01-2024-000520,2,2024-05-28,4000 ,0.00,8357.67,PLN,C031
PL01-2024-000520,3,2024-05-28,4100 ,0.00,1336.32,PLN,C031
PL01-2024-000521,1,2024-07-15,1000 ,9693.99,0.00,PLN,C031
PL01-2024-000521,2,2024-07-15,1200 ,0.00,9693.99,PLN,C031
PL01-2024-000522,1,2024-05-21,1200 ,21793.82,0.00,PLN,C025
PL01-2024-000522,2,2024-05-21,4000 ,0.00,18789.54,PLN,C025
PL01-2024-000522,3,2024-05-21,4100 ,0.00,3004.28,PLN,C025
PL01-2024-000523,1,2024-07-12,1000 ,21793.82,0.00,PLN,C025
PL01-2024-000523,2,2024-07-12,1200 ,0.00,21793.82,PLN,C025
PL01-2024-000524,1,2024-05-28,1200 ,25267.92,0.00,PLN,C034
PL01-2024-000524,2,2024-05-28,4000 ,0.00,21784.74,PLN,C034
PL01-2024-000524,3,2024-05-28,4100 ,0.00,3483.18,PLN,C034
PL01-2024-000525,1,2024-06-26,1000 ,25267.92,0.00,PLN,C034
PL01-2024-000525,2,2024-06-26,1200 ,0.00,25267.92,PLN,C034
PL01-2024-000526,1,2024-05-14,1200 ,112560.25,0.00,PLN,C018
PL01-2024-000526,2,2024-05-14,4000 ,0.00,97043.81,PLN,C018
PL01-2024-000526,3,2024-05-14,4100 ,0.00,15516.44,PLN,C018
PL01-2024-000527,1,2024-07-06,1000 ,112560.25,0.00,PLN,C018
PL01-2024-000527,2,2024-07-06,1200 ,0.00,112560.25,PLN,C018
PL01-2024-000528,1,2024-05-15,1200 ,53128.04,0.00,PLN,C018
PL01-2024-000528,2,2024-05-15,4000 ,0.00,45804.34,PLN,C018
PL01-2024-000528,3,2024-05-15,4100 ,0.00,7323.70,PLN,C018
PL01-2024-000529,1,2024-06-28,1000 ,53128.04,0.00,PLN,C018
PL01-2024-000529,2,2024-06-28,1200 ,0.00,53128.04,PLN,C018
PL01-2024-000530,1,2024-05-12,1200 ,95709.64,0.00,PLN,C035
PL01-2024-000530,2,2024-05-12,4000 ,0.00,82516.06,PLN,C035
PL01-2024-000530,3,2024-05-12,4100 ,0.00,13193.58,PLN,C035
PL01-2024-000531,1,2024-06-15,1000 ,95709.64,0.00,PLN,C035
PL01-2024-000531,2,2024-06-15,1200 ,0.00,95709.64,PLN,C035
PL01-2024-000532,1,2024-05-11,1200 ,45033.97,0.00,PLN,C009
PL01-2024-000532,2,2024-05-11,4000 ,0.00,38826.03,PLN,C009
PL01-2024-000532,3,2024-05-11,4100 ,0.00,6207.94,PLN,C009
PL01-2024-000533,1,2024-06-15,1000 ,45033.97,0.00,PLN,C009
PL01-2024-000533,2,2024-06-15,1200 ,0.00,45033.97,PLN,C009
PL01-2024-000534,1,2024-05-04,1200 ,14216.39,0.00,PLN,C017
PL01-2024-000534,2,2024-05-04,4000 ,0.00,12256.66,PLN,C017
PL01-2024-000534,3,2024-05-04,4100 ,0.00,1959.73,PLN,C017
PL01-2024-000535,1,2024-06-12,1000 ,14216.39,0.00,PLN,C017
PL01-2024-000535,2,2024-06-12,1200 ,0.00,14216.39,PLN,C017
PL01-2024-000536,1,2024-05-08,1200 ,31666.32,0.00,PLN,C008
PL01-2024-000536,2,2024-05-08,4000 ,0.00,27301.12,PLN,C008
PL01-2024-000536,3,2024-05-08,4100 ,0.00,4365.20,PLN,C008
PL01-2024-000537,1,2024-07-06,1000 ,31666.32,0.00,PLN,C008
PL01-2024-000537,2,2024-07-06,1200 ,0.00,31666.32,PLN,C008
PL01-2024-000538,1,2024-05-21,1200 ,31331.37,0.00,PLN,C001
PL01-2024-000538,2,2024-05-21,4000 ,0.00,27012.34,PLN,C001
PL01-2024-000538,3,2024-05-21,4100 ,0.00,4319.03,PLN,C001
PL01-2024-000539,1,2024-07-10,1000 ,31331.37,0.00,PLN,C001
PL01-2024-000539,2,2024-07-10,1200 ,0.00,31331.37,PLN,C001
PL01-2024-000540,1,2024-05-03,1200 ,14702.77,0.00,PLN,C008
PL01-2024-000540,2,2024-05-03,4000 ,0.00,12675.99,PLN,C008
PL01-2024-000540,3,2024-05-03,4100 ,0.00,2026.78,PLN,C008
PL01-2024-000541,1,2024-06-19,1000 ,14702.77,0.00,PLN,C008
PL01-2024-000541,2,2024-06-19,1200 ,0.00,14702.77,PLN,C008
PL01-2024-000542,1,2024-05-30,1200 ,16385.66,0.00,PLN,C019
PL01-2024-000542,2,2024-05-30,4000 ,0.00,14126.90,PLN,C019
PL01-2024-000542,3,2024-05-30,4100 ,0.00,2258.76,PLN,C019
PL01-2024-000543,1,2024-07-12,1000 ,16385.66,0.00,PLN,C019
PL01-2024-000543,2,2024-07-12,1200 ,0.00,16385.66,PLN,C019
PL01-2024-000544,1,2024-05-31,1200 ,20412.00,0.00,PLN,C034
PL01-2024-000544,2,2024-05-31,4000 ,0.00,17598.20,PLN,C034
PL01-2024-000544,3,2024-05-31,4100 ,0.00,2813.80,PLN,C034
PL01-2024-000545,1,2024-07-21,1000 ,20412.00,0.00,PLN,C034
PL01-2024-000545,2,2024-07-21,1200 ,0.00,20412.00,PLN,C034
PL01-2024-000546,1,2024-05-02,1200 ,6184.28,0.00,PLN,C007
PL01-2024-000546,2,2024-05-02,4000 ,0.00,5331.78,PLN,C007
PL01-2024-000546,3,2024-05-02,4100 ,0.00,852.50,PLN,C007
PL01-2024-000547,1,2024-06-17,1000 ,6184.28,0.00,PLN,C007
PL01-2024-000547,2,2024-06-17,1200 ,0.00,6184.28,PLN,C007
PL01-2024-000548,1,2024-05-23,1200 ,18023.30,0.00,PLN,C035
PL01-2024-000548,2,2024-05-23,4000 ,0.00,15538.79,PLN,C035
PL01-2024-000548,3,2024-05-23,4100 ,0.00,2484.51,PLN,C035
PL01-2024-000549,1,2024-07-28,1000 ,18023.30,0.00,PLN,C035
PL01-2024-000549,2,2024-07-28,1200 ,0.00,18023.30,PLN,C035
PL01-2024-000550,1,2024-05-04,1200 ,7586.60,0.00,PLN,C038
PL01-2024-000550,2,2024-05-04,4000 ,0.00,6540.79,PLN,C038
PL01-2024-000550,3,2024-05-04,4100 ,0.00,1045.81,PLN,C038
PL01-2024-000551,1,2024-06-29,1000 ,7586.60,0.00,PLN,C038
PL01-2024-000551,2,2024-06-29,1200 ,0.00,7586.60,PLN,C038
PL01-2024-000552,1,2024-05-03,1200 ,75908.53,0.00,PLN,C018
PL01-2024-000552,2,2024-05-03,4000 ,0.00,65444.53,PLN,C018
PL01-2024-000552,3,2024-05-03,4100 ,0.00,10464.00,PLN,C018
PL01-2024-000553,1,2024-08-13,1000 ,75908.53,0.00,PLN,C018
PL01-2024-000553,2,2024-08-13,1200 ,0.00,75908.53,PLN,C018
PL01-2024-000554,1,2024-05-06,1200 ,23391.73,0.00,PLN,C027
PL01-2024-000554,2,2024-05-06,4000 ,0.00,20167.18,PLN,C027
PL01-2024-000554,3,2024-05-06,4100 ,0.00,3224.55,PLN,C027
PL01-2024-000555,1,2024-06-12,1000 ,23391.73,0.00,PLN,C027
PL01-2024-000555,2,2024-06-12,1200 ,0.00,23391.73,PLN,C027
PL01-2024-000556,1,2024-05-08,1200 ,66391.19,0.00,PLN,C034
PL01-2024-000556,2,2024-05-08,4000 ,0.00,57239.16,PLN,C034
PL01-2024-000556,3,2024-05-08,4100 ,0.00,9152.03,PLN,C034
PL01-2024-000557,1,2024-05-27,1000 ,66391.19,0.00,PLN,C034
PL01-2024-000557,2,2024-05-27,1200 ,0.00,66391.19,PLN,C034
PL01-2024-000558,1,2024-05-11,1200 ,14143.85,0.00,PLN,C014
PL01-2024-000558,2,2024-05-11,4000 ,0.00,12194.12,PLN,C014
PL01-2024-000558,3,2024-05-11,4100 ,0.00,1949.73,PLN,C014
PL01-2024-000559,1,2024-06-19,1000 ,14143.85,0.00,PLN,C014
PL01-2024-000559,2,2024-06-19,1200 ,0.00,14143.85,PLN,C014
PL01-2024-000560,1,2024-05-13,1200 ,64237.68,0.00,PLN,C033
PL01-2024-000560,2,2024-05-13,4000 ,0.00,55382.51,PLN,C033
PL01-2024-000560,3,2024-05-13,4100 ,0.00,8855.17,PLN,C033
PL01-2024-000561,1,2024-07-14,1000 ,64237.68,0.00,PLN,C033
PL01-2024-000561,2,2024-07-14,1200 ,0.00,64237.68,PLN,C033
PL01-2024-000562,1,2024-05-05,1200 ,70932.15,0.00,PLN,C033
PL01-2024-000562,2,2024-05-05,4000 ,0.00,61154.15,PLN,C033
PL01-2024-000562,3,2024-05-05,4100 ,0.00,9778.00,PLN,C033
PL01-2024-000563,1,2024-06-02,1000 ,70932.15,0.00,PLN,C033
PL01-2024-000563,2,2024-06-02,1200 ,0.00,70932.15,PLN,C033
PL01-2024-000564,1,2024-05-30,1200 ,13868.47,0.00,PLN,C007
PL01-2024-000564,2,2024-05-30,4000 ,0.00,11956.70,PLN,C007
PL01-2024-000564,3,2024-05-30,4100 ,0.00,1911.77,PLN,C007
PL01-2024-000565,1,2024-07-31,1000 ,13868.47,0.00,PLN,C007
PL01-2024-000565,2,2024-07-31,1200 ,0.00,13868.47,PLN,C007
PL01-2024-000566,1,2024-05-23,1200 ,11910.17,0.00,PLN,C002
PL01-2024-000566,2,2024-05-23,4000 ,0.00,10268.35,PLN,C002
PL01-2024-000566,3,2024-05-23,4100 ,0.00,1641.82,PLN,C002
PL01-2024-000567,1,2024-08-02,1000 ,11910.17,0.00,PLN,C002
PL01-2024-000567,2,2024-08-02,1200 ,0.00,11910.17,PLN,C002
PL01-2024-000568,1,2024-05-07,1200 ,29616.49,0.00,PLN,C007
PL01-2024-000568,2,2024-05-07,4000 ,0.00,25533.85,PLN,C007
PL01-2024-000568,3,2024-05-07,4100 ,0.00,4082.64,PLN,C007
PL01-2024-000569,1,2024-05-28,1000 ,29616.49,0.00,PLN,C007
PL01-2024-000569,2,2024-05-28,1200 ,0.00,29616.49,PLN,C007
PL01-2024-000570,1,2024-05-04,1200 ,14668.27,0.00,PLN,C012
PL01-2024-000570,2,2024-05-04,4000 ,0.00,12646.25,PLN,C012
PL01-2024-000570,3,2024-05-04,4100 ,0.00,2022.02,PLN,C012
PL01-2024-000571,1,2024-06-20,1000 ,14668.27,0.00,PLN,C012
PL01-2024-000571,2,2024-06-20,1200 ,0.00,14668.27,PLN,C012
PL01-2024-000572,1,2024-05-31,1200 ,32836.40,0.00,PLN,C013
PL01-2024-000572,2,2024-05-31,4000 ,0.00,28309.90,PLN,C013
PL01-2024-000572,3,2024-05-31,4100 ,0.00,4526.50,PLN,C013
PL01-2024-000573,1,2024-07-12,1000 ,32836.40,0.00,PLN,C013
PL01-2024-000573,2,2024-07-12,1200 ,0.00,32836.40,PLN,C013
PL01-2024-000574,1,2024-05-14,1200 ,57232.86,0.00,PLN,C032
PL01-2024-000574,2,2024-05-14,4000 ,0.00,49343.31,PLN,C032
PL01-2024-000574,3,2024-05-14,4100 ,0.00,7889.55,PLN,C032
PL01-2024-000575,1,2024-07-01,1000 ,57232.86,0.00,PLN,C032
PL01-2024-000575,2,2024-07-01,1200 ,0.00,57232.86,PLN,C032
PL01-2024-000576,1,2024-05-18,1200 ,33103.75,0.00,PLN,C015
PL01-2024-000576,2,2024-05-18,4000 ,0.00,28540.40,PLN,C015
PL01-2024-000576,3,2024-05-18,4100 ,0.00,4563.35,PLN,C015
PL01-2024-000577,1,2024-07-12,1000 ,33103.75,0.00,PLN,C015
PL01-2024-000577,2,2024-07-12,1200 ,0.00,33103.75,PLN,C015
PL01-2024-000578,1,2024-05-03,1200 ,7361.04,0.00,PLN,C005
PL01-2024-000578,2,2024-05-03,4000 ,0.00,6346.32,PLN,C005
PL01-2024-000578,3,2024-05-03,4100 ,0.00,1014.72,PLN,C005
PL01-2024-000579,1,2024-06-24,1000 ,7361.04,0.00,PLN,C005
PL01-2024-000579,2,2024-06-24,1200 ,0.00,7361.04,PLN,C005
PL01-2024-000580,1,2024-05-04,1200 ,16516.86,0.00,PLN,C028
PL01-2024-000580,2,2024-05-04,4000 ,0.00,14240.01,PLN,C028
PL01-2024-000580,3,2024-05-04,4100 ,0.00,2276.85,PLN,C028
PL01-2024-000581,1,2024-06-08,1000 ,16516.86,0.00,PLN,C028
PL01-2024-000581,2,2024-06-08,1200 ,0.00,16516.86,PLN,C028
PL01-2024-000582,1,2024-05-04,1200 ,16492.26,0.00,PLN,C008
PL01-2024-000582,2,2024-05-04,4000 ,0.00,14218.80,PLN,C008
PL01-2024-000582,3,2024-05-04,4100 ,0.00,2273.46,PLN,C008
PL01-2024-000583,1,2024-07-12,1000 ,16492.26,0.00,PLN,C008
PL01-2024-000583,2,2024-07-12,1200 ,0.00,16492.26,PLN,C008
PL01-2024-000584,1,2024-05-28,1200 ,25237.13,0.00,PLN,C008
PL01-2024-000584,2,2024-05-28,4000 ,0.00,21758.19,PLN,C008
PL01-2024-000584,3,2024-05-28,4100 ,0.00,3478.94,PLN,C008
PL01-2024-000585,1,2024-07-16,1000 ,25237.13,0.00,PLN,C008
PL01-2024-000585,2,2024-07-16,1200 ,0.00,25237.13,PLN,C008
PL01-2024-000586,1,2024-05-05,1200 ,13826.52,0.00,PLN,C028
PL01-2024-000586,2,2024-05-05,4000 ,0.00,11920.53,PLN,C028
PL01-2024-000586,3,2024-05-05,4100 ,0.00,1905.99,PLN,C028
PL01-2024-000587,1,2024-06-11,1000 ,13826.52,0.00,PLN,C028
PL01-2024-000587,2,2024-06-11,1200 ,0.00,13826.52,PLN,C028
PL01-2024-000588,1,2024-05-17,1200 ,47631.07,0.00,PLN,C010
PL01-2024-000588,2,2024-05-17,4000 ,0.00,41065.12,PLN,C010
PL01-2024-000588,3,2024-05-17,4100 ,0.00,6565.95,PLN,C010
PL01-2024-000589,1,2024-07-09,1000 ,47631.07,0.00,PLN,C010
PL01-2024-000589,2,2024-07-09,1200 ,0.00,47631.07,PLN,C010
PL01-2024-000590,1,2024-05-18,1200 ,86970.87,0.00,PLN,C037
PL01-2024-000590,2,2024-05-18,4000 ,0.00,74981.93,PLN,C037
PL01-2024-000590,3,2024-05-18,4100 ,0.00,11988.94,PLN,C037
PL01-2024-000591,1,2024-06-20,1000 ,86970.87,0.00,PLN,C037
PL01-2024-000591,2,2024-06-20,1200 ,0.00,86970.87,PLN,C037
PL01-2024-000592,1,2024-05-24,1200 ,11458.15,0.00,PLN,C002
PL01-2024-000592,2,2024-05-24,4000 ,0.00,9878.64,PLN,C002
PL01-2024-000592,3,2024-05-24,4100 ,0.00,1579.51,PLN,C002
PL01-2024-000593,1,2024-06-24,1000 ,11458.15,0.00,PLN,C002
PL01-2024-000593,2,2024-06-24,1200 ,0.00,11458.15,PLN,C002
PL01-2024-000594,1,2024-05-02,1200 ,16718.69,0.00,PLN,C018
PL01-2024-000594,2,2024-05-02,4000 ,0.00,14414.02,PLN,C018
PL01-2024-000594,3,2024-05-02,4100 ,0.00,2304.67,PLN,C018
PL01-2024-000595,1,2024-06-26,1000 ,16718.69,0.00,PLN,C018
PL01-2024-000595,2,2024-06-26,1200 ,0.00,16718.69,PLN,C018
PL01-2024-000596,1,2024-05-10,1200 ,51338.23,0.00,PLN,C039
PL01-2024-000596,2,2024-05-10,4000 ,0.00,44261.25,PLN,C039
PL01-2024-000596,3,2024-05-10,4100 ,0.00,7076.98,PLN,C039
PL01-2024-000597,1,2024-06-19,1000 ,51338.23,0.00,PLN,C039
PL01-2024-000597,2,2024-06-19,1200 ,0.00,51338.23,PLN,C039
PL01-2024-000598,1,2024-05-21,1200 ,48483.28,0.00,PLN,C011
PL01-2024-000598,2,2024-05-21,4000 ,0.00,41799.86,PLN,C011
PL01-2024-000598,3,2024-05-21,4100 ,0.00,6683.42,PLN,C011
PL01-2024-000599,1,2024-06-29,1000 ,48483.28,0.00,PLN,C011
PL01-2024-000599,2,2024-06-29,1200 ,0.00,48483.28,PLN,C011
PL01-2024-000600,1,2024-05-28,1200 ,12873.48,0.00,PLN,C023
PL01-2024-000600,2,2024-05-28,4000 ,0.00,11098.87,PLN,C023
PL01-2024-000600,3,2024-05-28,4100 ,0.00,1774.61,PLN,C023
PL01-2024-000601,1,2024-07-04,1000 ,12873.48,0.00,PLN,C023
PL01-2024-000601,2,2024-07-04,1200 ,0.00,12873.48,PLN,C023
PL01-2024-000602,1,2024-05-07,1200 ,7706.71,0.00,PLN,C037
PL01-2024-000602,2,2024-05-07,4000 ,0.00,6644.34,PLN,C037
PL01-2024-000602,3,2024-05-07,4100 ,0.00,1062.37,PLN,C037
PL01-2024-000603,1,2024-06-10,1000 ,7706.71,0.00,PLN,C037
PL01-2024-000603,2,2024-06-10,1200 ,0.00,7706.71,PLN,C037
PL01-2024-000604,1,2024-05-02,1200 ,33205.35,0.00,PLN,C022
PL01-2024-000604,2,2024-05-02,4000 ,0.00,28627.99,PLN,C022
PL01-2024-000604,3,2024-05-02,4100 ,0.00,4577.36,PLN,C022
PL01-2024-000605,1,2024-06-25,1000 ,33205.35,0.00,PLN,C022
PL01-2024-000605,2,2024-06-25,1200 ,0.00,33205.35,PLN,C022
PL01-2024-000606,1,2024-05-03,1200 ,45619.08,0.00,PLN,C027
PL01-2024-000606,2,2024-05-03,4000 ,0.00,39330.49,PLN,C027
PL01-2024-000606,3,2024-05-03,4100 ,0.00,6288.59,PLN,C027
PL01-2024-000607,1,2024-06-18,1000 ,45619.08,0.00,PLN,C027
PL01-2024-000607,2,2024-06-18,1200 ,0.00,45619.08,PLN,C027
PL01-2024-000608,1,2024-05-13,1200 ,9626.64,0.00,PLN,C031
PL01-2024-000608,2,2024-05-13,4000 ,0.00,8299.61,PLN,C031
PL01-2024-000608,3,2024-05-13,4100 ,0.00,1327.03,PLN,C031
PL01-2024-000609,1,2024-06-23,1000 ,9626.64,0.00,PLN,C031
PL01-2024-000609,2,2024-06-23,1200 ,0.00,9626.64,PLN,C031
PL01-2024-000610,1,2024-05-07,1200 ,4269.62,0.00,PLN,C005
PL01-2024-000610,2,2024-05-07,4000 ,0.00,3681.05,PLN,C005
PL01-2024-000610,3,2024-05-07,4100 ,0.00,588.57,PLN,C005
PL01-2024-000611,1,2024-06-10,1000 ,4269.62,0.00,PLN,C005
PL01-2024-000611,2,2024-06-10,1200 ,0.00,4269.62,PLN,C005
PL01-2024-000612,1,2024-05-07,1200 ,52975.16,0.00,PLN,C022
PL01-2024-000612,2,2024-05-07,4000 ,0.00,45672.53,PLN,C022
PL01-2024-000612,3,2024-05-07,4100 ,0.00,7302.63,PLN,C022
PL01-2024-000613,1,2024-06-12,1000 ,52975.16,0.00,PLN,C022
PL01-2024-000613,2,2024-06-12,1200 ,0.00,52975.16,PLN,C022
PL01-2024-000614,1,2024-05-31,1200 ,27186.06,0.00,PLN,C023
PL01-2024-000614,2,2024-05-31,4000 ,0.00,23438.46,PLN,C023
PL01-2024-000614,3,2024-05-31,4100 ,0.00,3747.60,PLN,C023
PL01-2024-000615,1,2024-07-17,1000 ,27186.06,0.00,PLN,C023
PL01-2024-000615,2,2024-07-17,1200 ,0.00,27186.06,PLN,C023
PL01-2024-000616,1,2024-05-06,1200 ,11469.04,0.00,PLN,C008
PL01-2024-000616,2,2024-05-06,4000 ,0.00,9888.03,PLN,C008
PL01-2024-000616,3,2024-05-06,4100 ,0.00,1581.01,PLN,C008
PL01-2024-000617,1,2024-07-02,1000 ,11469.04,0.00,PLN,C008
PL01-2024-000617,2,2024-07-02,1200 ,0.00,11469.04,PLN,C008
PL01-2024-000618,1,2024-05-16,1200 ,72052.10,0.00,PLN,C026
PL01-2024-000618,2,2024-05-16,4000 ,0.00,62119.71,PLN,C026
PL01-2024-000618,3,2024-05-16,4100 ,0.00,9932.39,PLN,C026
PL01-2024-000619,1,2024-06-10,1000 ,72052.10,0.00,PLN,C026
PL01-2024-000619,2,2024-06-10,1200 ,0.00,72052.10,PLN,C026
PL01-2024-000620,1,2024-05-20,1200 ,19280.49,0.00,PLN,C017
PL01-2024-000620,2,2024-05-20,4000 ,0.00,16622.67,PLN,C017
PL01-2024-000620,3,2024-05-20,4100 ,0.00,2657.82,PLN,C017
PL01-2024-000621,1,2024-06-14,1000 ,19280.49,0.00,PLN,C017
PL01-2024-000621,2,2024-06-14,1200 ,0.00,19280.49,PLN,C017
PL01-2024-000622,1,2024-05-15,1300 ,734643.40,0.00,PLN,V013
PL01-2024-000622,2,2024-05-15,2100 ,0.00,734643.40,PLN,V013
PL01-2024-000623,1,2024-06-30,2100 ,734643.40,0.00,PLN,V013
PL01-2024-000623,2,2024-06-30,1000 ,0.00,734643.40,PLN,V013
PL01-2024-000624,1,2024-05-22,1300 ,145623.43,0.00,PLN,V007
PL01-2024-000624,2,2024-05-22,2100 ,0.00,145623.43,PLN,V007
PL01-2024-000625,1,2024-06-25,2100 ,145623.43,0.00,PLN,V007
PL01-2024-000625,2,2024-06-25,1000 ,0.00,145623.43,PLN,V007
PL01-2024-000626,1,2024-05-11,1300 ,56808.07,0.00,PLN,V014
PL01-2024-000626,2,2024-05-11,2100 ,0.00,56808.07,PLN,V014
PL01-2024-000627,1,2024-06-24,2100 ,56808.07,0.00,PLN,V014
PL01-2024-000627,2,2024-06-24,1000 ,0.00,56808.07,PLN,V014
PL01-2024-000628,1,2024-05-10,1300 ,105815.22,0.00,PLN,V011
PL01-2024-000628,2,2024-05-10,2100 ,0.00,105815.22,PLN,V011
PL01-2024-000629,1,2024-06-24,2100 ,105815.22,0.00,PLN,V011
PL01-2024-000629,2,2024-06-24,1000 ,0.00,105815.22,PLN,V011
PL01-2024-000630,1,2024-05-07,1300 ,29106.93,0.00,PLN,V018
PL01-2024-000630,2,2024-05-07,2100 ,0.00,29106.93,PLN,V018
PL01-2024-000631,1,2024-06-16,2100 ,29106.93,0.00,PLN,V018
PL01-2024-000631,2,2024-06-16,1000 ,0.00,29106.93,PLN,V018
PL01-2024-000632,1,2024-05-31,5000 ,972575.40,0.00,PLN,
PL01-2024-000632,2,2024-05-31,1300 ,0.00,972575.40,PLN,
PL01-2024-000633,1,2024-05-02,6100 ,91545.52,0.00,PLN,V038
PL01-2024-000633,2,2024-05-02,2100 ,0.00,91545.52,PLN,V038
PL01-2024-000634,1,2024-06-26,2100 ,91545.52,0.00,PLN,V038
PL01-2024-000634,2,2024-06-26,1000 ,0.00,91545.52,PLN,V038
PL01-2024-000635,1,2024-05-10,6200 ,84300.39,0.00,PLN,V054
PL01-2024-000635,2,2024-05-10,2100 ,0.00,84300.39,PLN,V054
PL01-2024-000636,1,2024-06-25,2100 ,84300.39,0.00,PLN,V054
PL01-2024-000636,2,2024-06-25,1000 ,0.00,84300.39,PLN,V054
PL01-2024-000637,1,2024-05-06,6300 ,38209.20,0.00,PLN,V058
PL01-2024-000637,2,2024-05-06,2100 ,0.00,38209.20,PLN,V058
PL01-2024-000638,1,2024-06-28,2100 ,38209.20,0.00,PLN,V058
PL01-2024-000638,2,2024-06-28,1000 ,0.00,38209.20,PLN,V058
PL01-2024-000639,1,2024-05-03,6400 ,58558.55,0.00,PLN,V029
PL01-2024-000639,2,2024-05-03,2100 ,0.00,58558.55,PLN,V029
PL01-2024-000640,1,2024-06-11,2100 ,58558.55,0.00,PLN,V029
PL01-2024-000640,2,2024-06-11,1000 ,0.00,58558.55,PLN,V029
PL01-2024-000641,1,2024-05-25,6000 ,684695.47,0.00,PLN,
PL01-2024-000641,2,2024-05-25,1000 ,0.00,684695.47,PLN,
PL01-2024-000642,1,2024-05-31,6900 ,42708.33,0.00,PLN,
PL01-2024-000642,2,2024-05-31,1590 ,0.00,42708.33,PLN,
PL01-2024-000643,1,2024-06-26,1200 ,7649.00,0.00,PLN,C038
PL01-2024-000643,2,2024-06-26,4000 ,0.00,6581.16,PLN,C038
PL01-2024-000643,3,2024-06-26,4100 ,0.00,1067.84,PLN,C038
PL01-2024-000644,1,2024-08-05,1000 ,7649.00,0.00,PLN,C038
PL01-2024-000644,2,2024-08-05,1200 ,0.00,7649.00,PLN,C038
PL01-2024-000645,1,2024-06-26,1200 ,42983.47,0.00,PLN,C033
PL01-2024-000645,2,2024-06-26,4000 ,0.00,36982.76,PLN,C033
PL01-2024-000645,3,2024-06-26,4100 ,0.00,6000.71,PLN,C033
PL01-2024-000646,1,2024-08-03,1000 ,42983.47,0.00,PLN,C033
PL01-2024-000646,2,2024-08-03,1200 ,0.00,42983.47,PLN,C033
PL01-2024-000647,1,2024-06-01,1200 ,31963.70,0.00,PLN,C028
PL01-2024-000647,2,2024-06-01,4000 ,0.00,27501.41,PLN,C028
PL01-2024-000647,3,2024-06-01,4100 ,0.00,4462.29,PLN,C028
PL01-2024-000648,1,2024-07-23,1000 ,31963.70,0.00,PLN,C028
PL01-2024-000648,2,2024-07-23,1200 ,0.00,31963.70,PLN,C028
PL01-2024-000649,1,2024-06-18,1200 ,33466.01,0.00,PLN,C016
PL01-2024-000649,2,2024-06-18,4000 ,0.00,28793.99,PLN,C016
PL01-2024-000649,3,2024-06-18,4100 ,0.00,4672.02,PLN,C016
PL01-2024-000650,1,2024-07-19,1000 ,33466.01,0.00,PLN,C016
PL01-2024-000650,2,2024-07-19,1200 ,0.00,33466.01,PLN,C016
PL01-2024-000651,1,2024-06-27,1200 ,97922.00,0.00,PLN,C032
PL01-2024-000651,2,2024-06-27,4000 ,0.00,84251.60,PLN,C032
PL01-2024-000651,3,2024-06-27,4100 ,0.00,13670.40,PLN,C032
PL01-2024-000652,1,2024-08-15,1000 ,97922.00,0.00,PLN,C032
PL01-2024-000652,2,2024-08-15,1200 ,0.00,97922.00,PLN,C032
PL01-2024-000653,1,2024-06-08,1200 ,210884.85,0.00,PLN,C025
PL01-2024-000653,2,2024-06-08,4000 ,0.00,181444.27,PLN,C025
PL01-2024-000653,3,2024-06-08,4100 ,0.00,29440.58,PLN,C025
PL01-2024-000654,1,2024-07-08,1000 ,210884.85,0.00,PLN,C025
PL01-2024-000654,2,2024-07-08,1200 ,0.00,210884.85,PLN,C025
PL01-2024-000655,1,2024-06-15,1200 ,65549.87,0.00,PLN,C036
PL01-2024-000655,2,2024-06-15,4000 ,0.00,56398.78,PLN,C036
PL01-2024-000655,3,2024-06-15,4100 ,0.00,9151.09,PLN,C036
PL01-2024-000656,1,2024-08-03,1000 ,65549.87,0.00,PLN,C036
PL01-2024-000656,2,2024-08-03,1200 ,0.00,65549.87,PLN,C036
PL01-2024-000657,1,2024-06-12,1200 ,75206.36,0.00,PLN,C023
PL01-2024-000657,2,2024-06-12,4000 ,0.00,64707.18,PLN,C023
PL01-2024-000657,3,2024-06-12,4100 ,0.00,10499.18,PLN,C023
PL01-2024-000658,1,2024-09-27,1000 ,75206.36,0.00,PLN,C023
PL01-2024-000658,2,2024-09-27,1200 ,0.00,75206.36,PLN,C023
PL01-2024-000659,1,2024-06-26,1200 ,57183.80,0.00,PLN,C003
PL01-2024-000659,2,2024-06-26,4000 ,0.00,49200.66,PLN,C003
PL01-2024-000659,3,2024-06-26,4100 ,0.00,7983.14,PLN,C003
PL01-2024-000660,1,2024-09-10,1000 ,57183.80,0.00,PLN,C003
PL01-2024-000660,2,2024-09-10,1200 ,0.00,57183.80,PLN,C003
PL01-2024-000661,1,2024-06-14,1200 ,7245.02,0.00,PLN,C038
PL01-2024-000661,2,2024-06-14,4000 ,0.00,6233.58,PLN,C038
PL01-2024-000661,3,2024-06-14,4100 ,0.00,1011.44,PLN,C038
PL01-2024-000662,1,2024-07-11,1000 ,7245.02,0.00,PLN,C038
PL01-2024-000662,2,2024-07-11,1200 ,0.00,7245.02,PLN,C038
PL01-2024-000663,1,2024-06-16,1200 ,11031.58,0.00,PLN,C039
PL01-2024-000663,2,2024-06-16,4000 ,0.00,9491.52,PLN,C039
PL01-2024-000663,3,2024-06-16,4100 ,0.00,1540.06,PLN,C039
PL01-2024-000664,1,2024-08-04,1000 ,11031.58,0.00,PLN,C039
PL01-2024-000664,2,2024-08-04,1200 ,0.00,11031.58,PLN,C039
PL01-2024-000665,1,2024-06-12,1200 ,7839.38,0.00,PLN,C016
PL01-2024-000665,2,2024-06-12,4000 ,0.00,6744.96,PLN,C016
PL01-2024-000665,3,2024-06-12,4100 ,0.00,1094.42,PLN,C016
PL01-2024-000666,1,2024-08-08,1000 ,7839.38,0.00,PLN,C016
PL01-2024-000666,2,2024-08-08,1200 ,0.00,7839.38,PLN,C016
PL01-2024-000667,1,2024-06-23,1200 ,30088.32,0.00,PLN,C029
PL01-2024-000667,2,2024-06-23,4000 ,0.00,25887.84,PLN,C029
PL01-2024-000667,3,2024-06-23,4100 ,0.00,4200.48,PLN,C029
PL01-2024-000668,1,2024-07-20,1000 ,30088.32,0.00,PLN,C029
PL01-2024-000668,2,2024-07-20,1200 ,0.00,30088.32,PLN,C029
PL01-2024-000669,1,2024-06-08,1200 ,20741.07,0.00,PLN,C033
PL01-2024-000669,2,2024-06-08,4000 ,0.00,17845.51,PLN,C033
PL01-2024-000669,3,2024-06-08,4100 ,0.00,2895.56,PLN,C033
PL01-2024-000670,1,2024-08-03,1000 ,20741.07,0.00,PLN,C033
PL01-2024-000670,2,2024-08-03,1200 ,0.00,20741.07,PLN,C033
PL01-2024-000671,1,2024-06-25,1200 ,31527.69,0.00,PLN,C021
PL01-2024-000671,2,2024-06-25,4000 ,0.00,27126.27,PLN,C021
PL01-2024-000671,3,2024-06-25,4100 ,0.00,4401.42,PLN,C021
PL01-2024-000672,1,2024-10-07,1000 ,31527.69,0.00,PLN,C021
PL01-2024-000672,2,2024-10-07,1200 ,0.00,31527.69,PLN,C021
PL01-2024-000673,1,2024-06-22,1200 ,5269.35,0.00,PLN,C011
PL01-2024-000673,2,2024-06-22,4000 ,0.00,4533.72,PLN,C011
PL01-2024-000673,3,2024-06-22,4100 ,0.00,735.63,PLN,C011
PL01-2024-000674,1,2024-08-09,1000 ,5269.35,0.00,PLN,C011
PL01-2024-000674,2,2024-08-09,1200 ,0.00,5269.35,PLN,C011
PL01-2024-000675,1,2024-06-18,1200 ,83080.54,0.00,PLN,C032
PL01-2024-000675,2,2024-06-18,4000 ,0.00,71482.08,PLN,C032
PL01-2024-000675,3,2024-06-18,4100 ,0.00,11598.46,PLN,C032
PL01-2024-000676,1,2024-08-09,1000 ,83080.54,0.00,PLN,C032
PL01-2024-000676,2,2024-08-09,1200 ,0.00,83080.54,PLN,C032
PL01-2024-000677,1,2024-06-17,1200 ,26304.29,0.00,PLN,C005
PL01-2024-000677,2,2024-06-17,4000 ,0.00,22632.08,PLN,C005
PL01-2024-000677,3,2024-06-17,4100 ,0.00,3672.21,PLN,C005
PL01-2024-000678,1,2024-07-29,1000 ,26304.29,0.00,PLN,C005
PL01-2024-000678,2,2024-07-29,1200 ,0.00,26304.29,PLN,C005
PL01-2024-000679,1,2024-06-06,1200 ,8967.40,0.00,PLN,C003
PL01-2024-000679,2,2024-06-06,4000 ,0.00,7715.51,PLN,C003
PL01-2024-000679,3,2024-06-06,4100 ,0.00,1251.89,PLN,C003
PL01-2024-000680,1,2024-07-21,1000 ,8967.40,0.00,PLN,C003
PL01-2024-000680,2,2024-07-21,1200 ,0.00,8967.40,PLN,C003
PL01-2024-000681,1,2024-06-15,1200 ,24596.11,0.00,PLN,C032
PL01-2024-000681,2,2024-06-15,4000 ,0.00,21162.37,PLN,C032
PL01-2024-000681,3,2024-06-15,4100 ,0.00,3433.74,PLN,C032
PL01-2024-000682,1,2024-08-11,1000 ,24596.11,0.00,PLN,C032
PL01-2024-000682,2,2024-08-11,1200 ,0.00,24596.11,PLN,C032
PL01-2024-000683,1,2024-06-24,1200 ,7824.16,0.00,PLN,C001
PL01-2024-000683,2,2024-06-24,4000 ,0.00,6731.87,PLN,C001
PL01-2024-000683,3,2024-06-24,4100 ,0.00,1092.29,PLN,C001
PL01-2024-000684,1,2024-08-16,1000 ,7824.16,0.00,PLN,C001
PL01-2024-000684,2,2024-08-16,1200 ,0.00,7824.16,PLN,C001
PL01-2024-000685,1,2024-06-02,1200 ,23513.35,0.00,PLN,C028
PL01-2024-000685,2,2024-06-02,4000 ,0.00,20230.77,PLN,C028
PL01-2024-000685,3,2024-06-02,4100 ,0.00,3282.58,PLN,C028
PL01-2024-000686,1,2024-07-15,1000 ,23513.35,0.00,PLN,C028
PL01-2024-000686,2,2024-07-15,1200 ,0.00,23513.35,PLN,C028
PL01-2024-000687,1,2024-06-30,1200 ,12927.48,0.00,PLN,C037
PL01-2024-000687,2,2024-06-30,4000 ,0.00,11122.74,PLN,C037
PL01-2024-000687,3,2024-06-30,4100 ,0.00,1804.74,PLN,C037
PL01-2024-000688,1,2024-08-02,1000 ,12927.48,0.00,PLN,C037
PL01-2024-000688,2,2024-08-02,1200 ,0.00,12927.48,PLN,C037
PL01-2024-000689,1,2024-06-07,1200 ,16748.20,0.00,PLN,C031
PL01-2024-000689,2,2024-06-07,4000 ,0.00,14410.07,PLN,C031
PL01-2024-000689,3,2024-06-07,4100 ,0.00,2338.13,PLN,C031
PL01-2024-000690,1,2024-07-12,1000 ,16748.20,0.00,PLN,C031
PL01-2024-000690,2,2024-07-12,1200 ,0.00,16748.20,PLN,C031
PL01-2024-000691,1,2024-06-06,1200 ,60834.06,0.00,PLN,C003
PL01-2024-000691,2,2024-06-06,4000 ,0.00,52341.32,PLN,C003
PL01-2024-000691,3,2024-06-06,4100 ,0.00,8492.74,PLN,C003
PL01-2024-000692,1,2024-08-16,1000 ,60834.06,0.00,PLN,C003
PL01-2024-000692,2,2024-08-16,1200 ,0.00,60834.06,PLN,C003
PL01-2024-000693,1,2024-06-08,1200 ,92667.92,0.00,PLN,C029
PL01-2024-000693,2,2024-06-08,4000 ,0.00,79731.01,PLN,C029
PL01-2024-000693,3,2024-06-08,4100 ,0.00,12936.91,PLN,C029
PL01-2024-000694,1,2024-08-07,1000 ,92667.92,0.00,PLN,C029
PL01-2024-000694,2,2024-08-07,1200 ,0.00,92667.92,PLN,C029
PL01-2024-000695,1,2024-06-16,1200 ,13666.09,0.00,PLN,C016
PL01-2024-000695,2,2024-06-16,4000 ,0.00,11758.24,PLN,C016
PL01-2024-000695,3,2024-06-16,4100 ,0.00,1907.85,PLN,C016
PL01-2024-000696,1,2024-07-11,1000 ,13666.09,0.00,PLN,C016
PL01-2024-000696,2,2024-07-11,1200 ,0.00,13666.09,PLN,C016
PL01-2024-000697,1,2024-06-29,1200 ,61026.28,0.00,PLN,C040
PL01-2024-000697,2,2024-06-29,4000 ,0.00,52506.71,PLN,C040
PL01-2024-000697,3,2024-06-29,4100 ,0.00,8519.57,PLN,C040
PL01-2024-000698,1,2024-07-31,1000 ,61026.28,0.00,PLN,C040
PL01-2024-000698,2,2024-07-31,1200 ,0.00,61026.28,PLN,C040
PL01-2024-000699,1,2024-06-29,1200 ,32580.07,0.00,PLN,C005
PL01-2024-000699,2,2024-06-29,4000 ,0.00,28031.73,PLN,C005
PL01-2024-000699,3,2024-06-29,4100 ,0.00,4548.34,PLN,C005
PL01-2024-000700,1,2024-08-13,1000 ,32580.07,0.00,PLN,C005
PL01-2024-000700,2,2024-08-13,1200 ,0.00,32580.07,PLN,C005
PL01-2024-000701,1,2024-06-04,1200 ,10903.60,0.00,PLN,C026
PL01-2024-000701,2,2024-06-04,4000 ,0.00,9381.40,PLN,C026
PL01-2024-000701,3,2024-06-04,4100 ,0.00,1522.20,PLN,C026
PL01-2024-000702,1,2024-07-19,1000 ,10903.60,0.00,PLN,C026
PL01-2024-000702,2,2024-07-19,1200 ,0.00,10903.60,PLN,C026
PL01-2024-000703,1,2024-06-16,1200 ,10868.59,0.00,PLN,C004
PL01-2024-000703,2,2024-06-16,4000 ,0.00,9351.28,PLN,C004
PL01-2024-000703,3,2024-06-16,4100 ,0.00,1517.31,PLN,C004
PL01-2024-000704,1,2024-08-25,1000 ,10868.59,0.00,PLN,C004
PL01-2024-000704,2,2024-08-25,1200 ,0.00,10868.59,PLN,C004
PL01-2024-000705,1,2024-06-01,1200 ,51392.74,0.00,PLN,C004
PL01-2024-000705,2,2024-06-01,4000 ,0.00,44218.06,PLN,C004
PL01-2024-000705,3,2024-06-01,4100 ,0.00,7174.68,PLN,C004
PL01-2024-000706,1,2024-07-24,1000 ,51392.74,0.00,PLN,C004
PL01-2024-000706,2,2024-07-24,1200 ,0.00,51392.74,PLN,C004
PL01-2024-000707,1,2024-06-10,1200 ,20535.19,0.00,PLN,C007
PL01-2024-000707,2,2024-06-10,4000 ,0.00,17668.37,PLN,C007
PL01-2024-000707,3,2024-06-10,4100 ,0.00,2866.82,PLN,C007
PL01-2024-000708,1,2024-07-03,1000 ,20535.19,0.00,PLN,C007
PL01-2024-000708,2,2024-07-03,1200 ,0.00,20535.19,PLN,C007
PL01-2024-000709,1,2024-06-27,1200 ,4129.15,0.00,PLN,C034
PL01-2024-000709,2,2024-06-27,4000 ,0.00,3552.70,PLN,C034
PL01-2024-000709,3,2024-06-27,4100 ,0.00,576.45,PLN,C034
PL01-2024-000710,1,2024-07-28,1000 ,4129.15,0.00,PLN,C034
PL01-2024-000710,2,2024-07-28,1200 ,0.00,4129.15,PLN,C034
PL01-2024-000711,1,2024-06-01,1200 ,50826.35,0.00,PLN,C011
PL01-2024-000711,2,2024-06-01,4000 ,0.00,43730.74,PLN,C011
PL01-2024-000711,3,2024-06-01,4100 ,0.00,7095.61,PLN,C011
PL01-2024-000712,1,2024-08-03,1000 ,50826.35,0.00,PLN,C011
PL01-2024-000712,2,2024-08-03,1200 ,0.00,50826.35,PLN,C011
PL01-2024-000713,1,2024-06-30,1200 ,36386.08,0.00,PLN,C037
PL01-2024-000713,2,2024-06-30,4000 ,0.00,31306.40,PLN,C037
PL01-2024-000713,3,2024-06-30,4100 ,0.00,5079.68,PLN,C037
PL01-2024-000714,1,2024-08-16,1000 ,36386.08,0.00,PLN,C037
PL01-2024-000714,2,2024-08-16,1200 ,0.00,36386.08,PLN,C037
PL01-2024-000715,1,2024-06-02,1200 ,31220.22,0.00,PLN,C013
PL01-2024-000715,2,2024-06-02,4000 ,0.00,26861.72,PLN,C013
PL01-2024-000715,3,2024-06-02,4100 ,0.00,4358.50,PLN,C013
PL01-2024-000716,1,2024-07-09,1000 ,31220.22,0.00,PLN,C013
PL01-2024-000716,2,2024-07-09,1200 ,0.00,31220.22,PLN,C013
PL01-2024-000717,1,2024-06-19,1200 ,8646.12,0.00,PLN,C012
PL01-2024-000717,2,2024-06-19,4000 ,0.00,7439.08,PLN,C012
PL01-2024-000717,3,2024-06-19,4100 ,0.00,1207.04,PLN,C012
PL01-2024-000718,1,2024-07-29,1000 ,8646.12,0.00,PLN,C012
PL01-2024-000718,2,2024-07-29,1200 ,0.00,8646.12,PLN,C012
PL01-2024-000719,1,2024-06-26,1200 ,6834.22,0.00,PLN,C021
PL01-2024-000719,2,2024-06-26,4000 ,0.00,5880.13,PLN,C021
PL01-2024-000719,3,2024-06-26,4100 ,0.00,954.09,PLN,C021
PL01-2024-000720,1,2024-07-28,1000 ,6834.22,0.00,PLN,C021
PL01-2024-000720,2,2024-07-28,1200 ,0.00,6834.22,PLN,C021
PL01-2024-000721,1,2024-06-03,1200 ,8584.66,0.00,PLN,C007
PL01-2024-000721,2,2024-06-03,4000 ,0.00,7386.20,PLN,C007
PL01-2024-000721,3,2024-06-03,4100 ,0.00,1198.46,PLN,C007
PL01-2024-000722,1,2024-07-02,1000 ,8584.66,0.00,PLN,C007
PL01-2024-000722,2,2024-07-02,1200 ,0.00,8584.66,PLN,C007
PL01-2024-000723,1,2024-06-26,1200 ,45647.86,0.00,PLN,C035
PL01-2024-000723,2,2024-06-26,4000 ,0.00,39275.19,PLN,C035
PL01-2024-000723,3,2024-06-26,4100 ,0.00,6372.67,PLN,C035
PL01-2024-000724,1,2024-08-02,1000 ,45647.86,0.00,PLN,C035
PL01-2024-000724,2,2024-08-02,1200 ,0.00,45647.86,PLN,C035
PL01-2024-000725,1,2024-06-06,1200 ,13653.41,0.00,PLN,C010
PL01-2024-000725,2,2024-06-06,4000 ,0.00,11747.33,PLN,C010
PL01-2024-000725,3,2024-06-06,4100 ,0.00,1906.08,PLN,C010
PL01-2024-000726,1,2024-07-27,1000 ,13653.41,0.00,PLN,C010
PL01-2024-000726,2,2024-07-27,1200 ,0.00,13653.41,PLN,C010
PL01-2024-000727,1,2024-06-12,1200 ,6059.76,0.00,PLN,C010
PL01-2024-000727,2,2024-06-12,4000 ,0.00,5213.79,PLN,C010
PL01-2024-000727,3,2024-06-12,4100 ,0.00,845.97,PLN,C010
PL01-2024-000728,1,2024-08-16,1000 ,6059.76,0.00,PLN,C010
PL01-2024-000728,2,2024-08-16,1200 ,0.00,6059.76,PLN,C010
PL01-2024-000729,1,2024-06-15,1200 ,10667.20,0.00,PLN,C011
PL01-2024-000729,2,2024-06-15,4000 ,0.00,9178.01,PLN,C011
PL01-2024-000729,3,2024-06-15,4100 ,0.00,1489.19,PLN,C011
PL01-2024-000730,1,2024-07-25,1000 ,10667.20,0.00,PLN,C011
PL01-2024-000730,2,2024-07-25,1200 ,0.00,10667.20,PLN,C011
PL01-2024-000731,1,2024-06-22,1200 ,43677.42,0.00,PLN,C030
PL01-2024-000731,2,2024-06-22,4000 ,0.00,37579.83,PLN,C030
PL01-2024-000731,3,2024-06-22,4100 ,0.00,6097.59,PLN,C030
PL01-2024-000732,1,2024-08-18,1000 ,43677.42,0.00,PLN,C030
PL01-2024-000732,2,2024-08-18,1200 ,0.00,43677.42,PLN,C030
PL01-2024-000733,1,2024-06-21,1200 ,72728.84,0.00,PLN,C024
PL01-2024-000733,2,2024-06-21,4000 ,0.00,62575.53,PLN,C024
PL01-2024-000733,3,2024-06-21,4100 ,0.00,10153.31,PLN,C024
PL01-2024-000734,1,2024-08-05,1000 ,72728.84,0.00,PLN,C024
PL01-2024-000734,2,2024-08-05,1200 ,0.00,72728.84,PLN,C024
PL01-2024-000735,1,2024-06-25,1200 ,11742.95,0.00,PLN,C008
PL01-2024-000735,2,2024-06-25,4000 ,0.00,10103.58,PLN,C008
PL01-2024-000735,3,2024-06-25,4100 ,0.00,1639.37,PLN,C008
PL01-2024-000736,1,2024-07-25,1000 ,11742.95,0.00,PLN,C008
PL01-2024-000736,2,2024-07-25,1200 ,0.00,11742.95,PLN,C008
PL01-2024-000737,1,2024-06-17,1200 ,11594.04,0.00,PLN,C012
PL01-2024-000737,2,2024-06-17,4000 ,0.00,9975.45,PLN,C012
PL01-2024-000737,3,2024-06-17,4100 ,0.00,1618.59,PLN,C012
PL01-2024-000738,1,2024-08-10,1000 ,11594.04,0.00,PLN,C012
PL01-2024-000738,2,2024-08-10,1200 ,0.00,11594.04,PLN,C012
PL01-2024-000739,1,2024-06-11,1200 ,7679.59,0.00,PLN,C009
PL01-2024-000739,2,2024-06-11,4000 ,0.00,6607.48,PLN,C009
PL01-2024-000739,3,2024-06-11,4100 ,0.00,1072.11,PLN,C009
PL01-2024-000740,1,2024-07-21,1000 ,7679.59,0.00,PLN,C009
PL01-2024-000740,2,2024-07-21,1200 ,0.00,7679.59,PLN,C009
PL01-2024-000741,1,2024-06-21,1200 ,13578.87,0.00,PLN,C010
PL01-2024-000741,2,2024-06-21,4000 ,0.00,11683.19,PLN,C010
PL01-2024-000741,3,2024-06-21,4100 ,0.00,1895.68,PLN,C010
PL01-2024-000742,1,2024-08-26,1000 ,13578.87,0.00,PLN,C010
PL01-2024-000742,2,2024-08-26,1200 ,0.00,13578.87,PLN,C010
PL01-2024-000743,1,2024-06-19,1200 ,17700.53,0.00,PLN,C019
PL01-2024-000743,2,2024-06-19,4000 ,0.00,15229.45,PLN,C019
PL01-2024-000743,3,2024-06-19,4100 ,0.00,2471.08,PLN,C019
PL01-2024-000744,1,2024-07-27,1000 ,17700.53,0.00,PLN,C019
PL01-2024-000744,2,2024-07-27,1200 ,0.00,17700.53,PLN,C019
PL01-2024-000745,1,2024-06-17,1200 ,18435.92,0.00,PLN,C015
PL01-2024-000745,2,2024-06-17,4000 ,0.00,15862.17,PLN,C015
PL01-2024-000745,3,2024-06-17,4100 ,0.00,2573.75,PLN,C015
PL01-2024-000746,1,2024-07-12,1000 ,18435.92,0.00,PLN,C015
PL01-2024-000746,2,2024-07-12,1200 ,0.00,18435.92,PLN,C015
PL01-2024-000747,1,2024-06-28,1200 ,31536.91,0.00,PLN,C036
PL01-2024-000747,2,2024-06-28,4000 ,0.00,27134.20,PLN,C036
PL01-2024-000747,3,2024-06-28,4100 ,0.00,4402.71,PLN,C036
PL01-2024-000748,1,2024-09-18,1000 ,31536.91,0.00,PLN,C036
PL01-2024-000748,2,2024-09-18,1200 ,0.00,31536.91,PLN,C036
PL01-2024-000749,1,2024-06-26,1200 ,28724.15,0.00,PLN,C017
PL01-2024-000749,2,2024-06-26,4000 ,0.00,24714.11,PLN,C017
PL01-2024-000749,3,2024-06-26,4100 ,0.00,4010.04,PLN,C017
PL01-2024-000750,1,2024-07-22,1000 ,28724.15,0.00,PLN,C017
PL01-2024-000750,2,2024-07-22,1200 ,0.00,28724.15,PLN,C017
PL01-2024-000751,1,2024-06-07,1200 ,22796.60,0.00,PLN,C023
PL01-2024-000751,2,2024-06-07,4000 ,0.00,19614.08,PLN,C023
PL01-2024-000751,3,2024-06-07,4100 ,0.00,3182.52,PLN,C023
PL01-2024-000752,1,2024-07-14,1000 ,22796.60,0.00,PLN,C023
PL01-2024-000752,2,2024-07-14,1200 ,0.00,22796.60,PLN,C023
PL01-2024-000753,1,2024-06-24,1200 ,13985.29,0.00,PLN,C007
PL01-2024-000753,2,2024-06-24,4000 ,0.00,12032.87,PLN,C007
PL01-2024-000753,3,2024-06-24,4100 ,0.00,1952.42,PLN,C007
PL01-2024-000754,1,2024-07-31,1000 ,13985.29,0.00,PLN,C007
PL01-2024-000754,2,2024-07-31,1200 ,0.00,13985.29,PLN,C007
PL01-2024-000755,1,2024-06-02,1200 ,19699.63,0.00,PLN,C002
PL01-2024-000755,2,2024-06-02,4000 ,0.00,16949.46,PLN,C002
PL01-2024-000755,3,2024-06-02,4100 ,0.00,2750.17,PLN,C002
PL01-2024-000756,1,2024-08-16,1000 ,19699.63,0.00,PLN,C002
PL01-2024-000756,2,2024-08-16,1200 ,0.00,19699.63,PLN,C002
PL01-2024-000757,1,2024-06-19,1200 ,26964.12,0.00,PLN,C001
PL01-2024-000757,2,2024-06-19,4000 ,0.00,23199.79,PLN,C001
PL01-2024-000757,3,2024-06-19,4100 ,0.00,3764.33,PLN,C001
PL01-2024-000758,1,2024-08-21,1000 ,26964.12,0.00,PLN,C001
PL01-2024-000758,2,2024-08-21,1200 ,0.00,26964.12,PLN,C001
PL01-2024-000759,1,2024-06-23,1200 ,25118.94,0.00,PLN,C014
PL01-2024-000759,2,2024-06-23,4000 ,0.00,21612.21,PLN,C014
PL01-2024-000759,3,2024-06-23,4100 ,0.00,3506.73,PLN,C014
PL01-2024-000760,1,2024-07-29,1000 ,25118.94,0.00,PLN,C014
PL01-2024-000760,2,2024-07-29,1200 ,0.00,25118.94,PLN,C014
PL01-2024-000761,1,2024-06-19,1200 ,1129.44,0.00,PLN,C005
PL01-2024-000761,2,2024-06-19,4000 ,0.00,971.76,PLN,C005
PL01-2024-000761,3,2024-06-19,4100 ,0.00,157.68,PLN,C005
PL01-2024-000762,1,2024-08-05,1000 ,1129.44,0.00,PLN,C005
PL01-2024-000762,2,2024-08-05,1200 ,0.00,1129.44,PLN,C005
PL01-2024-000763,1,2024-06-08,1300 ,285191.68,0.00,PLN,V016
PL01-2024-000763,2,2024-06-08,2100 ,0.00,285191.68,PLN,V016
PL01-2024-000764,1,2024-07-20,2100 ,285191.68,0.00,PLN,V016
PL01-2024-000764,2,2024-07-20,1000 ,0.00,285191.68,PLN,V016
PL01-2024-000765,1,2024-06-20,1300 ,152602.88,0.00,PLN,V017
PL01-2024-000765,2,2024-06-20,2100 ,0.00,152602.88,PLN,V017
PL01-2024-000766,1,2024-07-23,2100 ,152602.88,0.00,PLN,V017
PL01-2024-000766,2,2024-07-23,1000 ,0.00,152602.88,PLN,V017
PL01-2024-000767,1,2024-06-19,1300 ,463588.35,0.00,PLN,V016
PL01-2024-000767,2,2024-06-19,2100 ,0.00,463588.35,PLN,V016
PL01-2024-000768,1,2024-07-13,2100 ,463588.35,0.00,PLN,V016
PL01-2024-000768,2,2024-07-13,1000 ,0.00,463588.35,PLN,V016
PL01-2024-000769,1,2024-06-23,1300 ,88747.46,0.00,PLN,V021
PL01-2024-000769,2,2024-06-23,2100 ,0.00,88747.46,PLN,V021
PL01-2024-000770,1,2024-08-07,2100 ,88747.46,0.00,PLN,V021
PL01-2024-000770,2,2024-08-07,1000 ,0.00,88747.46,PLN,V021
PL01-2024-000771,1,2024-06-30,5000 ,967828.89,0.00,PLN,
PL01-2024-000771,2,2024-06-30,1300 ,0.00,967828.89,PLN,
PL01-2024-000772,1,2024-06-02,6100 ,84375.50,0.00,PLN,V039
PL01-2024-000772,2,2024-06-02,2100 ,0.00,84375.50,PLN,V039
PL01-2024-000773,1,2024-07-11,2100 ,84375.50,0.00,PLN,V039
PL01-2024-000773,2,2024-07-11,1000 ,0.00,84375.50,PLN,V039
PL01-2024-000774,1,2024-06-13,6200 ,77867.18,0.00,PLN,V057
PL01-2024-000774,2,2024-06-13,2100 ,0.00,77867.18,PLN,V057
PL01-2024-000775,1,2024-07-24,2100 ,77867.18,0.00,PLN,V057
PL01-2024-000775,2,2024-07-24,1000 ,0.00,77867.18,PLN,V057
PL01-2024-000776,1,2024-06-15,6300 ,33375.89,0.00,PLN,V054
PL01-2024-000776,2,2024-06-15,2100 ,0.00,33375.89,PLN,V054
PL01-2024-000777,1,2024-08-02,2100 ,33375.89,0.00,PLN,V054
PL01-2024-000777,2,2024-08-02,1000 ,0.00,33375.89,PLN,V054
PL01-2024-000778,1,2024-06-07,6400 ,56569.52,0.00,PLN,V032
PL01-2024-000778,2,2024-06-07,2100 ,0.00,56569.52,PLN,V032
PL01-2024-000779,1,2024-07-30,2100 ,56569.52,0.00,PLN,V032
PL01-2024-000779,2,2024-07-30,1000 ,0.00,56569.52,PLN,V032
PL01-2024-000780,1,2024-06-25,6000 ,690187.25,0.00,PLN,
PL01-2024-000780,2,2024-06-25,1000 ,0.00,690187.25,PLN,
PL01-2024-000781,1,2024-06-30,6900 ,42708.33,0.00,PLN,
PL01-2024-000781,2,2024-06-30,1590 ,0.00,42708.33,PLN,
PL01-2024-000782,1,2024-07-01,1200 ,8580.45,0.00,PLN,C033
PL01-2024-000782,2,2024-07-01,4000 ,0.00,7535.12,PLN,C033
PL01-2024-000782,3,2024-07-01,4100 ,0.00,1045.33,PLN,C033
PL01-2024-000783,1,2024-08-19,1000 ,8580.45,0.00,PLN,C033
PL01-2024-000783,2,2024-08-19,1200 ,0.00,8580.45,PLN,C033
PL01-2024-000784,1,2024-07-15,1200 ,27167.07,0.00,PLN,C024
PL01-2024-000784,2,2024-07-15,4000 ,0.00,23857.38,PLN,C024
PL01-2024-000784,3,2024-07-15,4100 ,0.00,3309.69,PLN,C024
PL01-2024-000785,1,2024-07-30,1000 ,27167.07,0.00,PLN,C024
PL01-2024-000785,2,2024-07-30,1200 ,0.00,27167.07,PLN,C024
PL01-2024-000786,1,2024-07-14,1200 ,47763.41,0.00,PLN,C006
PL01-2024-000786,2,2024-07-14,4000 ,0.00,41944.53,PLN,C006
PL01-2024-000786,3,2024-07-14,4100 ,0.00,5818.88,PLN,C006
PL01-2024-000787,1,2024-08-28,1000 ,47763.41,0.00,PLN,C006
PL01-2024-000787,2,2024-08-28,1200 ,0.00,47763.41,PLN,C006
PL01-2024-000788,1,2024-07-23,1200 ,42705.37,0.00,PLN,C007
PL01-2024-000788,2,2024-07-23,4000 ,0.00,37502.70,PLN,C007
PL01-2024-000788,3,2024-07-23,4100 ,0.00,5202.67,PLN,C007
PL01-2024-000789,1,2024-09-25,1000 ,42705.37,0.00,PLN,C007
PL01-2024-000789,2,2024-09-25,1200 ,0.00,42705.37,PLN,C007
PL01-2024-000790,1,2024-07-20,1200 ,29935.15,0.00,PLN,C036
PL01-2024-000790,2,2024-07-20,4000 ,0.00,26288.24,PLN,C036
PL01-2024-000790,3,2024-07-20,4100 ,0.00,3646.91,PLN,C036
PL01-2024-000791,1,2024-09-22,1000 ,29935.15,0.00,PLN,C036
PL01-2024-000791,2,2024-09-22,1200 ,0.00,29935.15,PLN,C036
PL01-2024-000792,1,2024-07-19,1200 ,8353.63,0.00,PLN,C015
PL01-2024-000792,2,2024-07-19,4000 ,0.00,7335.93,PLN,C015
PL01-2024-000792,3,2024-07-19,4100 ,0.00,1017.70,PLN,C015
PL01-2024-000793,1,2024-09-04,1000 ,8353.63,0.00,PLN,C015
PL01-2024-000793,2,2024-09-04,1200 ,0.00,8353.63,PLN,C015
PL01-2024-000794,1,2024-07-03,1200 ,13739.87,0.00,PLN,C033
PL01-2024-000794,2,2024-07-03,4000 ,0.00,12065.98,PLN,C033
PL01-2024-000794,3,2024-07-03,4100 ,0.00,1673.89,PLN,C033
PL01-2024-000795,1,2024-08-08,1000 ,13739.87,0.00,PLN,C033
PL01-2024-000795,2,2024-08-08,1200 ,0.00,13739.87,PLN,C033
PL01-2024-000796,1,2024-07-19,1200 ,16857.61,0.00,PLN,C023
PL01-2024-000796,2,2024-07-19,4000 ,0.00,14803.90,PLN,C023
PL01-2024-000796,3,2024-07-19,4100 ,0.00,2053.71,PLN,C023
PL01-2024-000797,1,2024-09-18,1000 ,16857.61,0.00,PLN,C023
PL01-2024-000797,2,2024-09-18,1200 ,0.00,16857.61,PLN,C023
PL01-2024-000798,1,2024-07-21,1200 ,68466.04,0.00,PLN,C022
PL01-2024-000798,2,2024-07-21,4000 ,0.00,60125.02,PLN,C022
PL01-2024-000798,3,2024-07-21,4100 ,0.00,8341.02,PLN,C022
PL01-2024-000799,1,2024-08-26,1000 ,68466.04,0.00,PLN,C022
PL01-2024-000799,2,2024-08-26,1200 ,0.00,68466.04,PLN,C022
PL01-2024-000800,1,2024-07-25,1200 ,10075.97,0.00,PLN,C032
PL01-2024-000800,2,2024-07-25,4000 ,0.00,8848.44,PLN,C032
PL01-2024-000800,3,2024-07-25,4100 ,0.00,1227.53,PLN,C032
PL01-2024-000801,1,2024-09-16,1000 ,10075.97,0.00,PLN,C032
PL01-2024-000801,2,2024-09-16,1200 ,0.00,10075.97,PLN,C032
PL01-2024-000802,1,2024-07-31,1200 ,1910.53,0.00,PLN,C024
PL01-2024-000802,2,2024-07-31,4000 ,0.00,1677.78,PLN,C024
PL01-2024-000802,3,2024-07-31,4100 ,0.00,232.75,PLN,C024
PL01-2024-000803,1,2024-09-23,1000 ,1910.53,0.00,PLN,C024
PL01-2024-000803,2,2024-09-23,1200 ,0.00,1910.53,PLN,C024
PL01-2024-000804,1,2024-07-17,1200 ,39817.41,0.00,PLN,C019
PL01-2024-000804,2,2024-07-17,4000 ,0.00,34966.57,PLN,C019
PL01-2024-000804,3,2024-07-17,4100 ,0.00,4850.84,PLN,C019
PL01-2024-000805,1,2024-10-10,1000 ,39817.41,0.00,PLN,C019
PL01-2024-000805,2,2024-10-10,1200 ,0.00,39817.41,PLN,C019
PL01-2024-000806,1,2024-07-17,1200 ,186700.41,0.00,PLN,C020
PL01-2024-000806,2,2024-07-17,4000 ,0.00,163955.24,PLN,C020
PL01-2024-000806,3,2024-07-17,4100 ,0.00,22745.17,PLN,C020
PL01-2024-000807,1,2024-09-03,1000 ,186700.41,0.00,PLN,C020
PL01-2024-000807,2,2024-09-03,1200 ,0.00,186700.41,PLN,C020
PL01-2024-000808,1,2024-07-04,1200 ,105507.94,0.00,PLN,C004
PL01-2024-000808,2,2024-07-04,4000 ,0.00,92654.21,PLN,C004
PL01-2024-000808,3,2024-07-04,4100 ,0.00,12853.73,PLN,C004
PL01-2024-000809,1,2024-07-26,1000 ,105507.94,0.00,PLN,C004
PL01-2024-000809,2,2024-07-26,1200 ,0.00,105507.94,PLN,C004
PL01-2024-000810,1,2024-07-26,1200 ,60377.84,0.00,PLN,C008
PL01-2024-000810,2,2024-07-26,4000 ,0.00,53022.18,PLN,C008
PL01-2024-000810,3,2024-07-26,4100 ,0.00,7355.66,PLN,C008
PL01-2024-000811,1,2024-08-30,1000 ,60377.84,0.00,PLN,C008
PL01-2024-000811,2,2024-08-30,1200 ,0.00,60377.84,PLN,C008
PL01-2024-000812,1,2024-07-08,1200 ,14894.67,0.00,PLN,C037
PL01-2024-000812,2,2024-07-08,4000 ,0.00,13080.10,PLN,C037
PL01-2024-000812,3,2024-07-08,4100 ,0.00,1814.57,PLN,C037
PL01-2024-000813,1,2024-09-11,1000 ,14894.67,0.00,PLN,C037
PL01-2024-000813,2,2024-09-11,1200 ,0.00,14894.67,PLN,C037
PL01-2024-000814,1,2024-07-27,1200 ,59832.54,0.00,PLN,C007
PL01-2024-000814,2,2024-07-27,4000 ,0.00,52543.32,PLN,C007
PL01-2024-000814,3,2024-07-27,4100 ,0.00,7289.22,PLN,C007
PL01-2024-000815,1,2024-09-09,1000 ,59832.54,0.00,PLN,C007
PL01-2024-000815,2,2024-09-09,1200 ,0.00,59832.54,PLN,C007
PL01-2024-000816,1,2024-07-06,1200 ,43002.60,0.00,PLN,C008
PL01-2024-000816,2,2024-07-06,4000 ,0.00,37763.72,PLN,C008
PL01-2024-000816,3,2024-07-06,4100 ,0.00,5238.88,PLN,C008
PL01-2024-000817,1,2024-08-29,1000 ,43002.60,0.00,PLN,C008
PL01-2024-000817,2,2024-08-29,1200 ,0.00,43002.60,PLN,C008
PL01-2024-000818,1,2024-07-30,1200 ,15507.65,0.00,PLN,C013
PL01-2024-000818,2,2024-07-30,4000 ,0.00,13618.40,PLN,C013
PL01-2024-000818,3,2024-07-30,4100 ,0.00,1889.25,PLN,C013
PL01-2024-000819,1,2024-09-27,1000 ,15507.65,0.00,PLN,C013
PL01-2024-000819,2,2024-09-27,1200 ,0.00,15507.65,PLN,C013
PL01-2024-000820,1,2024-07-09,1200 ,21560.49,0.00,PLN,C011
PL01-2024-000820,2,2024-07-09,4000 ,0.00,18933.84,PLN,C011
PL01-2024-000820,3,2024-07-09,4100 ,0.00,2626.65,PLN,C011
PL01-2024-000821,1,2024-08-15,1000 ,21560.49,0.00,PLN,C011
PL01-2024-000821,2,2024-08-15,1200 ,0.00,21560.49,PLN,C011
PL01-2024-000822,1,2024-07-18,1200 ,13137.52,0.00,PLN,C007
PL01-2024-000822,2,2024-07-18,4000 ,0.00,11537.01,PLN,C007
PL01-2024-000822,3,2024-07-18,4100 ,0.00,1600.51,PLN,C007
PL01-2024-000823,1,2024-10-10,1000 ,13137.52,0.00,PLN,C007
PL01-2024-000823,2,2024-10-10,1200 ,0.00,13137.52,PLN,C007
PL01-2024-000824,1,2024-07-17,1200 ,39078.37,0.00,PLN,C010
PL01-2024-000824,2,2024-07-17,4000 ,0.00,34317.57,PLN,C010
PL01-2024-000824,3,2024-07-17,4100 ,0.00,4760.80,PLN,C010
PL01-2024-000825,1,2024-08-25,1000 ,39078.37,0.00,PLN,C010
PL01-2024-000825,2,2024-08-25,1200 ,0.00,39078.37,PLN,C010
PL01-2024-000826,1,2024-07-05,1200 ,9962.98,0.00,PLN,C026
PL01-2024-000826,2,2024-07-05,4000 ,0.00,8749.22,PLN,C026
PL01-2024-000826,3,2024-07-05,4100 ,0.00,1213.76,PLN,C026
PL01-2024-000827,1,2024-09-12,1000 ,9962.98,0.00,PLN,C026
PL01-2024-000827,2,2024-09-12,1200 ,0.00,9962.98,PLN,C026
PL01-2024-000828,1,2024-07-12,1200 ,116737.53,0.00,PLN,C010
PL01-2024-000828,2,2024-07-12,4000 ,0.00,102515.74,PLN,C010
PL01-2024-000828,3,2024-07-12,4100 ,0.00,14221.79,PLN,C010
PL01-2024-000829,1,2024-09-05,1000 ,116737.53,0.00,PLN,C010
PL01-2024-000829,2,2024-09-05,1200 ,0.00,116737.53,PLN,C010
PL01-2024-000830,1,2024-07-20,1200 ,5075.89,0.00,PLN,C032
PL01-2024-000830,2,2024-07-20,4000 ,0.00,4457.51,PLN,C032
PL01-2024-000830,3,2024-07-20,4100 ,0.00,618.38,PLN,C032
PL01-2024-000831,1,2024-09-08,1000 ,5075.89,0.00,PLN,C032
PL01-2024-000831,2,2024-09-08,1200 ,0.00,5075.89,PLN,C032
PL01-2024-000832,1,2024-07-07,1200 ,18398.77,0.00,PLN,C007
PL01-2024-000832,2,2024-07-07,4000 ,0.00,16157.30,PLN,C007
PL01-2024-000832,3,2024-07-07,4100 ,0.00,2241.47,PLN,C007
PL01-2024-000833,1,2024-08-24,1000 ,18398.77,0.00,PLN,C007
PL01-2024-000833,2,2024-08-24,1200 ,0.00,18398.77,PLN,C007
PL01-2024-000834,1,2024-07-08,1200 ,17430.41,0.00,PLN,C010
PL01-2024-000834,2,2024-07-08,4000 ,0.00,15306.91,PLN,C010
PL01-2024-000834,3,2024-07-08,4100 ,0.00,2123.50,PLN,C010
PL01-2024-000835,1,2024-08-23,1000 ,17430.41,0.00,PLN,C010
PL01-2024-000835,2,2024-08-23,1200 ,0.00,17430.41,PLN,C010
PL01-2024-000836,1,2024-07-18,1200 ,99448.59,0.00,PLN,C019
PL01-2024-000836,2,2024-07-18,4000 ,0.00,87333.06,PLN,C019
PL01-2024-000836,3,2024-07-18,4100 ,0.00,12115.53,PLN,C019
PL01-2024-000837,1,2024-08-30,1000 ,99448.59,0.00,PLN,C019
PL01-2024-000837,2,2024-08-30,1200 ,0.00,99448.59,PLN,C019
PL01-2024-000838,1,2024-07-29,1200 ,3690.25,0.00,PLN,C033
PL01-2024-000838,2,2024-07-29,4000 ,0.00,3240.68,PLN,C033
PL01-2024-000838,3,2024-07-29,4100 ,0.00,449.57,PLN,C033
PL01-2024-000839,1,2024-08-20,1000 ,3690.25,0.00,PLN,C033
PL01-2024-000839,2,2024-08-20,1200 ,0.00,3690.25,PLN,C033
PL01-2024-000840,1,2024-07-13,1200 ,16352.03,0.00,PLN,C012
PL01-2024-000840,2,2024-07-13,4000 ,0.00,14359.91,PLN,C012
PL01-2024-000840,3,2024-07-13,4100 ,0.00,1992.12,PLN,C012
PL01-2024-000841,1,2024-10-01,1000 ,16352.03,0.00,PLN,C012
PL01-2024-000841,2,2024-10-01,1200 ,0.00,16352.03,PLN,C012
PL01-2024-000842,1,2024-07-21,1200 ,38444.89,0.00,PLN,C027
PL01-2024-000842,2,2024-07-21,4000 ,0.00,33761.26,PLN,C027
PL01-2024-000842,3,2024-07-21,4100 ,0.00,4683.63,PLN,C027
PL01-2024-000843,1,2024-10-13,1000 ,38444.89,0.00,PLN,C027
PL01-2024-000843,2,2024-10-13,1200 ,0.00,38444.89,PLN,C027
PL01-2024-000844,1,2024-07-04,1200 ,32198.66,0.00,PLN,C030
PL01-2024-000844,2,2024-07-04,4000 ,0.00,28275.99,PLN,C030
PL01-2024-000844,3,2024-07-04,4100 ,0.00,3922.67,PLN,C030
PL01-2024-000845,1,2024-08-31,1000 ,32198.66,0.00,PLN,C030
PL01-2024-000845,2,2024-08-31,1200 ,0.00,32198.66,PLN,C030
PL01-2024-000846,1,2024-07-03,1200 ,19008.32,0.00,PLN,C005
PL01-2024-000846,2,2024-07-03,4000 ,0.00,16692.59,PLN,C005
PL01-2024-000846,3,2024-07-03,4100 ,0.00,2315.73,PLN,C005
PL01-2024-000847,1,2024-08-08,1000 ,19008.32,0.00,PLN,C005
PL01-2024-000847,2,2024-08-08,1200 ,0.00,19008.32,PLN,C005
PL01-2024-000848,1,2024-07-04,1200 ,40751.53,0.00,PLN,C034
PL01-2024-000848,2,2024-07-04,4000 ,0.00,35786.89,PLN,C034
PL01-2024-000848,3,2024-07-04,4100 ,0.00,4964.64,PLN,C034
PL01-2024-000849,1,2024-09-20,1000 ,40751.53,0.00,PLN,C034
PL01-2024-000849,2,2024-09-20,1200 ,0.00,40751.53,PLN,C034
PL01-2024-000850,1,2024-07-03,1200 ,24492.81,0.00,PLN,C031
PL01-2024-000850,2,2024-07-03,4000 ,0.00,21508.92,PLN,C031
PL01-2024-000850,3,2024-07-03,4100 ,0.00,2983.89,PLN,C031
PL01-2024-000851,1,2024-08-24,1000 ,24492.81,0.00,PLN,C031
PL01-2024-000851,2,2024-08-24,1200 ,0.00,24492.81,PLN,C031
PL01-2024-000852,1,2024-07-05,1200 ,11564.87,0.00,PLN,C028
PL01-2024-000852,2,2024-07-05,4000 ,0.00,10155.96,PLN,C028
PL01-2024-000852,3,2024-07-05,4100 ,0.00,1408.91,PLN,C028
PL01-2024-000853,1,2024-09-03,1000 ,11564.87,0.00,PLN,C028
PL01-2024-000853,2,2024-09-03,1200 ,0.00,11564.87,PLN,C028
PL01-2024-000854,1,2024-07-30,1200 ,8074.71,0.00,PLN,C015
PL01-2024-000854,2,2024-07-30,4000 ,0.00,7090.99,PLN,C015
PL01-2024-000854,3,2024-07-30,4100 ,0.00,983.72,PLN,C015
PL01-2024-000855,1,2024-09-16,1000 ,8074.71,0.00,PLN,C015
PL01-2024-000855,2,2024-09-16,1200 ,0.00,8074.71,PLN,C015
PL01-2024-000856,1,2024-07-18,1200 ,23575.26,0.00,PLN,C030
PL01-2024-000856,2,2024-07-18,4000 ,0.00,20703.15,PLN,C030
PL01-2024-000856,3,2024-07-18,4100 ,0.00,2872.11,PLN,C030
PL01-2024-000857,1,2024-09-11,1000 ,23575.26,0.00,PLN,C030
PL01-2024-000857,2,2024-09-11,1200 ,0.00,23575.26,PLN,C030
PL01-2024-000858,1,2024-07-12,1200 ,12575.94,0.00,PLN,C039
PL01-2024-000858,2,2024-07-12,4000 ,0.00,11043.85,PLN,C039
PL01-2024-000858,3,2024-07-12,4100 ,0.00,1532.09,PLN,C039
PL01-2024-000859,1,2024-08-23,1000 ,12575.94,0.00,PLN,C039
PL01-2024-000859,2,2024-08-23,1200 ,0.00,12575.94,PLN,C039
PL01-2024-000860,1,2024-07-30,1200 ,8733.87,0.00,PLN,C039
PL01-2024-000860,2,2024-07-30,4000 ,0.00,7669.85,PLN,C039
PL01-2024-000860,3,2024-07-30,4100 ,0.00,1064.02,PLN,C039
PL01-2024-000861,1,2024-10-03,1000 ,8733.87,0.00,PLN,C039
PL01-2024-000861,2,2024-10-03,1200 ,0.00,8733.87,PLN,C039
PL01-2024-000862,1,2024-07-18,1200 ,10169.83,0.00,PLN,C027
PL01-2024-000862,2,2024-07-18,4000 ,0.00,8930.87,PLN,C027
PL01-2024-000862,3,2024-07-18,4100 ,0.00,1238.96,PLN,C027
PL01-2024-000863,1,2024-09-18,1000 ,10169.83,0.00,PLN,C027
PL01-2024-000863,2,2024-09-18,1200 ,0.00,10169.83,PLN,C027
PL01-2024-000864,1,2024-07-23,1200 ,5809.67,0.00,PLN,C012
PL01-2024-000864,2,2024-07-23,4000 ,0.00,5101.89,PLN,C012
PL01-2024-000864,3,2024-07-23,4100 ,0.00,707.78,PLN,C012
PL01-2024-000865,1,2024-09-11,1000 ,5809.67,0.00,PLN,C012
PL01-2024-000865,2,2024-09-11,1200 ,0.00,5809.67,PLN,C012
PL01-2024-000866,1,2024-07-07,1200 ,26054.88,0.00,PLN,C008
PL01-2024-000866,2,2024-07-07,4000 ,0.00,22880.69,PLN,C008
PL01-2024-000866,3,2024-07-07,4100 ,0.00,3174.19,PLN,C008
PL01-2024-000867,1,2024-09-18,1000 ,26054.88,0.00,PLN,C008
PL01-2024-000867,2,2024-09-18,1200 ,0.00,26054.88,PLN,C008
PL01-2024-000868,1,2024-07-12,1200 ,75254.41,0.00,PLN,C025
PL01-2024-000868,2,2024-07-12,4000 ,0.00,66086.38,PLN,C025
PL01-2024-000868,3,2024-07-12,4100 ,0.00,9168.03,PLN,C025
PL01-2024-000869,1,2024-10-27,1000 ,75254.41,0.00,PLN,C025
PL01-2024-000869,2,2024-10-27,1200 ,0.00,75254.41,PLN,C025
PL01-2024-000870,1,2024-07-25,1200 ,105660.63,0.00,PLN,C022
PL01-2024-000870,2,2024-07-25,4000 ,0.00,92788.30,PLN,C022
PL01-2024-000870,3,2024-07-25,4100 ,0.00,12872.33,PLN,C022
PL01-2024-000871,1,2024-08-31,1000 ,105660.63,0.00,PLN,C022
PL01-2024-000871,2,2024-08-31,1200 ,0.00,105660.63,PLN,C022
PL01-2024-000872,1,2024-07-02,1200 ,12584.26,0.00,PLN,C029
PL01-2024-000872,2,2024-07-02,4000 ,0.00,11051.16,PLN,C029
PL01-2024-000872,3,2024-07-02,4100 ,0.00,1533.10,PLN,C029
PL01-2024-000873,1,2024-09-10,1000 ,12584.26,0.00,PLN,C029
PL01-2024-000873,2,2024-09-10,1200 ,0.00,12584.26,PLN,C029
PL01-2024-000874,1,2024-07-26,1200 ,5282.48,0.00,PLN,C032
PL01-2024-000874,2,2024-07-26,4000 ,0.00,4638.93,PLN,C032
PL01-2024-000874,3,2024-07-26,4100 ,0.00,643.55,PLN,C032
PL01-2024-000875,1,2024-10-27,1000 ,5282.48,0.00,PLN,C032
PL01-2024-000875,2,2024-10-27,1200 ,0.00,5282.48,PLN,C032
PL01-2024-000876,1,2024-07-14,1200 ,72749.21,0.00,PLN,C034
PL01-2024-000876,2,2024-07-14,4000 ,0.00,63886.38,PLN,C034
PL01-2024-000876,3,2024-07-14,4100 ,0.00,8862.83,PLN,C034
PL01-2024-000877,1,2024-08-16,1000 ,72749.21,0.00,PLN,C034
PL01-2024-000877,2,2024-08-16,1200 ,0.00,72749.21,PLN,C034
PL01-2024-000878,1,2024-07-02,1200 ,13661.76,0.00,PLN,C007
PL01-2024-000878,2,2024-07-02,4000 ,0.00,11997.39,PLN,C007
PL01-2024-000878,3,2024-07-02,4100 ,0.00,1664.37,PLN,C007
PL01-2024-000879,1,2024-08-23,1000 ,13661.76,0.00,PLN,C007
PL01-2024-000879,2,2024-08-23,1200 ,0.00,13661.76,PLN,C007
PL01-2024-000880,1,2024-07-29,1200 ,12620.03,0.00,PLN,C023
PL01-2024-000880,2,2024-07-29,4000 ,0.00,11082.57,PLN,C023
PL01-2024-000880,3,2024-07-29,4100 ,0.00,1537.46,PLN,C023
PL01-2024-000881,1,2024-09-09,1000 ,12620.03,0.00,PLN,C023
PL01-2024-000881,2,2024-09-09,1200 ,0.00,12620.03,PLN,C023
PL01-2024-000882,1,2024-07-26,1200 ,2707.03,0.00,PLN,C020
PL01-2024-000882,2,2024-07-26,4000 ,0.00,2377.24,PLN,C020
PL01-2024-000882,3,2024-07-26,4100 ,0.00,329.79,PLN,C020
PL01-2024-000883,1,2024-08-27,1000 ,2707.03,0.00,PLN,C020
PL01-2024-000883,2,2024-08-27,1200 ,0.00,2707.03,PLN,C020
PL01-2024-000884,1,2024-07-06,1200 ,21596.79,0.00,PLN,C029
PL01-2024-000884,2,2024-07-06,4000 ,0.00,18965.72,PLN,C029
PL01-2024-000884,3,2024-07-06,4100 ,0.00,2631.07,PLN,C029
PL01-2024-000885,1,2024-08-03,1000 ,21596.79,0.00,PLN,C029
PL01-2024-000885,2,2024-08-03,1200 ,0.00,21596.79,PLN,C029
PL01-2024-000886,1,2024-07-25,1200 ,16303.10,0.00,PLN,C003
PL01-2024-000886,2,2024-07-25,4000 ,0.00,14316.94,PLN,C003
PL01-2024-000886,3,2024-07-25,4100 ,0.00,1986.16,PLN,C003
PL01-2024-000887,1,2024-09-06,1000 ,16303.10,0.00,PLN,C003
PL01-2024-000887,2,2024-09-06,1200 ,0.00,16303.10,PLN,C003
PL01-2024-000888,1,2024-07-13,1200 ,36702.84,0.00,PLN,C018
PL01-2024-000888,2,2024-07-13,4000 ,0.00,32231.44,PLN,C018
PL01-2024-000888,3,2024-07-13,4100 ,0.00,4471.40,PLN,C018
PL01-2024-000889,1,2024-08-18,1000 ,36702.84,0.00,PLN,C018
PL01-2024-000889,2,2024-08-18,1200 ,0.00,36702.84,PLN,C018
PL01-2024-000890,1,2024-07-19,1200 ,48919.21,0.00,PLN,C033
PL01-2024-000890,2,2024-07-19,4000 ,0.00,42959.52,PLN,C033
PL01-2024-000890,3,2024-07-19,4100 ,0.00,5959.69,PLN,C033
PL01-2024-000891,1,2024-08-13,1000 ,48919.21,0.00,PLN,C033
PL01-2024-000891,2,2024-08-13,1200 ,0.00,48919.21,PLN,C033
PL01-2024-000892,1,2024-07-14,1200 ,8337.27,0.00,PLN,C039
PL01-2024-000892,2,2024-07-14,4000 ,0.00,7321.56,PLN,C039
PL01-2024-000892,3,2024-07-14,4100 ,0.00,1015.71,PLN,C039
PL01-2024-000893,1,2024-09-11,1000 ,8337.27,0.00,PLN,C039
PL01-2024-000893,2,2024-09-11,1200 ,0.00,8337.27,PLN,C039
PL01-2024-000894,1,2024-07-07,1200 ,24348.64,0.00,PLN,C022
PL01-2024-000894,2,2024-07-07,4000 ,0.00,21382.32,PLN,C022
PL01-2024-000894,3,2024-07-07,4100 ,0.00,2966.32,PLN,C022
PL01-2024-000895,1,2024-08-22,1000 ,24348.64,0.00,PLN,C022
PL01-2024-000895,2,2024-08-22,1200 ,0.00,24348.64,PLN,C022
PL01-2024-000896,1,2024-07-07,1300 ,76645.51,0.00,PLN,V009
PL01-2024-000896,2,2024-07-07,2100 ,0.00,76645.51,PLN,V009
PL01-2024-000897,1,2024-08-19,2100 ,76645.51,0.00,PLN,V009
PL01-2024-000897,2,2024-08-19,1000 ,0.00,76645.51,PLN,V009
PL01-2024-000898,1,2024-07-21,1300 ,44858.52,0.00,PLN,V005
PL01-2024-000898,2,2024-07-21,2100 ,0.00,44858.52,PLN,V005
PL01-2024-000899,1,2024-08-24,2100 ,44858.52,0.00,PLN,V005
PL01-2024-000899,2,2024-08-24,1000 ,0.00,44858.52,PLN,V005
PL01-2024-000900,1,2024-07-11,1300 ,854711.15,0.00,PLN,V011
PL01-2024-000900,2,2024-07-11,2100 ,0.00,854711.15,PLN,V011
PL01-2024-000901,1,2024-08-23,2100 ,854711.15,0.00,PLN,V011
PL01-2024-000901,2,2024-08-23,1000 ,0.00,854711.15,PLN,V011
PL01-2024-000902,1,2024-07-31,5000 ,988467.44,0.00,PLN,
PL01-2024-000902,2,2024-07-31,1300 ,0.00,988467.44,PLN,
PL01-2024-000903,1,2024-07-14,6100 ,81278.32,0.00,PLN,V049
PL01-2024-000903,2,2024-07-14,2100 ,0.00,81278.32,PLN,V049
PL01-2024-000904,1,2024-08-27,2100 ,81278.32,0.00,PLN,V049
PL01-2024-000904,2,2024-08-27,1000 ,0.00,81278.32,PLN,V049
PL01-2024-000905,1,2024-07-11,6200 ,73792.49,0.00,PLN,V057
PL01-2024-000905,2,2024-07-11,2100 ,0.00,73792.49,PLN,V057
PL01-2024-000906,1,2024-08-19,2100 ,73792.49,0.00,PLN,V057
PL01-2024-000906,2,2024-08-19,1000 ,0.00,73792.49,PLN,V057
PL01-2024-000907,1,2024-07-05,6300 ,28772.79,0.00,PLN,V055
PL01-2024-000907,2,2024-07-05,2100 ,0.00,28772.79,PLN,V055
PL01-2024-000908,1,2024-08-12,2100 ,28772.79,0.00,PLN,V055
PL01-2024-000908,2,2024-08-12,1000 ,0.00,28772.79,PLN,V055
PL01-2024-000909,1,2024-07-18,6400 ,48345.25,0.00,PLN,V058
PL01-2024-000909,2,2024-07-18,2100 ,0.00,48345.25,PLN,V058
PL01-2024-000910,1,2024-08-30,2100 ,48345.25,0.00,PLN,V058
PL01-2024-000910,2,2024-08-30,1000 ,0.00,48345.25,PLN,V058
PL01-2024-000911,1,2024-07-25,6000 ,692777.00,0.00,PLN,
PL01-2024-000911,2,2024-07-25,1000 ,0.00,692777.00,PLN,
PL01-2024-000912,1,2024-07-31,6900 ,42708.33,0.00,PLN,
PL01-2024-000912,2,2024-07-31,1590 ,0.00,42708.33,PLN,
PL01-2024-000913,1,2024-08-16,1200 ,59738.79,0.00,PLN,C018
PL01-2024-000913,2,2024-08-16,4000 ,0.00,52486.33,PLN,C018
PL01-2024-000913,3,2024-08-16,4100 ,0.00,7252.46,PLN,C018
PL01-2024-000914,1,2024-09-27,1000 ,59738.79,0.00,PLN,C018
PL01-2024-000914,2,2024-09-27,1200 ,0.00,59738.79,PLN,C018
PL01-2024-000915,1,2024-08-26,1200 ,18087.38,0.00,PLN,C020
PL01-2024-000915,2,2024-08-26,4000 ,0.00,15891.52,PLN,C020
PL01-2024-000915,3,2024-08-26,4100 ,0.00,2195.86,PLN,C020
PL01-2024-000916,1,2024-10-23,1000 ,18087.38,0.00,PLN,C020
PL01-2024-000916,2,2024-10-23,1200 ,0.00,18087.38,PLN,C020
PL01-2024-000917,1,2024-08-25,1200 ,11562.88,0.00,PLN,C025
PL01-2024-000917,2,2024-08-25,4000 ,0.00,10159.11,PLN,C025
PL01-2024-000917,3,2024-08-25,4100 ,0.00,1403.77,PLN,C025
PL01-2024-000918,1,2024-10-21,1000 ,11562.88,0.00,PLN,C025
PL01-2024-000918,2,2024-10-21,1200 ,0.00,11562.88,PLN,C025
PL01-2024-000919,1,2024-08-27,1200 ,19193.06,0.00,PLN,C018
PL01-2024-000919,2,2024-08-27,4000 ,0.00,16862.97,PLN,C018
PL01-2024-000919,3,2024-08-27,4100 ,0.00,2330.09,PLN,C018
PL01-2024-000920,1,2024-10-31,1000 ,19193.06,0.00,PLN,C018
PL01-2024-000920,2,2024-10-31,1200 ,0.00,19193.06,PLN,C018
PL01-2024-000921,1,2024-08-22,1200 ,20287.39,0.00,PLN,C033
PL01-2024-000921,2,2024-08-22,4000 ,0.00,17824.44,PLN,C033
PL01-2024-000921,3,2024-08-22,4100 ,0.00,2462.95,PLN,C033
PL01-2024-000922,1,2024-10-12,1000 ,20287.39,0.00,PLN,C033
PL01-2024-000922,2,2024-10-12,1200 ,0.00,20287.39,PLN,C033
PL01-2024-000923,1,2024-08-06,1200 ,34460.63,0.00,PLN,C014
PL01-2024-000923,2,2024-08-06,4000 ,0.00,30277.01,PLN,C014
PL01-2024-000923,3,2024-08-06,4100 ,0.00,4183.62,PLN,C014
PL01-2024-000924,1,2024-09-20,1000 ,34460.63,0.00,PLN,C014
PL01-2024-000924,2,2024-09-20,1200 ,0.00,34460.63,PLN,C014
PL01-2024-000925,1,2024-08-12,1200 ,25174.72,0.00,PLN,C024
PL01-2024-000925,2,2024-08-12,4000 ,0.00,22118.44,PLN,C024
PL01-2024-000925,3,2024-08-12,4100 ,0.00,3056.28,PLN,C024
PL01-2024-000926,1,2024-09-15,1000 ,25174.72,0.00,PLN,C024
PL01-2024-000926,2,2024-09-15,1200 ,0.00,25174.72,PLN,C024
PL01-2024-000927,1,2024-08-14,1200 ,13302.70,0.00,PLN,C040
PL01-2024-000927,2,2024-08-14,4000 ,0.00,11687.71,PLN,C040
PL01-2024-000927,3,2024-08-14,4100 ,0.00,1614.99,PLN,C040
PL01-2024-000928,1,2024-09-30,1000 ,13302.70,0.00,PLN,C040
PL01-2024-000928,2,2024-09-30,1200 ,0.00,13302.70,PLN,C040
PL01-2024-000929,1,2024-08-09,1200 ,44128.39,0.00,PLN,C032
PL01-2024-000929,2,2024-08-09,4000 ,0.00,38771.07,PLN,C032
PL01-2024-000929,3,2024-08-09,4100 ,0.00,5357.32,PLN,C032
PL01-2024-000930,1,2024-09-30,1000 ,44128.39,0.00,PLN,C032
PL01-2024-000930,2,2024-09-30,1200 ,0.00,44128.39,PLN,C032
PL01-2024-000931,1,2024-08-24,1200 ,31134.52,0.00,PLN,C037
PL01-2024-000931,2,2024-08-24,4000 ,0.00,27354.70,PLN,C037
PL01-2024-000931,3,2024-08-24,4100 ,0.00,3779.82,PLN,C037
PL01-2024-000932,1,2024-09-25,1000 ,31134.52,0.00,PLN,C037
PL01-2024-000932,2,2024-09-25,1200 ,0.00,31134.52,PLN,C037
PL01-2024-000933,1,2024-08-24,1200 ,20406.18,0.00,PLN,C022
PL01-2024-000933,2,2024-08-24,4000 ,0.00,17928.81,PLN,C022
PL01-2024-000933,3,2024-08-24,4100 ,0.00,2477.37,PLN,C022
PL01-2024-000934,1,2024-10-12,1000 ,20406.18,0.00,PLN,C022
PL01-2024-000934,2,2024-10-12,1200 ,0.00,20406.18,PLN,C022
PL01-2024-000935,1,2024-08-03,1200 ,44465.87,0.00,PLN,C033
PL01-2024-000935,2,2024-08-03,4000 ,0.00,39067.58,PLN,C033
PL01-2024-000935,3,2024-08-03,4100 ,0.00,5398.29,PLN,C033
PL01-2024-000936,1,2024-08-28,1000 ,44465.87,0.00,PLN,C033
PL01-2024-000936,2,2024-08-28,1200 ,0.00,44465.87,PLN,C033
PL01-2024-000937,1,2024-08-09,1200 ,6957.33,0.00,PLN,C013
PL01-2024-000937,2,2024-08-09,4000 ,0.00,6112.69,PLN,C013
PL01-2024-000937,3,2024-08-09,4100 ,0.00,844.64,PLN,C013
PL01-2024-000938,1,2024-09-08,1000 ,6957.33,0.00,PLN,C013
PL01-2024-000938,2,2024-09-08,1200 ,0.00,6957.33,PLN,C013
PL01-2024-000939,1,2024-08-21,1200 ,5758.42,0.00,PLN,C006
PL01-2024-000939,2,2024-08-21,4000 ,0.00,5059.33,PLN,C006
PL01-2024-000939,3,2024-08-21,4100 ,0.00,699.09,PLN,C006
PL01-2024-000940,1,2024-09-24,1000 ,5758.42,0.00,PLN,C006
PL01-2024-000940,2,2024-09-24,1200 ,0.00,5758.42,PLN,C006
PL01-2024-000941,1,2024-08-04,1200 ,12992.06,0.00,PLN,C021
PL01-2024-000941,2,2024-08-04,4000 ,0.00,11414.79,PLN,C021
PL01-2024-000941,3,2024-08-04,4100 ,0.00,1577.27,PLN,C021
PL01-2024-000942,1,2024-09-02,1000 ,12992.06,0.00,PLN,C021
PL01-2024-000942,2,2024-09-02,1200 ,0.00,12992.06,PLN,C021
PL01-2024-000943,1,2024-08-18,1200 ,68102.47,0.00,PLN,C014
PL01-2024-000943,2,2024-08-18,4000 ,0.00,59834.63,PLN,C014
PL01-2024-000943,3,2024-08-18,4100 ,0.00,8267.84,PLN,C014
PL01-2024-000944,1,2024-09-25,1000 ,68102.47,0.00,PLN,C014
PL01-2024-000944,2,2024-09-25,1200 ,0.00,68102.47,PLN,C014
PL01-2024-000945,1,2024-08-20,1200 ,2920.62,0.00,PLN,C006
PL01-2024-000945,2,2024-08-20,4000 ,0.00,2566.05,PLN,C006
PL01-2024-000945,3,2024-08-20,4100 ,0.00,354.57,PLN,C006
PL01-2024-000946,1,2024-09-18,1000 ,2920.62,0.00,PLN,C006
PL01-2024-000946,2,2024-09-18,1200 ,0.00,2920.62,PLN,C006
PL01-2024-000947,1,2024-08-16,1200 ,61610.50,0.00,PLN,C026
PL01-2024-000947,2,2024-08-16,4000 ,0.00,54130.81,PLN,C026
PL01-2024-000947,3,2024-08-16,4100 ,0.00,7479.69,PLN,C026
PL01-2024-000948,1,2024-09-07,1000 ,61610.50,0.00,PLN,C026
PL01-2024-000948,2,2024-09-07,1200 ,0.00,61610.50,PLN,C026
PL01-2024-000949,1,2024-08-19,1200 ,127283.28,0.00,PLN,C035
PL01-2024-000949,2,2024-08-19,4000 ,0.00,111830.72,PLN,C035
PL01-2024-000949,3,2024-08-19,4100 ,0.00,15452.56,PLN,C035
PL01-2024-000950,1,2024-10-10,1000 ,127283.28,0.00,PLN,C035
PL01-2024-000950,2,2024-10-10,1200 ,0.00,127283.28,PLN,C035
PL01-2024-000951,1,2024-08-01,1200 ,8180.97,0.00,PLN,C003
PL01-2024-000951,2,2024-08-01,4000 ,0.00,7187.78,PLN,C003
PL01-2024-000951,3,2024-08-01,4100 ,0.00,993.19,PLN,C003
PL01-2024-000952,1,2024-08-30,1000 ,8180.97,0.00,PLN,C003
PL01-2024-000952,2,2024-08-30,1200 ,0.00,8180.97,PLN,C003
PL01-2024-000953,1,2024-08-17,1200 ,89542.38,0.00,PLN,C032
PL01-2024-000953,2,2024-08-17,4000 ,0.00,78671.67,PLN,C032
PL01-2024-000953,3,2024-08-17,4100 ,0.00,10870.71,PLN,C032
PL01-2024-000954,1,2024-11-03,1000 ,89542.38,0.00,PLN,C032
PL01-2024-000954,2,2024-11-03,1200 ,0.00,89542.38,PLN,C032
PL01-2024-000955,1,2024-08-28,1200 ,15211.92,0.00,PLN,C003
PL01-2024-000955,2,2024-08-28,4000 ,0.00,13365.15,PLN,C003
PL01-2024-000955,3,2024-08-28,4100 ,0.00,1846.77,PLN,C003
PL01-2024-000956,1,2024-10-14,1000 ,15211.92,0.00,PLN,C003
PL01-2024-000956,2,2024-10-14,1200 ,0.00,15211.92,PLN,C003
PL01-2024-000957,1,2024-08-11,1200 ,20638.15,0.00,PLN,C013
PL01-2024-000957,2,2024-08-11,4000 ,0.00,18132.62,PLN,C013
PL01-2024-000957,3,2024-08-11,4100 ,0.00,2505.53,PLN,C013
PL01-2024-000958,1,2024-09-23,1000 ,20638.15,0.00,PLN,C013
PL01-2024-000958,2,2024-09-23,1200 ,0.00,20638.15,PLN,C013
PL01-2024-000959,1,2024-08-07,1200 ,9806.36,0.00,PLN,C024
PL01-2024-000959,2,2024-08-07,4000 ,0.00,8615.84,PLN,C024
PL01-2024-000959,3,2024-08-07,4100 ,0.00,1190.52,PLN,C024
PL01-2024-000960,1,2024-10-12,1000 ,9806.36,0.00,PLN,C024
PL01-2024-000960,2,2024-10-12,1200 ,0.00,9806.36,PLN,C024
PL01-2024-000961,1,2024-08-19,1200 ,28602.03,0.00,PLN,C034
PL01-2024-000961,2,2024-08-19,4000 ,0.00,25129.66,PLN,C034
PL01-2024-000961,3,2024-08-19,4100 ,0.00,3472.37,PLN,C034
PL01-2024-000962,1,2024-09-17,1000 ,28602.03,0.00,PLN,C034
PL01-2024-000962,2,2024-09-17,1200 ,0.00,28602.03,PLN,C034
PL01-2024-000963,1,2024-08-11,1200 ,4723.09,0.00,PLN,C008
PL01-2024-000963,2,2024-08-11,4000 ,0.00,4149.69,PLN,C008
PL01-2024-000963,3,2024-08-11,4100 ,0.00,573.40,PLN,C008
PL01-2024-000964,1,2024-09-11,1000 ,4723.09,0.00,PLN,C008
PL01-2024-000964,2,2024-09-11,1200 ,0.00,4723.09,PLN,C008
PL01-2024-000965,1,2024-08-06,1200 ,74527.37,0.00,PLN,C029
PL01-2024-000965,2,2024-08-06,4000 ,0.00,65479.53,PLN,C029
PL01-2024-000965,3,2024-08-06,4100 ,0.00,9047.84,PLN,C029
PL01-2024-000966,1,2024-10-31,1000 ,74527.37,0.00,PLN,C029
PL01-2024-000966,2,2024-10-31,1200 ,0.00,74527.37,PLN,C029
PL01-2024-000967,1,2024-08-12,1200 ,20522.13,0.00,PLN,C036
PL01-2024-000967,2,2024-08-12,4000 ,0.00,18030.68,PLN,C036
PL01-2024-000967,3,2024-08-12,4100 ,0.00,2491.45,PLN,C036
PL01-2024-000968,1,2024-09-19,1000 ,20522.13,0.00,PLN,C036
PL01-2024-000968,2,2024-09-19,1200 ,0.00,20522.13,PLN,C036
PL01-2024-000969,1,2024-08-02,1200 ,9882.54,0.00,PLN,C029
PL01-2024-000969,2,2024-08-02,4000 ,0.00,8682.77,PLN,C029
PL01-2024-000969,3,2024-08-02,4100 ,0.00,1199.77,PLN,C029
PL01-2024-000970,1,2024-10-18,1000 ,9882.54,0.00,PLN,C029
PL01-2024-000970,2,2024-10-18,1200 ,0.00,9882.54,PLN,C029
PL01-2024-000971,1,2024-08-16,1200 ,16327.43,0.00,PLN,C021
PL01-2024-000971,2,2024-08-16,4000 ,0.00,14345.23,PLN,C021
PL01-2024-000971,3,2024-08-16,4100 ,0.00,1982.20,PLN,C021
PL01-2024-000972,1,2024-11-13,1000 ,16327.43,0.00,PLN,C021
PL01-2024-000972,2,2024-11-13,1200 ,0.00,16327.43,PLN,C021
PL01-2024-000973,1,2024-08-09,1200 ,5171.93,0.00,PLN,C020
PL01-2024-000973,2,2024-08-09,4000 ,0.00,4544.04,PLN,C020
PL01-2024-000973,3,2024-08-09,4100 ,0.00,627.89,PLN,C020
PL01-2024-000974,1,2024-09-28,1000 ,5171.93,0.00,PLN,C020
PL01-2024-000974,2,2024-09-28,1200 ,0.00,5171.93,PLN,C020
PL01-2024-000975,1,2024-08-19,1200 ,16130.83,0.00,PLN,C026
PL01-2024-000975,2,2024-08-19,4000 ,0.00,14172.50,PLN,C026
PL01-2024-000975,3,2024-08-19,4100 ,0.00,1958.33,PLN,C026
PL01-2024-000976,1,2024-09-13,1000 ,16130.83,0.00,PLN,C026
PL01-2024-000976,2,2024-09-13,1200 ,0.00,16130.83,PLN,C026
PL01-2024-000977,1,2024-08-24,1200 ,36387.22,0.00,PLN,C027
PL01-2024-000977,2,2024-08-24,4000 ,0.00,31969.71,PLN,C027
PL01-2024-000977,3,2024-08-24,4100 ,0.00,4417.51,PLN,C027
PL01-2024-000978,1,2024-09-28,1000 ,36387.22,0.00,PLN,C027
PL01-2024-000978,2,2024-09-28,1200 ,0.00,36387.22,PLN,C027
PL01-2024-000979,1,2024-08-20,1200 ,39910.62,0.00,PLN,C002
PL01-2024-000979,2,2024-08-20,4000 ,0.00,35065.35,PLN,C002
PL01-2024-000979,3,2024-08-20,4100 ,0.00,4845.27,PLN,C002
PL01-2024-000980,1,2024-10-01,1000 ,39910.62,0.00,PLN,C002
PL01-2024-000980,2,2024-10-01,1200 ,0.00,39910.62,PLN,C002
PL01-2024-000981,1,2024-08-13,1200 ,20476.34,0.00,PLN,C025
PL01-2024-000981,2,2024-08-13,4000 ,0.00,17990.45,PLN,C025
PL01-2024-000981,3,2024-08-13,4100 ,0.00,2485.89,PLN,C025
PL01-2024-000982,1,2024-09-28,1000 ,20476.34,0.00,PLN,C025
PL01-2024-000982,2,2024-09-28,1200 ,0.00,20476.34,PLN,C025
PL01-2024-000983,1,2024-08-03,1200 ,21213.97,0.00,PLN,C005
PL01-2024-000983,2,2024-08-03,4000 ,0.00,18638.53,PLN,C005
PL01-2024-000983,3,2024-08-03,4100 ,0.00,2575.44,PLN,C005
PL01-2024-000984,1,2024-09-07,1000 ,21213.97,0.00,PLN,C005
PL01-2024-000984,2,2024-09-07,1200 ,0.00,21213.97,PLN,C005
PL01-2024-000985,1,2024-08-20,1200 ,40277.36,0.00,PLN,C040
PL01-2024-000985,2,2024-08-20,4000 ,0.00,35387.57,PLN,C040
PL01-2024-000985,3,2024-08-20,4100 ,0.00,4889.79,PLN,C040
PL01-2024-000986,1,2024-09-12,1000 ,40277.36,0.00,PLN,C040
PL01-2024-000986,2,2024-09-12,1200 ,0.00,40277.36,PLN,C040
PL01-2024-000987,1,2024-08-23,1200 ,21327.48,0.00,PLN,C032
PL01-2024-000987,2,2024-08-23,4000 ,0.00,18738.26,PLN,C032
PL01-2024-000987,3,2024-08-23,4100 ,0.00,2589.22,PLN,C032
PL01-2024-000988,1,2024-09-28,1000 ,21327.48,0.00,PLN,C032
PL01-2024-000988,2,2024-09-28,1200 ,0.00,21327.48,PLN,C032
PL01-2024-000989,1,2024-08-20,1200 ,15787.91,0.00,PLN,C040
PL01-2024-000989,2,2024-08-20,4000 ,0.00,13871.21,PLN,C040
PL01-2024-000989,3,2024-08-20,4100 ,0.00,1916.70,PLN,C040
PL01-2024-000990,1,2024-09-23,1000 ,15787.91,0.00,PLN,C040
PL01-2024-000990,2,2024-09-23,1200 ,0.00,15787.91,PLN,C040
PL01-2024-000991,1,2024-08-10,1200 ,38182.34,0.00,PLN,C010
PL01-2024-000991,2,2024-08-10,4000 ,0.00,33546.89,PLN,C010
PL01-2024-000991,3,2024-08-10,4100 ,0.00,4635.45,PLN,C010
PL01-2024-000992,1,2024-10-05,1000 ,38182.34,0.00,PLN,C010
PL01-2024-000992,2,2024-10-05,1200 ,0.00,38182.34,PLN,C010
PL01-2024-000993,1,2024-08-11,1200 ,75788.80,0.00,PLN,C035
PL01-2024-000993,2,2024-08-11,4000 ,0.00,66587.82,PLN,C035
PL01-2024-000993,3,2024-08-11,4100 ,0.00,9200.98,PLN,C035
PL01-2024-000994,1,2024-10-16,1000 ,75788.80,0.00,PLN,C035
PL01-2024-000994,2,2024-10-16,1200 ,0.00,75788.80,PLN,C035
PL01-2024-000995,1,2024-08-27,1200 ,23939.53,0.00,PLN,C028
PL01-2024-000995,2,2024-08-27,4000 ,0.00,21033.20,PLN,C028
PL01-2024-000995,3,2024-08-27,4100 ,0.00,2906.33,PLN,C028
PL01-2024-000996,1,2024-10-13,1000 ,23939.53,0.00,PLN,C028
PL01-2024-000996,2,2024-10-13,1200 ,0.00,23939.53,PLN,C028
PL01-2024-000997,1,2024-08-07,1200 ,5340.75,0.00,PLN,C030
PL01-2024-000997,2,2024-08-07,4000 ,0.00,4692.37,PLN,C030
PL01-2024-000997,3,2024-08-07,4100 ,0.00,648.38,PLN,C030
PL01-2024-000998,1,2024-09-06,1000 ,5340.75,0.00,PLN,C030
PL01-2024-000998,2,2024-09-06,1200 ,0.00,5340.75,PLN,C030
PL01-2024-000999,1,2024-08-01,1200 ,61659.09,0.00,PLN,C005
PL01-2024-000999,2,2024-08-01,4000 ,0.00,54173.50,PLN,C005
PL01-2024-000999,3,2024-08-01,4100 ,0.00,7485.59,PLN,C005
PL01-2024-001000,1,2024-10-12,1000 ,61659.09,0.00,PLN,C005
PL01-2024-001000,2,2024-10-12,1200 ,0.00,61659.09,PLN,C005
PL01-2024-001001,1,2024-08-23,1200 ,7336.56,0.00,PLN,C040
PL01-2024-001001,2,2024-08-23,4000 ,0.00,6445.88,PLN,C040
PL01-2024-001001,3,2024-08-23,4100 ,0.00,890.68,PLN,C040
PL01-2024-001002,1,2024-09-19,1000 ,7336.56,0.00,PLN,C040
PL01-2024-001002,2,2024-09-19,1200 ,0.00,7336.56,PLN,C040
PL01-2024-001003,1,2024-08-26,1200 ,8347.51,0.00,PLN,C002
PL01-2024-001003,2,2024-08-26,4000 ,0.00,7334.10,PLN,C002
PL01-2024-001003,3,2024-08-26,4100 ,0.00,1013.41,PLN,C002
PL01-2024-001004,1,2024-10-13,1000 ,8347.51,0.00,PLN,C002
PL01-2024-001004,2,2024-10-13,1200 ,0.00,8347.51,PLN,C002
PL01-2024-001005,1,2024-08-28,1200 ,39989.66,0.00,PLN,C014
PL01-2024-001005,2,2024-08-28,4000 ,0.00,35134.80,PLN,C014
PL01-2024-001005,3,2024-08-28,4100 ,0.00,4854.86,PLN,C014
PL01-2024-001006,1,2024-10-04,1000 ,39989.66,0.00,PLN,C014
PL01-2024-001006,2,2024-10-04,1200 ,0.00,39989.66,PLN,C014
PL01-2024-001007,1,2024-08-17,1200 ,16813.22,0.00,PLN,C012
PL01-2024-001007,2,2024-08-17,4000 ,0.00,14772.05,PLN,C012
PL01-2024-001007,3,2024-08-17,4100 ,0.00,2041.17,PLN,C012
PL01-2024-001008,1,2024-09-16,1000 ,16813.22,0.00,PLN,C012
PL01-2024-001008,2,2024-09-16,1200 ,0.00,16813.22,PLN,C012
PL01-2024-001009,1,2024-08-26,1200 ,83460.11,0.00,PLN,C025
PL01-2024-001009,2,2024-08-26,4000 ,0.00,73327.81,PLN,C025
PL01-2024-001009,3,2024-08-26,4100 ,0.00,10132.30,PLN,C025
PL01-2024-001010,1,2024-10-28,1000 ,83460.11,0.00,PLN,C025
PL01-2024-001010,2,2024-10-28,1200 ,0.00,83460.11,PLN,C025
PL01-2024-001011,1,2024-08-25,1200 ,35710.11,0.00,PLN,C017
PL01-2024-001011,2,2024-08-25,4000 ,0.00,31374.80,PLN,C017
PL01-2024-001011,3,2024-08-25,4100 ,0.00,4335.31,PLN,C017
PL01-2024-001012,1,2024-10-28,1000 ,35710.11,0.00,PLN,C017
PL01-2024-001012,2,2024-10-28,1200 ,0.00,35710.11,PLN,C017
PL01-2024-001013,1,2024-08-28,1200 ,23917.92,0.00,PLN,C012
PL01-2024-001013,2,2024-08-28,4000 ,0.00,21014.21,PLN,C012
PL01-2024-001013,3,2024-08-28,4100 ,0.00,2903.71,PLN,C012
PL01-2024-001014,1,2024-10-13,1000 ,23917.92,0.00,PLN,C012
PL01-2024-001014,2,2024-10-13,1200 ,0.00,23917.92,PLN,C012
PL01-2024-001015,1,2024-08-26,1200 ,31652.63,0.00,PLN,C022
PL01-2024-001015,2,2024-08-26,4000 ,0.00,27809.91,PLN,C022
PL01-2024-001015,3,2024-08-26,4100 ,0.00,3842.72,PLN,C022
PL01-2024-001016,1,2024-10-15,1000 ,31652.63,0.00,PLN,C022
PL01-2024-001016,2,2024-10-15,1200 ,0.00,31652.63,PLN,C022
PL01-2024-001017,1,2024-08-12,1200 ,17277.33,0.00,PLN,C009
PL01-2024-001017,2,2024-08-12,4000 ,0.00,15179.81,PLN,C009
PL01-2024-001017,3,2024-08-12,4100 ,0.00,2097.52,PLN,C009
PL01-2024-001018,1,2024-09-30,1000 ,17277.33,0.00,PLN,C009
PL01-2024-001018,2,2024-09-30,1200 ,0.00,17277.33,PLN,C009
PL01-2024-001019,1,2024-08-20,1200 ,40834.37,0.00,PLN,C002
PL01-2024-001019,2,2024-08-20,4000 ,0.00,35876.96,PLN,C002
PL01-2024-001019,3,2024-08-20,4100 ,0.00,4957.41,PLN,C002
PL01-2024-001020,1,2024-10-16,1000 ,40834.37,0.00,PLN,C002
PL01-2024-001020,2,2024-10-16,1200 ,0.00,40834.37,PLN,C002
PL01-2024-001021,1,2024-08-17,1200 ,112045.22,0.00,PLN,C021
PL01-2024-001021,2,2024-08-17,4000 ,0.00,98442.60,PLN,C021
PL01-2024-001021,3,2024-08-17,4100 ,0.00,13602.62,PLN,C021
PL01-2024-001022,1,2024-10-06,1000 ,112045.22,0.00,PLN,C021
PL01-2024-001022,2,2024-10-06,1200 ,0.00,112045.22,PLN,C021
PL01-2024-001023,1,2024-08-22,1300 ,272197.06,0.00,PLN,V023
PL01-2024-001023,2,2024-08-22,2100 ,0.00,272197.06,PLN,V023
PL01-2024-001024,1,2024-10-16,2100 ,272197.06,0.00,PLN,V023
PL01-2024-001024,2,2024-10-16,1000 ,0.00,272197.06,PLN,V023
PL01-2024-001025,1,2024-08-23,1300 ,85863.26,0.00,PLN,V017
PL01-2024-001025,2,2024-08-23,2100 ,0.00,85863.26,PLN,V017
PL01-2024-001026,1,2024-10-15,2100 ,85863.26,0.00,PLN,V017
PL01-2024-001026,2,2024-10-15,1000 ,0.00,85863.26,PLN,V017
PL01-2024-001027,1,2024-08-09,1300 ,366494.96,0.00,PLN,V004
PL01-2024-001027,2,2024-08-09,2100 ,0.00,366494.96,PLN,V004
PL01-2024-001028,1,2024-09-26,2100 ,366494.96,0.00,PLN,V004
PL01-2024-001028,2,2024-09-26,1000 ,0.00,366494.96,PLN,V004
PL01-2024-001029,1,2024-08-02,1300 ,38074.59,0.00,PLN,V018
PL01-2024-001029,2,2024-08-02,2100 ,0.00,38074.59,PLN,V018
PL01-2024-001030,1,2024-09-09,2100 ,38074.59,0.00,PLN,V018
PL01-2024-001030,2,2024-09-09,1000 ,0.00,38074.59,PLN,V018
PL01-2024-001031,1,2024-08-14,1300 ,137412.08,0.00,PLN,V024
PL01-2024-001031,2,2024-08-14,2100 ,0.00,137412.08,PLN,V024
PL01-2024-001032,1,2024-09-27,2100 ,137412.08,0.00,PLN,V024
PL01-2024-001032,2,2024-09-27,1000 ,0.00,137412.08,PLN,V024
PL01-2024-001033,1,2024-08-31,5000 ,929725.05,0.00,PLN,
PL01-2024-001033,2,2024-08-31,1300 ,0.00,929725.05,PLN,
PL01-2024-001034,1,2024-08-11,6100 ,106056.11,0.00,PLN,V038
PL01-2024-001034,2,2024-08-11,2100 ,0.00,106056.11,PLN,V038
PL01-2024-001035,1,2024-09-21,2100 ,106056.11,0.00,PLN,V038
PL01-2024-001035,2,2024-09-21,1000 ,0.00,106056.11,PLN,V038
PL01-2024-001036,1,2024-08-03,6200 ,81985.95,0.00,PLN,V042
PL01-2024-001036,2,2024-08-03,2100 ,0.00,81985.95,PLN,V042
PL01-2024-001037,1,2024-09-07,2100 ,81985.95,0.00,PLN,V042
PL01-2024-001037,2,2024-09-07,1000 ,0.00,81985.95,PLN,V042
PL01-2024-001038,1,2024-08-06,6300 ,24983.62,0.00,PLN,V030
PL01-2024-001038,2,2024-08-06,2100 ,0.00,24983.62,PLN,V030
PL01-2024-001039,1,2024-09-14,2100 ,24983.62,0.00,PLN,V030
PL01-2024-001039,2,2024-09-14,1000 ,0.00,24983.62,PLN,V030
PL01-2024-001040,1,2024-08-03,6400 ,57176.44,0.00,PLN,V057
PL01-2024-001040,2,2024-08-03,2100 ,0.00,57176.44,PLN,V057
PL01-2024-001041,1,2024-09-18,2100 ,57176.44,0.00,PLN,V057
PL01-2024-001041,2,2024-09-18,1000 ,0.00,57176.44,PLN,V057
PL01-2024-001042,1,2024-08-25,6000 ,686477.99,0.00,PLN,
PL01-2024-001042,2,2024-08-25,1000 ,0.00,686477.99,PLN,
PL01-2024-001043,1,2024-08-31,6900 ,42708.33,0.00,PLN,
PL01-2024-001043,2,2024-08-31,1590 ,0.00,42708.33,PLN,
PL01-2024-001044,1,2024-09-02,1200 ,8728.83,0.00,PLN,C034
PL01-2024-001044,2,2024-09-02,4000 ,0.00,7565.05,PLN,C034
PL01-2024-001044,3,2024-09-02,4100 ,0.00,1163.78,PLN,C034
PL01-2024-001045,1,2024-10-15,1000 ,8728.83,0.00,PLN,C034
PL01-2024-001045,2,2024-10-15,1200 ,0.00,8728.83,PLN,C034
PL01-2024-001046,1,2024-09-24,1200 ,12116.76,0.00,PLN,C039
PL01-2024-001046,2,2024-09-24,4000 ,0.00,10501.27,PLN,C039
PL01-2024-001046,3,2024-09-24,4100 ,0.00,1615.49,PLN,C039
PL01-2024-001047,1,2024-12-01,1000 ,12116.76,0.00,PLN,C039
PL01-2024-001047,2,2024-12-01,1200 ,0.00,12116.76,PLN,C039
PL01-2024-001048,1,2024-09-14,1200 ,8553.62,0.00,PLN,C005
PL01-2024-001048,2,2024-09-14,4000 ,0.00,7413.20,PLN,C005
PL01-2024-001048,3,2024-09-14,4100 ,0.00,1140.42,PLN,C005
PL01-2024-001049,1,2024-11-04,1000 ,8553.62,0.00,PLN,C005
PL01-2024-001049,2,2024-11-04,1200 ,0.00,8553.62,PLN,C005
PL01-2024-001050,1,2024-09-24,1200 ,50339.67,0.00,PLN,C015
PL01-2024-001050,2,2024-09-24,4000 ,0.00,43628.06,PLN,C015
PL01-2024-001050,3,2024-09-24,4100 ,0.00,6711.61,PLN,C015
PL01-2024-001051,1,2024-12-13,1000 ,50339.67,0.00,PLN,C015
PL01-2024-001051,2,2024-12-13,1200 ,0.00,50339.67,PLN,C015
PL01-2024-001052,1,2024-09-07,1200 ,68478.01,0.00,PLN,C040
PL01-2024-001052,2,2024-09-07,4000 ,0.00,59348.08,PLN,C040
PL01-2024-001052,3,2024-09-07,4100 ,0.00,9129.93,PLN,C040
PL01-2024-001053,1,2024-11-05,1000 ,68478.01,0.00,PLN,C040
PL01-2024-001053,2,2024-11-05,1200 ,0.00,68478.01,PLN,C040
PL01-2024-001054,1,2024-09-20,1200 ,80813.98,0.00,PLN,C035
PL01-2024-001054,2,2024-09-20,4000 ,0.00,70039.33,PLN,C035
PL01-2024-001054,3,2024-09-20,4100 ,0.00,10774.65,PLN,C035
PL01-2024-001055,1,2024-10-14,1000 ,80813.98,0.00,PLN,C035
PL01-2024-001055,2,2024-10-14,1200 ,0.00,80813.98,PLN,C035
PL01-2024-001056,1,2024-09-03,1200 ,5080.71,0.00,PLN,C031
PL01-2024-001056,2,2024-09-03,4000 ,0.00,4403.32,PLN,C031
PL01-2024-001056,3,2024-09-03,4100 ,0.00,677.39,PLN,C031
PL01-2024-001057,1,2024-10-04,1000 ,5080.71,0.00,PLN,C031
PL01-2024-001057,2,2024-10-04,1200 ,0.00,5080.71,PLN,C031
PL01-2024-001058,1,2024-09-30,1200 ,22068.80,0.00,PLN,C029
PL01-2024-001058,2,2024-09-30,4000 ,0.00,19126.44,PLN,C029
PL01-2024-001058,3,2024-09-30,4100 ,0.00,2942.36,PLN,C029
PL01-2024-001059,1,2024-11-28,1000 ,22068.80,0.00,PLN,C029
PL01-2024-001059,2,2024-11-28,1200 ,0.00,22068.80,PLN,C029
PL01-2024-001060,1,2024-09-02,1200 ,35767.03,0.00,PLN,C009
PL01-2024-001060,2,2024-09-02,4000 ,0.00,30998.34,PLN,C009
PL01-2024-001060,3,2024-09-02,4100 ,0.00,4768.69,PLN,C009
PL01-2024-001061,1,2024-10-24,1000 ,35767.03,0.00,PLN,C009
PL01-2024-001061,2,2024-10-24,1200 ,0.00,35767.03,PLN,C009
PL01-2024-001062,1,2024-09-15,1200 ,1360.75,0.00,PLN,C035
PL01-2024-001062,2,2024-09-15,4000 ,0.00,1179.33,PLN,C035
PL01-2024-001062,3,2024-09-15,4100 ,0.00,181.42,PLN,C035
PL01-2024-001063,1,2024-11-21,1000 ,1360.75,0.00,PLN,C035
PL01-2024-001063,2,2024-11-21,1200 ,0.00,1360.75,PLN,C035
PL01-2024-001064,1,2024-09-23,1200 ,59630.19,0.00,PLN,C010
PL01-2024-001064,2,2024-09-23,4000 ,0.00,51679.90,PLN,C010
PL01-2024-001064,3,2024-09-23,4100 ,0.00,7950.29,PLN,C010
PL01-2024-001065,1,2024-10-25,1000 ,59630.19,0.00,PLN,C010
PL01-2024-001065,2,2024-10-25,1200 ,0.00,59630.19,PLN,C010
PL01-2024-001066,1,2024-09-10,1200 ,6718.01,0.00,PLN,C003
PL01-2024-001066,2,2024-09-10,4000 ,0.00,5822.32,PLN,C003
PL01-2024-001066,3,2024-09-10,4100 ,0.00,895.69,PLN,C003
PL01-2024-001067,1,2024-10-15,1000 ,6718.01,0.00,PLN,C003
PL01-2024-001067,2,2024-10-15,1200 ,0.00,6718.01,PLN,C003
PL01-2024-001068,1,2024-09-18,1200 ,44552.55,0.00,PLN,C033
PL01-2024-001068,2,2024-09-18,4000 ,0.00,38612.51,PLN,C033
PL01-2024-001068,3,2024-09-18,4100 ,0.00,5940.04,PLN,C033
PL01-2024-001069,1,2024-10-28,1000 ,44552.55,0.00,PLN,C033
PL01-2024-001069,2,2024-10-28,1200 ,0.00,44552.55,PLN,C033
PL01-2024-001070,1,2024-09-24,1200 ,41547.07,0.00,PLN,C025
PL01-2024-001070,2,2024-09-24,4000 ,0.00,36007.74,PLN,C025
PL01-2024-001070,3,2024-09-24,4100 ,0.00,5539.33,PLN,C025
PL01-2024-001071,1,2024-11-04,1000 ,41547.07,0.00,PLN,C025
PL01-2024-001071,2,2024-11-04,1200 ,0.00,41547.07,PLN,C025
PL01-2024-001072,1,2024-09-03,1200 ,3701.32,0.00,PLN,C014
PL01-2024-001072,2,2024-09-03,4000 ,0.00,3207.84,PLN,C014
PL01-2024-001072,3,2024-09-03,4100 ,0.00,493.48,PLN,C014
PL01-2024-001073,1,2024-11-08,1000 ,3701.32,0.00,PLN,C014
PL01-2024-001073,2,2024-11-08,1200 ,0.00,3701.32,PLN,C014
PL01-2024-001074,1,2024-09-28,1200 ,68557.35,0.00,PLN,C035
PL01-2024-001074,2,2024-09-28,4000 ,0.00,59416.84,PLN,C035
PL01-2024-001074,3,2024-09-28,4100 ,0.00,9140.51,PLN,C035
PL01-2024-001075,1,2024-11-09,1000 ,68557.35,0.00,PLN,C035
PL01-2024-001075,2,2024-11-09,1200 ,0.00,68557.35,PLN,C035
PL01-2024-001076,1,2024-09-30,1200 ,18572.65,0.00,PLN,C035
PL01-2024-001076,2,2024-09-30,4000 ,0.00,16096.42,PLN,C035
PL01-2024-001076,3,2024-09-30,4100 ,0.00,2476.23,PLN,C035
PL01-2024-001077,1,2024-11-19,1000 ,18572.65,0.00,PLN,C035
PL01-2024-001077,2,2024-11-19,1200 ,0.00,18572.65,PLN,C035
PL01-2024-001078,1,2024-09-07,1200 ,19487.59,0.00,PLN,C012
PL01-2024-001078,2,2024-09-07,4000 ,0.00,16889.38,PLN,C012
PL01-2024-001078,3,2024-09-07,4100 ,0.00,2598.21,PLN,C012
PL01-2024-001079,1,2024-10-24,1000 ,19487.59,0.00,PLN,C012
PL01-2024-001079,2,2024-10-24,1200 ,0.00,19487.59,PLN,C012
PL01-2024-001080,1,2024-09-28,1200 ,8005.75,0.00,PLN,C012
PL01-2024-001080,2,2024-09-28,4000 ,0.00,6938.37,PLN,C012
PL01-2024-001080,3,2024-09-28,4100 ,0.00,1067.38,PLN,C012
PL01-2024-001081,1,2024-11-12,1000 ,8005.75,0.00,PLN,C012
PL01-2024-001081,2,2024-11-12,1200 ,0.00,8005.75,PLN,C012
PL01-2024-001082,1,2024-09-05,1200 ,70463.82,0.00,PLN,C021
PL01-2024-001082,2,2024-09-05,4000 ,0.00,61069.12,PLN,C021
PL01-2024-001082,3,2024-09-05,4100 ,0.00,9394.70,PLN,C021
PL01-2024-001083,1,2024-10-05,1000 ,70463.82,0.00,PLN,C021
PL01-2024-001083,2,2024-10-05,1200 ,0.00,70463.82,PLN,C021
PL01-2024-001084,1,2024-09-02,1200 ,28520.54,0.00,PLN,C012
PL01-2024-001084,2,2024-09-02,4000 ,0.00,24718.00,PLN,C012
PL01-2024-001084,3,2024-09-02,4100 ,0.00,3802.54,PLN,C012
PL01-2024-001085,1,2024-09-28,1000 ,28520.54,0.00,PLN,C012
PL01-2024-001085,2,2024-09-28,1200 ,0.00,28520.54,PLN,C012
PL01-2024-001086,1,2024-09-04,1200 ,43371.82,0.00,PLN,C028
PL01-2024-001086,2,2024-09-04,4000 ,0.00,37589.21,PLN,C028
PL01-2024-001086,3,2024-09-04,4100 ,0.00,5782.61,PLN,C028
PL01-2024-001087,1,2024-11-05,1000 ,43371.82,0.00,PLN,C028
PL01-2024-001087,2,2024-11-05,1200 ,0.00,43371.82,PLN,C028
PL01-2024-001088,1,2024-09-05,1200 ,68013.86,0.00,PLN,C007
PL01-2024-001088,2,2024-09-05,4000 ,0.00,58945.81,PLN,C007
PL01-2024-001088,3,2024-09-05,4100 ,0.00,9068.05,PLN,C007
PL01-2024-001089,1,2024-10-03,1000 ,68013.86,0.00,PLN,C007
PL01-2024-001089,2,2024-10-03,1200 ,0.00,68013.86,PLN,C007
PL01-2024-001090,1,2024-09-30,1200 ,87972.58,0.00,PLN,C016
PL01-2024-001090,2,2024-09-30,4000 ,0.00,76243.50,PLN,C016
PL01-2024-001090,3,2024-09-30,4100 ,0.00,11729.08,PLN,C016
PL01-2024-001091,1,2024-11-03,1000 ,87972.58,0.00,PLN,C016
PL01-2024-001091,2,2024-11-03,1200 ,0.00,87972.58,PLN,C016
PL01-2024-001092,1,2024-09-11,1200 ,7014.17,0.00,PLN,C022
PL01-2024-001092,2,2024-09-11,4000 ,0.00,6079.00,PLN,C022
PL01-2024-001092,3,2024-09-11,4100 ,0.00,935.17,PLN,C022
PL01-2024-001093,1,2024-10-21,1000 ,7014.17,0.00,PLN,C022
PL01-2024-001093,2,2024-10-21,1200 ,0.00,7014.17,PLN,C022
PL01-2024-001094,1,2024-09-26,1200 ,15688.13,0.00,PLN,C023
PL01-2024-001094,2,2024-09-26,4000 ,0.00,13596.49,PLN,C023
PL01-2024-001094,3,2024-09-26,4100 ,0.00,2091.64,PLN,C023
PL01-2024-001095,1,2024-10-15,1000 ,15688.13,0.00,PLN,C023
PL01-2024-001095,2,2024-10-15,1200 ,0.00,15688.13,PLN,C023
PL01-2024-001096,1,2024-09-07,1200 ,27694.24,0.00,PLN,C023
PL01-2024-001096,2,2024-09-07,4000 ,0.00,24001.86,PLN,C023
PL01-2024-001096,3,2024-09-07,4100 ,0.00,3692.38,PLN,C023
PL01-2024-001097,1,2024-10-23,1000 ,27694.24,0.00,PLN,C023
PL01-2024-001097,2,2024-10-23,1200 ,0.00,27694.24,PLN,C023
PL01-2024-001098,1,2024-09-18,1200 ,70110.72,0.00,PLN,C031
PL01-2024-001098,2,2024-09-18,4000 ,0.00,60763.10,PLN,C031
PL01-2024-001098,3,2024-09-18,4100 ,0.00,9347.62,PLN,C031
PL01-2024-001099,1,2024-11-03,1000 ,70110.72,0.00,PLN,C031
PL01-2024-001099,2,2024-11-03,1200 ,0.00,70110.72,PLN,C031
PL01-2024-001100,1,2024-09-23,1200 ,19415.24,0.00,PLN,C031
PL01-2024-001100,2,2024-09-23,4000 ,0.00,16826.67,PLN,C031
PL01-2024-001100,3,2024-09-23,4100 ,0.00,2588.57,PLN,C031
PL01-2024-001101,1,2024-11-16,1000 ,19415.24,0.00,PLN,C031
PL01-2024-001101,2,2024-11-16,1200 ,0.00,19415.24,PLN,C031
PL01-2024-001102,1,2024-09-28,1200 ,10021.73,0.00,PLN,C010
PL01-2024-001102,2,2024-09-28,4000 ,0.00,8685.57,PLN,C010
PL01-2024-001102,3,2024-09-28,4100 ,0.00,1336.16,PLN,C010
PL01-2024-001103,1,2024-10-24,1000 ,10021.73,0.00,PLN,C010
PL01-2024-001103,2,2024-10-24,1200 ,0.00,10021.73,PLN,C010
PL01-2024-001104,1,2024-09-07,1200 ,29881.09,0.00,PLN,C028
PL01-2024-001104,2,2024-09-07,4000 ,0.00,25897.15,PLN,C028
PL01-2024-001104,3,2024-09-07,4100 ,0.00,3983.94,PLN,C028
PL01-2024-001105,1,2024-11-05,1000 ,29881.09,0.00,PLN,C028
PL01-2024-001105,2,2024-11-05,1200 ,0.00,29881.09,PLN,C028
PL01-2024-001106,1,2024-09-08,1200 ,38699.12,0.00,PLN,C003
PL01-2024-001106,2,2024-09-08,4000 ,0.00,33539.50,PLN,C003
PL01-2024-001106,3,2024-09-08,4100 ,0.00,5159.62,PLN,C003
PL01-2024-001107,1,2025-01-31,1000 ,38699.12,0.00,PLN,C003
PL01-2024-001107,2,2025-01-31,1200 ,0.00,38699.12,PLN,C003
PL01-2024-001108,1,2024-09-22,1200 ,71424.95,0.00,PLN,C019
PL01-2024-001108,2,2024-09-22,4000 ,0.00,61902.11,PLN,C019
PL01-2024-001108,3,2024-09-22,4100 ,0.00,9522.84,PLN,C019
PL01-2024-001109,1,2024-11-21,1000 ,71424.95,0.00,PLN,C019
PL01-2024-001109,2,2024-11-21,1200 ,0.00,71424.95,PLN,C019
PL01-2024-001110,1,2024-09-17,1200 ,92253.08,0.00,PLN,C009
PL01-2024-001110,2,2024-09-17,4000 ,0.00,79953.30,PLN,C009
PL01-2024-001110,3,2024-09-17,4100 ,0.00,12299.78,PLN,C009
PL01-2024-001111,1,2024-10-22,1000 ,92253.08,0.00,PLN,C009
PL01-2024-001111,2,2024-10-22,1200 ,0.00,92253.08,PLN,C009
PL01-2024-001112,1,2024-09-23,1200 ,6004.80,0.00,PLN,C011
PL01-2024-001112,2,2024-09-23,4000 ,0.00,5204.20,PLN,C011
PL01-2024-001112,3,2024-09-23,4100 ,0.00,800.60,PLN,C011
PL01-2024-001113,1,2024-10-29,1000 ,6004.80,0.00,PLN,C011
PL01-2024-001113,2,2024-10-29,1200 ,0.00,6004.80,PLN,C011
PL01-2024-001114,1,2024-09-01,1200 ,27976.91,0.00,PLN,C031
PL01-2024-001114,2,2024-09-01,4000 ,0.00,24246.85,PLN,C031
PL01-2024-001114,3,2024-09-01,4100 ,0.00,3730.06,PLN,C031
PL01-2024-001115,1,2024-09-27,1000 ,27976.91,0.00,PLN,C031
PL01-2024-001115,2,2024-09-27,1200 ,0.00,27976.91,PLN,C031
PL01-2024-001116,1,2024-09-04,1200 ,11409.61,0.00,PLN,C009
PL01-2024-001116,2,2024-09-04,4000 ,0.00,9888.41,PLN,C009
PL01-2024-001116,3,2024-09-04,4100 ,0.00,1521.20,PLN,C009
PL01-2024-001117,1,2024-10-03,1000 ,11409.61,0.00,PLN,C009
PL01-2024-001117,2,2024-10-03,1200 ,0.00,11409.61,PLN,C009
PL01-2024-001118,1,2024-09-17,1200 ,128109.43,0.00,PLN,C011
PL01-2024-001118,2,2024-09-17,4000 ,0.00,111029.05,PLN,C011
PL01-2024-001118,3,2024-09-17,4100 ,0.00,17080.38,PLN,C011
PL01-2024-001119,1,2024-12-07,1000 ,128109.43,0.00,PLN,C011
PL01-2024-001119,2,2024-12-07,1200 ,0.00,128109.43,PLN,C011
PL01-2024-001120,1,2024-09-02,1200 ,23566.87,0.00,PLN,C030
PL01-2024-001120,2,2024-09-02,4000 ,0.00,20424.78,PLN,C030
PL01-2024-001120,3,2024-09-02,4100 ,0.00,3142.09,PLN,C030
PL01-2024-001121,1,2024-10-09,1000 ,23566.87,0.00,PLN,C030
PL01-2024-001121,2,2024-10-09,1200 ,0.00,23566.87,PLN,C030
PL01-2024-001122,1,2024-09-19,1200 ,7050.97,0.00,PLN,C004
PL01-2024-001122,2,2024-09-19,4000 ,0.00,6110.89,PLN,C004
PL01-2024-001122,3,2024-09-19,4100 ,0.00,940.08,PLN,C004
PL01-2024-001123,1,2024-11-01,1000 ,7050.97,0.00,PLN,C004
PL01-2024-001123,2,2024-11-01,1200 ,0.00,7050.97,PLN,C004
PL01-2024-001124,1,2024-09-10,1200 ,11106.00,0.00,PLN,C024
PL01-2024-001124,2,2024-09-10,4000 ,0.00,9625.28,PLN,C024
PL01-2024-001124,3,2024-09-10,4100 ,0.00,1480.72,PLN,C024
PL01-2024-001125,1,2024-12-13,1000 ,11106.00,0.00,PLN,C024
PL01-2024-001125,2,2024-12-13,1200 ,0.00,11106.00,PLN,C024
PL01-2024-001126,1,2024-09-12,1200 ,14455.42,0.00,PLN,C011
PL01-2024-001126,2,2024-09-12,4000 ,0.00,12528.13,PLN,C011
PL01-2024-001126,3,2024-09-12,4100 ,0.00,1927.29,PLN,C011
PL01-2024-001127,1,2024-11-26,1000 ,14455.42,0.00,PLN,C011
PL01-2024-001127,2,2024-11-26,1200 ,0.00,14455.42,PLN,C011
PL01-2024-001128,1,2024-09-17,1200 ,114646.36,0.00,PLN,C039
PL01-2024-001128,2,2024-09-17,4000 ,0.00,99360.96,PLN,C039
PL01-2024-001128,3,2024-09-17,4100 ,0.00,15285.40,PLN,C039
PL01-2024-001129,1,2024-10-30,1000 ,114646.36,0.00,PLN,C039
PL01-2024-001129,2,2024-10-30,1200 ,0.00,114646.36,PLN,C039
PL01-2024-001130,1,2024-09-19,1200 ,37659.75,0.00,PLN,C008
PL01-2024-001130,2,2024-09-19,4000 ,0.00,32638.71,PLN,C008
PL01-2024-001130,3,2024-09-19,4100 ,0.00,5021.04,PLN,C008
PL01-2024-001131,1,2024-11-10,1000 ,37659.75,0.00,PLN,C008
PL01-2024-001131,2,2024-11-10,1200 ,0.00,37659.75,PLN,C008
PL01-2024-001132,1,2024-09-22,1200 ,7118.40,0.00,PLN,C020
PL01-2024-001132,2,2024-09-22,4000 ,0.00,6169.33,PLN,C020
PL01-2024-001132,3,2024-09-22,4100 ,0.00,949.07,PLN,C020
PL01-2024-001133,1,2024-11-10,1000 ,7118.40,0.00,PLN,C020
PL01-2024-001133,2,2024-11-10,1200 ,0.00,7118.40,PLN,C020
PL01-2024-001134,1,2024-09-29,1200 ,44824.76,0.00,PLN,C035
PL01-2024-001134,2,2024-09-29,4000 ,0.00,38848.43,PLN,C035
PL01-2024-001134,3,2024-09-29,4100 ,0.00,5976.33,PLN,C035
PL01-2024-001135,1,2024-12-05,1000 ,44824.76,0.00,PLN,C035
PL01-2024-001135,2,2024-12-05,1200 ,0.00,44824.76,PLN,C035
PL01-2024-001136,1,2024-09-22,1200 ,128044.23,0.00,PLN,C030
PL01-2024-001136,2,2024-09-22,4000 ,0.00,110972.54,PLN,C030
PL01-2024-001136,3,2024-09-22,4100 ,0.00,17071.69,PLN,C030
PL01-2024-001137,1,2024-11-12,1000 ,128044.23,0.00,PLN,C030
PL01-2024-001137,2,2024-11-12,1200 ,0.00,128044.23,PLN,C030
PL01-2024-001138,1,2024-09-05,1200 ,29227.24,0.00,PLN,C009
PL01-2024-001138,2,2024-09-05,4000 ,0.00,25330.47,PLN,C009
PL01-2024-001138,3,2024-09-05,4100 ,0.00,3896.77,PLN,C009
PL01-2024-001139,1,2024-10-15,1000 ,29227.24,0.00,PLN,C009
PL01-2024-001139,2,2024-10-15,1200 ,0.00,29227.24,PLN,C009
PL01-2024-001140,1,2024-09-21,1200 ,20681.54,0.00,PLN,C009
PL01-2024-001140,2,2024-09-21,4000 ,0.00,17924.14,PLN,C009
PL01-2024-001140,3,2024-09-21,4100 ,0.00,2757.40,PLN,C009
PL01-2024-001141,1,2024-10-27,1000 ,20681.54,0.00,PLN,C009
PL01-2024-001141,2,2024-10-27,1200 ,0.00,20681.54,PLN,C009
PL01-2024-001142,1,2024-09-29,1200 ,3869.97,0.00,PLN,C004
PL01-2024-001142,2,2024-09-29,4000 ,0.00,3354.00,PLN,C004
PL01-2024-001142,3,2024-09-29,4100 ,0.00,515.97,PLN,C004
PL01-2024-001143,1,2024-11-09,1000 ,3869.97,0.00,PLN,C004
PL01-2024-001143,2,2024-11-09,1200 ,0.00,3869.97,PLN,C004
PL01-2024-001144,1,2024-09-08,1200 ,14963.28,0.00,PLN,C029
PL01-2024-001144,2,2024-09-08,4000 ,0.00,12968.28,PLN,C029
PL01-2024-001144,3,2024-09-08,4100 ,0.00,1995.00,PLN,C029
PL01-2024-001145,1,2024-10-28,1000 ,14963.28,0.00,PLN,C029
PL01-2024-001145,2,2024-10-28,1200 ,0.00,14963.28,PLN,C029
PL01-2024-001146,1,2024-09-16,1200 ,21555.16,0.00,PLN,C037
PL01-2024-001146,2,2024-09-16,4000 ,0.00,18681.29,PLN,C037
PL01-2024-001146,3,2024-09-16,4100 ,0.00,2873.87,PLN,C037
PL01-2024-001147,1,2024-11-05,1000 ,21555.16,0.00,PLN,C037
PL01-2024-001147,2,2024-11-05,1200 ,0.00,21555.16,PLN,C037
PL01-2024-001148,1,2024-09-02,1200 ,11028.76,0.00,PLN,C002
PL01-2024-001148,2,2024-09-02,4000 ,0.00,9558.33,PLN,C002
PL01-2024-001148,3,2024-09-02,4100 ,0.00,1470.43,PLN,C002
PL01-2024-001149,1,2024-10-17,1000 ,11028.76,0.00,PLN,C002
PL01-2024-001149,2,2024-10-17,1200 ,0.00,11028.76,PLN,C002
PL01-2024-001150,1,2024-09-21,1200 ,14236.40,0.00,PLN,C029
PL01-2024-001150,2,2024-09-21,4000 ,0.00,12338.31,PLN,C029
PL01-2024-001150,3,2024-09-21,4100 ,0.00,1898.09,PLN,C029
PL01-2024-001151,1,2024-11-11,1000 ,14236.40,0.00,PLN,C029
PL01-2024-001151,2,2024-11-11,1200 ,0.00,14236.40,PLN,C029
PL01-2024-001152,1,2024-09-18,1200 ,20877.47,0.00,PLN,C018
PL01-2024-001152,2,2024-09-18,4000 ,0.00,18093.95,PLN,C018
PL01-2024-001152,3,2024-09-18,4100 ,0.00,2783.52,PLN,C018
PL01-2024-001153,1,2024-11-13,1000 ,20877.47,0.00,PLN,C018
PL01-2024-001153,2,2024-11-13,1200 ,0.00,20877.47,PLN,C018
PL01-2024-001154,1,2024-09-15,1200 ,28281.90,0.00,PLN,C013
PL01-2024-001154,2,2024-09-15,4000 ,0.00,24511.17,PLN,C013
PL01-2024-001154,3,2024-09-15,4100 ,0.00,3770.73,PLN,C013
PL01-2024-001155,1,2024-11-16,1000 ,28281.90,0.00,PLN,C013
PL01-2024-001155,2,2024-11-16,1200 ,0.00,28281.90,PLN,C013
PL01-2024-001156,1,2024-09-06,1200 ,11033.49,0.00,PLN,C006
PL01-2024-001156,2,2024-09-06,4000 ,0.00,9562.43,PLN,C006
PL01-2024-001156,3,2024-09-06,4100 ,0.00,1471.06,PLN,C006
PL01-2024-001157,1,2024-11-03,1000 ,11033.49,0.00,PLN,C006
PL01-2024-001157,2,2024-11-03,1200 ,0.00,11033.49,PLN,C006
PL01-2024-001158,1,2024-09-23,1200 ,10510.62,0.00,PLN,C015
PL01-2024-001158,2,2024-09-23,4000 ,0.00,9109.28,PLN,C015
PL01-2024-001158,3,2024-09-23,4100 ,0.00,1401.34,PLN,C015
PL01-2024-001159,1,2024-11-03,1000 ,10510.62,0.00,PLN,C015
PL01-2024-001159,2,2024-11-03,1200 ,0.00,10510.62,PLN,C015
PL01-2024-001160,1,2024-09-16,1200 ,16429.94,0.00,PLN,C013
PL01-2024-001160,2,2024-09-16,4000 ,0.00,14239.39,PLN,C013
PL01-2024-001160,3,2024-09-16,4100 ,0.00,2190.55,PLN,C013
PL01-2024-001161,1,2024-11-02,1000 ,16429.94,0.00,PLN,C013
PL01-2024-001161,2,2024-11-02,1200 ,0.00,16429.94,PLN,C013
PL01-2024-001162,1,2024-09-11,1200 ,5092.55,0.00,PLN,C033
PL01-2024-001162,2,2024-09-11,4000 ,0.00,4413.58,PLN,C033
PL01-2024-001162,3,2024-09-11,4100 ,0.00,678.97,PLN,C033
PL01-2024-001163,1,2024-11-16,1000 ,5092.55,0.00,PLN,C033
PL01-2024-001163,2,2024-11-16,1200 ,0.00,5092.55,PLN,C033
PL01-2024-001164,1,2024-09-09,1200 ,24929.69,0.00,PLN,C008
PL01-2024-001164,2,2024-09-09,4000 ,0.00,21605.90,PLN,C008
PL01-2024-001164,3,2024-09-09,4100 ,0.00,3323.79,PLN,C008
PL01-2024-001165,1,2024-11-21,1000 ,24929.69,0.00,PLN,C008
PL01-2024-001165,2,2024-11-21,1200 ,0.00,24929.69,PLN,C008
PL01-2024-001166,1,2024-09-05,1200 ,22181.00,0.00,PLN,C004
PL01-2024-001166,2,2024-09-05,4000 ,0.00,19223.68,PLN,C004
PL01-2024-001166,3,2024-09-05,4100 ,0.00,2957.32,PLN,C004
PL01-2024-001167,1,2024-10-09,1000 ,22181.00,0.00,PLN,C004
PL01-2024-001167,2,2024-10-09,1200 ,0.00,22181.00,PLN,C004
PL01-2024-001168,1,2024-09-15,1200 ,4680.27,0.00,PLN,C036
PL01-2024-001168,2,2024-09-15,4000 ,0.00,4056.27,PLN,C036
PL01-2024-001168,3,2024-09-15,4100 ,0.00,624.00,PLN,C036
PL01-2024-001169,1,2024-10-17,1000 ,4680.27,0.00,PLN,C036
PL01-2024-001169,2,2024-10-17,1200 ,0.00,4680.27,PLN,C036
PL01-2024-001170,1,2024-09-18,1200 ,27719.72,0.00,PLN,C036
PL01-2024-001170,2,2024-09-18,4000 ,0.00,24023.95,PLN,C036
PL01-2024-001170,3,2024-09-18,4100 ,0.00,3695.77,PLN,C036
PL01-2024-001171,1,2024-10-25,1000 ,27719.72,0.00,PLN,C036
PL01-2024-001171,2,2024-10-25,1200 ,0.00,27719.72,PLN,C036
PL01-2024-001172,1,2024-09-22,1300 ,32927.71,0.00,PLN,V021
PL01-2024-001172,2,2024-09-22,2100 ,0.00,32927.71,PLN,V021
PL01-2024-001173,1,2024-10-31,2100 ,32927.71,0.00,PLN,V021
PL01-2024-001173,2,2024-10-31,1000 ,0.00,32927.71,PLN,V021
PL01-2024-001174,1,2024-09-12,1300 ,181517.20,0.00,PLN,V016
PL01-2024-001174,2,2024-09-12,2100 ,0.00,181517.20,PLN,V016
PL01-2024-001175,1,2024-10-20,2100 ,181517.20,0.00,PLN,V016
PL01-2024-001175,2,2024-10-20,1000 ,0.00,181517.20,PLN,V016
PL01-2024-001176,1,2024-09-11,1300 ,83922.84,0.00,PLN,V018
PL01-2024-001176,2,2024-09-11,2100 ,0.00,83922.84,PLN,V018
PL01-2024-001177,1,2024-10-18,2100 ,83922.84,0.00,PLN,V018
PL01-2024-001177,2,2024-10-18,1000 ,0.00,83922.84,PLN,V018
PL01-2024-001178,1,2024-09-16,1300 ,566089.37,0.00,PLN,V010
PL01-2024-001178,2,2024-09-16,2100 ,0.00,566089.37,PLN,V010
PL01-2024-001179,1,2024-10-30,2100 ,566089.37,0.00,PLN,V010
PL01-2024-001179,2,2024-10-30,1000 ,0.00,566089.37,PLN,V010
PL01-2024-001180,1,2024-09-05,1300 ,244706.77,0.00,PLN,V015
PL01-2024-001180,2,2024-09-05,2100 ,0.00,244706.77,PLN,V015
PL01-2024-001181,1,2024-10-14,2100 ,244706.77,0.00,PLN,V015
PL01-2024-001181,2,2024-10-14,1000 ,0.00,244706.77,PLN,V015
PL01-2024-001182,1,2024-09-30,5000 ,1088820.17,0.00,PLN,
PL01-2024-001182,2,2024-09-30,1300 ,0.00,1088820.17,PLN,
PL01-2024-001183,1,2024-09-12,6100 ,84351.14,0.00,PLN,V030
PL01-2024-001183,2,2024-09-12,2100 ,0.00,84351.14,PLN,V030
PL01-2024-001184,1,2024-10-24,2100 ,84351.14,0.00,PLN,V030
PL01-2024-001184,2,2024-10-24,1000 ,0.00,84351.14,PLN,V030
PL01-2024-001185,1,2024-09-04,6200 ,84375.48,0.00,PLN,V044
PL01-2024-001185,2,2024-09-04,2100 ,0.00,84375.48,PLN,V044
PL01-2024-001186,1,2024-10-08,2100 ,84375.48,0.00,PLN,V044
PL01-2024-001186,2,2024-10-08,1000 ,0.00,84375.48,PLN,V044
PL01-2024-001187,1,2024-09-18,6300 ,42189.14,0.00,PLN,V057
PL01-2024-001187,2,2024-09-18,2100 ,0.00,42189.14,PLN,V057
PL01-2024-001188,1,2024-10-29,2100 ,42189.14,0.00,PLN,V057
PL01-2024-001188,2,2024-10-29,1000 ,0.00,42189.14,PLN,V057
PL01-2024-001189,1,2024-09-19,6400 ,55721.32,0.00,PLN,V060
PL01-2024-001189,2,2024-09-19,2100 ,0.00,55721.32,PLN,V060
PL01-2024-001190,1,2024-11-08,2100 ,55721.32,0.00,PLN,V060
PL01-2024-001190,2,2024-11-08,1000 ,0.00,55721.32,PLN,V060
PL01-2024-001191,1,2024-09-25,6000 ,695241.24,0.00,PLN,
PL01-2024-001191,2,2024-09-25,1000 ,0.00,695241.24,PLN,
PL01-2024-001192,1,2024-09-30,6900 ,42708.33,0.00,PLN,
PL01-2024-001192,2,2024-09-30,1590 ,0.00,42708.33,PLN,
PL01-2024-001193,1,2024-10-02,1200 ,12261.05,0.00,PLN,C034
PL01-2024-001193,2,2024-10-02,4000 ,0.00,10779.37,PLN,C034
PL01-2024-001193,3,2024-10-02,4100 ,0.00,1481.68,PLN,C034
PL01-2024-001194,1,2024-11-14,1000 ,12261.05,0.00,PLN,C034
PL01-2024-001194,2,2024-11-14,1200 ,0.00,12261.05,PLN,C034
PL01-2024-001195,1,2024-10-03,1200 ,2495.59,0.00,PLN,C005
PL01-2024-001195,2,2024-10-03,4000 ,0.00,2194.01,PLN,C005
PL01-2024-001195,3,2024-10-03,4100 ,0.00,301.58,PLN,C005
PL01-2024-001196,1,2024-11-24,1000 ,2495.59,0.00,PLN,C005
PL01-2024-001196,2,2024-11-24,1200 ,0.00,2495.59,PLN,C005
PL01-2024-001197,1,2024-10-24,1200 ,8245.43,0.00,PLN,C035
PL01-2024-001197,2,2024-10-24,4000 ,0.00,7249.01,PLN,C035
PL01-2024-001197,3,2024-10-24,4100 ,0.00,996.42,PLN,C035
PL01-2024-001198,1,2024-11-26,1000 ,8245.43,0.00,PLN,C035
PL01-2024-001198,2,2024-11-26,1200 ,0.00,8245.43,PLN,C035
PL01-2024-001199,1,2024-10-24,1200 ,51287.41,0.00,PLN,C024
PL01-2024-001199,2,2024-10-24,4000 ,0.00,45089.61,PLN,C024
PL01-2024-001199,3,2024-10-24,4100 ,0.00,6197.80,PLN,C024
PL01-2024-001200,1,2024-11-20,1000 ,51287.41,0.00,PLN,C024
PL01-2024-001200,2,2024-11-20,1200 ,0.00,51287.41,PLN,C024
PL01-2024-001201,1,2024-10-29,1200 ,12610.22,0.00,PLN,C033
PL01-2024-001201,2,2024-10-29,4000 ,0.00,11086.34,PLN,C033
PL01-2024-001201,3,2024-10-29,4100 ,0.00,1523.88,PLN,C033
PL01-2024-001202,1,2024-12-02,1000 ,12610.22,0.00,PLN,C033
PL01-2024-001202,2,2024-12-02,1200 ,0.00,12610.22,PLN,C033
PL01-2024-001203,1,2024-10-08,1200 ,12184.79,0.00,PLN,C025
PL01-2024-001203,2,2024-10-08,4000 ,0.00,10712.32,PLN,C025
PL01-2024-001203,3,2024-10-08,4100 ,0.00,1472.47,PLN,C025
PL01-2024-001204,1,2024-12-06,1000 ,12184.79,0.00,PLN,C025
PL01-2024-001204,2,2024-12-06,1200 ,0.00,12184.79,PLN,C025
PL01-2024-001205,1,2024-10-12,1200 ,44320.60,0.00,PLN,C037
PL01-2024-001205,2,2024-10-12,4000 ,0.00,38964.70,PLN,C037
PL01-2024-001205,3,2024-10-12,4100 ,0.00,5355.90,PLN,C037
PL01-2024-001206,1,2024-11-16,1000 ,44320.60,0.00,PLN,C037
PL01-2024-001206,2,2024-11-16,1200 ,0.00,44320.60,PLN,C037
PL01-2024-001207,1,2024-10-05,1200 ,44250.23,0.00,PLN,C036
PL01-2024-001207,2,2024-10-05,4000 ,0.00,38902.83,PLN,C036
PL01-2024-001207,3,2024-10-05,4100 ,0.00,5347.40,PLN,C036
PL01-2024-001208,1,2024-11-18,1000 ,44250.23,0.00,PLN,C036
PL01-2024-001208,2,2024-11-18,1200 ,0.00,44250.23,PLN,C036
PL01-2024-001209,1,2024-10-10,1200 ,23725.43,0.00,PLN,C040
PL01-2024-001209,2,2024-10-10,4000 ,0.00,20858.34,PLN,C040
PL01-2024-001209,3,2024-10-10,4100 ,0.00,2867.09,PLN,C040
PL01-2024-001210,1,2024-12-13,1000 ,23725.43,0.00,PLN,C040
PL01-2024-001210,2,2024-12-13,1200 ,0.00,23725.43,PLN,C040
PL01-2024-001211,1,2024-10-21,1200 ,20289.61,0.00,PLN,C024
PL01-2024-001211,2,2024-10-21,4000 ,0.00,17837.72,PLN,C024
PL01-2024-001211,3,2024-10-21,4100 ,0.00,2451.89,PLN,C024
PL01-2024-001212,1,2024-12-08,1000 ,20289.61,0.00,PLN,C024
PL01-2024-001212,2,2024-12-08,1200 ,0.00,20289.61,PLN,C024
PL01-2024-001213,1,2024-10-17,1200 ,78089.14,0.00,PLN,C016
PL01-2024-001213,2,2024-10-17,4000 ,0.00,68652.49,PLN,C016
PL01-2024-001213,3,2024-10-17,4100 ,0.00,9436.65,PLN,C016
PL01-2024-001214,1,2024-12-27,1000 ,78089.14,0.00,PLN,C016
PL01-2024-001214,2,2024-12-27,1200 ,0.00,78089.14,PLN,C016
PL01-2024-001215,1,2024-10-24,1200 ,4587.01,0.00,PLN,C031
PL01-2024-001215,2,2024-10-24,4000 ,0.00,4032.69,PLN,C031
PL01-2024-001215,3,2024-10-24,4100 ,0.00,554.32,PLN,C031
PL01-2024-001216,1,2024-12-03,1000 ,4587.01,0.00,PLN,C031
PL01-2024-001216,2,2024-12-03,1200 ,0.00,4587.01,PLN,C031
PL01-2024-001217,1,2024-10-02,1200 ,17967.45,0.00,PLN,C013
PL01-2024-001217,2,2024-10-02,4000 ,0.00,15796.18,PLN,C013
PL01-2024-001217,3,2024-10-02,4100 ,0.00,2171.27,PLN,C013
PL01-2024-001218,1,2024-11-29,1000 ,17967.45,0.00,PLN,C013
PL01-2024-001218,2,2024-11-29,1200 ,0.00,17967.45,PLN,C013
PL01-2024-001219,1,2024-10-17,1200 ,18171.46,0.00,PLN,C006
PL01-2024-001219,2,2024-10-17,4000 ,0.00,15975.54,PLN,C006
PL01-2024-001219,3,2024-10-17,4100 ,0.00,2195.92,PLN,C006
PL01-2024-001220,1,2024-11-30,1000 ,18171.46,0.00,PLN,C006
PL01-2024-001220,2,2024-11-30,1200 ,0.00,18171.46,PLN,C006
PL01-2024-001221,1,2024-10-13,1200 ,30226.60,0.00,PLN,C023
PL01-2024-001221,2,2024-10-13,4000 ,0.00,26573.88,PLN,C023
PL01-2024-001221,3,2024-10-13,4100 ,0.00,3652.72,PLN,C023
PL01-2024-001222,1,2024-11-16,1000 ,30226.60,0.00,PLN,C023
PL01-2024-001222,2,2024-11-16,1200 ,0.00,30226.60,PLN,C023
PL01-2024-001223,1,2024-10-08,1200 ,35906.27,0.00,PLN,C015
PL01-2024-001223,2,2024-10-08,4000 ,0.00,31567.19,PLN,C015
PL01-2024-001223,3,2024-10-08,4100 ,0.00,4339.08,PLN,C015
PL01-2024-001224,1,2024-12-12,1000 ,35906.27,0.00,PLN,C015
PL01-2024-001224,2,2024-12-12,1200 ,0.00,35906.27,PLN,C015
PL01-2024-001225,1,2024-10-05,1200 ,3848.94,0.00,PLN,C016
PL01-2024-001225,2,2024-10-05,4000 ,0.00,3383.82,PLN,C016
PL01-2024-001225,3,2024-10-05,4100 ,0.00,465.12,PLN,C016
PL01-2024-001226,1,2024-11-30,1000 ,3848.94,0.00,PLN,C016
PL01-2024-001226,2,2024-11-30,1200 ,0.00,3848.94,PLN,C016
PL01-2024-001227,1,2024-10-19,1200 ,1865.98,0.00,PLN,C003
PL01-2024-001227,2,2024-10-19,4000 ,0.00,1640.49,PLN,C003
PL01-2024-001227,3,2024-10-19,4100 ,0.00,225.49,PLN,C003
PL01-2024-001228,1,2024-12-04,1000 ,1865.98,0.00,PLN,C003
PL01-2024-001228,2,2024-12-04,1200 ,0.00,1865.98,PLN,C003
PL01-2024-001229,1,2024-10-08,1200 ,3399.40,0.00,PLN,C007
PL01-2024-001229,2,2024-10-08,4000 ,0.00,2988.60,PLN,C007
PL01-2024-001229,3,2024-10-08,4100 ,0.00,410.80,PLN,C007
PL01-2024-001230,1,2024-11-16,1000 ,3399.40,0.00,PLN,C007
PL01-2024-001230,2,2024-11-16,1200 ,0.00,3399.40,PLN,C007
PL01-2024-001231,1,2024-10-20,1200 ,8575.59,0.00,PLN,C022
PL01-2024-001231,2,2024-10-20,4000 ,0.00,7539.28,PLN,C022
PL01-2024-001231,3,2024-10-20,4100 ,0.00,1036.31,PLN,C022
PL01-2024-001232,1,2024-12-10,1000 ,8575.59,0.00,PLN,C022
PL01-2024-001232,2,2024-12-10,1200 ,0.00,8575.59,PLN,C022
PL01-2024-001233,1,2024-10-02,1200 ,25576.06,0.00,PLN,C002
PL01-2024-001233,2,2024-10-02,4000 ,0.00,22485.33,PLN,C002
PL01-2024-001233,3,2024-10-02,4100 ,0.00,3090.73,PLN,C002
PL01-2024-001234,1,2024-11-19,1000 ,25576.06,0.00,PLN,C002
PL01-2024-001234,2,2024-11-19,1200 ,0.00,25576.06,PLN,C002
PL01-2024-001235,1,2024-10-16,1200 ,15325.38,0.00,PLN,C028
PL01-2024-001235,2,2024-10-16,4000 ,0.00,13473.39,PLN,C028
PL01-2024-001235,3,2024-10-16,4100 ,0.00,1851.99,PLN,C028
PL01-2024-001236,1,2024-12-02,1000 ,15325.38,0.00,PLN,C028
PL01-2024-001236,2,2024-12-02,1200 ,0.00,15325.38,PLN,C028
PL01-2024-001237,1,2024-10-23,1200 ,18501.90,0.00,PLN,C017
PL01-2024-001237,2,2024-10-23,4000 ,0.00,16266.05,PLN,C017
PL01-2024-001237,3,2024-10-23,4100 ,0.00,2235.85,PLN,C017
PL01-2024-001238,1,2025-01-12,1000 ,18501.90,0.00,PLN,C017
PL01-2024-001238,2,2025-01-12,1200 ,0.00,18501.90,PLN,C017
PL01-2024-001239,1,2024-10-07,1200 ,22827.96,0.00,PLN,C006
PL01-2024-001239,2,2024-10-07,4000 ,0.00,20069.33,PLN,C006
PL01-2024-001239,3,2024-10-07,4100 ,0.00,2758.63,PLN,C006
PL01-2024-001240,1,2024-11-14,1000 ,22827.96,0.00,PLN,C006
PL01-2024-001240,2,2024-11-14,1200 ,0.00,22827.96,PLN,C006
PL01-2024-001241,1,2024-10-04,1200 ,3521.79,0.00,PLN,C037
PL01-2024-001241,2,2024-10-04,4000 ,0.00,3096.20,PLN,C037
PL01-2024-001241,3,2024-10-04,4100 ,0.00,425.59,PLN,C037
PL01-2024-001242,1,2024-11-21,1000 ,3521.79,0.00,PLN,C037
PL01-2024-001242,2,2024-11-21,1200 ,0.00,3521.79,PLN,C037
PL01-2024-001243,1,2024-10-01,1200 ,22041.71,0.00,PLN,C027
PL01-2024-001243,2,2024-10-01,4000 ,0.00,19378.09,PLN,C027
PL01-2024-001243,3,2024-10-01,4100 ,0.00,2663.62,PLN,C027
PL01-2024-001244,1,2024-11-20,1000 ,22041.71,0.00,PLN,C027
PL01-2024-001244,2,2024-11-20,1200 ,0.00,22041.71,PLN,C027
PL01-2024-001245,1,2024-10-21,1200 ,49771.54,0.00,PLN,C035
PL01-2024-001245,2,2024-10-21,4000 ,0.00,43756.92,PLN,C035
PL01-2024-001245,3,2024-10-21,4100 ,0.00,6014.62,PLN,C035
PL01-2024-001246,1,2025-01-05,1000 ,49771.54,0.00,PLN,C035
PL01-2024-001246,2,2025-01-05,1200 ,0.00,49771.54,PLN,C035
PL01-2024-001247,1,2024-10-09,1200 ,16023.90,0.00,PLN,C031
PL01-2024-001247,2,2024-10-09,4000 ,0.00,14087.50,PLN,C031
PL01-2024-001247,3,2024-10-09,4100 ,0.00,1936.40,PLN,C031
PL01-2024-001248,1,2024-10-29,1000 ,16023.90,0.00,PLN,C031
PL01-2024-001248,2,2024-10-29,1200 ,0.00,16023.90,PLN,C031
PL01-2024-001249,1,2024-10-19,1200 ,8019.60,0.00,PLN,C011
PL01-2024-001249,2,2024-10-19,4000 ,0.00,7050.48,PLN,C011
PL01-2024-001249,3,2024-10-19,4100 ,0.00,969.12,PLN,C011
PL01-2024-001250,1,2024-11-04,1000 ,8019.60,0.00,PLN,C011
PL01-2024-001250,2,2024-11-04,1200 ,0.00,8019.60,PLN,C011
PL01-2024-001251,1,2024-10-27,1200 ,22939.41,0.00,PLN,C012
PL01-2024-001251,2,2024-10-27,4000 ,0.00,20167.31,PLN,C012
PL01-2024-001251,3,2024-10-27,4100 ,0.00,2772.10,PLN,C012
PL01-2024-001252,1,2025-01-19,1000 ,22939.41,0.00,PLN,C012
PL01-2024-001252,2,2025-01-19,1200 ,0.00,22939.41,PLN,C012
PL01-2024-001253,1,2024-10-14,1200 ,106118.92,0.00,PLN,C034
PL01-2024-001253,2,2024-10-14,4000 ,0.00,93295.03,PLN,C034
PL01-2024-001253,3,2024-10-14,4100 ,0.00,12823.89,PLN,C034
PL01-2024-001254,1,2024-11-13,1000 ,106118.92,0.00,PLN,C034
PL01-2024-001254,2,2024-11-13,1200 ,0.00,106118.92,PLN,C034
PL01-2024-001255,1,2024-10-13,1200 ,23967.89,0.00,PLN,C004
PL01-2024-001255,2,2024-10-13,4000 ,0.00,21071.50,PLN,C004
PL01-2024-001255,3,2024-10-13,4100 ,0.00,2896.39,PLN,C004
PL01-2024-001256,1,2024-11-09,1000 ,23967.89,0.00,PLN,C004
PL01-2024-001256,2,2024-11-09,1200 ,0.00,23967.89,PLN,C004
PL01-2024-001257,1,2024-10-02,1200 ,10425.17,0.00,PLN,C009
PL01-2024-001257,2,2024-10-02,4000 ,0.00,9165.35,PLN,C009
PL01-2024-001257,3,2024-10-02,4100 ,0.00,1259.82,PLN,C009
PL01-2024-001258,1,2024-11-08,1000 ,10425.17,0.00,PLN,C009
PL01-2024-001258,2,2024-11-08,1200 ,0.00,10425.17,PLN,C009
PL01-2024-001259,1,2024-10-07,1200 ,11688.42,0.00,PLN,C028
PL01-2024-001259,2,2024-10-07,4000 ,0.00,10275.94,PLN,C028
PL01-2024-001259,3,2024-10-07,4100 ,0.00,1412.48,PLN,C028
PL01-2024-001260,1,2024-11-03,1000 ,11688.42,0.00,PLN,C028
PL01-2024-001260,2,2024-11-03,1200 ,0.00,11688.42,PLN,C028
PL01-2024-001261,1,2024-10-16,1200 ,19165.54,0.00,PLN,C039
PL01-2024-001261,2,2024-10-16,4000 ,0.00,16849.49,PLN,C039
PL01-2024-001261,3,2024-10-16,4100 ,0.00,2316.05,PLN,C039
PL01-2024-001262,1,2024-11-18,1000 ,19165.54,0.00,PLN,C039
PL01-2024-001262,2,2024-11-18,1200 ,0.00,19165.54,PLN,C039
PL01-2024-001263,1,2024-10-03,1200 ,12953.92,0.00,PLN,C008
PL01-2024-001263,2,2024-10-03,4000 ,0.00,11388.51,PLN,C008
PL01-2024-001263,3,2024-10-03,4100 ,0.00,1565.41,PLN,C008
PL01-2024-001264,1,2024-11-16,1000 ,12953.92,0.00,PLN,C008
PL01-2024-001264,2,2024-11-16,1200 ,0.00,12953.92,PLN,C008
PL01-2024-001265,1,2024-10-19,1200 ,85485.00,0.00,PLN,C009
PL01-2024-001265,2,2024-10-19,4000 ,0.00,75154.60,PLN,C009
PL01-2024-001265,3,2024-10-19,4100 ,0.00,10330.40,PLN,C009
PL01-2024-001266,1,2024-12-25,1000 ,85485.00,0.00,PLN,C009
PL01-2024-001266,2,2024-12-25,1200 ,0.00,85485.00,PLN,C009
PL01-2024-001267,1,2024-10-04,1200 ,8362.65,0.00,PLN,C027
PL01-2024-001267,2,2024-10-04,4000 ,0.00,7352.07,PLN,C027
PL01-2024-001267,3,2024-10-04,4100 ,0.00,1010.58,PLN,C027
PL01-2024-001268,1,2024-11-19,1000 ,8362.65,0.00,PLN,C027
PL01-2024-001268,2,2024-11-19,1200 ,0.00,8362.65,PLN,C027
PL01-2024-001269,1,2024-10-16,1200 ,4231.52,0.00,PLN,C040
PL01-2024-001269,2,2024-10-16,4000 ,0.00,3720.16,PLN,C040
PL01-2024-001269,3,2024-10-16,4100 ,0.00,511.36,PLN,C040
PL01-2024-001270,1,2024-11-26,1000 ,4231.52,0.00,PLN,C040
PL01-2024-001270,2,2024-11-26,1200 ,0.00,4231.52,PLN,C040
PL01-2024-001271,1,2024-10-24,1200 ,23897.30,0.00,PLN,C020
PL01-2024-001271,2,2024-10-24,4000 ,0.00,21009.44,PLN,C020
PL01-2024-001271,3,2024-10-24,4100 ,0.00,2887.86,PLN,C020
PL01-2024-001272,1,2024-12-17,1000 ,23897.30,0.00,PLN,C020
PL01-2024-001272,2,2024-12-17,1200 ,0.00,23897.30,PLN,C020
PL01-2024-001273,1,2024-10-19,1200 ,21120.08,0.00,PLN,C002
PL01-2024-001273,2,2024-10-19,4000 ,0.00,18567.83,PLN,C002
PL01-2024-001273,3,2024-10-19,4100 ,0.00,2552.25,PLN,C002
PL01-2024-001274,1,2024-11-25,1000 ,21120.08,0.00,PLN,C002
PL01-2024-001274,2,2024-11-25,1200 ,0.00,21120.08,PLN,C002
PL01-2024-001275,1,2024-10-05,1200 ,24074.76,0.00,PLN,C029
PL01-2024-001275,2,2024-10-05,4000 ,0.00,21165.46,PLN,C029
PL01-2024-001275,3,2024-10-05,4100 ,0.00,2909.30,PLN,C029
PL01-2024-001276,1,2024-11-14,1000 ,24074.76,0.00,PLN,C029
PL01-2024-001276,2,2024-11-14,1200 ,0.00,24074.76,PLN,C029
PL01-2024-001277,1,2024-10-14,1200 ,16445.85,0.00,PLN,C026
PL01-2024-001277,2,2024-10-14,4000 ,0.00,14458.46,PLN,C026
PL01-2024-001277,3,2024-10-14,4100 ,0.00,1987.39,PLN,C026
PL01-2024-001278,1,2024-12-02,1000 ,16445.85,0.00,PLN,C026
PL01-2024-001278,2,2024-12-02,1200 ,0.00,16445.85,PLN,C026
PL01-2024-001279,1,2024-10-30,1200 ,41516.62,0.00,PLN,C035
PL01-2024-001279,2,2024-10-30,4000 ,0.00,36499.56,PLN,C035
PL01-2024-001279,3,2024-10-30,4100 ,0.00,5017.06,PLN,C035
PL01-2024-001280,1,2024-11-29,1000 ,41516.62,0.00,PLN,C035
PL01-2024-001280,2,2024-11-29,1200 ,0.00,41516.62,PLN,C035
PL01-2024-001281,1,2024-10-29,1200 ,122211.68,0.00,PLN,C036
PL01-2024-001281,2,2024-10-29,4000 ,0.00,107443.07,PLN,C036
PL01-2024-001281,3,2024-10-29,4100 ,0.00,14768.61,PLN,C036
PL01-2024-001282,1,2024-12-22,1000 ,122211.68,0.00,PLN,C036
PL01-2024-001282,2,2024-12-22,1200 ,0.00,122211.68,PLN,C036
PL01-2024-001283,1,2024-10-16,1200 ,195748.83,0.00,PLN,C022
PL01-2024-001283,2,2024-10-16,4000 ,0.00,172093.65,PLN,C022
PL01-2024-001283,3,2024-10-16,4100 ,0.00,23655.18,PLN,C022
PL01-2024-001284,1,2024-12-11,1000 ,195748.83,0.00,PLN,C022
PL01-2024-001284,2,2024-12-11,1200 ,0.00,195748.83,PLN,C022
PL01-2024-001285,1,2024-10-21,1200 ,49703.64,0.00,PLN,C009
PL01-2024-001285,2,2024-10-21,4000 ,0.00,43697.23,PLN,C009
PL01-2024-001285,3,2024-10-21,4100 ,0.00,6006.41,PLN,C009
PL01-2024-001286,1,2024-11-30,1000 ,49703.64,0.00,PLN,C009
PL01-2024-001286,2,2024-11-30,1200 ,0.00,49703.64,PLN,C009
PL01-2024-001287,1,2024-10-18,1200 ,26957.63,0.00,PLN,C019
PL01-2024-001287,2,2024-10-18,4000 ,0.00,23699.95,PLN,C019
PL01-2024-001287,3,2024-10-18,4100 ,0.00,3257.68,PLN,C019
PL01-2024-001288,1,2024-12-27,1000 ,26957.63,0.00,PLN,C019
PL01-2024-001288,2,2024-12-27,1200 ,0.00,26957.63,PLN,C019
PL01-2024-001289,1,2024-10-30,1200 ,30084.69,0.00,PLN,C023
PL01-2024-001289,2,2024-10-30,4000 ,0.00,26449.12,PLN,C023
PL01-2024-001289,3,2024-10-30,4100 ,0.00,3635.57,PLN,C023
PL01-2024-001290,1,2024-12-18,1000 ,30084.69,0.00,PLN,C023
PL01-2024-001290,2,2024-12-18,1200 ,0.00,30084.69,PLN,C023
PL01-2024-001291,1,2024-10-28,1200 ,29447.02,0.00,PLN,C040
PL01-2024-001291,2,2024-10-28,4000 ,0.00,25888.51,PLN,C040
PL01-2024-001291,3,2024-10-28,4100 ,0.00,3558.51,PLN,C040
PL01-2024-001292,1,2024-12-30,1000 ,29447.02,0.00,PLN,C040
PL01-2024-001292,2,2024-12-30,1200 ,0.00,29447.02,PLN,C040
PL01-2024-001293,1,2024-10-26,1200 ,6989.67,0.00,PLN,C006
PL01-2024-001293,2,2024-10-26,4000 ,0.00,6145.01,PLN,C006
PL01-2024-001293,3,2024-10-26,4100 ,0.00,844.66,PLN,C006
PL01-2024-001294,1,2024-12-08,1000 ,6989.67,0.00,PLN,C006
PL01-2024-001294,2,2024-12-08,1200 ,0.00,6989.67,PLN,C006
PL01-2024-001295,1,2024-10-11,1200 ,42926.59,0.00,PLN,C029
PL01-2024-001295,2,2024-10-11,4000 ,0.00,37739.15,PLN,C029
PL01-2024-001295,3,2024-10-11,4100 ,0.00,5187.44,PLN,C029
PL01-2024-001296,1,2024-11-23,1000 ,42926.59,0.00,PLN,C029
PL01-2024-001296,2,2024-11-23,1200 ,0.00,42926.59,PLN,C029
PL01-2024-001297,1,2024-10-07,1200 ,11233.24,0.00,PLN,C003
PL01-2024-001297,2,2024-10-07,4000 ,0.00,9875.76,PLN,C003
PL01-2024-001297,3,2024-10-07,4100 ,0.00,1357.48,PLN,C003
PL01-2024-001298,1,2024-10-31,1000 ,11233.24,0.00,PLN,C003
PL01-2024-001298,2,2024-10-31,1200 ,0.00,11233.24,PLN,C003
PL01-2024-001299,1,2024-10-17,1200 ,63735.97,0.00,PLN,C022
PL01-2024-001299,2,2024-10-17,4000 ,0.00,56033.83,PLN,C022
PL01-2024-001299,3,2024-10-17,4100 ,0.00,7702.14,PLN,C022
PL01-2024-001300,1,2024-12-04,1000 ,63735.97,0.00,PLN,C022
PL01-2024-001300,2,2024-12-04,1200 ,0.00,63735.97,PLN,C022
PL01-2024-001301,1,2024-10-10,1200 ,8128.80,0.00,PLN,C005
PL01-2024-001301,2,2024-10-10,4000 ,0.00,7146.48,PLN,C005
PL01-2024-001301,3,2024-10-10,4100 ,0.00,982.32,PLN,C005
PL01-2024-001302,1,2024-11-09,1000 ,8128.80,0.00,PLN,C005
PL01-2024-001302,2,2024-11-09,1200 ,0.00,8128.80,PLN,C005
PL01-2024-001303,1,2024-10-13,1200 ,27563.01,0.00,PLN,C005
PL01-2024-001303,2,2024-10-13,4000 ,0.00,24232.17,PLN,C005
PL01-2024-001303,3,2024-10-13,4100 ,0.00,3330.84,PLN,C005
PL01-2024-001304,1,2024-12-06,1000 ,27563.01,0.00,PLN,C005
PL01-2024-001304,2,2024-12-06,1200 ,0.00,27563.01,PLN,C005
PL01-2024-001305,1,2024-10-22,1200 ,74611.89,0.00,PLN,C001
PL01-2024-001305,2,2024-10-22,4000 ,0.00,65595.45,PLN,C001
PL01-2024-001305,3,2024-10-22,4100 ,0.00,9016.44,PLN,C001
PL01-2024-001306,1,2024-12-14,1000 ,74611.89,0.00,PLN,C001
PL01-2024-001306,2,2024-12-14,1200 ,0.00,74611.89,PLN,C001
PL01-2024-001307,1,2024-10-19,1200 ,4529.99,0.00,PLN,C035
PL01-2024-001307,2,2024-10-19,4000 ,0.00,3982.57,PLN,C035
PL01-2024-001307,3,2024-10-19,4100 ,0.00,547.42,PLN,C035
PL01-2024-001308,1,2024-11-19,1000 ,4529.99,0.00,PLN,C035
PL01-2024-001308,2,2024-11-19,1200 ,0.00,4529.99,PLN,C035
PL01-2024-001309,1,2024-10-14,1200 ,6197.86,0.00,PLN,C012
PL01-2024-001309,2,2024-10-14,4000 ,0.00,5448.88,PLN,C012
PL01-2024-001309,3,2024-10-14,4100 ,0.00,748.98,PLN,C012
PL01-2024-001310,1,2024-11-14,1000 ,6197.86,0.00,PLN,C012
PL01-2024-001310,2,2024-11-14,1200 ,0.00,6197.86,PLN,C012
PL01-2024-001311,1,2024-10-17,1200 ,17610.12,0.00,PLN,C028
PL01-2024-001311,2,2024-10-17,4000 ,0.00,15482.03,PLN,C028
PL01-2024-001311,3,2024-10-17,4100 ,0.00,2128.09,PLN,C028
PL01-2024-001312,1,2024-12-10,1000 ,17610.12,0.00,PLN,C028
PL01-2024-001312,2,2024-12-10,1200 ,0.00,17610.12,PLN,C028
PL01-2024-001313,1,2024-10-25,1200 ,40475.53,0.00,PLN,C033
PL01-2024-001313,2,2024-10-25,4000 ,0.00,35584.28,PLN,C033
PL01-2024-001313,3,2024-10-25,4100 ,0.00,4891.25,PLN,C033
PL01-2024-001314,1,2024-12-14,1000 ,40475.53,0.00,PLN,C033
PL01-2024-001314,2,2024-12-14,1200 ,0.00,40475.53,PLN,C033
PL01-2024-001315,1,2024-10-25,1200 ,129732.44,0.00,PLN,C032
PL01-2024-001315,2,2024-10-25,4000 ,0.00,114054.98,PLN,C032
PL01-2024-001315,3,2024-10-25,4100 ,0.00,15677.46,PLN,C032
PL01-2024-001316,1,2024-11-20,1000 ,129732.44,0.00,PLN,C032
PL01-2024-001316,2,2024-11-20,1200 ,0.00,129732.44,PLN,C032
PL01-2024-001317,1,2024-10-01,1200 ,36220.91,0.00,PLN,C040
PL01-2024-001317,2,2024-10-01,4000 ,0.00,31843.81,PLN,C040
PL01-2024-001317,3,2024-10-01,4100 ,0.00,4377.10,PLN,C040
PL01-2024-001318,1,2024-10-24,1000 ,36220.91,0.00,PLN,C040
PL01-2024-001318,2,2024-10-24,1200 ,0.00,36220.91,PLN,C040
PL01-2024-001319,1,2024-10-26,1200 ,21263.78,0.00,PLN,C017
PL01-2024-001319,2,2024-10-26,4000 ,0.00,18694.17,PLN,C017
PL01-2024-001319,3,2024-10-26,4100 ,0.00,2569.61,PLN,C017
PL01-2024-001320,1,2024-12-09,1000 ,21263.78,0.00,PLN,C017
PL01-2024-001320,2,2024-12-09,1200 ,0.00,21263.78,PLN,C017
PL01-2024-001321,1,2024-10-02,1200 ,52842.87,0.00,PLN,C004
PL01-2024-001321,2,2024-10-02,4000 ,0.00,46457.10,PLN,C004
PL01-2024-001321,3,2024-10-02,4100 ,0.00,6385.77,PLN,C004
PL01-2024-001322,1,2024-10-30,1000 ,52842.87,0.00,PLN,C004
PL01-2024-001322,2,2024-10-30,1200 ,0.00,52842.87,PLN,C004
PL01-2024-001323,1,2024-10-04,1200 ,4583.92,0.00,PLN,C006
PL01-2024-001323,2,2024-10-04,4000 ,0.00,4029.98,PLN,C006
PL01-2024-001323,3,2024-10-04,4100 ,0.00,553.94,PLN,C006
PL01-2024-001324,1,2024-10-29,1000 ,4583.92,0.00,PLN,C006
PL01-2024-001324,2,2024-10-29,1200 ,0.00,4583.92,PLN,C006
PL01-2024-001325,1,2024-10-18,1200 ,37967.48,0.00,PLN,C015
PL01-2024-001325,2,2024-10-18,4000 ,0.00,33379.32,PLN,C015
PL01-2024-001325,3,2024-10-18,4100 ,0.00,4588.16,PLN,C015
PL01-2024-001326,1,2024-12-06,1000 ,37967.48,0.00,PLN,C015
PL01-2024-001326,2,2024-12-06,1200 ,0.00,37967.48,PLN,C015
PL01-2024-001327,1,2024-10-03,1300 ,87921.16,0.00,PLN,V005
PL01-2024-001327,2,2024-10-03,2100 ,0.00,87921.16,PLN,V005
PL01-2024-001328,1,2024-11-10,2100 ,87921.16,0.00,PLN,V005
PL01-2024-001328,2,2024-11-10,1000 ,0.00,87921.16,PLN,V005
PL01-2024-001329,1,2024-10-10,1300 ,409430.85,0.00,PLN,V009
PL01-2024-001329,2,2024-10-10,2100 ,0.00,409430.85,PLN,V009
PL01-2024-001330,1,2024-11-19,2100 ,409430.85,0.00,PLN,V009
PL01-2024-001330,2,2024-11-19,1000 ,0.00,409430.85,PLN,V009
PL01-2024-001331,1,2024-10-11,1300 ,150426.77,0.00,PLN,V020
PL01-2024-001331,2,2024-10-11,2100 ,0.00,150426.77,PLN,V020
PL01-2024-001332,1,2024-11-19,2100 ,150426.77,0.00,PLN,V020
PL01-2024-001332,2,2024-11-19,1000 ,0.00,150426.77,PLN,V020
PL01-2024-001333,1,2024-10-08,1300 ,323117.14,0.00,PLN,V024
PL01-2024-001333,2,2024-10-08,2100 ,0.00,323117.14,PLN,V024
PL01-2024-001334,1,2024-11-11,2100 ,323117.14,0.00,PLN,V024
PL01-2024-001334,2,2024-11-11,1000 ,0.00,323117.14,PLN,V024
PL01-2024-001335,1,2024-10-23,1300 ,149590.75,0.00,PLN,V021
PL01-2024-001335,2,2024-10-23,2100 ,0.00,149590.75,PLN,V021
PL01-2024-001336,1,2024-12-03,2100 ,149590.75,0.00,PLN,V021
PL01-2024-001336,2,2024-12-03,1000 ,0.00,149590.75,PLN,V021
PL01-2024-001337,1,2024-10-31,5000 ,1101014.29,0.00,PLN,
PL01-2024-001337,2,2024-10-31,1300 ,0.00,1101014.29,PLN,
PL01-2024-001338,1,2024-10-03,6100 ,105945.38,0.00,PLN,V058
PL01-2024-001338,2,2024-10-03,2100 ,0.00,105945.38,PLN,V058
PL01-2024-001339,1,2024-11-24,2100 ,105945.38,0.00,PLN,V058
PL01-2024-001339,2,2024-11-24,1000 ,0.00,105945.38,PLN,V058
PL01-2024-001340,1,2024-10-05,6200 ,93058.49,0.00,PLN,V026
PL01-2024-001340,2,2024-10-05,2100 ,0.00,93058.49,PLN,V026
PL01-2024-001341,1,2024-11-16,2100 ,93058.49,0.00,PLN,V026
PL01-2024-001341,2,2024-11-16,1000 ,0.00,93058.49,PLN,V026
PL01-2024-001342,1,2024-10-14,6300 ,40442.05,0.00,PLN,V033
PL01-2024-001342,2,2024-10-14,2100 ,0.00,40442.05,PLN,V033
PL01-2024-001343,1,2024-12-01,2100 ,40442.05,0.00,PLN,V033
PL01-2024-001343,2,2024-12-01,1000 ,0.00,40442.05,PLN,V033
PL01-2024-001344,1,2024-10-10,6400 ,59669.59,0.00,PLN,V043
PL01-2024-001344,2,2024-10-10,2100 ,0.00,59669.59,PLN,V043
PL01-2024-001345,1,2024-11-15,2100 ,59669.59,0.00,PLN,V043
PL01-2024-001345,2,2024-11-15,1000 ,0.00,59669.59,PLN,V043
PL01-2024-001346,1,2024-10-25,6000 ,685856.34,0.00,PLN,
PL01-2024-001346,2,2024-10-25,1000 ,0.00,685856.34,PLN,
PL01-2024-001347,1,2024-10-31,6900 ,42708.33,0.00,PLN,
PL01-2024-001347,2,2024-10-31,1590 ,0.00,42708.33,PLN,
PL01-2024-001348,1,2024-11-26,1200 ,19994.01,0.00,PLN,C026
PL01-2024-001348,2,2024-11-26,4000 ,0.00,17218.48,PLN,C026
PL01-2024-001348,3,2024-11-26,4100 ,0.00,2775.53,PLN,C026
PL01-2024-001349,1,2025-01-28,1000 ,19994.01,0.00,PLN,C026
PL01-2024-001349,2,2025-01-28,1200 ,0.00,19994.01,PLN,C026
PL01-2024-001350,1,2024-11-01,1200 ,38834.47,0.00,PLN,C017
PL01-2024-001350,2,2024-11-01,4000 ,0.00,33443.54,PLN,C017
PL01-2024-001350,3,2024-11-01,4100 ,0.00,5390.93,PLN,C017
PL01-2024-001351,1,2024-12-15,1000 ,38834.47,0.00,PLN,C017
PL01-2024-001351,2,2024-12-15,1200 ,0.00,38834.47,PLN,C017
PL01-2024-001352,1,2024-11-17,1200 ,5970.62,0.00,PLN,C027
PL01-2024-001352,2,2024-11-17,4000 ,0.00,5141.79,PLN,C027
PL01-2024-001352,3,2024-11-17,4100 ,0.00,828.83,PLN,C027
PL01-2024-001353,1,2024-12-31,1000 ,5970.62,0.00,PLN,C027
PL01-2024-001353,2,2024-12-31,1200 ,0.00,5970.62,PLN,C027
PL01-2024-001354,1,2024-11-23,1200 ,8082.43,0.00,PLN,C003
PL01-2024-001354,2,2024-11-23,4000 ,0.00,6960.44,PLN,C003
PL01-2024-001354,3,2024-11-23,4100 ,0.00,1121.99,PLN,C003
PL01-2024-001355,1,2025-01-08,1000 ,8082.43,0.00,PLN,C003
PL01-2024-001355,2,2025-01-08,1200 ,0.00,8082.43,PLN,C003
PL01-2024-001356,1,2024-11-09,1200 ,35462.74,0.00,PLN,C032
PL01-2024-001356,2,2024-11-09,4000 ,0.00,30539.87,PLN,C032
PL01-2024-001356,3,2024-11-09,4100 ,0.00,4922.87,PLN,C032
PL01-2024-001357,1,2024-12-10,1000 ,35462.74,0.00,PLN,C032
PL01-2024-001357,2,2024-12-10,1200 ,0.00,35462.74,PLN,C032
PL01-2024-001358,1,2024-11-19,1200 ,20370.05,0.00,PLN,C012
PL01-2024-001358,2,2024-11-19,4000 ,0.00,17542.32,PLN,C012
PL01-2024-001358,3,2024-11-19,4100 ,0.00,2827.73,PLN,C012
PL01-2024-001359,1,2024-12-24,1000 ,20370.05,0.00,PLN,C012
PL01-2024-001359,2,2024-12-24,1200 ,0.00,20370.05,PLN,C012
PL01-2024-001360,1,2024-11-13,1200 ,12802.83,0.00,PLN,C039
PL01-2024-001360,2,2024-11-13,4000 ,0.00,11025.57,PLN,C039
PL01-2024-001360,3,2024-11-13,4100 ,0.00,1777.26,PLN,C039
PL01-2024-001361,1,2025-01-03,1000 ,12802.83,0.00,PLN,C039
PL01-2024-001361,2,2025-01-03,1200 ,0.00,12802.83,PLN,C039
PL01-2024-001362,1,2024-11-18,1200 ,47925.28,0.00,PLN,C024
PL01-2024-001362,2,2024-11-18,4000 ,0.00,41272.38,PLN,C024
PL01-2024-001362,3,2024-11-18,4100 ,0.00,6652.90,PLN,C024
PL01-2024-001363,1,2025-01-12,1000 ,47925.28,0.00,PLN,C024
PL01-2024-001363,2,2025-01-12,1200 ,0.00,47925.28,PLN,C024
PL01-2024-001364,1,2024-11-09,1200 ,18078.29,0.00,PLN,C030
PL01-2024-001364,2,2024-11-09,4000 ,0.00,15568.70,PLN,C030
PL01-2024-001364,3,2024-11-09,4100 ,0.00,2509.59,PLN,C030
PL01-2024-001365,1,2025-01-13,1000 ,18078.29,0.00,PLN,C030
PL01-2024-001365,2,2025-01-13,1200 ,0.00,18078.29,PLN,C030
PL01-2024-001366,1,2024-11-12,1200 ,12481.62,0.00,PLN,C039
PL01-2024-001366,2,2024-11-12,4000 ,0.00,10748.95,PLN,C039
PL01-2024-001366,3,2024-11-12,4100 ,0.00,1732.67,PLN,C039
PL01-2024-001367,1,2025-01-12,1000 ,12481.62,0.00,PLN,C039
PL01-2024-001367,2,2025-01-12,1200 ,0.00,12481.62,PLN,C039
PL01-2024-001368,1,2024-11-25,1200 ,76975.29,0.00,PLN,C015
PL01-2024-001368,2,2024-11-25,4000 ,0.00,66289.73,PLN,C015
PL01-2024-001368,3,2024-11-25,4100 ,0.00,10685.56,PLN,C015
PL01-2024-001369,1,2025-01-11,1000 ,76975.29,0.00,PLN,C015
PL01-2024-001369,2,2025-01-11,1200 ,0.00,76975.29,PLN,C015
PL01-2024-001370,1,2024-11-12,1200 ,14156.53,0.00,PLN,C036
PL01-2024-001370,2,2024-11-12,4000 ,0.00,12191.35,PLN,C036
PL01-2024-001370,3,2024-11-12,4100 ,0.00,1965.18,PLN,C036
PL01-2024-001371,1,2024-12-31,1000 ,14156.53,0.00,PLN,C036
PL01-2024-001371,2,2024-12-31,1200 ,0.00,14156.53,PLN,C036
PL01-2024-001372,1,2024-11-18,1200 ,5835.07,0.00,PLN,C026
PL01-2024-001372,2,2024-11-18,4000 ,0.00,5025.06,PLN,C026
PL01-2024-001372,3,2024-11-18,4100 ,0.00,810.01,PLN,C026
PL01-2024-001373,1,2025-01-03,1000 ,5835.07,0.00,PLN,C026
PL01-2024-001373,2,2025-01-03,1200 ,0.00,5835.07,PLN,C026
PL01-2024-001374,1,2024-11-22,1200 ,18648.02,0.00,PLN,C019
PL01-2024-001374,2,2024-11-22,4000 ,0.00,16059.34,PLN,C019
PL01-2024-001374,3,2024-11-22,4100 ,0.00,2588.68,PLN,C019
PL01-2024-001375,1,2024-12-23,1000 ,18648.02,0.00,PLN,C019
PL01-2024-001375,2,2024-12-23,1200 ,0.00,18648.02,PLN,C019
PL01-2024-001376,1,2024-11-26,1200 ,14615.58,0.00,PLN,C030
PL01-2024-001376,2,2024-11-26,4000 ,0.00,12586.67,PLN,C030
PL01-2024-001376,3,2024-11-26,4100 ,0.00,2028.91,PLN,C030
PL01-2024-001377,1,2025-01-09,1000 ,14615.58,0.00,PLN,C030
PL01-2024-001377,2,2025-01-09,1200 ,0.00,14615.58,PLN,C030
PL01-2024-001378,1,2024-11-09,1200 ,11943.76,0.00,PLN,C013
PL01-2024-001378,2,2024-11-09,4000 ,0.00,10285.75,PLN,C013
PL01-2024-001378,3,2024-11-09,4100 ,0.00,1658.01,PLN,C013
PL01-2024-001379,1,2024-12-08,1000 ,11943.76,0.00,PLN,C013
PL01-2024-001379,2,2024-12-08,1200 ,0.00,11943.76,PLN,C013
PL01-2024-001380,1,2024-11-07,1200 ,144054.89,0.00,PLN,C024
PL01-2024-001380,2,2024-11-07,4000 ,0.00,124057.47,PLN,C024
PL01-2024-001380,3,2024-11-07,4100 ,0.00,19997.42,PLN,C024
PL01-2024-001381,1,2024-12-17,1000 ,144054.89,0.00,PLN,C024
PL01-2024-001381,2,2024-12-17,1200 ,0.00,144054.89,PLN,C024
PL01-2024-001382,1,2024-11-30,1200 ,9469.44,0.00,PLN,C016
PL01-2024-001382,2,2024-11-30,4000 ,0.00,8154.91,PLN,C016
PL01-2024-001382,3,2024-11-30,4100 ,0.00,1314.53,PLN,C016
PL01-2024-001383,1,2025-03-02,1000 ,9469.44,0.00,PLN,C016
PL01-2024-001383,2,2025-03-02,1200 ,0.00,9469.44,PLN,C016
PL01-2024-001384,1,2024-11-26,1200 ,30941.35,0.00,PLN,C026
PL01-2024-001384,2,2024-11-26,4000 ,0.00,26646.13,PLN,C026
PL01-2024-001384,3,2024-11-26,4100 ,0.00,4295.22,PLN,C026
PL01-2024-001385,1,2024-12-29,1000 ,30941.35,0.00,PLN,C026
PL01-2024-001385,2,2024-12-29,1200 ,0.00,30941.35,PLN,C026
PL01-2024-001386,1,2024-11-02,1200 ,55861.61,0.00,PLN,C038
PL01-2024-001386,2,2024-11-02,4000 ,0.00,48107.01,PLN,C038
PL01-2024-001386,3,2024-11-02,4100 ,0.00,7754.60,PLN,C038
PL01-2024-001387,1,2024-12-17,1000 ,55861.61,0.00,PLN,C038
PL01-2024-001387,2,2024-12-17,1200 ,0.00,55861.61,PLN,C038
PL01-2024-001388,1,2024-11-14,1200 ,100672.13,0.00,PLN,C023
PL01-2024-001388,2,2024-11-14,4000 ,0.00,86697.02,PLN,C023
PL01-2024-001388,3,2024-11-14,4100 ,0.00,13975.11,PLN,C023
PL01-2024-001389,1,2025-01-17,1000 ,100672.13,0.00,PLN,C023
PL01-2024-001389,2,2025-01-17,1200 ,0.00,100672.13,PLN,C023
PL01-2024-001390,1,2024-11-23,1200 ,13619.91,0.00,PLN,C010
PL01-2024-001390,2,2024-11-23,4000 ,0.00,11729.22,PLN,C010
PL01-2024-001390,3,2024-11-23,4100 ,0.00,1890.69,PLN,C010
PL01-2024-001391,1,2024-12-26,1000 ,13619.91,0.00,PLN,C010
PL01-2024-001391,2,2024-12-26,1200 ,0.00,13619.91,PLN,C010
PL01-2024-001392,1,2024-11-22,1200 ,9713.42,0.00,PLN,C030
PL01-2024-001392,2,2024-11-22,4000 ,0.00,8365.02,PLN,C030
PL01-2024-001392,3,2024-11-22,4100 ,0.00,1348.40,PLN,C030
PL01-2024-001393,1,2025-01-02,1000 ,9713.42,0.00,PLN,C030
PL01-2024-001393,2,2025-01-02,1200 ,0.00,9713.42,PLN,C030
PL01-2024-001394,1,2024-11-29,1200 ,13032.43,0.00,PLN,C038
PL01-2024-001394,2,2024-11-29,4000 ,0.00,11223.29,PLN,C038
PL01-2024-001394,3,2024-11-29,4100 ,0.00,1809.14,PLN,C038
PL01-2024-001395,1,2024-12-26,1000 ,13032.43,0.00,PLN,C038
PL01-2024-001395,2,2024-12-26,1200 ,0.00,13032.43,PLN,C038
PL01-2024-001396,1,2024-11-24,1200 ,10232.35,0.00,PLN,C032
PL01-2024-001396,2,2024-11-24,4000 ,0.00,8811.91,PLN,C032
PL01-2024-001396,3,2024-11-24,4100 ,0.00,1420.44,PLN,C032
PL01-2024-001397,1,2025-01-31,1000 ,10232.35,0.00,PLN,C032
PL01-2024-001397,2,2025-01-31,1200 ,0.00,10232.35,PLN,C032
PL01-2024-001398,1,2024-11-09,1200 ,19596.03,0.00,PLN,C019
PL01-2024-001398,2,2024-11-09,4000 ,0.00,16875.75,PLN,C019
PL01-2024-001398,3,2024-11-09,4100 ,0.00,2720.28,PLN,C019
PL01-2024-001399,1,2025-02-24,1000 ,19596.03,0.00,PLN,C019
PL01-2024-001399,2,2025-02-24,1200 ,0.00,19596.03,PLN,C019
PL01-2024-001400,1,2024-11-12,1200 ,23913.14,0.00,PLN,C040
PL01-2024-001400,2,2024-11-12,4000 ,0.00,20593.56,PLN,C040
PL01-2024-001400,3,2024-11-12,4100 ,0.00,3319.58,PLN,C040
PL01-2024-001401,1,2024-12-04,1000 ,23913.14,0.00,PLN,C040
PL01-2024-001401,2,2024-12-04,1200 ,0.00,23913.14,PLN,C040
PL01-2024-001402,1,2024-11-18,1200 ,57703.70,0.00,PLN,C024
PL01-2024-001402,2,2024-11-18,4000 ,0.00,49693.38,PLN,C024
PL01-2024-001402,3,2024-11-18,4100 ,0.00,8010.32,PLN,C024
PL01-2024-001403,1,2025-02-22,1000 ,57703.70,0.00,PLN,C024
PL01-2024-001403,2,2025-02-22,1200 ,0.00,57703.70,PLN,C024
PL01-2024-001404,1,2024-11-12,1200 ,19073.23,0.00,PLN,C040
PL01-2024-001404,2,2024-11-12,4000 ,0.00,16425.52,PLN,C040
PL01-2024-001404,3,2024-11-12,4100 ,0.00,2647.71,PLN,C040
PL01-2024-001405,1,2024-12-24,1000 ,19073.23,0.00,PLN,C040
PL01-2024-001405,2,2024-12-24,1200 ,0.00,19073.23,PLN,C040
PL01-2024-001406,1,2024-11-01,1200 ,53365.46,0.00,PLN,C020
PL01-2024-001406,2,2024-11-01,4000 ,0.00,45957.37,PLN,C020
PL01-2024-001406,3,2024-11-01,4100 ,0.00,7408.09,PLN,C020
PL01-2024-001407,1,2024-12-18,1000 ,53365.46,0.00,PLN,C020
PL01-2024-001407,2,2024-12-18,1200 ,0.00,53365.46,PLN,C020
PL01-2024-001408,1,2024-11-09,1200 ,13019.93,0.00,PLN,C030
PL01-2024-001408,2,2024-11-09,4000 ,0.00,11212.53,PLN,C030
PL01-2024-001408,3,2024-11-09,4100 ,0.00,1807.40,PLN,C030
PL01-2024-001409,1,2025-01-11,1000 ,13019.93,0.00,PLN,C030
PL01-2024-001409,2,2025-01-11,1200 ,0.00,13019.93,PLN,C030
PL01-2024-001410,1,2024-11-02,1200 ,25412.31,0.00,PLN,C030
PL01-2024-001410,2,2024-11-02,4000 ,0.00,21884.62,PLN,C030
PL01-2024-001410,3,2024-11-02,4100 ,0.00,3527.69,PLN,C030
PL01-2024-001411,1,2024-11-24,1000 ,25412.31,0.00,PLN,C030
PL01-2024-001411,2,2024-11-24,1200 ,0.00,25412.31,PLN,C030
PL01-2024-001412,1,2024-11-07,1200 ,35497.79,0.00,PLN,C009
PL01-2024-001412,2,2024-11-07,4000 ,0.00,30570.05,PLN,C009
PL01-2024-001412,3,2024-11-07,4100 ,0.00,4927.74,PLN,C009
PL01-2024-001413,1,2024-12-13,1000 ,35497.79,0.00,PLN,C009
PL01-2024-001413,2,2024-12-13,1200 ,0.00,35497.79,PLN,C009
PL01-2024-001414,1,2024-11-11,1200 ,2797.10,0.00,PLN,C002
PL01-2024-001414,2,2024-11-11,4000 ,0.00,2408.81,PLN,C002
PL01-2024-001414,3,2024-11-11,4100 ,0.00,388.29,PLN,C002
PL01-2024-001415,1,2025-01-02,1000 ,2797.10,0.00,PLN,C002
PL01-2024-001415,2,2025-01-02,1200 ,0.00,2797.10,PLN,C002
PL01-2024-001416,1,2024-11-20,1200 ,25462.80,0.00,PLN,C006
PL01-2024-001416,2,2024-11-20,4000 ,0.00,21928.10,PLN,C006
PL01-2024-001416,3,2024-11-20,4100 ,0.00,3534.70,PLN,C006
PL01-2024-001417,1,2024-12-22,1000 ,25462.80,0.00,PLN,C006
PL01-2024-001417,2,2024-12-22,1200 ,0.00,25462.80,PLN,C006
PL01-2024-001418,1,2024-11-04,1200 ,9145.13,0.00,PLN,C019
PL01-2024-001418,2,2024-11-04,4000 ,0.00,7875.62,PLN,C019
PL01-2024-001418,3,2024-11-04,4100 ,0.00,1269.51,PLN,C019
PL01-2024-001419,1,2025-01-03,1000 ,9145.13,0.00,PLN,C019
PL01-2024-001419,2,2025-01-03,1200 ,0.00,9145.13,PLN,C019
PL01-2024-001420,1,2024-11-28,1200 ,67299.80,0.00,PLN,C026
PL01-2024-001420,2,2024-11-28,4000 ,0.00,57957.37,PLN,C026
PL01-2024-001420,3,2024-11-28,4100 ,0.00,9342.43,PLN,C026
PL01-2024-001421,1,2024-12-23,1000 ,67299.80,0.00,PLN,C026
PL01-2024-001421,2,2024-12-23,1200 ,0.00,67299.80,PLN,C026
PL01-2024-001422,1,2024-11-23,1200 ,91780.11,0.00,PLN,C005
PL01-2024-001422,2,2024-11-23,4000 ,0.00,79039.37,PLN,C005
PL01-2024-001422,3,2024-11-23,4100 ,0.00,12740.74,PLN,C005
PL01-2024-001423,1,2025-01-08,1000 ,91780.11,0.00,PLN,C005
PL01-2024-001423,2,2025-01-08,1200 ,0.00,91780.11,PLN,C005
PL01-2024-001424,1,2024-11-27,1200 ,5201.08,0.00,PLN,C037
PL01-2024-001424,2,2024-11-27,4000 ,0.00,4479.08,PLN,C037
PL01-2024-001424,3,2024-11-27,4100 ,0.00,722.00,PLN,C037
PL01-2024-001425,1,2025-02-04,1000 ,5201.08,0.00,PLN,C037
PL01-2024-001425,2,2025-02-04,1200 ,0.00,5201.08,PLN,C037
PL01-2024-001426,1,2024-11-15,1200 ,14267.51,0.00,PLN,C018
PL01-2024-001426,2,2024-11-15,4000 ,0.00,12286.92,PLN,C018
PL01-2024-001426,3,2024-11-15,4100 ,0.00,1980.59,PLN,C018
PL01-2024-001427,1,2025-01-19,1000 ,14267.51,0.00,PLN,C018
PL01-2024-001427,2,2025-01-19,1200 ,0.00,14267.51,PLN,C018
PL01-2024-001428,1,2024-11-09,1200 ,30034.06,0.00,PLN,C024
PL01-2024-001428,2,2024-11-09,4000 ,0.00,25864.79,PLN,C024
PL01-2024-001428,3,2024-11-09,4100 ,0.00,4169.27,PLN,C024
PL01-2024-001429,1,2024-12-30,1000 ,30034.06,0.00,PLN,C024
PL01-2024-001429,2,2024-12-30,1200 ,0.00,30034.06,PLN,C024
PL01-2024-001430,1,2024-11-03,1200 ,107413.01,0.00,PLN,C030
PL01-2024-001430,2,2024-11-03,4000 ,0.00,92502.14,PLN,C030
PL01-2024-001430,3,2024-11-03,4100 ,0.00,14910.87,PLN,C030
PL01-2024-001431,1,2025-01-24,1000 ,107413.01,0.00,PLN,C030
PL01-2024-001431,2,2025-01-24,1200 ,0.00,107413.01,PLN,C030
PL01-2024-001432,1,2024-11-05,1200 ,12696.43,0.00,PLN,C024
PL01-2024-001432,2,2024-11-05,4000 ,0.00,10933.94,PLN,C024
PL01-2024-001432,3,2024-11-05,4100 ,0.00,1762.49,PLN,C024
PL01-2024-001433,1,2024-12-18,1000 ,12696.43,0.00,PLN,C024
PL01-2024-001433,2,2024-12-18,1200 ,0.00,12696.43,PLN,C024
PL01-2024-001434,1,2024-11-05,1200 ,59501.76,0.00,PLN,C020
PL01-2024-001434,2,2024-11-05,4000 ,0.00,51241.84,PLN,C020
PL01-2024-001434,3,2024-11-05,4100 ,0.00,8259.92,PLN,C020
PL01-2024-001435,1,2024-12-20,1000 ,59501.76,0.00,PLN,C020
PL01-2024-001435,2,2024-12-20,1200 ,0.00,59501.76,PLN,C020
PL01-2024-001436,1,2024-11-30,1200 ,4813.12,0.00,PLN,C010
PL01-2024-001436,2,2024-11-30,4000 ,0.00,4144.97,PLN,C010
PL01-2024-001436,3,2024-11-30,4100 ,0.00,668.15,PLN,C010
PL01-2024-001437,1,2024-12-27,1000 ,4813.12,0.00,PLN,C010
PL01-2024-001437,2,2024-12-27,1200 ,0.00,4813.12,PLN,C010
PL01-2024-001438,1,2024-11-03,1200 ,7416.50,0.00,PLN,C013
PL01-2024-001438,2,2024-11-03,4000 ,0.00,6386.96,PLN,C013
PL01-2024-001438,3,2024-11-03,4100 ,0.00,1029.54,PLN,C013
PL01-2024-001439,1,2024-12-23,1000 ,7416.50,0.00,PLN,C013
PL01-2024-001439,2,2024-12-23,1200 ,0.00,7416.50,PLN,C013
PL01-2024-001440,1,2024-11-17,1200 ,25793.93,0.00,PLN,C001
PL01-2024-001440,2,2024-11-17,4000 ,0.00,22213.27,PLN,C001
PL01-2024-001440,3,2024-11-17,4100 ,0.00,3580.66,PLN,C001
PL01-2024-001441,1,2024-12-28,1000 ,25793.93,0.00,PLN,C001
PL01-2024-001441,2,2024-12-28,1200 ,0.00,25793.93,PLN,C001
PL01-2024-001442,1,2024-11-28,1200 ,49433.77,0.00,PLN,C021
PL01-2024-001442,2,2024-11-28,4000 ,0.00,42571.47,PLN,C021
PL01-2024-001442,3,2024-11-28,4100 ,0.00,6862.30,PLN,C021
PL01-2024-001443,1,2025-02-15,1000 ,49433.77,0.00,PLN,C021
PL01-2024-001443,2,2025-02-15,1200 ,0.00,49433.77,PLN,C021
PL01-2024-001444,1,2024-11-27,1200 ,8244.40,0.00,PLN,C019
PL01-2024-001444,2,2024-11-27,4000 ,0.00,7099.93,PLN,C019
PL01-2024-001444,3,2024-11-27,4100 ,0.00,1144.47,PLN,C019
PL01-2024-001445,1,2025-03-25,1000 ,8244.40,0.00,PLN,C019
PL01-2024-001445,2,2025-03-25,1200 ,0.00,8244.40,PLN,C019
PL01-2024-001446,1,2024-11-12,1200 ,88289.00,0.00,PLN,C012
PL01-2024-001446,2,2024-11-12,4000 ,0.00,76032.89,PLN,C012
PL01-2024-001446,3,2024-11-12,4100 ,0.00,12256.11,PLN,C012
PL01-2024-001447,1,2024-12-20,1000 ,88289.00,0.00,PLN,C012
PL01-2024-001447,2,2024-12-20,1200 ,0.00,88289.00,PLN,C012
PL01-2024-001448,1,2024-11-10,1200 ,9992.10,0.00,PLN,C014
PL01-2024-001448,2,2024-11-10,4000 ,0.00,8605.02,PLN,C014
PL01-2024-001448,3,2024-11-10,4100 ,0.00,1387.08,PLN,C014
PL01-2024-001449,1,2024-12-23,1000 ,9992.10,0.00,PLN,C014
PL01-2024-001449,2,2024-12-23,1200 ,0.00,9992.10,PLN,C014
PL01-2024-001450,1,2024-11-25,1200 ,15384.32,0.00,PLN,C031
PL01-2024-001450,2,2024-11-25,4000 ,0.00,13248.70,PLN,C031
PL01-2024-001450,3,2024-11-25,4100 ,0.00,2135.62,PLN,C031
PL01-2024-001451,1,2025-01-02,1000 ,15384.32,0.00,PLN,C031
PL01-2024-001451,2,2025-01-02,1200 ,0.00,15384.32,PLN,C031
PL01-2024-001452,1,2024-11-07,1200 ,74595.73,0.00,PLN,C031
PL01-2024-001452,2,2024-11-07,4000 ,0.00,64240.49,PLN,C031
PL01-2024-001452,3,2024-11-07,4100 ,0.00,10355.24,PLN,C031
PL01-2024-001453,1,2024-12-20,1000 ,74595.73,0.00,PLN,C031
PL01-2024-001453,2,2024-12-20,1200 ,0.00,74595.73,PLN,C031
PL01-2024-001454,1,2024-11-30,1200 ,9112.21,0.00,PLN,C033
PL01-2024-001454,2,2024-11-30,4000 ,0.00,7847.27,PLN,C033
PL01-2024-001454,3,2024-11-30,4100 ,0.00,1264.94,PLN,C033
PL01-2024-001455,1,2025-01-27,1000 ,9112.21,0.00,PLN,C033
PL01-2024-001455,2,2025-01-27,1200 ,0.00,9112.21,PLN,C033
PL01-2024-001456,1,2024-11-19,1200 ,14747.77,0.00,PLN,C015
PL01-2024-001456,2,2024-11-19,4000 ,0.00,12700.51,PLN,C015
PL01-2024-001456,3,2024-11-19,4100 ,0.00,2047.26,PLN,C015
PL01-2024-001457,1,2025-02-05,1000 ,14747.77,0.00,PLN,C015
PL01-2024-001457,2,2025-02-05,1200 ,0.00,14747.77,PLN,C015
PL01-2024-001458,1,2024-11-21,1200 ,13215.36,0.00,PLN,C015
PL01-2024-001458,2,2024-11-21,4000 ,0.00,11380.83,PLN,C015
PL01-2024-001458,3,2024-11-21,4100 ,0.00,1834.53,PLN,C015
PL01-2024-001459,1,2025-01-08,1000 ,13215.36,0.00,PLN,C015
PL01-2024-001459,2,2025-01-08,1200 ,0.00,13215.36,PLN,C015
PL01-2024-001460,1,2024-11-15,1200 ,23672.47,0.00,PLN,C018
PL01-2024-001460,2,2024-11-15,4000 ,0.00,20386.30,PLN,C018
PL01-2024-001460,3,2024-11-15,4100 ,0.00,3286.17,PLN,C018
PL01-2024-001461,1,2025-02-19,1000 ,23672.47,0.00,PLN,C018
PL01-2024-001461,2,2025-02-19,1200 ,0.00,23672.47,PLN,C018
PL01-2024-001462,1,2024-11-02,1200 ,33885.90,0.00,PLN,C039
PL01-2024-001462,2,2024-11-02,4000 ,0.00,29181.92,PLN,C039
PL01-2024-001462,3,2024-11-02,4100 ,0.00,4703.98,PLN,C039
PL01-2024-001463,1,2024-12-17,1000 ,33885.90,0.00,PLN,C039
PL01-2024-001463,2,2024-12-17,1200 ,0.00,33885.90,PLN,C039
PL01-2024-001464,1,2024-11-29,1200 ,76007.71,0.00,PLN,C021
PL01-2024-001464,2,2024-11-29,4000 ,0.00,65456.46,PLN,C021
PL01-2024-001464,3,2024-11-29,4100 ,0.00,10551.25,PLN,C021
PL01-2024-001465,1,2025-01-23,1000 ,76007.71,0.00,PLN,C021
PL01-2024-001465,2,2025-01-23,1200 ,0.00,76007.71,PLN,C021
PL01-2024-001466,1,2024-11-15,1200 ,77682.56,0.00,PLN,C039
PL01-2024-001466,2,2024-11-15,4000 ,0.00,66898.82,PLN,C039
PL01-2024-001466,3,2024-11-15,4100 ,0.00,10783.74,PLN,C039
PL01-2024-001467,1,2025-01-11,1000 ,77682.56,0.00,PLN,C039
PL01-2024-001467,2,2025-01-11,1200 ,0.00,77682.56,PLN,C039
PL01-2024-001468,1,2024-11-10,1200 ,14280.56,0.00,PLN,C007
PL01-2024-001468,2,2024-11-10,4000 ,0.00,12298.16,PLN,C007
PL01-2024-001468,3,2024-11-10,4100 ,0.00,1982.40,PLN,C007
PL01-2024-001469,1,2024-12-13,1000 ,14280.56,0.00,PLN,C007
PL01-2024-001469,2,2024-12-13,1200 ,0.00,14280.56,PLN,C007
PL01-2024-001470,1,2024-11-06,1200 ,47863.31,0.00,PLN,C036
PL01-2024-001470,2,2024-11-06,4000 ,0.00,41219.02,PLN,C036
PL01-2024-001470,3,2024-11-06,4100 ,0.00,6644.29,PLN,C036
PL01-2024-001471,1,2024-12-08,1000 ,47863.31,0.00,PLN,C036
PL01-2024-001471,2,2024-12-08,1200 ,0.00,47863.31,PLN,C036
PL01-2024-001472,1,2024-11-16,1200 ,73581.52,0.00,PLN,C006
PL01-2024-001472,2,2024-11-16,4000 ,0.00,63367.07,PLN,C006
PL01-2024-001472,3,2024-11-16,4100 ,0.00,10214.45,PLN,C006
PL01-2024-001473,1,2024-12-21,1000 ,73581.52,0.00,PLN,C006
PL01-2024-001473,2,2024-12-21,1200 ,0.00,73581.52,PLN,C006
PL01-2024-001474,1,2024-11-27,1200 ,19682.20,0.00,PLN,C027
PL01-2024-001474,2,2024-11-27,4000 ,0.00,16949.95,PLN,C027
PL01-2024-001474,3,2024-11-27,4100 ,0.00,2732.25,PLN,C027
PL01-2024-001475,1,2025-01-13,1000 ,19682.20,0.00,PLN,C027
PL01-2024-001475,2,2025-01-13,1200 ,0.00,19682.20,PLN,C027
PL01-2024-001476,1,2024-11-25,1200 ,42958.89,0.00,PLN,C032
PL01-2024-001476,2,2024-11-25,4000 ,0.00,36995.42,PLN,C032
PL01-2024-001476,3,2024-11-25,4100 ,0.00,5963.47,PLN,C032
PL01-2024-001477,1,2025-01-12,1000 ,42958.89,0.00,PLN,C032
PL01-2024-001477,2,2025-01-12,1200 ,0.00,42958.89,PLN,C032
PL01-2024-001478,1,2024-11-03,1200 ,11431.93,0.00,PLN,C013
PL01-2024-001478,2,2024-11-03,4000 ,0.00,9844.97,PLN,C013
PL01-2024-001478,3,2024-11-03,4100 ,0.00,1586.96,PLN,C013
PL01-2024-001479,1,2025-01-02,1000 ,11431.93,0.00,PLN,C013
PL01-2024-001479,2,2025-01-02,1200 ,0.00,11431.93,PLN,C013
PL01-2024-001480,1,2024-11-21,1300 ,61052.86,0.00,PLN,V024
PL01-2024-001480,2,2024-11-21,2100 ,0.00,61052.86,PLN,V024
PL01-2024-001481,1,2025-01-01,2100 ,61052.86,0.00,PLN,V024
PL01-2024-001481,2,2025-01-01,1000 ,0.00,61052.86,PLN,V024
PL01-2024-001482,1,2024-11-16,1300 ,657029.41,0.00,PLN,V022
PL01-2024-001482,2,2024-11-16,2100 ,0.00,657029.41,PLN,V022
PL01-2024-001483,1,2024-12-30,2100 ,657029.41,0.00,PLN,V022
PL01-2024-001483,2,2024-12-30,1000 ,0.00,657029.41,PLN,V022
PL01-2024-001484,1,2024-11-21,1300 ,320367.35,0.00,PLN,V021
PL01-2024-001484,2,2024-11-21,2100 ,0.00,320367.35,PLN,V021
PL01-2024-001485,1,2025-01-04,2100 ,320367.35,0.00,PLN,V021
PL01-2024-001485,2,2025-01-04,1000 ,0.00,320367.35,PLN,V021
PL01-2024-001486,1,2024-11-06,1300 ,71043.22,0.00,PLN,V007
PL01-2024-001486,2,2024-11-06,2100 ,0.00,71043.22,PLN,V007
PL01-2024-001487,1,2024-12-10,2100 ,71043.22,0.00,PLN,V007
PL01-2024-001487,2,2024-12-10,1000 ,0.00,71043.22,PLN,V007
PL01-2024-001488,1,2024-11-30,5000 ,1115313.56,0.00,PLN,
PL01-2024-001488,2,2024-11-30,1300 ,0.00,1115313.56,PLN,
PL01-2024-001489,1,2024-11-10,6100 ,126239.40,0.00,PLN,V037
PL01-2024-001489,2,2024-11-10,2100 ,0.00,126239.40,PLN,V037
PL01-2024-001490,1,2024-12-27,2100 ,126239.40,0.00,PLN,V037
PL01-2024-001490,2,2024-12-27,1000 ,0.00,126239.40,PLN,V037
PL01-2024-001491,1,2024-11-07,6200 ,95344.80,0.00,PLN,V053
PL01-2024-001491,2,2024-11-07,2100 ,0.00,95344.80,PLN,V053
PL01-2024-001492,1,2024-12-20,2100 ,95344.80,0.00,PLN,V053
PL01-2024-001492,2,2024-12-20,1000 ,0.00,95344.80,PLN,V053
PL01-2024-001493,1,2024-11-20,6300 ,42501.73,0.00,PLN,V059
PL01-2024-001493,2,2024-11-20,2100 ,0.00,42501.73,PLN,V059
PL01-2024-001494,1,2024-12-25,2100 ,42501.73,0.00,PLN,V059
PL01-2024-001494,2,2024-12-25,1000 ,0.00,42501.73,PLN,V059
PL01-2024-001495,1,2024-11-12,6400 ,69236.84,0.00,PLN,V041
PL01-2024-001495,2,2024-11-12,2100 ,0.00,69236.84,PLN,V041
PL01-2024-001496,1,2024-12-14,2100 ,69236.84,0.00,PLN,V041
PL01-2024-001496,2,2024-12-14,1000 ,0.00,69236.84,PLN,V041
PL01-2024-001497,1,2024-11-25,6000 ,699552.95,0.00,PLN,
PL01-2024-001497,2,2024-11-25,1000 ,0.00,699552.95,PLN,
PL01-2024-001498,1,2024-11-30,6900 ,42708.33,0.00,PLN,
PL01-2024-001498,2,2024-11-30,1590 ,0.00,42708.33,PLN,
PL01-2024-001499,1,2024-12-29,1200 ,10610.06,0.00,PLN,C002
PL01-2024-001499,2,2024-12-29,4000 ,0.00,9114.50,PLN,C002
PL01-2024-001499,3,2024-12-29,4100 ,0.00,1495.56,PLN,C002
PL01-2024-001500,1,2025-02-07,1000 ,10610.06,0.00,PLN,C002
PL01-2024-001500,2,2025-02-07,1200 ,0.00,10610.06,PLN,C002
PL01-2024-001501,1,2024-12-24,1200 ,49699.90,0.00,PLN,C023
PL01-2024-001501,2,2024-12-24,4000 ,0.00,42694.36,PLN,C023
PL01-2024-001501,3,2024-12-24,4100 ,0.00,7005.54,PLN,C023
PL01-2024-001502,1,2025-02-08,1000 ,49699.90,0.00,PLN,C023
PL01-2024-001502,2,2025-02-08,1200 ,0.00,49699.90,PLN,C023
PL01-2024-001503,1,2024-12-02,1200 ,11162.73,0.00,PLN,C017
PL01-2024-001503,2,2024-12-02,4000 ,0.00,9589.27,PLN,C017
PL01-2024-001503,3,2024-12-02,4100 ,0.00,1573.46,PLN,C017
PL01-2024-001504,1,2025-01-05,1000 ,11162.73,0.00,PLN,C017
PL01-2024-001504,2,2025-01-05,1200 ,0.00,11162.73,PLN,C017
PL01-2024-001505,1,2024-12-07,1200 ,20686.92,0.00,PLN,C008
PL01-2024-001505,2,2024-12-07,4000 ,0.00,17770.96,PLN,C008
PL01-2024-001505,3,2024-12-07,4100 ,0.00,2915.96,PLN,C008
PL01-2024-001506,1,2025-01-14,1000 ,20686.92,0.00,PLN,C008
PL01-2024-001506,2,2025-01-14,1200 ,0.00,20686.92,PLN,C008
PL01-2024-001507,1,2024-12-08,1200 ,15952.17,0.00,PLN,C003
PL01-2024-001507,2,2024-12-08,4000 ,0.00,13703.60,PLN,C003
PL01-2024-001507,3,2024-12-08,4100 ,0.00,2248.57,PLN,C003
PL01-2024-001508,1,2025-01-11,1000 ,15952.17,0.00,PLN,C003
PL01-2024-001508,2,2025-01-11,1200 ,0.00,15952.17,PLN,C003
PL01-2024-001509,1,2024-12-14,1200 ,12577.31,0.00,PLN,C006
PL01-2024-001509,2,2024-12-14,4000 ,0.00,10804.45,PLN,C006
PL01-2024-001509,3,2024-12-14,4100 ,0.00,1772.86,PLN,C006
PL01-2024-001510,1,2025-01-19,1000 ,12577.31,0.00,PLN,C006
PL01-2024-001510,2,2025-01-19,1200 ,0.00,12577.31,PLN,C006
PL01-2024-001511,1,2024-12-01,1200 ,19003.56,0.00,PLN,C017
PL01-2024-001511,2,2024-12-01,4000 ,0.00,16324.88,PLN,C017
PL01-2024-001511,3,2024-12-01,4100 ,0.00,2678.68,PLN,C017
PL01-2024-001512,1,2025-01-12,1000 ,19003.56,0.00,PLN,C017
PL01-2024-001512,2,2025-01-12,1200 ,0.00,19003.56,PLN,C017
PL01-2024-001513,1,2024-12-23,1200 ,6238.12,0.00,PLN,C036
PL01-2024-001513,2,2024-12-23,4000 ,0.00,5358.81,PLN,C036
PL01-2024-001513,3,2024-12-23,4100 ,0.00,879.31,PLN,C036
PL01-2024-001514,1,2025-02-15,1000 ,6238.12,0.00,PLN,C036
PL01-2024-001514,2,2025-02-15,1200 ,0.00,6238.12,PLN,C036
PL01-2024-001515,1,2024-12-26,1200 ,144973.65,0.00,PLN,C031
PL01-2024-001515,2,2024-12-26,4000 ,0.00,124538.63,PLN,C031
PL01-2024-001515,3,2024-12-26,4100 ,0.00,20435.02,PLN,C031
PL01-2024-001516,1,2025-02-09,1000 ,144973.65,0.00,PLN,C031
PL01-2024-001516,2,2025-02-09,1200 ,0.00,144973.65,PLN,C031
PL01-2024-001517,1,2024-12-25,1200 ,29987.50,0.00,PLN,C019
PL01-2024-001517,2,2024-12-25,4000 ,0.00,25760.56,PLN,C019
PL01-2024-001517,3,2024-12-25,4100 ,0.00,4226.94,PLN,C019
PL01-2024-001518,1,2025-02-16,1000 ,29987.50,0.00,PLN,C019
PL01-2024-001518,2,2025-02-16,1200 ,0.00,29987.50,PLN,C019
PL01-2024-001519,1,2024-12-30,1200 ,33869.32,0.00,PLN,C023
PL01-2024-001519,2,2024-12-30,4000 ,0.00,29095.21,PLN,C023
PL01-2024-001519,3,2024-12-30,4100 ,0.00,4774.11,PLN,C023
PL01-2024-001520,1,2025-01-28,1000 ,33869.32,0.00,PLN,C023
PL01-2024-001520,2,2025-01-28,1200 ,0.00,33869.32,PLN,C023
PL01-2024-001521,1,2024-12-02,1200 ,39664.71,0.00,PLN,C040
PL01-2024-001521,2,2024-12-02,4000 ,0.00,34073.70,PLN,C040
PL01-2024-001521,3,2024-12-02,4100 ,0.00,5591.01,PLN,C040
PL01-2024-001522,1,2025-01-02,1000 ,39664.71,0.00,PLN,C040
PL01-2024-001522,2,2025-01-02,1200 ,0.00,39664.71,PLN,C040
PL01-2024-001523,1,2024-12-13,1200 ,13995.64,0.00,PLN,C007
PL01-2024-001523,2,2024-12-13,4000 ,0.00,12022.86,PLN,C007
PL01-2024-001523,3,2024-12-13,4100 ,0.00,1972.78,PLN,C007
PL01-2024-001524,1,2025-01-16,1000 ,13995.64,0.00,PLN,C007
PL01-2024-001524,2,2025-01-16,1200 ,0.00,13995.64,PLN,C007
PL01-2024-001525,1,2024-12-21,1200 ,36219.24,0.00,PLN,C014
PL01-2024-001525,2,2024-12-21,4000 ,0.00,31113.89,PLN,C014
PL01-2024-001525,3,2024-12-21,4100 ,0.00,5105.35,PLN,C014
PL01-2024-001526,1,2025-02-09,1000 ,36219.24,0.00,PLN,C014
PL01-2024-001526,2,2025-02-09,1200 ,0.00,36219.24,PLN,C014
PL01-2024-001527,1,2024-12-12,1200 ,41760.78,0.00,PLN,C001
PL01-2024-001527,2,2024-12-12,4000 ,0.00,35874.31,PLN,C001
PL01-2024-001527,3,2024-12-12,4100 ,0.00,5886.47,PLN,C001
PL01-2024-001528,1,2025-01-23,1000 ,41760.78,0.00,PLN,C001
PL01-2024-001528,2,2025-01-23,1200 ,0.00,41760.78,PLN,C001
PL01-2024-001529,1,2024-12-10,1200 ,16809.70,0.00,PLN,C037
PL01-2024-001529,2,2024-12-10,4000 ,0.00,14440.26,PLN,C037
PL01-2024-001529,3,2024-12-10,4100 ,0.00,2369.44,PLN,C037
PL01-2024-001530,1,2025-01-11,1000 ,16809.70,0.00,PLN,C037
PL01-2024-001530,2,2025-01-11,1200 ,0.00,16809.70,PLN,C037
PL01-2024-001531,1,2024-12-11,1200 ,79712.69,0.00,PLN,C004
PL01-2024-001531,2,2024-12-11,4000 ,0.00,68476.64,PLN,C004
PL01-2024-001531,3,2024-12-11,4100 ,0.00,11236.05,PLN,C004
PL01-2024-001532,1,2025-01-14,1000 ,79712.69,0.00,PLN,C004
PL01-2024-001532,2,2025-01-14,1200 ,0.00,79712.69,PLN,C004
PL01-2024-001533,1,2024-12-11,1200 ,64188.82,0.00,PLN,C007
PL01-2024-001533,2,2024-12-11,4000 ,0.00,55140.97,PLN,C007
PL01-2024-001533,3,2024-12-11,4100 ,0.00,9047.85,PLN,C007
PL01-2024-001534,1,2025-01-24,1000 ,64188.82,0.00,PLN,C007
PL01-2024-001534,2,2025-01-24,1200 ,0.00,64188.82,PLN,C007
PL01-2024-001535,1,2024-12-15,1200 ,7550.72,0.00,PLN,C028
PL01-2024-001535,2,2024-12-15,4000 ,0.00,6486.39,PLN,C028
PL01-2024-001535,3,2024-12-15,4100 ,0.00,1064.33,PLN,C028
PL01-2024-001536,1,2025-03-12,1000 ,7550.72,0.00,PLN,C028
PL01-2024-001536,2,2025-03-12,1200 ,0.00,7550.72,PLN,C028
PL01-2024-001537,1,2024-12-19,1200 ,87305.32,0.00,PLN,C010
PL01-2024-001537,2,2024-12-19,4000 ,0.00,74999.04,PLN,C010
PL01-2024-001537,3,2024-12-19,4100 ,0.00,12306.28,PLN,C010
PL01-2024-001538,1,2025-01-29,1000 ,87305.32,0.00,PLN,C010
PL01-2024-001538,2,2025-01-29,1200 ,0.00,87305.32,PLN,C010
PL01-2024-001539,1,2024-12-26,1200 ,8152.60,0.00,PLN,C029
PL01-2024-001539,2,2024-12-26,4000 ,0.00,7003.44,PLN,C029
PL01-2024-001539,3,2024-12-26,4100 ,0.00,1149.16,PLN,C029
PL01-2024-001540,1,2025-02-20,1000 ,8152.60,0.00,PLN,C029
PL01-2024-001540,2,2025-02-20,1200 ,0.00,8152.60,PLN,C029
PL01-2024-001541,1,2024-12-08,1200 ,10426.10,0.00,PLN,C022
PL01-2024-001541,2,2024-12-08,4000 ,0.00,8956.47,PLN,C022
PL01-2024-001541,3,2024-12-08,4100 ,0.00,1469.63,PLN,C022
PL01-2024-001542,1,2025-01-12,1000 ,10426.10,0.00,PLN,C022
PL01-2024-001542,2,2025-01-12,1200 ,0.00,10426.10,PLN,C022
PL01-2024-001543,1,2024-12-08,1200 ,33869.21,0.00,PLN,C009
PL01-2024-001543,2,2024-12-08,4000 ,0.00,29095.11,PLN,C009
PL01-2024-001543,3,2024-12-08,4100 ,0.00,4774.10,PLN,C009
PL01-2024-001544,1,2025-03-03,1000 ,33869.21,0.00,PLN,C009
PL01-2024-001544,2,2025-03-03,1200 ,0.00,33869.21,PLN,C009
PL01-2024-001545,1,2024-12-18,1200 ,30087.03,0.00,PLN,C033
PL01-2024-001545,2,2024-12-18,4000 ,0.00,25846.06,PLN,C033
PL01-2024-001545,3,2024-12-18,4100 ,0.00,4240.97,PLN,C033
PL01-2024-001546,1,2025-02-01,1000 ,30087.03,0.00,PLN,C033
PL01-2024-001546,2,2025-02-01,1200 ,0.00,30087.03,PLN,C033
PL01-2024-001547,1,2024-12-15,1200 ,26111.32,0.00,PLN,C008
PL01-2024-001547,2,2024-12-15,4000 ,0.00,22430.75,PLN,C008
PL01-2024-001547,3,2024-12-15,4100 ,0.00,3680.57,PLN,C008
PL01-2024-001548,1,2025-02-27,1000 ,26111.32,0.00,PLN,C008
PL01-2024-001548,2,2025-02-27,1200 ,0.00,26111.32,PLN,C008
PL01-2024-001549,1,2024-12-01,1200 ,117043.70,0.00,PLN,C036
PL01-2024-001549,2,2024-12-01,4000 ,0.00,100545.59,PLN,C036
PL01-2024-001549,3,2024-12-01,4100 ,0.00,16498.11,PLN,C036
PL01-2024-001550,1,2025-01-15,1000 ,117043.70,0.00,PLN,C036
PL01-2024-001550,2,2025-01-15,1200 ,0.00,117043.70,PLN,C036
PL01-2024-001551,1,2024-12-25,1200 ,4141.46,0.00,PLN,C008
PL01-2024-001551,2,2024-12-25,4000 ,0.00,3557.69,PLN,C008
PL01-2024-001551,3,2024-12-25,4100 ,0.00,583.77,PLN,C008
PL01-2024-001552,1,2025-02-09,1000 ,4141.46,0.00,PLN,C008
PL01-2024-001552,2,2025-02-09,1200 ,0.00,4141.46,PLN,C008
PL01-2024-001553,1,2024-12-16,1200 ,38285.19,0.00,PLN,C028
PL01-2024-001553,2,2024-12-16,4000 ,0.00,32888.63,PLN,C028
PL01-2024-001553,3,2024-12-16,4100 ,0.00,5396.56,PLN,C028
PL01-2024-001554,1,2025-01-29,1000 ,38285.19,0.00,PLN,C028
PL01-2024-001554,2,2025-01-29,1200 ,0.00,38285.19,PLN,C028
PL01-2024-001555,1,2024-12-05,1200 ,6470.63,0.00,PLN,C021
PL01-2024-001555,2,2024-12-05,4000 ,0.00,5558.55,PLN,C021
PL01-2024-001555,3,2024-12-05,4100 ,0.00,912.08,PLN,C021
PL01-2024-001556,1,2024-12-28,1000 ,6470.63,0.00,PLN,C021
PL01-2024-001556,2,2024-12-28,1200 ,0.00,6470.63,PLN,C021
PL01-2024-001557,1,2024-12-18,1200 ,11676.28,0.00,PLN,C009
PL01-2024-001557,2,2024-12-18,4000 ,0.00,10030.43,PLN,C009
PL01-2024-001557,3,2024-12-18,4100 ,0.00,1645.85,PLN,C009
PL01-2024-001558,1,2025-01-27,1000 ,11676.28,0.00,PLN,C009
PL01-2024-001558,2,2025-01-27,1200 ,0.00,11676.28,PLN,C009
PL01-2024-001559,1,2024-12-14,1200 ,7658.87,0.00,PLN,C001
PL01-2024-001559,2,2024-12-14,4000 ,0.00,6579.30,PLN,C001
PL01-2024-001559,3,2024-12-14,4100 ,0.00,1079.57,PLN,C001
PL01-2024-001560,1,2025-01-27,1000 ,7658.87,0.00,PLN,C001
PL01-2024-001560,2,2025-01-27,1200 ,0.00,7658.87,PLN,C001
PL01-2024-001561,1,2024-12-25,1200 ,12132.17,0.00,PLN,C005
PL01-2024-001561,2,2024-12-25,4000 ,0.00,10422.06,PLN,C005
PL01-2024-001561,3,2024-12-25,4100 ,0.00,1710.11,PLN,C005
PL01-2024-001562,1,2025-01-13,1000 ,12132.17,0.00,PLN,C005
PL01-2024-001562,2,2025-01-13,1200 ,0.00,12132.17,PLN,C005
PL01-2024-001563,1,2024-12-23,1200 ,22728.85,0.00,PLN,C008
PL01-2024-001563,2,2024-12-23,4000 ,0.00,19525.06,PLN,C008
PL01-2024-001563,3,2024-12-23,4100 ,0.00,3203.79,PLN,C008
PL01-2024-001564,1,2025-01-18,1000 ,22728.85,0.00,PLN,C008
PL01-2024-001564,2,2025-01-18,1200 ,0.00,22728.85,PLN,C008
PL01-2024-001565,1,2024-12-22,1200 ,19814.92,0.00,PLN,C002
PL01-2024-001565,2,2024-12-22,4000 ,0.00,17021.87,PLN,C002
PL01-2024-001565,3,2024-12-22,4100 ,0.00,2793.05,PLN,C002
PL01-2024-001566,1,2025-01-31,1000 ,19814.92,0.00,PLN,C002
PL01-2024-001566,2,2025-01-31,1200 ,0.00,19814.92,PLN,C002
PL01-2024-001567,1,2024-12-18,1200 ,5317.87,0.00,PLN,C004
PL01-2024-001567,2,2024-12-18,4000 ,0.00,4568.28,PLN,C004
PL01-2024-001567,3,2024-12-18,4100 ,0.00,749.59,PLN,C004
PL01-2024-001568,1,2025-02-21,1000 ,5317.87,0.00,PLN,C004
PL01-2024-001568,2,2025-02-21,1200 ,0.00,5317.87,PLN,C004
PL01-2024-001569,1,2024-12-15,1200 ,83600.82,0.00,PLN,C025
PL01-2024-001569,2,2024-12-15,4000 ,0.00,71816.71,PLN,C025
PL01-2024-001569,3,2024-12-15,4100 ,0.00,11784.11,PLN,C025
PL01-2024-001570,1,2025-01-17,1000 ,83600.82,0.00,PLN,C025
PL01-2024-001570,2,2025-01-17,1200 ,0.00,83600.82,PLN,C025
PL01-2024-001571,1,2024-12-07,1200 ,55837.88,0.00,PLN,C034
PL01-2024-001571,2,2024-12-07,4000 ,0.00,47967.15,PLN,C034
PL01-2024-001571,3,2024-12-07,4100 ,0.00,7870.73,PLN,C034
PL01-2024-001572,1,2025-01-17,1000 ,55837.88,0.00,PLN,C034
PL01-2024-001572,2,2025-01-17,1200 ,0.00,55837.88,PLN,C034
PL01-2024-001573,1,2024-12-07,1200 ,12477.24,0.00,PLN,C024
PL01-2024-001573,2,2024-12-07,4000 ,0.00,10718.49,PLN,C024
PL01-2024-001573,3,2024-12-07,4100 ,0.00,1758.75,PLN,C024
PL01-2024-001574,1,2025-01-15,1000 ,12477.24,0.00,PLN,C024
PL01-2024-001574,2,2025-01-15,1200 ,0.00,12477.24,PLN,C024
PL01-2024-001575,1,2024-12-18,1200 ,9037.19,0.00,PLN,C037
PL01-2024-001575,2,2024-12-18,4000 ,0.00,7763.34,PLN,C037
PL01-2024-001575,3,2024-12-18,4100 ,0.00,1273.85,PLN,C037
PL01-2024-001576,1,2025-01-27,1000 ,9037.19,0.00,PLN,C037
PL01-2024-001576,2,2025-01-27,1200 ,0.00,9037.19,PLN,C037
PL01-2024-001577,1,2024-12-30,1200 ,7797.49,0.00,PLN,C028
PL01-2024-001577,2,2024-12-30,4000 ,0.00,6698.38,PLN,C028
PL01-2024-001577,3,2024-12-30,4100 ,0.00,1099.11,PLN,C028
PL01-2024-001578,1,2025-04-07,1000 ,7797.49,0.00,PLN,C028
PL01-2024-001578,2,2025-04-07,1200 ,0.00,7797.49,PLN,C028
PL01-2024-001579,1,2024-12-21,1200 ,23591.10,0.00,PLN,C025
PL01-2024-001579,2,2024-12-21,4000 ,0.00,20265.77,PLN,C025
PL01-2024-001579,3,2024-12-21,4100 ,0.00,3325.33,PLN,C025
PL01-2024-001580,1,2025-01-16,1000 ,23591.10,0.00,PLN,C025
PL01-2024-001580,2,2025-01-16,1200 ,0.00,23591.10,PLN,C025
PL01-2024-001581,1,2024-12-19,1200 ,75390.55,0.00,PLN,C034
PL01-2024-001581,2,2024-12-19,4000 ,0.00,64763.74,PLN,C034
PL01-2024-001581,3,2024-12-19,4100 ,0.00,10626.81,PLN,C034
PL01-2024-001582,1,2025-02-09,1000 ,75390.55,0.00,PLN,C034
PL01-2024-001582,2,2025-02-09,1200 ,0.00,75390.55,PLN,C034
PL01-2024-001583,1,2024-12-27,1200 ,13593.38,0.00,PLN,C022
PL01-2024-001583,2,2024-12-27,4000 ,0.00,11677.30,PLN,C022
PL01-2024-001583,3,2024-12-27,4100 ,0.00,1916.08,PLN,C022
PL01-2024-001584,1,2025-02-14,1000 ,13593.38,0.00,PLN,C022
PL01-2024-001584,2,2025-02-14,1200 ,0.00,13593.38,PLN,C022
PL01-2024-001585,1,2024-12-22,1200 ,31750.76,0.00,PLN,C012
PL01-2024-001585,2,2024-12-22,4000 ,0.00,27275.27,PLN,C012
PL01-2024-001585,3,2024-12-22,4100 ,0.00,4475.49,PLN,C012
PL01-2024-001586,1,2025-04-09,1000 ,31750.76,0.00,PLN,C012
PL01-2024-001586,2,2025-04-09,1200 ,0.00,31750.76,PLN,C012
PL01-2024-001587,1,2024-12-04,1200 ,7519.34,0.00,PLN,C039
PL01-2024-001587,2,2024-12-04,4000 ,0.00,6459.44,PLN,C039
PL01-2024-001587,3,2024-12-04,4100 ,0.00,1059.90,PLN,C039
PL01-2024-001588,1,2025-01-12,1000 ,7519.34,0.00,PLN,C039
PL01-2024-001588,2,2025-01-12,1200 ,0.00,7519.34,PLN,C039
PL01-2024-001589,1,2024-12-18,1200 ,151561.87,0.00,PLN,C034
PL01-2024-001589,2,2024-12-18,4000 ,0.00,130198.19,PLN,C034
PL01-2024-001589,3,2024-12-18,4100 ,0.00,21363.68,PLN,C034
PL01-2024-001590,1,2025-02-14,1000 ,151561.87,0.00,PLN,C034
PL01-2024-001590,2,2025-02-14,1200 ,0.00,151561.87,PLN,C034
PL01-2024-001591,1,2024-12-05,1200 ,29733.00,0.00,PLN,C039
PL01-2024-001591,2,2024-12-05,4000 ,0.00,25541.93,PLN,C039
PL01-2024-001591,3,2024-12-05,4100 ,0.00,4191.07,PLN,C039
PL01-2024-001592,1,2025-01-21,1000 ,29733.00,0.00,PLN,C039
PL01-2024-001592,2,2025-01-21,1200 ,0.00,29733.00,PLN,C039
PL01-2024-001593,1,2024-12-11,1200 ,55633.75,0.00,PLN,C030
PL01-2024-001593,2,2024-12-11,4000 ,0.00,47791.79,PLN,C030
PL01-2024-001593,3,2024-12-11,4100 ,0.00,7841.96,PLN,C030
PL01-2024-001594,1,2025-03-12,1000 ,55633.75,0.00,PLN,C030
PL01-2024-001594,2,2025-03-12,1200 ,0.00,55633.75,PLN,C030
PL01-2024-001595,1,2024-12-29,1200 ,43468.12,0.00,PLN,C030
PL01-2024-001595,2,2024-12-29,4000 ,0.00,37340.99,PLN,C030
PL01-2024-001595,3,2024-12-29,4100 ,0.00,6127.13,PLN,C030
PL01-2024-001596,1,2025-01-22,1000 ,43468.12,0.00,PLN,C030
PL01-2024-001596,2,2025-01-22,1200 ,0.00,43468.12,PLN,C030
PL01-2024-001597,1,2024-12-30,1200 ,15759.83,0.00,PLN,C023
PL01-2024-001597,2,2024-12-30,4000 ,0.00,13538.37,PLN,C023
PL01-2024-001597,3,2024-12-30,4100 ,0.00,2221.46,PLN,C023
PL01-2024-001598,1,2025-02-09,1000 ,15759.83,0.00,PLN,C023
PL01-2024-001598,2,2025-02-09,1200 ,0.00,15759.83,PLN,C023
PL01-2024-001599,1,2024-12-11,1200 ,28081.28,0.00,PLN,C037
PL01-2024-001599,2,2024-12-11,4000 ,0.00,24123.03,PLN,C037
PL01-2024-001599,3,2024-12-11,4100 ,0.00,3958.25,PLN,C037
PL01-2024-001600,1,2025-02-05,1000 ,28081.28,0.00,PLN,C037
PL01-2024-001600,2,2025-02-05,1200 ,0.00,28081.28,PLN,C037
PL01-2024-001601,1,2024-12-19,1200 ,18371.57,0.00,PLN,C024
PL01-2024-001601,2,2024-12-19,4000 ,0.00,15781.97,PLN,C024
PL01-2024-001601,3,2024-12-19,4100 ,0.00,2589.60,PLN,C024
PL01-2024-001602,1,2025-02-08,1000 ,18371.57,0.00,PLN,C024
PL01-2024-001602,2,2025-02-08,1200 ,0.00,18371.57,PLN,C024
PL01-2024-001603,1,2024-12-15,1200 ,8463.27,0.00,PLN,C006
PL01-2024-001603,2,2024-12-15,4000 ,0.00,7270.31,PLN,C006
PL01-2024-001603,3,2024-12-15,4100 ,0.00,1192.96,PLN,C006
PL01-2024-001604,1,2025-01-30,1000 ,8463.27,0.00,PLN,C006
PL01-2024-001604,2,2025-01-30,1200 ,0.00,8463.27,PLN,C006
PL01-2024-001605,1,2024-12-05,1200 ,21023.13,0.00,PLN,C038
PL01-2024-001605,2,2024-12-05,4000 ,0.00,18059.78,PLN,C038
PL01-2024-001605,3,2024-12-05,4100 ,0.00,2963.35,PLN,C038
PL01-2024-001606,1,2025-01-10,1000 ,21023.13,0.00,PLN,C038
PL01-2024-001606,2,2025-01-10,1200 ,0.00,21023.13,PLN,C038
PL01-2024-001607,1,2024-12-22,1200 ,12314.68,0.00,PLN,C004
PL01-2024-001607,2,2024-12-22,4000 ,0.00,10578.84,PLN,C004
PL01-2024-001607,3,2024-12-22,4100 ,0.00,1735.84,PLN,C004
PL01-2024-001608,1,2025-02-08,1000 ,12314.68,0.00,PLN,C004
PL01-2024-001608,2,2025-02-08,1200 ,0.00,12314.68,PLN,C004
PL01-2024-001609,1,2024-12-20,1200 ,21306.87,0.00,PLN,C002
PL01-2024-001609,2,2024-12-20,4000 ,0.00,18303.52,PLN,C002
PL01-2024-001609,3,2024-12-20,4100 ,0.00,3003.35,PLN,C002
PL01-2024-001610,1,2025-02-22,1000 ,21306.87,0.00,PLN,C002
PL01-2024-001610,2,2025-02-22,1200 ,0.00,21306.87,PLN,C002
PL01-2024-001611,1,2024-12-06,1200 ,67983.59,0.00,PLN,C004
PL01-2024-001611,2,2024-12-06,4000 ,0.00,58400.84,PLN,C004
PL01-2024-001611,3,2024-12-06,4100 ,0.00,9582.75,PLN,C004
PL01-2024-001612,1,2025-01-08,1000 ,67983.59,0.00,PLN,C004
PL01-2024-001612,2,2025-01-08,1200 ,0.00,67983.59,PLN,C004
PL01-2024-001613,1,2024-12-24,1200 ,57491.86,0.00,PLN,C020
PL01-2024-001613,2,2024-12-24,4000 ,0.00,49387.99,PLN,C020
PL01-2024-001613,3,2024-12-24,4100 ,0.00,8103.87,PLN,C020
PL01-2024-001614,1,2025-02-10,1000 ,57491.86,0.00,PLN,C020
PL01-2024-001614,2,2025-02-10,1200 ,0.00,57491.86,PLN,C020
PL01-2024-001615,1,2024-12-09,1200 ,18271.01,0.00,PLN,C016
PL01-2024-001615,2,2024-12-09,4000 ,0.00,15695.59,PLN,C016
PL01-2024-001615,3,2024-12-09,4100 ,0.00,2575.42,PLN,C016
PL01-2024-001616,1,2025-01-28,1000 ,18271.01,0.00,PLN,C016
PL01-2024-001616,2,2025-01-28,1200 ,0.00,18271.01,PLN,C016
PL01-2024-001617,1,2024-12-20,1200 ,19483.02,0.00,PLN,C021
PL01-2024-001617,2,2024-12-20,4000 ,0.00,16736.76,PLN,C021
PL01-2024-001617,3,2024-12-20,4100 ,0.00,2746.26,PLN,C021
PL01-2024-001618,1,2025-03-30,1000 ,19483.02,0.00,PLN,C021
PL01-2024-001618,2,2025-03-30,1200 ,0.00,19483.02,PLN,C021
PL01-2024-001619,1,2024-12-14,1200 ,17705.08,0.00,PLN,C005
PL01-2024-001619,2,2024-12-14,4000 ,0.00,15209.43,PLN,C005
PL01-2024-001619,3,2024-12-14,4100 ,0.00,2495.65,PLN,C005
PL01-2024-001620,1,2025-01-25,1000 ,17705.08,0.00,PLN,C005
PL01-2024-001620,2,2025-01-25,1200 ,0.00,17705.08,PLN,C005
PL01-2024-001621,1,2024-12-01,1200 ,51178.37,0.00,PLN,C033
PL01-2024-001621,2,2024-12-01,4000 ,0.00,43964.43,PLN,C033
PL01-2024-001621,3,2024-12-01,4100 ,0.00,7213.94,PLN,C033
PL01-2024-001622,1,2025-01-03,1000 ,51178.37,0.00,PLN,C033
PL01-2024-001622,2,2025-01-03,1200 ,0.00,51178.37,PLN,C033
PL01-2024-001623,1,2024-12-05,1200 ,13990.19,0.00,PLN,C010
PL01-2024-001623,2,2024-12-05,4000 ,0.00,12018.18,PLN,C010
PL01-2024-001623,3,2024-12-05,4100 ,0.00,1972.01,PLN,C010
PL01-2024-001624,1,2025-01-16,1000 ,13990.19,0.00,PLN,C010
PL01-2024-001624,2,2025-01-16,1200 ,0.00,13990.19,PLN,C010
PL01-2024-001625,1,2024-12-16,1200 ,10862.70,0.00,PLN,C001
PL01-2024-001625,2,2024-12-16,4000 ,0.00,9331.53,PLN,C001
PL01-2024-001625,3,2024-12-16,4100 ,0.00,1531.17,PLN,C001
PL01-2024-001626,1,2025-02-10,1000 ,10862.70,0.00,PLN,C001
PL01-2024-001626,2,2025-02-10,1200 ,0.00,10862.70,PLN,C001
PL01-2024-001627,1,2024-12-28,1200 ,6112.70,0.00,PLN,C032
PL01-2024-001627,2,2024-12-28,4000 ,0.00,5251.07,PLN,C032
PL01-2024-001627,3,2024-12-28,4100 ,0.00,861.63,PLN,C032
PL01-2024-001628,1,2025-02-24,1000 ,6112.70,0.00,PLN,C032
PL01-2024-001628,2,2025-02-24,1200 ,0.00,6112.70,PLN,C032
PL01-2024-001629,1,2024-12-02,1200 ,77842.28,0.00,PLN,C018
PL01-2024-001629,2,2024-12-02,4000 ,0.00,66869.88,PLN,C018
PL01-2024-001629,3,2024-12-02,4100 ,0.00,10972.40,PLN,C018
PL01-2024-001630,1,2025-01-23,1000 ,77842.28,0.00,PLN,C018
PL01-2024-001630,2,2025-01-23,1200 ,0.00,77842.28,PLN,C018
PL01-2024-001631,1,2024-12-30,1200 ,32394.17,0.00,PLN,C037
PL01-2024-001631,2,2024-12-30,4000 ,0.00,27827.99,PLN,C037
PL01-2024-001631,3,2024-12-30,4100 ,0.00,4566.18,PLN,C037
PL01-2024-001632,1,2025-02-15,1000 ,32394.17,0.00,PLN,C037
PL01-2024-001632,2,2025-02-15,1200 ,0.00,32394.17,PLN,C037
PL01-2024-001633,1,2024-12-27,1200 ,11976.00,0.00,PLN,C001
PL01-2024-001633,2,2024-12-27,4000 ,0.00,10287.90,PLN,C001
PL01-2024-001633,3,2024-12-27,4100 ,0.00,1688.10,PLN,C001
PL01-2024-001634,1,2025-02-24,1000 ,11976.00,0.00,PLN,C001
PL01-2024-001634,2,2025-02-24,1200 ,0.00,11976.00,PLN,C001
PL01-2024-001635,1,2024-12-07,1200 ,7440.31,0.00,PLN,C006
PL01-2024-001635,2,2024-12-07,4000 ,0.00,6391.55,PLN,C006
PL01-2024-001635,3,2024-12-07,4100 ,0.00,1048.76,PLN,C006
PL01-2024-001636,1,2025-02-16,1000 ,7440.31,0.00,PLN,C006
PL01-2024-001636,2,2025-02-16,1200 ,0.00,7440.31,PLN,C006
PL01-2024-001637,1,2024-12-26,1200 ,29895.14,0.00,PLN,C020
PL01-2024-001637,2,2024-12-26,4000 ,0.00,25681.22,PLN,C020
PL01-2024-001637,3,2024-12-26,4100 ,0.00,4213.92,PLN,C020
PL01-2024-001638,1,2025-02-23,1000 ,29895.14,0.00,PLN,C020
PL01-2024-001638,2,2025-02-23,1200 ,0.00,29895.14,PLN,C020
PL01-2024-001639,1,2024-12-17,1200 ,16555.03,0.00,PLN,C008
PL01-2024-001639,2,2024-12-17,4000 ,0.00,14221.49,PLN,C008
PL01-2024-001639,3,2024-12-17,4100 ,0.00,2333.54,PLN,C008
PL01-2024-001640,1,2025-02-09,1000 ,16555.03,0.00,PLN,C008
PL01-2024-001640,2,2025-02-09,1200 ,0.00,16555.03,PLN,C008
PL01-2024-001641,1,2024-12-07,1200 ,31197.11,0.00,PLN,C016
PL01-2024-001641,2,2024-12-07,4000 ,0.00,26799.66,PLN,C016
PL01-2024-001641,3,2024-12-07,4100 ,0.00,4397.45,PLN,C016
PL01-2024-001642,1,2025-01-13,1000 ,31197.11,0.00,PLN,C016
PL01-2024-001642,2,2025-01-13,1200 ,0.00,31197.11,PLN,C016
PL01-2024-001643,1,2024-12-30,1200 ,25804.14,0.00,PLN,C034
PL01-2024-001643,2,2024-12-30,4000 ,0.00,22166.87,PLN,C034
PL01-2024-001643,3,2024-12-30,4100 ,0.00,3637.27,PLN,C034
PL01-2024-001644,1,2025-02-13,1000 ,25804.14,0.00,PLN,C034
PL01-2024-001644,2,2025-02-13,1200 ,0.00,25804.14,PLN,C034
PL01-2024-001645,1,2024-12-13,1300 ,369890.11,0.00,PLN,V017
PL01-2024-001645,2,2024-12-13,2100 ,0.00,369890.11,PLN,V017
PL01-2024-001646,1,2025-01-16,2100 ,369890.11,0.00,PLN,V017
PL01-2024-001646,2,2025-01-16,1000 ,0.00,369890.11,PLN,V017
PL01-2024-001647,1,2024-12-11,1300 ,388672.77,0.00,PLN,V001
PL01-2024-001647,2,2024-12-11,2100 ,0.00,388672.77,PLN,V001
PL01-2024-001648,1,2025-01-20,2100 ,388672.77,0.00,PLN,V001
PL01-2024-001648,2,2025-01-20,1000 ,0.00,388672.77,PLN,V001
PL01-2024-001649,1,2024-12-14,1300 ,197093.31,0.00,PLN,V016
PL01-2024-001649,2,2024-12-14,2100 ,0.00,197093.31,PLN,V016
PL01-2024-001650,1,2025-01-26,2100 ,197093.31,0.00,PLN,V016
PL01-2024-001650,2,2025-01-26,1000 ,0.00,197093.31,PLN,V016
PL01-2024-001651,1,2024-12-06,1300 ,206698.64,0.00,PLN,V025
PL01-2024-001651,2,2024-12-06,2100 ,0.00,206698.64,PLN,V025
PL01-2024-001652,1,2025-01-19,2100 ,206698.64,0.00,PLN,V025
PL01-2024-001652,2,2025-01-19,1000 ,0.00,206698.64,PLN,V025
PL01-2024-001653,1,2024-12-31,5000 ,1187325.64,0.00,PLN,
PL01-2024-001653,2,2024-12-31,1300 ,0.00,1187325.64,PLN,
PL01-2024-001654,1,2024-12-06,6100 ,134698.64,0.00,PLN,V032
PL01-2024-001654,2,2024-12-06,2100 ,0.00,134698.64,PLN,V032
PL01-2024-001655,1,2025-01-19,2100 ,134698.64,0.00,PLN,V032
PL01-2024-001655,2,2025-01-19,1000 ,0.00,134698.64,PLN,V032
PL01-2024-001656,1,2024-12-07,6200 ,111554.44,0.00,PLN,V058
PL01-2024-001656,2,2024-12-07,2100 ,0.00,111554.44,PLN,V058
PL01-2024-001657,1,2025-01-14,2100 ,111554.44,0.00,PLN,V058
PL01-2024-001657,2,2025-01-14,1000 ,0.00,111554.44,PLN,V058
PL01-2024-001658,1,2024-12-01,6300 ,42959.80,0.00,PLN,V031
PL01-2024-001658,2,2024-12-01,2100 ,0.00,42959.80,PLN,V031
PL01-2024-001659,1,2025-01-08,2100 ,42959.80,0.00,PLN,V031
PL01-2024-001659,2,2025-01-08,1000 ,0.00,42959.80,PLN,V031
PL01-2024-001660,1,2024-12-05,6400 ,61398.37,0.00,PLN,V041
PL01-2024-001660,2,2024-12-05,2100 ,0.00,61398.37,PLN,V041
PL01-2024-001661,1,2025-01-15,2100 ,61398.37,0.00,PLN,V041
PL01-2024-001661,2,2025-01-15,1000 ,0.00,61398.37,PLN,V041
PL01-2024-001662,1,2024-12-25,6000 ,691240.01,0.00,PLN,
PL01-2024-001662,2,2024-12-25,1000 ,0.00,691240.01,PLN,
PL01-2024-001663,1,2024-12-31,6900 ,42708.33,0.00,PLN,
PL01-2024-001663,2,2024-12-31,1590 ,0.00,42708.33,PLN,
PL01-2025-001664,1,2025-01-02,1200 ,11551.67,0.00,PLN,C016
PL01-2025-001664,2,2025-01-02,4000 ,0.00,10059.05,PLN,C016
PL01-2025-001664,3,2025-01-02,4100 ,0.00,1492.62,PLN,C016
PL01-2025-001665,1,2025-03-24,1000 ,11551.67,0.00,PLN,C016
PL01-2025-001665,2,2025-03-24,1200 ,0.00,11551.67,PLN,C016
PL01-2025-001666,1,2025-01-08,1200 ,25838.49,0.00,PLN,C035
PL01-2025-001666,2,2025-01-08,4000 ,0.00,22499.84,PLN,C035
PL01-2025-001666,3,2025-01-08,4100 ,0.00,3338.65,PLN,C035
PL01-2025-001667,1,2025-02-17,1000 ,25838.49,0.00,PLN,C035
PL01-2025-001667,2,2025-02-17,1200 ,0.00,25838.49,PLN,C035
PL01-2025-001668,1,2025-01-17,1200 ,18587.40,0.00,PLN,C013
PL01-2025-001668,2,2025-01-17,4000 ,0.00,16185.68,PLN,C013
PL01-2025-001668,3,2025-01-17,4100 ,0.00,2401.72,PLN,C013
PL01-2025-001669,1,2025-03-13,1000 ,18587.40,0.00,PLN,C013
PL01-2025-001669,2,2025-03-13,1200 ,0.00,18587.40,PLN,C013
PL01-2025-001670,1,2025-01-12,1200 ,2764.81,0.00,PLN,C034
PL01-2025-001670,2,2025-01-12,4000 ,0.00,2407.56,PLN,C034
PL01-2025-001670,3,2025-01-12,4100 ,0.00,357.25,PLN,C034
PL01-2025-001671,1,2025-02-20,1000 ,2764.81,0.00,PLN,C034
PL01-2025-001671,2,2025-02-20,1200 ,0.00,2764.81,PLN,C034
PL01-2025-001672,1,2025-01-08,1200 ,4483.67,0.00,PLN,C026
PL01-2025-001672,2,2025-01-08,4000 ,0.00,3904.33,PLN,C026
PL01-2025-001672,3,2025-01-08,4100 ,0.00,579.34,PLN,C026
PL01-2025-001673,1,2025-02-19,1000 ,4483.67,0.00,PLN,C026
PL01-2025-001673,2,2025-02-19,1200 ,0.00,4483.67,PLN,C026
PL01-2025-001674,1,2025-01-12,1200 ,20487.02,0.00,PLN,C008
PL01-2025-001674,2,2025-01-12,4000 ,0.00,17839.85,PLN,C008
PL01-2025-001674,3,2025-01-12,4100 ,0.00,2647.17,PLN,C008
PL01-2025-001675,1,2025-03-05,1000 ,20487.02,0.00,PLN,C008
PL01-2025-001675,2,2025-03-05,1200 ,0.00,20487.02,PLN,C008
PL01-2025-001676,1,2025-01-30,1200 ,48504.19,0.00,PLN,C024
PL01-2025-001676,2,2025-01-30,4000 ,0.00,42236.86,PLN,C024
PL01-2025-001676,3,2025-01-30,4100 ,0.00,6267.33,PLN,C024
PL01-2025-001677,1,2025-04-02,1000 ,48504.19,0.00,PLN,C024
PL01-2025-001677,2,2025-04-02,1200 ,0.00,48504.19,PLN,C024
PL01-2025-001678,1,2025-01-20,1200 ,11056.37,0.00,PLN,C028
PL01-2025-001678,2,2025-01-20,4000 ,0.00,9627.75,PLN,C028
PL01-2025-001678,3,2025-01-20,4100 ,0.00,1428.62,PLN,C028
PL01-2025-001679,1,2025-02-25,1000 ,11056.37,0.00,PLN,C028
PL01-2025-001679,2,2025-02-25,1200 ,0.00,11056.37,PLN,C028
PL01-2025-001680,1,2025-01-06,1200 ,14085.92,0.00,PLN,C028
PL01-2025-001680,2,2025-01-06,4000 ,0.00,12265.85,PLN,C028
PL01-2025-001680,3,2025-01-06,4100 ,0.00,1820.07,PLN,C028
PL01-2025-001681,1,2025-02-19,1000 ,14085.92,0.00,PLN,C028
PL01-2025-001681,2,2025-02-19,1200 ,0.00,14085.92,PLN,C028
PL01-2025-001682,1,2025-01-28,1200 ,8375.19,0.00,PLN,C008
PL01-2025-001682,2,2025-01-28,4000 ,0.00,7293.01,PLN,C008
PL01-2025-001682,3,2025-01-28,4100 ,0.00,1082.18,PLN,C008
PL01-2025-001683,1,2025-03-17,1000 ,8375.19,0.00,PLN,C008
PL01-2025-001683,2,2025-03-17,1200 ,0.00,8375.19,PLN,C008
PL01-2025-001684,1,2025-01-23,1200 ,15097.70,0.00,PLN,C018
PL01-2025-001684,2,2025-01-23,4000 ,0.00,13146.89,PLN,C018
PL01-2025-001684,3,2025-01-23,4100 ,0.00,1950.81,PLN,C018
PL01-2025-001685,1,2025-02-22,1000 ,15097.70,0.00,PLN,C018
PL01-2025-001685,2,2025-02-22,1200 ,0.00,15097.70,PLN,C018
PL01-2025-001686,1,2025-01-19,1200 ,24587.37,0.00,PLN,C035
PL01-2025-001686,2,2025-01-19,4000 ,0.00,21410.38,PLN,C035
PL01-2025-001686,3,2025-01-19,4100 ,0.00,3176.99,PLN,C035
PL01-2025-001687,1,2025-02-19,1000 ,24587.37,0.00,PLN,C035
PL01-2025-001687,2,2025-02-19,1200 ,0.00,24587.37,PLN,C035
PL01-2025-001688,1,2025-01-11,1200 ,288565.10,0.00,PLN,C034
PL01-2025-001688,2,2025-01-11,4000 ,0.00,251278.98,PLN,C034
PL01-2025-001688,3,2025-01-11,4100 ,0.00,37286.12,PLN,C034
PL01-2025-001689,1,2025-03-02,1000 ,288565.10,0.00,PLN,C034
PL01-2025-001689,2,2025-03-02,1200 ,0.00,288565.10,PLN,C034
PL01-2025-001690,1,2025-01-21,1200 ,20974.90,0.00,PLN,C002
PL01-2025-001690,2,2025-01-21,4000 ,0.00,18264.69,PLN,C002
PL01-2025-001690,3,2025-01-21,4100 ,0.00,2710.21,PLN,C002
PL01-2025-001691,1,2025-03-28,1000 ,20974.90,0.00,PLN,C002
PL01-2025-001691,2,2025-03-28,1200 ,0.00,20974.90,PLN,C002
PL01-2025-001692,1,2025-01-28,1200 ,5763.55,0.00,PLN,C021
PL01-2025-001692,2,2025-01-28,4000 ,0.00,5018.83,PLN,C021
PL01-2025-001692,3,2025-01-28,4100 ,0.00,744.72,PLN,C021
PL01-2025-001693,1,2025-03-10,1000 ,5763.55,0.00,PLN,C021
PL01-2025-001693,2,2025-03-10,1200 ,0.00,5763.55,PLN,C021
PL01-2025-001694,1,2025-01-24,1200 ,13650.28,0.00,PLN,C026
PL01-2025-001694,2,2025-01-24,4000 ,0.00,11886.50,PLN,C026
PL01-2025-001694,3,2025-01-24,4100 ,0.00,1763.78,PLN,C026
PL01-2025-001695,1,2025-02-24,1000 ,13650.28,0.00,PLN,C026
PL01-2025-001695,2,2025-02-24,1200 ,0.00,13650.28,PLN,C026
PL01-2025-001696,1,2025-01-30,1200 ,34004.38,0.00,PLN,C030
PL01-2025-001696,2,2025-01-30,4000 ,0.00,29610.60,PLN,C030
PL01-2025-001696,3,2025-01-30,4100 ,0.00,4393.78,PLN,C030
PL01-2025-001697,1,2025-04-01,1000 ,34004.38,0.00,PLN,C030
PL01-2025-001697,2,2025-04-01,1200 ,0.00,34004.38,PLN,C030
PL01-2025-001698,1,2025-01-19,1200 ,8808.74,0.00,PLN,C022
PL01-2025-001698,2,2025-01-19,4000 ,0.00,7670.54,PLN,C022
PL01-2025-001698,3,2025-01-19,4100 ,0.00,1138.20,PLN,C022
PL01-2025-001699,1,2025-03-11,1000 ,8808.74,0.00,PLN,C022
PL01-2025-001699,2,2025-03-11,1200 ,0.00,8808.74,PLN,C022
PL01-2025-001700,1,2025-01-02,1200 ,20646.83,0.00,PLN,C004
PL01-2025-001700,2,2025-01-02,4000 ,0.00,17979.01,PLN,C004
PL01-2025-001700,3,2025-01-02,4100 ,0.00,2667.82,PLN,C004
PL01-2025-001701,1,2025-02-03,1000 ,20646.83,0.00,PLN,C004
PL01-2025-001701,2,2025-02-03,1200 ,0.00,20646.83,PLN,C004
PL01-2025-001702,1,2025-01-26,1200 ,27532.07,0.00,PLN,C004
PL01-2025-001702,2,2025-01-26,4000 ,0.00,23974.59,PLN,C004
PL01-2025-001702,3,2025-01-26,4100 ,0.00,3557.48,PLN,C004
PL01-2025-001703,1,2025-03-15,1000 ,27532.07,0.00,PLN,C004
PL01-2025-001703,2,2025-03-15,1200 ,0.00,27532.07,PLN,C004
PL01-2025-001704,1,2025-01-03,1200 ,107718.27,0.00,PLN,C018
PL01-2025-001704,2,2025-01-03,4000 ,0.00,93799.76,PLN,C018
PL01-2025-001704,3,2025-01-03,4100 ,0.00,13918.51,PLN,C018
PL01-2025-001705,1,2025-03-11,1000 ,107718.27,0.00,PLN,C018
PL01-2025-001705,2,2025-03-11,1200 ,0.00,107718.27,PLN,C018
PL01-2025-001706,1,2025-01-12,1200 ,7757.79,0.00,PLN,C005
PL01-2025-001706,2,2025-01-12,4000 ,0.00,6755.39,PLN,C005
PL01-2025-001706,3,2025-01-12,4100 ,0.00,1002.40,PLN,C005
PL01-2025-001707,1,2025-02-17,1000 ,7757.79,0.00,PLN,C005
PL01-2025-001707,2,2025-02-17,1200 ,0.00,7757.79,PLN,C005
PL01-2025-001708,1,2025-01-15,1200 ,65412.24,0.00,PLN,C005
PL01-2025-001708,2,2025-01-15,4000 ,0.00,56960.18,PLN,C005
PL01-2025-001708,3,2025-01-15,4100 ,0.00,8452.06,PLN,C005
PL01-2025-001709,1,2025-02-18,1000 ,65412.24,0.00,PLN,C005
PL01-2025-001709,2,2025-02-18,1200 ,0.00,65412.24,PLN,C005
PL01-2025-001710,1,2025-01-19,1200 ,11832.16,0.00,PLN,C039
PL01-2025-001710,2,2025-01-19,4000 ,0.00,10303.30,PLN,C039
PL01-2025-001710,3,2025-01-19,4100 ,0.00,1528.86,PLN,C039
PL01-2025-001711,1,2025-03-04,1000 ,11832.16,0.00,PLN,C039
PL01-2025-001711,2,2025-03-04,1200 ,0.00,11832.16,PLN,C039
PL01-2025-001712,1,2025-01-08,1200 ,22017.67,0.00,PLN,C036
PL01-2025-001712,2,2025-01-08,4000 ,0.00,19172.72,PLN,C036
PL01-2025-001712,3,2025-01-08,4100 ,0.00,2844.95,PLN,C036
PL01-2025-001713,1,2025-03-09,1000 ,22017.67,0.00,PLN,C036
PL01-2025-001713,2,2025-03-09,1200 ,0.00,22017.67,PLN,C036
PL01-2025-001714,1,2025-01-19,1200 ,76114.46,0.00,PLN,C033
PL01-2025-001714,2,2025-01-19,4000 ,0.00,66279.55,PLN,C033
PL01-2025-001714,3,2025-01-19,4100 ,0.00,9834.91,PLN,C033
PL01-2025-001715,1,2025-02-20,1000 ,76114.46,0.00,PLN,C033
PL01-2025-001715,2,2025-02-20,1200 ,0.00,76114.46,PLN,C033
PL01-2025-001716,1,2025-01-26,1200 ,46482.57,0.00,PLN,C028
PL01-2025-001716,2,2025-01-26,4000 ,0.00,40476.46,PLN,C028
PL01-2025-001716,3,2025-01-26,4100 ,0.00,6006.11,PLN,C028
PL01-2025-001717,1,2025-04-07,1000 ,46482.57,0.00,PLN,C028
PL01-2025-001717,2,2025-04-07,1200 ,0.00,46482.57,PLN,C028
PL01-2025-001718,1,2025-01-05,1200 ,25116.90,0.00,PLN,C005
PL01-2025-001718,2,2025-01-05,4000 ,0.00,21871.49,PLN,C005
PL01-2025-001718,3,2025-01-05,4100 ,0.00,3245.41,PLN,C005
PL01-2025-001719,1,2025-03-03,1000 ,25116.90,0.00,PLN,C005
PL01-2025-001719,2,2025-03-03,1200 ,0.00,25116.90,PLN,C005
PL01-2025-001720,1,2025-01-13,1200 ,73840.41,0.00,PLN,C026
PL01-2025-001720,2,2025-01-13,4000 ,0.00,64299.33,PLN,C026
PL01-2025-001720,3,2025-01-13,4100 ,0.00,9541.08,PLN,C026
PL01-2025-001721,1,2025-02-24,1000 ,73840.41,0.00,PLN,C026
PL01-2025-001721,2,2025-02-24,1200 ,0.00,73840.41,PLN,C026
PL01-2025-001722,1,2025-01-07,1200 ,56920.12,0.00,PLN,C025
PL01-2025-001722,2,2025-01-07,4000 ,0.00,49565.35,PLN,C025
PL01-2025-001722,3,2025-01-07,4100 ,0.00,7354.77,PLN,C025
PL01-2025-001723,1,2025-02-01,1000 ,56920.12,0.00,PLN,C025
PL01-2025-001723,2,2025-02-01,1200 ,0.00,56920.12,PLN,C025
PL01-2025-001724,1,2025-01-15,1200 ,11070.90,0.00,PLN,C027
PL01-2025-001724,2,2025-01-15,4000 ,0.00,9640.41,PLN,C027
PL01-2025-001724,3,2025-01-15,4100 ,0.00,1430.49,PLN,C027
PL01-2025-001725,1,2025-02-21,1000 ,11070.90,0.00,PLN,C027
PL01-2025-001725,2,2025-02-21,1200 ,0.00,11070.90,PLN,C027
PL01-2025-001726,1,2025-01-23,1200 ,9788.17,0.00,PLN,C027
PL01-2025-001726,2,2025-01-23,4000 ,0.00,8523.42,PLN,C027
PL01-2025-001726,3,2025-01-23,4100 ,0.00,1264.75,PLN,C027
PL01-2025-001727,1,2025-02-23,1000 ,9788.17,0.00,PLN,C027
PL01-2025-001727,2,2025-02-23,1200 ,0.00,9788.17,PLN,C027
PL01-2025-001728,1,2025-01-18,1200 ,14204.94,0.00,PLN,C018
PL01-2025-001728,2,2025-01-18,4000 ,0.00,12369.49,PLN,C018
PL01-2025-001728,3,2025-01-18,4100 ,0.00,1835.45,PLN,C018
PL01-2025-001729,1,2025-02-20,1000 ,14204.94,0.00,PLN,C018
PL01-2025-001729,2,2025-02-20,1200 ,0.00,14204.94,PLN,C018
PL01-2025-001730,1,2025-01-17,1200 ,19942.75,0.00,PLN,C014
PL01-2025-001730,2,2025-01-17,4000 ,0.00,17365.90,PLN,C014
PL01-2025-001730,3,2025-01-17,4100 ,0.00,2576.85,PLN,C014
PL01-2025-001731,1,2025-03-27,1000 ,19942.75,0.00,PLN,C014
PL01-2025-001731,2,2025-03-27,1200 ,0.00,19942.75,PLN,C014
PL01-2025-001732,1,2025-01-01,1200 ,24115.04,0.00,PLN,C002
PL01-2025-001732,2,2025-01-01,4000 ,0.00,20999.08,PLN,C002
PL01-2025-001732,3,2025-01-01,4100 ,0.00,3115.96,PLN,C002
PL01-2025-001733,1,2025-02-26,1000 ,24115.04,0.00,PLN,C002
PL01-2025-001733,2,2025-02-26,1200 ,0.00,24115.04,PLN,C002
PL01-2025-001734,1,2025-01-04,1200 ,22188.64,0.00,PLN,C003
PL01-2025-001734,2,2025-01-04,4000 ,0.00,19321.60,PLN,C003
PL01-2025-001734,3,2025-01-04,4100 ,0.00,2867.04,PLN,C003
PL01-2025-001735,1,2025-02-11,1000 ,22188.64,0.00,PLN,C003
PL01-2025-001735,2,2025-02-11,1200 ,0.00,22188.64,PLN,C003
PL01-2025-001736,1,2025-01-05,1200 ,45169.58,0.00,PLN,C027
PL01-2025-001736,2,2025-01-05,4000 ,0.00,39333.12,PLN,C027
PL01-2025-001736,3,2025-01-05,4100 ,0.00,5836.46,PLN,C027
PL01-2025-001737,1,2025-02-20,1000 ,45169.58,0.00,PLN,C027
PL01-2025-001737,2,2025-02-20,1200 ,0.00,45169.58,PLN,C027
PL01-2025-001738,1,2025-01-03,1200 ,41691.30,0.00,PLN,C010
PL01-2025-001738,2,2025-01-03,4000 ,0.00,36304.28,PLN,C010
PL01-2025-001738,3,2025-01-03,4100 ,0.00,5387.02,PLN,C010
PL01-2025-001739,1,2025-03-25,1000 ,41691.30,0.00,PLN,C010
PL01-2025-001739,2,2025-03-25,1200 ,0.00,41691.30,PLN,C010
PL01-2025-001740,1,2025-01-27,1200 ,26662.01,0.00,PLN,C025
PL01-2025-001740,2,2025-01-27,4000 ,0.00,23216.95,PLN,C025
PL01-2025-001740,3,2025-01-27,4100 ,0.00,3445.06,PLN,C025
PL01-2025-001741,1,2025-04-04,1000 ,26662.01,0.00,PLN,C025
PL01-2025-001741,2,2025-04-04,1200 ,0.00,26662.01,PLN,C025
PL01-2025-001742,1,2025-01-29,1200 ,46107.28,0.00,PLN,C029
PL01-2025-001742,2,2025-01-29,4000 ,0.00,40149.66,PLN,C029
PL01-2025-001742,3,2025-01-29,4100 ,0.00,5957.62,PLN,C029
PL01-2025-001743,1,2025-03-06,1000 ,46107.28,0.00,PLN,C029
PL01-2025-001743,2,2025-03-06,1200 ,0.00,46107.28,PLN,C029
PL01-2025-001744,1,2025-01-09,1200 ,9119.84,0.00,PLN,C010
PL01-2025-001744,2,2025-01-09,4000 ,0.00,7941.45,PLN,C010
PL01-2025-001744,3,2025-01-09,4100 ,0.00,1178.39,PLN,C010
PL01-2025-001745,1,2025-03-14,1000 ,9119.84,0.00,PLN,C010
PL01-2025-001745,2,2025-03-14,1200 ,0.00,9119.84,PLN,C010
PL01-2025-001746,1,2025-01-27,1200 ,39356.59,0.00,PLN,C015
PL01-2025-001746,2,2025-01-27,4000 ,0.00,34271.24,PLN,C015
PL01-2025-001746,3,2025-01-27,4100 ,0.00,5085.35,PLN,C015
PL01-2025-001747,1,2025-02-27,1000 ,39356.59,0.00,PLN,C015
PL01-2025-001747,2,2025-02-27,1200 ,0.00,39356.59,PLN,C015
PL01-2025-001748,1,2025-01-07,1200 ,15185.84,0.00,PLN,C034
PL01-2025-001748,2,2025-01-07,4000 ,0.00,13223.64,PLN,C034
PL01-2025-001748,3,2025-01-07,4100 ,0.00,1962.20,PLN,C034
PL01-2025-001749,1,2025-02-24,1000 ,15185.84,0.00,PLN,C034
PL01-2025-001749,2,2025-02-24,1200 ,0.00,15185.84,PLN,C034
PL01-2025-001750,1,2025-01-05,1200 ,5113.87,0.00,PLN,C012
PL01-2025-001750,2,2025-01-05,4000 ,0.00,4453.10,PLN,C012
PL01-2025-001750,3,2025-01-05,4100 ,0.00,660.77,PLN,C012
PL01-2025-001751,1,2025-02-02,1000 ,5113.87,0.00,PLN,C012
PL01-2025-001751,2,2025-02-02,1200 ,0.00,5113.87,PLN,C012
PL01-2025-001752,1,2025-01-31,1200 ,6965.58,0.00,PLN,C015
PL01-2025-001752,2,2025-01-31,4000 ,0.00,6065.54,PLN,C015
PL01-2025-001752,3,2025-01-31,4100 ,0.00,900.04,PLN,C015
PL01-2025-001753,1,2025-03-14,1000 ,6965.58,0.00,PLN,C015
PL01-2025-001753,2,2025-03-14,1200 ,0.00,6965.58,PLN,C015
PL01-2025-001754,1,2025-01-03,1200 ,10443.19,0.00,PLN,C011
PL01-2025-001754,2,2025-01-03,4000 ,0.00,9093.80,PLN,C011
PL01-2025-001754,3,2025-01-03,4100 ,0.00,1349.39,PLN,C011
PL01-2025-001755,1,2025-02-14,1000 ,10443.19,0.00,PLN,C011
PL01-2025-001755,2,2025-02-14,1200 ,0.00,10443.19,PLN,C011
PL01-2025-001756,1,2025-01-18,1200 ,61217.10,0.00,PLN,C040
PL01-2025-001756,2,2025-01-18,4000 ,0.00,53307.11,PLN,C040
PL01-2025-001756,3,2025-01-18,4100 ,0.00,7909.99,PLN,C040
PL01-2025-001757,1,2025-03-18,1000 ,61217.10,0.00,PLN,C040
PL01-2025-001757,2,2025-03-18,1200 ,0.00,61217.10,PLN,C040
PL01-2025-001758,1,2025-01-20,1200 ,12811.71,0.00,PLN,C007
PL01-2025-001758,2,2025-01-20,4000 ,0.00,11156.28,PLN,C007
PL01-2025-001758,3,2025-01-20,4100 ,0.00,1655.43,PLN,C007
PL01-2025-001759,1,2025-03-16,1000 ,12811.71,0.00,PLN,C007
PL01-2025-001759,2,2025-03-16,1200 ,0.00,12811.71,PLN,C007
PL01-2025-001760,1,2025-01-03,1200 ,13947.60,0.00,PLN,C028
PL01-2025-001760,2,2025-01-03,4000 ,0.00,12145.40,PLN,C028
PL01-2025-001760,3,2025-01-03,4100 ,0.00,1802.20,PLN,C028
PL01-2025-001761,1,2025-02-28,1000 ,13947.60,0.00,PLN,C028
PL01-2025-001761,2,2025-02-28,1200 ,0.00,13947.60,PLN,C028
PL01-2025-001762,1,2025-01-29,1200 ,65653.60,0.00,PLN,C038
PL01-2025-001762,2,2025-01-29,4000 ,0.00,57170.36,PLN,C038
PL01-2025-001762,3,2025-01-29,4100 ,0.00,8483.24,PLN,C038
PL01-2025-001763,1,2025-03-11,1000 ,65653.60,0.00,PLN,C038
PL01-2025-001763,2,2025-03-11,1200 ,0.00,65653.60,PLN,C038
PL01-2025-001764,1,2025-01-12,1200 ,38929.73,0.00,PLN,C037
PL01-2025-001764,2,2025-01-12,4000 ,0.00,33899.54,PLN,C037
PL01-2025-001764,3,2025-01-12,4100 ,0.00,5030.19,PLN,C037
PL01-2025-001765,1,2025-03-18,1000 ,38929.73,0.00,PLN,C037
PL01-2025-001765,2,2025-03-18,1200 ,0.00,38929.73,PLN,C037
PL01-2025-001766,1,2025-01-28,1200 ,20653.45,0.00,PLN,C025
PL01-2025-001766,2,2025-01-28,4000 ,0.00,17984.77,PLN,C025
PL01-2025-001766,3,2025-01-28,4100 ,0.00,2668.68,PLN,C025
PL01-2025-001767,1,2025-03-10,1000 ,20653.45,0.00,PLN,C025
PL01-2025-001767,2,2025-03-10,1200 ,0.00,20653.45,PLN,C025
PL01-2025-001768,1,2025-01-25,1200 ,134421.21,0.00,PLN,C004
PL01-2025-001768,2,2025-01-25,4000 ,0.00,117052.35,PLN,C004
PL01-2025-001768,3,2025-01-25,4100 ,0.00,17368.86,PLN,C004
PL01-2025-001769,1,2025-03-25,1000 ,134421.21,0.00,PLN,C004
PL01-2025-001769,2,2025-03-25,1200 ,0.00,134421.21,PLN,C004
PL01-2025-001770,1,2025-01-23,1200 ,16789.46,0.00,PLN,C002
PL01-2025-001770,2,2025-01-23,4000 ,0.00,14620.06,PLN,C002
PL01-2025-001770,3,2025-01-23,4100 ,0.00,2169.40,PLN,C002
PL01-2025-001771,1,2025-03-01,1000 ,16789.46,0.00,PLN,C002
PL01-2025-001771,2,2025-03-01,1200 ,0.00,16789.46,PLN,C002
PL01-2025-001772,1,2025-01-10,1200 ,11387.27,0.00,PLN,C036
PL01-2025-001772,2,2025-01-10,4000 ,0.00,9915.90,PLN,C036
PL01-2025-001772,3,2025-01-10,4100 ,0.00,1471.37,PLN,C036
PL01-2025-001773,1,2025-02-18,1000 ,11387.27,0.00,PLN,C036
PL01-2025-001773,2,2025-02-18,1200 ,0.00,11387.27,PLN,C036
PL01-2025-001774,1,2025-01-02,1200 ,8995.88,0.00,PLN,C009
PL01-2025-001774,2,2025-01-02,4000 ,0.00,7833.50,PLN,C009
PL01-2025-001774,3,2025-01-02,4100 ,0.00,1162.38,PLN,C009
PL01-2025-001775,1,2025-02-15,1000 ,8995.88,0.00,PLN,C009
PL01-2025-001775,2,2025-02-15,1200 ,0.00,8995.88,PLN,C009
PL01-2025-001776,1,2025-01-19,1200 ,9088.55,0.00,PLN,C009
PL01-2025-001776,2,2025-01-19,4000 ,0.00,7914.20,PLN,C009
PL01-2025-001776,3,2025-01-19,4100 ,0.00,1174.35,PLN,C009
PL01-2025-001777,1,2025-02-28,1000 ,9088.55,0.00,PLN,C009
PL01-2025-001777,2,2025-02-28,1200 ,0.00,9088.55,PLN,C009
PL01-2025-001778,1,2025-01-09,1200 ,17890.53,0.00,PLN,C018
PL01-2025-001778,2,2025-01-09,4000 ,0.00,15578.86,PLN,C018
PL01-2025-001778,3,2025-01-09,4100 ,0.00,2311.67,PLN,C018
PL01-2025-001779,1,2025-02-26,1000 ,17890.53,0.00,PLN,C018
PL01-2025-001779,2,2025-02-26,1200 ,0.00,17890.53,PLN,C018
PL01-2025-001780,1,2025-01-31,1200 ,14205.27,0.00,PLN,C036
PL01-2025-001780,2,2025-01-31,4000 ,0.00,12369.78,PLN,C036
PL01-2025-001780,3,2025-01-31,4100 ,0.00,1835.49,PLN,C036
PL01-2025-001781,1,2025-04-18,1000 ,14205.27,0.00,PLN,C036
PL01-2025-001781,2,2025-04-18,1200 ,0.00,14205.27,PLN,C036
PL01-2025-001782,1,2025-01-05,1200 ,7344.89,0.00,PLN,C017
PL01-2025-001782,2,2025-01-05,4000 ,0.00,6395.84,PLN,C017
PL01-2025-001782,3,2025-01-05,4100 ,0.00,949.05,PLN,C017
PL01-2025-001783,1,2025-02-28,1000 ,7344.89,0.00,PLN,C017
PL01-2025-001783,2,2025-02-28,1200 ,0.00,7344.89,PLN,C017
PL01-2025-001784,1,2025-01-10,1200 ,15344.93,0.00,PLN,C005
PL01-2025-001784,2,2025-01-10,4000 ,0.00,13362.18,PLN,C005
PL01-2025-001784,3,2025-01-10,4100 ,0.00,1982.75,PLN,C005
PL01-2025-001785,1,2025-02-28,1000 ,15344.93,0.00,PLN,C005
PL01-2025-001785,2,2025-02-28,1200 ,0.00,15344.93,PLN,C005
PL01-2025-001786,1,2025-01-12,1300 ,436524.14,0.00,PLN,V004
PL01-2025-001786,2,2025-01-12,2100 ,0.00,436524.14,PLN,V004
PL01-2025-001787,1,2025-02-20,2100 ,436524.14,0.00,PLN,V004
PL01-2025-001787,2,2025-02-20,1000 ,0.00,436524.14,PLN,V004
PL01-2025-001788,1,2025-01-03,1300 ,69476.91,0.00,PLN,V018
PL01-2025-001788,2,2025-01-03,2100 ,0.00,69476.91,PLN,V018
PL01-2025-001789,1,2025-02-27,2100 ,69476.91,0.00,PLN,V018
PL01-2025-001789,2,2025-02-27,1000 ,0.00,69476.91,PLN,V018
PL01-2025-001790,1,2025-01-20,1300 ,188385.92,0.00,PLN,V014
PL01-2025-001790,2,2025-01-20,2100 ,0.00,188385.92,PLN,V014
PL01-2025-001791,1,2025-03-11,2100 ,188385.92,0.00,PLN,V014
PL01-2025-001791,2,2025-03-11,1000 ,0.00,188385.92,PLN,V014
PL01-2025-001792,1,2025-01-21,1300 ,75693.93,0.00,PLN,V013
PL01-2025-001792,2,2025-01-21,2100 ,0.00,75693.93,PLN,V013
PL01-2025-001793,1,2025-02-23,2100 ,75693.93,0.00,PLN,V013
PL01-2025-001793,2,2025-02-23,1000 ,0.00,75693.93,PLN,V013
PL01-2025-001794,1,2025-01-11,1300 ,200822.07,0.00,PLN,V017
PL01-2025-001794,2,2025-01-11,2100 ,0.00,200822.07,PLN,V017
PL01-2025-001795,1,2025-02-23,2100 ,200822.07,0.00,PLN,V017
PL01-2025-001795,2,2025-02-23,1000 ,0.00,200822.07,PLN,V017
PL01-2025-001796,1,2025-01-31,5000 ,989393.67,0.00,PLN,
PL01-2025-001796,2,2025-01-31,1300 ,0.00,989393.67,PLN,
PL01-2025-001797,1,2025-01-11,6100 ,73617.22,0.00,PLN,V043
PL01-2025-001797,2,2025-01-11,2100 ,0.00,73617.22,PLN,V043
PL01-2025-001798,1,2025-02-19,2100 ,73617.22,0.00,PLN,V043
PL01-2025-001798,2,2025-02-19,1000 ,0.00,73617.22,PLN,V043
PL01-2025-001799,1,2025-01-16,6200 ,88427.07,0.00,PLN,V030
PL01-2025-001799,2,2025-01-16,2100 ,0.00,88427.07,PLN,V030
PL01-2025-001800,1,2025-02-25,2100 ,88427.07,0.00,PLN,V030
PL01-2025-001800,2,2025-02-25,1000 ,0.00,88427.07,PLN,V030
PL01-2025-001801,1,2025-01-17,6300 ,30256.74,0.00,PLN,V039
PL01-2025-001801,2,2025-01-17,2100 ,0.00,30256.74,PLN,V039
PL01-2025-001802,1,2025-03-02,2100 ,30256.74,0.00,PLN,V039
PL01-2025-001802,2,2025-03-02,1000 ,0.00,30256.74,PLN,V039
PL01-2025-001803,1,2025-01-17,6400 ,61692.71,0.00,PLN,V046
PL01-2025-001803,2,2025-01-17,2100 ,0.00,61692.71,PLN,V046
PL01-2025-001804,1,2025-02-26,2100 ,61692.71,0.00,PLN,V046
PL01-2025-001804,2,2025-02-26,1000 ,0.00,61692.71,PLN,V046
PL01-2025-001805,1,2025-01-25,6000 ,698558.38,0.00,PLN,
PL01-2025-001805,2,2025-01-25,1000 ,0.00,698558.38,PLN,
PL01-2025-001806,1,2025-01-31,6900 ,42708.33,0.00,PLN,
PL01-2025-001806,2,2025-01-31,1590 ,0.00,42708.33,PLN,
PL01-2025-001807,1,2025-02-17,1200 ,14822.24,0.00,PLN,C038
PL01-2025-001807,2,2025-02-17,4000 ,0.00,12816.20,PLN,C038
PL01-2025-001807,3,2025-02-17,4100 ,0.00,2006.04,PLN,C038
PL01-2025-001808,1,2025-05-02,1000 ,14822.24,0.00,PLN,C038
PL01-2025-001808,2,2025-05-02,1200 ,0.00,14822.24,PLN,C038
PL01-2025-001809,1,2025-02-18,1200 ,27131.48,0.00,PLN,C004
PL01-2025-001809,2,2025-02-18,4000 ,0.00,23459.51,PLN,C004
PL01-2025-001809,3,2025-02-18,4100 ,0.00,3671.97,PLN,C004
PL01-2025-001810,1,2025-04-27,1000 ,27131.48,0.00,PLN,C004
PL01-2025-001810,2,2025-04-27,1200 ,0.00,27131.48,PLN,C004
PL01-2025-001811,1,2025-02-26,1200 ,13077.06,0.00,PLN,C036
PL01-2025-001811,2,2025-02-26,4000 ,0.00,11307.21,PLN,C036
PL01-2025-001811,3,2025-02-26,4100 ,0.00,1769.85,PLN,C036
PL01-2025-001812,1,2025-03-28,1000 ,13077.06,0.00,PLN,C036
PL01-2025-001812,2,2025-03-28,1200 ,0.00,13077.06,PLN,C036
PL01-2025-001813,1,2025-02-24,1200 ,33746.90,0.00,PLN,C026
PL01-2025-001813,2,2025-02-24,4000 ,0.00,29179.60,PLN,C026
PL01-2025-001813,3,2025-02-24,4100 ,0.00,4567.30,PLN,C026
PL01-2025-001814,1,2025-04-03,1000 ,33746.90,0.00,PLN,C026
PL01-2025-001814,2,2025-04-03,1200 ,0.00,33746.90,PLN,C026
PL01-2025-001815,1,2025-02-10,1200 ,35929.79,0.00,PLN,C019
PL01-2025-001815,2,2025-02-10,4000 ,0.00,31067.05,PLN,C019
PL01-2025-001815,3,2025-02-10,4100 ,0.00,4862.74,PLN,C019
PL01-2025-001816,1,2025-03-19,1000 ,35929.79,0.00,PLN,C019
PL01-2025-001816,2,2025-03-19,1200 ,0.00,35929.79,PLN,C019
PL01-2025-001817,1,2025-02-15,1200 ,101223.63,0.00,PLN,C014
PL01-2025-001817,2,2025-02-15,4000 ,0.00,87524.03,PLN,C014
PL01-2025-001817,3,2025-02-15,4100 ,0.00,13699.60,PLN,C014
PL01-2025-001818,1,2025-03-30,1000 ,101223.63,0.00,PLN,C014
PL01-2025-001818,2,2025-03-30,1200 ,0.00,101223.63,PLN,C014
PL01-2025-001819,1,2025-02-23,1200 ,26902.81,0.00,PLN,C015
PL01-2025-001819,2,2025-02-23,4000 ,0.00,23261.79,PLN,C015
PL01-2025-001819,3,2025-02-23,4100 ,0.00,3641.02,PLN,C015
PL01-2025-001820,1,2025-05-12,1000 ,26902.81,0.00,PLN,C015
PL01-2025-001820,2,2025-05-12,1200 ,0.00,26902.81,PLN,C015
PL01-2025-001821,1,2025-02-09,1200 ,23633.24,0.00,PLN,C010
PL01-2025-001821,2,2025-02-09,4000 ,0.00,20434.72,PLN,C010
PL01-2025-001821,3,2025-02-09,4100 ,0.00,3198.52,PLN,C010
PL01-2025-001822,1,2025-03-20,1000 ,23633.24,0.00,PLN,C010
PL01-2025-001822,2,2025-03-20,1200 ,0.00,23633.24,PLN,C010
PL01-2025-001823,1,2025-02-22,1200 ,7778.53,0.00,PLN,C004
PL01-2025-001823,2,2025-02-22,4000 ,0.00,6725.78,PLN,C004
PL01-2025-001823,3,2025-02-22,4100 ,0.00,1052.75,PLN,C004
PL01-2025-001824,1,2025-04-26,1000 ,7778.53,0.00,PLN,C004
PL01-2025-001824,2,2025-04-26,1200 ,0.00,7778.53,PLN,C004
PL01-2025-001825,1,2025-02-14,1200 ,9244.32,0.00,PLN,C009
PL01-2025-001825,2,2025-02-14,4000 ,0.00,7993.19,PLN,C009
PL01-2025-001825,3,2025-02-14,4100 ,0.00,1251.13,PLN,C009
PL01-2025-001826,1,2025-04-22,1000 ,9244.32,0.00,PLN,C009
PL01-2025-001826,2,2025-04-22,1200 ,0.00,9244.32,PLN,C009
PL01-2025-001827,1,2025-02-13,1200 ,58515.15,0.00,PLN,C001
PL01-2025-001827,2,2025-02-13,4000 ,0.00,50595.71,PLN,C001
PL01-2025-001827,3,2025-02-13,4100 ,0.00,7919.44,PLN,C001
PL01-2025-001828,1,2025-05-20,1000 ,58515.15,0.00,PLN,C001
PL01-2025-001828,2,2025-05-20,1200 ,0.00,58515.15,PLN,C001
PL01-2025-001829,1,2025-02-24,1200 ,20675.73,0.00,PLN,C027
PL01-2025-001829,2,2025-02-24,4000 ,0.00,17877.48,PLN,C027
PL01-2025-001829,3,2025-02-24,4100 ,0.00,2798.25,PLN,C027
PL01-2025-001830,1,2025-04-01,1000 ,20675.73,0.00,PLN,C027
PL01-2025-001830,2,2025-04-01,1200 ,0.00,20675.73,PLN,C027
PL01-2025-001831,1,2025-02-05,1200 ,9407.77,0.00,PLN,C028
PL01-2025-001831,2,2025-02-05,4000 ,0.00,8134.52,PLN,C028
PL01-2025-001831,3,2025-02-05,4100 ,0.00,1273.25,PLN,C028
PL01-2025-001832,1,2025-04-23,1000 ,9407.77,0.00,PLN,C028
PL01-2025-001832,2,2025-04-23,1200 ,0.00,9407.77,PLN,C028
PL01-2025-001833,1,2025-02-11,1200 ,19917.89,0.00,PLN,C013
PL01-2025-001833,2,2025-02-11,4000 ,0.00,17222.20,PLN,C013
PL01-2025-001833,3,2025-02-11,4100 ,0.00,2695.69,PLN,C013
PL01-2025-001834,1,2025-03-17,1000 ,19917.89,0.00,PLN,C013
PL01-2025-001834,2,2025-03-17,1200 ,0.00,19917.89,PLN,C013
PL01-2025-001835,1,2025-02-03,1200 ,126823.56,0.00,PLN,C003
PL01-2025-001835,2,2025-02-03,4000 ,0.00,109659.27,PLN,C003
PL01-2025-001835,3,2025-02-03,4100 ,0.00,17164.29,PLN,C003
PL01-2025-001836,1,2025-03-08,1000 ,126823.56,0.00,PLN,C003
PL01-2025-001836,2,2025-03-08,1200 ,0.00,126823.56,PLN,C003
PL01-2025-001837,1,2025-02-26,1200 ,6196.66,0.00,PLN,C017
PL01-2025-001837,2,2025-02-26,4000 ,0.00,5358.00,PLN,C017
PL01-2025-001837,3,2025-02-26,4100 ,0.00,838.66,PLN,C017
PL01-2025-001838,1,2025-05-04,1000 ,6196.66,0.00,PLN,C017
PL01-2025-001838,2,2025-05-04,1200 ,0.00,6196.66,PLN,C017
PL01-2025-001839,1,2025-02-25,1200 ,117156.16,0.00,PLN,C019
PL01-2025-001839,2,2025-02-25,4000 ,0.00,101300.25,PLN,C019
PL01-2025-001839,3,2025-02-25,4100 ,0.00,15855.91,PLN,C019
PL01-2025-001840,1,2025-04-12,1000 ,117156.16,0.00,PLN,C019
PL01-2025-001840,2,2025-04-12,1200 ,0.00,117156.16,PLN,C019
PL01-2025-001841,1,2025-02-19,1200 ,20063.13,0.00,PLN,C029
PL01-2025-001841,2,2025-02-19,4000 ,0.00,17347.79,PLN,C029
PL01-2025-001841,3,2025-02-19,4100 ,0.00,2715.34,PLN,C029
PL01-2025-001842,1,2025-03-18,1000 ,20063.13,0.00,PLN,C029
PL01-2025-001842,2,2025-03-18,1200 ,0.00,20063.13,PLN,C029
PL01-2025-001843,1,2025-02-24,1200 ,12232.53,0.00,PLN,C004
PL01-2025-001843,2,2025-02-24,4000 ,0.00,10576.98,PLN,C004
PL01-2025-001843,3,2025-02-24,4100 ,0.00,1655.55,PLN,C004
PL01-2025-001844,1,2025-04-13,1000 ,12232.53,0.00,PLN,C004
PL01-2025-001844,2,2025-04-13,1200 ,0.00,12232.53,PLN,C004
PL01-2025-001845,1,2025-02-24,1200 ,16345.45,0.00,PLN,C020
PL01-2025-001845,2,2025-02-24,4000 ,0.00,14133.26,PLN,C020
PL01-2025-001845,3,2025-02-24,4100 ,0.00,2212.19,PLN,C020
PL01-2025-001846,1,2025-04-29,1000 ,16345.45,0.00,PLN,C020
PL01-2025-001846,2,2025-04-29,1200 ,0.00,16345.45,PLN,C020
PL01-2025-001847,1,2025-02-02,1200 ,29175.46,0.00,PLN,C016
PL01-2025-001847,2,2025-02-02,4000 ,0.00,25226.85,PLN,C016
PL01-2025-001847,3,2025-02-02,4100 ,0.00,3948.61,PLN,C016
PL01-2025-001848,1,2025-03-06,1000 ,29175.46,0.00,PLN,C016
PL01-2025-001848,2,2025-03-06,1200 ,0.00,29175.46,PLN,C016
PL01-2025-001849,1,2025-02-13,1200 ,14213.39,0.00,PLN,C005
PL01-2025-001849,2,2025-02-13,4000 ,0.00,12289.75,PLN,C005
PL01-2025-001849,3,2025-02-13,4100 ,0.00,1923.64,PLN,C005
PL01-2025-001850,1,2025-05-03,1000 ,14213.39,0.00,PLN,C005
PL01-2025-001850,2,2025-05-03,1200 ,0.00,14213.39,PLN,C005
PL01-2025-001851,1,2025-02-16,1200 ,22011.95,0.00,PLN,C034
PL01-2025-001851,2,2025-02-16,4000 ,0.00,19032.85,PLN,C034
PL01-2025-001851,3,2025-02-16,4100 ,0.00,2979.10,PLN,C034
PL01-2025-001852,1,2025-04-14,1000 ,22011.95,0.00,PLN,C034
PL01-2025-001852,2,2025-04-14,1200 ,0.00,22011.95,PLN,C034
PL01-2025-001853,1,2025-02-06,1200 ,76054.91,0.00,PLN,C017
PL01-2025-001853,2,2025-02-06,4000 ,0.00,65761.64,PLN,C017
PL01-2025-001853,3,2025-02-06,4100 ,0.00,10293.27,PLN,C017
PL01-2025-001854,1,2025-03-24,1000 ,76054.91,0.00,PLN,C017
PL01-2025-001854,2,2025-03-24,1200 ,0.00,76054.91,PLN,C017
PL01-2025-001855,1,2025-02-19,1200 ,87239.94,0.00,PLN,C034
PL01-2025-001855,2,2025-02-19,4000 ,0.00,75432.89,PLN,C034
PL01-2025-001855,3,2025-02-19,4100 ,0.00,11807.05,PLN,C034
PL01-2025-001856,1,2025-04-02,1000 ,87239.94,0.00,PLN,C034
PL01-2025-001856,2,2025-04-02,1200 ,0.00,87239.94,PLN,C034
PL01-2025-001857,1,2025-02-09,1200 ,49942.66,0.00,PLN,C011
PL01-2025-001857,2,2025-02-09,4000 ,0.00,43183.42,PLN,C011
PL01-2025-001857,3,2025-02-09,4100 ,0.00,6759.24,PLN,C011
PL01-2025-001858,1,2025-02-25,1000 ,49942.66,0.00,PLN,C011
PL01-2025-001858,2,2025-02-25,1200 ,0.00,49942.66,PLN,C011
PL01-2025-001859,1,2025-02-22,1200 ,23938.61,0.00,PLN,C017
PL01-2025-001859,2,2025-02-22,4000 ,0.00,20698.76,PLN,C017
PL01-2025-001859,3,2025-02-22,4100 ,0.00,3239.85,PLN,C017
PL01-2025-001860,1,2025-04-07,1000 ,23938.61,0.00,PLN,C017
PL01-2025-001860,2,2025-04-07,1200 ,0.00,23938.61,PLN,C017
PL01-2025-001861,1,2025-02-14,1200 ,19731.97,0.00,PLN,C021
PL01-2025-001861,2,2025-02-14,4000 ,0.00,17061.45,PLN,C021
PL01-2025-001861,3,2025-02-14,4100 ,0.00,2670.52,PLN,C021
PL01-2025-001862,1,2025-04-13,1000 ,19731.97,0.00,PLN,C021
PL01-2025-001862,2,2025-04-13,1200 ,0.00,19731.97,PLN,C021
PL01-2025-001863,1,2025-02-13,1200 ,90123.05,0.00,PLN,C018
PL01-2025-001863,2,2025-02-13,4000 ,0.00,77925.80,PLN,C018
PL01-2025-001863,3,2025-02-13,4100 ,0.00,12197.25,PLN,C018
PL01-2025-001864,1,2025-05-01,1000 ,90123.05,0.00,PLN,C018
PL01-2025-001864,2,2025-05-01,1200 ,0.00,90123.05,PLN,C018
PL01-2025-001865,1,2025-02-20,1200 ,17818.06,0.00,PLN,C033
PL01-2025-001865,2,2025-02-20,4000 ,0.00,15406.56,PLN,C033
PL01-2025-001865,3,2025-02-20,4100 ,0.00,2411.50,PLN,C033
PL01-2025-001866,1,2025-03-31,1000 ,17818.06,0.00,PLN,C033
PL01-2025-001866,2,2025-03-31,1200 ,0.00,17818.06,PLN,C033
PL01-2025-001867,1,2025-02-21,1200 ,5329.54,0.00,PLN,C018
PL01-2025-001867,2,2025-02-21,4000 ,0.00,4608.24,PLN,C018
PL01-2025-001867,3,2025-02-21,4100 ,0.00,721.30,PLN,C018
PL01-2025-001868,1,2025-03-28,1000 ,5329.54,0.00,PLN,C018
PL01-2025-001868,2,2025-03-28,1200 ,0.00,5329.54,PLN,C018
PL01-2025-001869,1,2025-02-12,1200 ,6941.48,0.00,PLN,C027
PL01-2025-001869,2,2025-02-12,4000 ,0.00,6002.02,PLN,C027
PL01-2025-001869,3,2025-02-12,4100 ,0.00,939.46,PLN,C027
PL01-2025-001870,1,2025-03-14,1000 ,6941.48,0.00,PLN,C027
PL01-2025-001870,2,2025-03-14,1200 ,0.00,6941.48,PLN,C027
PL01-2025-001871,1,2025-02-24,1200 ,26027.94,0.00,PLN,C025
PL01-2025-001871,2,2025-02-24,4000 ,0.00,22505.32,PLN,C025
PL01-2025-001871,3,2025-02-24,4100 ,0.00,3522.62,PLN,C025
PL01-2025-001872,1,2025-05-08,1000 ,26027.94,0.00,PLN,C025
PL01-2025-001872,2,2025-05-08,1200 ,0.00,26027.94,PLN,C025
PL01-2025-001873,1,2025-02-26,1200 ,26513.53,0.00,PLN,C034
PL01-2025-001873,2,2025-02-26,4000 ,0.00,22925.19,PLN,C034
PL01-2025-001873,3,2025-02-26,4100 ,0.00,3588.34,PLN,C034
PL01-2025-001874,1,2025-05-03,1000 ,26513.53,0.00,PLN,C034
PL01-2025-001874,2,2025-05-03,1200 ,0.00,26513.53,PLN,C034
PL01-2025-001875,1,2025-02-05,1200 ,35979.88,0.00,PLN,C031
PL01-2025-001875,2,2025-02-05,4000 ,0.00,31110.37,PLN,C031
PL01-2025-001875,3,2025-02-05,4100 ,0.00,4869.51,PLN,C031
PL01-2025-001876,1,2025-03-17,1000 ,35979.88,0.00,PLN,C031
PL01-2025-001876,2,2025-03-17,1200 ,0.00,35979.88,PLN,C031
PL01-2025-001877,1,2025-02-26,1200 ,15436.65,0.00,PLN,C028
PL01-2025-001877,2,2025-02-26,4000 ,0.00,13347.45,PLN,C028
PL01-2025-001877,3,2025-02-26,4100 ,0.00,2089.20,PLN,C028
PL01-2025-001878,1,2025-04-15,1000 ,15436.65,0.00,PLN,C028
PL01-2025-001878,2,2025-04-15,1200 ,0.00,15436.65,PLN,C028
PL01-2025-001879,1,2025-02-18,1200 ,11588.75,0.00,PLN,C019
PL01-2025-001879,2,2025-02-18,4000 ,0.00,10020.33,PLN,C019
PL01-2025-001879,3,2025-02-18,4100 ,0.00,1568.42,PLN,C019
PL01-2025-001880,1,2025-03-27,1000 ,11588.75,0.00,PLN,C019
PL01-2025-001880,2,2025-03-27,1200 ,0.00,11588.75,PLN,C019
PL01-2025-001881,1,2025-02-04,1200 ,30974.61,0.00,PLN,C031
PL01-2025-001881,2,2025-02-04,4000 ,0.00,26782.51,PLN,C031
PL01-2025-001881,3,2025-02-04,4100 ,0.00,4192.10,PLN,C031
PL01-2025-001882,1,2025-03-11,1000 ,30974.61,0.00,PLN,C031
PL01-2025-001882,2,2025-03-11,1200 ,0.00,30974.61,PLN,C031
PL01-2025-001883,1,2025-02-21,1200 ,32597.58,0.00,PLN,C032
PL01-2025-001883,2,2025-02-21,4000 ,0.00,28185.83,PLN,C032
PL01-2025-001883,3,2025-02-21,4100 ,0.00,4411.75,PLN,C032
PL01-2025-001884,1,2025-04-10,1000 ,32597.58,0.00,PLN,C032
PL01-2025-001884,2,2025-04-10,1200 ,0.00,32597.58,PLN,C032
PL01-2025-001885,1,2025-02-01,1200 ,6365.78,0.00,PLN,C003
PL01-2025-001885,2,2025-02-01,4000 ,0.00,5504.24,PLN,C003
PL01-2025-001885,3,2025-02-01,4100 ,0.00,861.54,PLN,C003
PL01-2025-001886,1,2025-03-20,1000 ,6365.78,0.00,PLN,C003
PL01-2025-001886,2,2025-03-20,1200 ,0.00,6365.78,PLN,C003
PL01-2025-001887,1,2025-02-26,1200 ,38509.63,0.00,PLN,C007
PL01-2025-001887,2,2025-02-26,4000 ,0.00,33297.74,PLN,C007
PL01-2025-001887,3,2025-02-26,4100 ,0.00,5211.89,PLN,C007
PL01-2025-001888,1,2025-03-19,1000 ,38509.63,0.00,PLN,C007
PL01-2025-001888,2,2025-03-19,1200 ,0.00,38509.63,PLN,C007
PL01-2025-001889,1,2025-02-17,1200 ,87721.27,0.00,PLN,C029
PL01-2025-001889,2,2025-02-17,4000 ,0.00,75849.08,PLN,C029
PL01-2025-001889,3,2025-02-17,4100 ,0.00,11872.19,PLN,C029
PL01-2025-001890,1,2025-04-09,1000 ,87721.27,0.00,PLN,C029
PL01-2025-001890,2,2025-04-09,1200 ,0.00,87721.27,PLN,C029
PL01-2025-001891,1,2025-02-15,1200 ,18191.49,0.00,PLN,C020
PL01-2025-001891,2,2025-02-15,4000 ,0.00,15729.45,PLN,C020
PL01-2025-001891,3,2025-02-15,4100 ,0.00,2462.04,PLN,C020
PL01-2025-001892,1,2025-03-12,1000 ,18191.49,0.00,PLN,C020
PL01-2025-001892,2,2025-03-12,1200 ,0.00,18191.49,PLN,C020
PL01-2025-001893,1,2025-02-06,1200 ,15667.68,0.00,PLN,C007
PL01-2025-001893,2,2025-02-06,4000 ,0.00,13547.22,PLN,C007
PL01-2025-001893,3,2025-02-06,4100 ,0.00,2120.46,PLN,C007
PL01-2025-001894,1,2025-04-11,1000 ,15667.68,0.00,PLN,C007
PL01-2025-001894,2,2025-04-11,1200 ,0.00,15667.68,PLN,C007
PL01-2025-001895,1,2025-02-20,1200 ,10602.34,0.00,PLN,C039
PL01-2025-001895,2,2025-02-20,4000 ,0.00,9167.42,PLN,C039
PL01-2025-001895,3,2025-02-20,4100 ,0.00,1434.92,PLN,C039
PL01-2025-001896,1,2025-04-11,1000 ,10602.34,0.00,PLN,C039
PL01-2025-001896,2,2025-04-11,1200 ,0.00,10602.34,PLN,C039
PL01-2025-001897,1,2025-02-13,1200 ,5566.87,0.00,PLN,C029
PL01-2025-001897,2,2025-02-13,4000 ,0.00,4813.45,PLN,C029
PL01-2025-001897,3,2025-02-13,4100 ,0.00,753.42,PLN,C029
PL01-2025-001898,1,2025-04-02,1000 ,5566.87,0.00,PLN,C029
PL01-2025-001898,2,2025-04-02,1200 ,0.00,5566.87,PLN,C029
PL01-2025-001899,1,2025-02-15,1200 ,71213.78,0.00,PLN,C037
PL01-2025-001899,2,2025-02-15,4000 ,0.00,61575.71,PLN,C037
PL01-2025-001899,3,2025-02-15,4100 ,0.00,9638.07,PLN,C037
PL01-2025-001900,1,2025-04-12,1000 ,71213.78,0.00,PLN,C037
PL01-2025-001900,2,2025-04-12,1200 ,0.00,71213.78,PLN,C037
PL01-2025-001901,1,2025-02-05,1200 ,36257.68,0.00,PLN,C029
PL01-2025-001901,2,2025-02-05,4000 ,0.00,31350.57,PLN,C029
PL01-2025-001901,3,2025-02-05,4100 ,0.00,4907.11,PLN,C029
PL01-2025-001902,1,2025-03-24,1000 ,36257.68,0.00,PLN,C029
PL01-2025-001902,2,2025-03-24,1200 ,0.00,36257.68,PLN,C029
PL01-2025-001903,1,2025-02-18,1200 ,9968.05,0.00,PLN,C020
PL01-2025-001903,2,2025-02-18,4000 ,0.00,8618.97,PLN,C020
PL01-2025-001903,3,2025-02-18,4100 ,0.00,1349.08,PLN,C020
PL01-2025-001904,1,2025-03-27,1000 ,9968.05,0.00,PLN,C020
PL01-2025-001904,2,2025-03-27,1200 ,0.00,9968.05,PLN,C020
PL01-2025-001905,1,2025-02-25,1200 ,30810.87,0.00,PLN,C001
PL01-2025-001905,2,2025-02-25,4000 ,0.00,26640.93,PLN,C001
PL01-2025-001905,3,2025-02-25,4100 ,0.00,4169.94,PLN,C001
PL01-2025-001906,1,2025-04-28,1000 ,30810.87,0.00,PLN,C001
PL01-2025-001906,2,2025-04-28,1200 ,0.00,30810.87,PLN,C001
PL01-2025-001907,1,2025-02-28,1200 ,10805.08,0.00,PLN,C013
PL01-2025-001907,2,2025-02-28,4000 ,0.00,9342.72,PLN,C013
PL01-2025-001907,3,2025-02-28,4100 ,0.00,1462.36,PLN,C013
PL01-2025-001908,1,2025-05-03,1000 ,10805.08,0.00,PLN,C013
PL01-2025-001908,2,2025-05-03,1200 ,0.00,10805.08,PLN,C013
PL01-2025-001909,1,2025-02-03,1200 ,11298.70,0.00,PLN,C017
PL01-2025-001909,2,2025-02-03,4000 ,0.00,9769.53,PLN,C017
PL01-2025-001909,3,2025-02-03,4100 ,0.00,1529.17,PLN,C017
PL01-2025-001910,1,2025-03-02,1000 ,11298.70,0.00,PLN,C017
PL01-2025-001910,2,2025-03-02,1200 ,0.00,11298.70,PLN,C017
PL01-2025-001911,1,2025-02-28,1200 ,76613.65,0.00,PLN,C036
PL01-2025-001911,2,2025-02-28,4000 ,0.00,66244.76,PLN,C036
PL01-2025-001911,3,2025-02-28,4100 ,0.00,10368.89,PLN,C036
PL01-2025-001912,1,2025-04-09,1000 ,76613.65,0.00,PLN,C036
PL01-2025-001912,2,2025-04-09,1200 ,0.00,76613.65,PLN,C036
PL01-2025-001913,1,2025-02-21,1200 ,39471.32,0.00,PLN,C009
PL01-2025-001913,2,2025-02-21,4000 ,0.00,34129.27,PLN,C009
PL01-2025-001913,3,2025-02-21,4100 ,0.00,5342.05,PLN,C009
PL01-2025-001914,1,2025-04-09,1000 ,39471.32,0.00,PLN,C009
PL01-2025-001914,2,2025-04-09,1200 ,0.00,39471.32,PLN,C009
PL01-2025-001915,1,2025-02-01,1200 ,25494.36,0.00,PLN,C024
PL01-2025-001915,2,2025-02-01,4000 ,0.00,22043.95,PLN,C024
PL01-2025-001915,3,2025-02-01,4100 ,0.00,3450.41,PLN,C024
PL01-2025-001916,1,2025-04-03,1000 ,25494.36,0.00,PLN,C024
PL01-2025-001916,2,2025-04-03,1200 ,0.00,25494.36,PLN,C024
PL01-2025-001917,1,2025-02-02,1200 ,35655.14,0.00,PLN,C038
PL01-2025-001917,2,2025-02-02,4000 ,0.00,30829.58,PLN,C038
PL01-2025-001917,3,2025-02-02,4100 ,0.00,4825.56,PLN,C038
PL01-2025-001918,1,2025-04-04,1000 ,35655.14,0.00,PLN,C038
PL01-2025-001918,2,2025-04-04,1200 ,0.00,35655.14,PLN,C038
PL01-2025-001919,1,2025-02-24,1200 ,13146.86,0.00,PLN,C003
PL01-2025-001919,2,2025-02-24,4000 ,0.00,11367.56,PLN,C003
PL01-2025-001919,3,2025-02-24,4100 ,0.00,1779.30,PLN,C003
PL01-2025-001920,1,2025-04-07,1000 ,13146.86,0.00,PLN,C003
PL01-2025-001920,2,2025-04-07,1200 ,0.00,13146.86,PLN,C003
PL01-2025-001921,1,2025-02-04,1200 ,102456.05,0.00,PLN,C009
PL01-2025-001921,2,2025-02-04,4000 ,0.00,88589.65,PLN,C009
PL01-2025-001921,3,2025-02-04,4100 ,0.00,13866.40,PLN,C009
PL01-2025-001922,1,2025-03-23,1000 ,102456.05,0.00,PLN,C009
PL01-2025-001922,2,2025-03-23,1200 ,0.00,102456.05,PLN,C009
PL01-2025-001923,1,2025-02-05,1200 ,110520.82,0.00,PLN,C006
PL01-2025-001923,2,2025-02-05,4000 ,0.00,95562.94,PLN,C006
PL01-2025-001923,3,2025-02-05,4100 ,0.00,14957.88,PLN,C006
PL01-2025-001924,1,2025-03-05,1000 ,110520.82,0.00,PLN,C006
PL01-2025-001924,2,2025-03-05,1200 ,0.00,110520.82,PLN,C006
PL01-2025-001925,1,2025-02-16,1200 ,15126.92,0.00,PLN,C031
PL01-2025-001925,2,2025-02-16,4000 ,0.00,13079.64,PLN,C031
PL01-2025-001925,3,2025-02-16,4100 ,0.00,2047.28,PLN,C031
PL01-2025-001926,1,2025-04-19,1000 ,15126.92,0.00,PLN,C031
PL01-2025-001926,2,2025-04-19,1200 ,0.00,15126.92,PLN,C031
PL01-2025-001927,1,2025-02-27,1200 ,8136.68,0.00,PLN,C003
PL01-2025-001927,2,2025-02-27,4000 ,0.00,7035.46,PLN,C003
PL01-2025-001927,3,2025-02-27,4100 ,0.00,1101.22,PLN,C003
PL01-2025-001928,1,2025-04-17,1000 ,8136.68,0.00,PLN,C003
PL01-2025-001928,2,2025-04-17,1200 ,0.00,8136.68,PLN,C003
PL01-2025-001929,1,2025-02-01,1200 ,17731.87,0.00,PLN,C007
PL01-2025-001929,2,2025-02-01,4000 ,0.00,15332.04,PLN,C007
PL01-2025-001929,3,2025-02-01,4100 ,0.00,2399.83,PLN,C007
PL01-2025-001930,1,2025-04-05,1000 ,17731.87,0.00,PLN,C007
PL01-2025-001930,2,2025-04-05,1200 ,0.00,17731.87,PLN,C007
PL01-2025-001931,1,2025-02-03,1200 ,5053.22,0.00,PLN,C036
PL01-2025-001931,2,2025-02-03,4000 ,0.00,4369.32,PLN,C036
PL01-2025-001931,3,2025-02-03,4100 ,0.00,683.90,PLN,C036
PL01-2025-001932,1,2025-03-08,1000 ,5053.22,0.00,PLN,C036
PL01-2025-001932,2,2025-03-08,1200 ,0.00,5053.22,PLN,C036
PL01-2025-001933,1,2025-02-16,1200 ,17534.85,0.00,PLN,C021
PL01-2025-001933,2,2025-02-16,4000 ,0.00,15161.68,PLN,C021
PL01-2025-001933,3,2025-02-16,4100 ,0.00,2373.17,PLN,C021
PL01-2025-001934,1,2025-03-17,1000 ,17534.85,0.00,PLN,C021
PL01-2025-001934,2,2025-03-17,1200 ,0.00,17534.85,PLN,C021
PL01-2025-001935,1,2025-02-08,1300 ,170882.23,0.00,PLN,V022
PL01-2025-001935,2,2025-02-08,2100 ,0.00,170882.23,PLN,V022
PL01-2025-001936,1,2025-03-23,2100 ,170882.23,0.00,PLN,V022
PL01-2025-001936,2,2025-03-23,1000 ,0.00,170882.23,PLN,V022
PL01-2025-001937,1,2025-02-15,1300 ,470948.56,0.00,PLN,V012
PL01-2025-001937,2,2025-02-15,2100 ,0.00,470948.56,PLN,V012
PL01-2025-001938,1,2025-03-29,2100 ,470948.56,0.00,PLN,V012
PL01-2025-001938,2,2025-03-29,1000 ,0.00,470948.56,PLN,V012
PL01-2025-001939,1,2025-02-09,1300 ,465966.90,0.00,PLN,V008
PL01-2025-001939,2,2025-02-09,2100 ,0.00,465966.90,PLN,V008
PL01-2025-001940,1,2025-03-20,2100 ,465966.90,0.00,PLN,V008
PL01-2025-001940,2,2025-03-20,1000 ,0.00,465966.90,PLN,V008
PL01-2025-001941,1,2025-02-28,5000 ,1093510.78,0.00,PLN,
PL01-2025-001941,2,2025-02-28,1300 ,0.00,1093510.78,PLN,
PL01-2025-001942,1,2025-02-16,6100 ,98883.58,0.00,PLN,V048
PL01-2025-001942,2,2025-02-16,2100 ,0.00,98883.58,PLN,V048
PL01-2025-001943,1,2025-03-28,2100 ,98883.58,0.00,PLN,V048
PL01-2025-001943,2,2025-03-28,1000 ,0.00,98883.58,PLN,V048
PL01-2025-001944,1,2025-02-02,6200 ,72889.26,0.00,PLN,V036
PL01-2025-001944,2,2025-02-02,2100 ,0.00,72889.26,PLN,V036
PL01-2025-001945,1,2025-03-12,2100 ,72889.26,0.00,PLN,V036
PL01-2025-001945,2,2025-03-12,1000 ,0.00,72889.26,PLN,V036
PL01-2025-001946,1,2025-02-20,6300 ,35486.11,0.00,PLN,V035
PL01-2025-001946,2,2025-02-20,2100 ,0.00,35486.11,PLN,V035
PL01-2025-001947,1,2025-03-31,2100 ,35486.11,0.00,PLN,V035
PL01-2025-001947,2,2025-03-31,1000 ,0.00,35486.11,PLN,V035
PL01-2025-001948,1,2025-02-18,6400 ,45988.11,0.00,PLN,V035
PL01-2025-001948,2,2025-02-18,2100 ,0.00,45988.11,PLN,V035
PL01-2025-001949,1,2025-04-09,2100 ,45988.11,0.00,PLN,V035
PL01-2025-001949,2,2025-04-09,1000 ,0.00,45988.11,PLN,V035
PL01-2025-001950,1,2025-02-25,6000 ,702813.20,0.00,PLN,
PL01-2025-001950,2,2025-02-25,1000 ,0.00,702813.20,PLN,
PL01-2025-001951,1,2025-02-28,6900 ,42708.33,0.00,PLN,
PL01-2025-001951,2,2025-02-28,1590 ,0.00,42708.33,PLN,
PL01-2025-001952,1,2025-03-14,1200 ,45058.44,0.00,PLN,C002
PL01-2025-001952,2,2025-03-14,4000 ,0.00,38678.27,PLN,C002
PL01-2025-001952,3,2025-03-14,4100 ,0.00,6380.17,PLN,C002
PL01-2025-001953,1,2025-04-21,1000 ,45058.44,0.00,PLN,C002
PL01-2025-001953,2,2025-04-21,1200 ,0.00,45058.44,PLN,C002
PL01-2025-001954,1,2025-03-22,1200 ,32502.42,0.00,PLN,C018
PL01-2025-001954,2,2025-03-22,4000 ,0.00,27900.15,PLN,C018
PL01-2025-001954,3,2025-03-22,4100 ,0.00,4602.27,PLN,C018
PL01-2025-001955,1,2025-05-11,1000 ,32502.42,0.00,PLN,C018
PL01-2025-001955,2,2025-05-11,1200 ,0.00,32502.42,PLN,C018
PL01-2025-001956,1,2025-03-06,1200 ,14276.02,0.00,PLN,C012
PL01-2025-001956,2,2025-03-06,4000 ,0.00,12254.57,PLN,C012
PL01-2025-001956,3,2025-03-06,4100 ,0.00,2021.45,PLN,C012
PL01-2025-001957,1,2025-04-14,1000 ,14276.02,0.00,PLN,C012
PL01-2025-001957,2,2025-04-14,1200 ,0.00,14276.02,PLN,C012
PL01-2025-001958,1,2025-03-17,1200 ,16418.50,0.00,PLN,C025
PL01-2025-001958,2,2025-03-17,4000 ,0.00,14093.68,PLN,C025
PL01-2025-001958,3,2025-03-17,4100 ,0.00,2324.82,PLN,C025
PL01-2025-001959,1,2025-05-07,1000 ,16418.50,0.00,PLN,C025
PL01-2025-001959,2,2025-05-07,1200 ,0.00,16418.50,PLN,C025
PL01-2025-001960,1,2025-03-16,1200 ,24179.58,0.00,PLN,C017
PL01-2025-001960,2,2025-03-16,4000 ,0.00,20755.81,PLN,C017
PL01-2025-001960,3,2025-03-16,4100 ,0.00,3423.77,PLN,C017
PL01-2025-001961,1,2025-06-03,1000 ,24179.58,0.00,PLN,C017
PL01-2025-001961,2,2025-06-03,1200 ,0.00,24179.58,PLN,C017
PL01-2025-001962,1,2025-03-07,1200 ,41069.23,0.00,PLN,C013
PL01-2025-001962,2,2025-03-07,4000 ,0.00,35253.92,PLN,C013
PL01-2025-001962,3,2025-03-07,4100 ,0.00,5815.31,PLN,C013
PL01-2025-001963,1,2025-04-20,1000 ,41069.23,0.00,PLN,C013
PL01-2025-001963,2,2025-04-20,1200 ,0.00,41069.23,PLN,C013
PL01-2025-001964,1,2025-03-31,1200 ,20967.24,0.00,PLN,C005
PL01-2025-001964,2,2025-03-31,4000 ,0.00,17998.33,PLN,C005
PL01-2025-001964,3,2025-03-31,4100 ,0.00,2968.91,PLN,C005
PL01-2025-001965,1,2025-05-06,1000 ,20967.24,0.00,PLN,C005
PL01-2025-001965,2,2025-05-06,1200 ,0.00,20967.24,PLN,C005
PL01-2025-001966,1,2025-03-30,1200 ,35663.00,0.00,PLN,C036
PL01-2025-001966,2,2025-03-30,4000 ,0.00,30613.20,PLN,C036
PL01-2025-001966,3,2025-03-30,4100 ,0.00,5049.80,PLN,C036
PL01-2025-001967,1,2025-05-10,1000 ,35663.00,0.00,PLN,C036
PL01-2025-001967,2,2025-05-10,1200 ,0.00,35663.00,PLN,C036
PL01-2025-001968,1,2025-03-03,1200 ,40420.01,0.00,PLN,C030
PL01-2025-001968,2,2025-03-03,4000 ,0.00,34696.63,PLN,C030
PL01-2025-001968,3,2025-03-03,4100 ,0.00,5723.38,PLN,C030
PL01-2025-001969,1,2025-04-03,1000 ,40420.01,0.00,PLN,C030
PL01-2025-001969,2,2025-04-03,1200 ,0.00,40420.01,PLN,C030
PL01-2025-001970,1,2025-03-12,1200 ,25390.67,0.00,PLN,C026
PL01-2025-001970,2,2025-03-12,4000 ,0.00,21795.41,PLN,C026
PL01-2025-001970,3,2025-03-12,4100 ,0.00,3595.26,PLN,C026
PL01-2025-001971,1,2025-05-19,1000 ,25390.67,0.00,PLN,C026
PL01-2025-001971,2,2025-05-19,1200 ,0.00,25390.67,PLN,C026
PL01-2025-001972,1,2025-03-09,1200 ,25691.49,0.00,PLN,C011
PL01-2025-001972,2,2025-03-09,4000 ,0.00,22053.63,PLN,C011
PL01-2025-001972,3,2025-03-09,4100 ,0.00,3637.86,PLN,C011
PL01-2025-001973,1,2025-04-04,1000 ,25691.49,0.00,PLN,C011
PL01-2025-001973,2,2025-04-04,1200 ,0.00,25691.49,PLN,C011
PL01-2025-001974,1,2025-03-12,1200 ,5275.22,0.00,PLN,C034
PL01-2025-001974,2,2025-03-12,4000 ,0.00,4528.26,PLN,C034
PL01-2025-001974,3,2025-03-12,4100 ,0.00,746.96,PLN,C034
PL01-2025-001975,1,2025-05-17,1000 ,5275.22,0.00,PLN,C034
PL01-2025-001975,2,2025-05-17,1200 ,0.00,5275.22,PLN,C034
PL01-2025-001976,1,2025-03-24,1200 ,36000.85,0.00,PLN,C021
PL01-2025-001976,2,2025-03-24,4000 ,0.00,30903.21,PLN,C021
PL01-2025-001976,3,2025-03-24,4100 ,0.00,5097.64,PLN,C021
PL01-2025-001977,1,2025-05-02,1000 ,36000.85,0.00,PLN,C021
PL01-2025-001977,2,2025-05-02,1200 ,0.00,36000.85,PLN,C021
PL01-2025-001978,1,2025-03-19,1200 ,67029.11,0.00,PLN,C034
PL01-2025-001978,2,2025-03-19,4000 ,0.00,57537.94,PLN,C034
PL01-2025-001978,3,2025-03-19,4100 ,0.00,9491.17,PLN,C034
PL01-2025-001979,1,2025-05-08,1000 ,67029.11,0.00,PLN,C034
PL01-2025-001979,2,2025-05-08,1200 ,0.00,67029.11,PLN,C034
PL01-2025-001980,1,2025-03-15,1200 ,14718.70,0.00,PLN,C023
PL01-2025-001980,2,2025-03-15,4000 ,0.00,12634.57,PLN,C023
PL01-2025-001980,3,2025-03-15,4100 ,0.00,2084.13,PLN,C023
PL01-2025-001981,1,2025-04-26,1000 ,14718.70,0.00,PLN,C023
PL01-2025-001981,2,2025-04-26,1200 ,0.00,14718.70,PLN,C023
PL01-2025-001982,1,2025-03-27,1200 ,127182.93,0.00,PLN,C019
PL01-2025-001982,2,2025-03-27,4000 ,0.00,109174.12,PLN,C019
PL01-2025-001982,3,2025-03-27,4100 ,0.00,18008.81,PLN,C019
PL01-2025-001983,1,2025-05-13,1000 ,127182.93,0.00,PLN,C019
PL01-2025-001983,2,2025-05-13,1200 ,0.00,127182.93,PLN,C019
PL01-2025-001984,1,2025-03-11,1200 ,17096.00,0.00,PLN,C023
PL01-2025-001984,2,2025-03-11,4000 ,0.00,14675.25,PLN,C023
PL01-2025-001984,3,2025-03-11,4100 ,0.00,2420.75,PLN,C023
PL01-2025-001985,1,2025-05-15,1000 ,17096.00,0.00,PLN,C023
PL01-2025-001985,2,2025-05-15,1200 ,0.00,17096.00,PLN,C023
PL01-2025-001986,1,2025-03-04,1200 ,16401.69,0.00,PLN,C007
PL01-2025-001986,2,2025-03-04,4000 ,0.00,14079.25,PLN,C007
PL01-2025-001986,3,2025-03-04,4100 ,0.00,2322.44,PLN,C007
PL01-2025-001987,1,2025-04-04,1000 ,16401.69,0.00,PLN,C007
PL01-2025-001987,2,2025-04-04,1200 ,0.00,16401.69,PLN,C007
PL01-2025-001988,1,2025-03-03,1200 ,5815.88,0.00,PLN,C010
PL01-2025-001988,2,2025-03-03,4000 ,0.00,4992.36,PLN,C010
PL01-2025-001988,3,2025-03-03,4100 ,0.00,823.52,PLN,C010
PL01-2025-001989,1,2025-05-31,1000 ,5815.88,0.00,PLN,C010
PL01-2025-001989,2,2025-05-31,1200 ,0.00,5815.88,PLN,C010
PL01-2025-001990,1,2025-03-20,1200 ,47663.56,0.00,PLN,C008
PL01-2025-001990,2,2025-03-20,4000 ,0.00,40914.51,PLN,C008
PL01-2025-001990,3,2025-03-20,4100 ,0.00,6749.05,PLN,C008
PL01-2025-001991,1,2025-05-08,1000 ,47663.56,0.00,PLN,C008
PL01-2025-001991,2,2025-05-08,1200 ,0.00,47663.56,PLN,C008
PL01-2025-001992,1,2025-03-12,1200 ,8983.39,0.00,PLN,C024
PL01-2025-001992,2,2025-03-12,4000 ,0.00,7711.36,PLN,C024
PL01-2025-001992,3,2025-03-12,4100 ,0.00,1272.03,PLN,C024
PL01-2025-001993,1,2025-04-22,1000 ,8983.39,0.00,PLN,C024
PL01-2025-001993,2,2025-04-22,1200 ,0.00,8983.39,PLN,C024
PL01-2025-001994,1,2025-03-26,1200 ,37587.40,0.00,PLN,C009
PL01-2025-001994,2,2025-03-26,4000 ,0.00,32265.11,PLN,C009
PL01-2025-001994,3,2025-03-26,4100 ,0.00,5322.29,PLN,C009
PL01-2025-001995,1,2025-05-30,1000 ,37587.40,0.00,PLN,C009
PL01-2025-001995,2,2025-05-30,1200 ,0.00,37587.40,PLN,C009
PL01-2025-001996,1,2025-03-12,1200 ,56586.09,0.00,PLN,C028
PL01-2025-001996,2,2025-03-12,4000 ,0.00,48573.63,PLN,C028
PL01-2025-001996,3,2025-03-12,4100 ,0.00,8012.46,PLN,C028
PL01-2025-001997,1,2025-04-15,1000 ,56586.09,0.00,PLN,C028
PL01-2025-001997,2,2025-04-15,1200 ,0.00,56586.09,PLN,C028
PL01-2025-001998,1,2025-03-20,1200 ,15865.66,0.00,PLN,C017
PL01-2025-001998,2,2025-03-20,4000 ,0.00,13619.12,PLN,C017
PL01-2025-001998,3,2025-03-20,4100 ,0.00,2246.54,PLN,C017
PL01-2025-001999,1,2025-05-06,1000 ,15865.66,0.00,PLN,C017
PL01-2025-001999,2,2025-05-06,1200 ,0.00,15865.66,PLN,C017
PL01-2025-002000,1,2025-03-30,1200 ,27935.47,0.00,PLN,C029
PL01-2025-002000,2,2025-03-30,4000 ,0.00,23979.87,PLN,C029
PL01-2025-002000,3,2025-03-30,4100 ,0.00,3955.60,PLN,C029
PL01-2025-002001,1,2025-05-02,1000 ,27935.47,0.00,PLN,C029
PL01-2025-002001,2,2025-05-02,1200 ,0.00,27935.47,PLN,C029
PL01-2025-002002,1,2025-03-22,1200 ,87257.01,0.00,PLN,C003
PL01-2025-002002,2,2025-03-22,4000 ,0.00,74901.62,PLN,C003
PL01-2025-002002,3,2025-03-22,4100 ,0.00,12355.39,PLN,C003
PL01-2025-002003,1,2025-05-28,1000 ,87257.01,0.00,PLN,C003
PL01-2025-002003,2,2025-05-28,1200 ,0.00,87257.01,PLN,C003
PL01-2025-002004,1,2025-03-25,1200 ,5977.95,0.00,PLN,C015
PL01-2025-002004,2,2025-03-25,4000 ,0.00,5131.49,PLN,C015
PL01-2025-002004,3,2025-03-25,4100 ,0.00,846.46,PLN,C015
PL01-2025-002005,1,2025-06-01,1000 ,5977.95,0.00,PLN,C015
PL01-2025-002005,2,2025-06-01,1200 ,0.00,5977.95,PLN,C015
PL01-2025-002006,1,2025-03-10,1200 ,12541.51,0.00,PLN,C040
PL01-2025-002006,2,2025-03-10,4000 ,0.00,10765.66,PLN,C040
PL01-2025-002006,3,2025-03-10,4100 ,0.00,1775.85,PLN,C040
PL01-2025-002007,1,2025-04-19,1000 ,12541.51,0.00,PLN,C040
PL01-2025-002007,2,2025-04-19,1200 ,0.00,12541.51,PLN,C040
PL01-2025-002008,1,2025-03-28,1200 ,37288.29,0.00,PLN,C037
PL01-2025-002008,2,2025-03-28,4000 ,0.00,32008.35,PLN,C037
PL01-2025-002008,3,2025-03-28,4100 ,0.00,5279.94,PLN,C037
PL01-2025-002009,1,2025-05-18,1000 ,37288.29,0.00,PLN,C037
PL01-2025-002009,2,2025-05-18,1200 ,0.00,37288.29,PLN,C037
PL01-2025-002010,1,2025-03-21,1200 ,40534.84,0.00,PLN,C004
PL01-2025-002010,2,2025-03-21,4000 ,0.00,34795.20,PLN,C004
PL01-2025-002010,3,2025-03-21,4100 ,0.00,5739.64,PLN,C004
PL01-2025-002011,1,2025-05-02,1000 ,40534.84,0.00,PLN,C004
PL01-2025-002011,2,2025-05-02,1200 ,0.00,40534.84,PLN,C004
PL01-2025-002012,1,2025-03-05,1200 ,32733.79,0.00,PLN,C021
PL01-2025-002012,2,2025-03-05,4000 ,0.00,28098.76,PLN,C021
PL01-2025-002012,3,2025-03-05,4100 ,0.00,4635.03,PLN,C021
PL01-2025-002013,1,2025-04-08,1000 ,32733.79,0.00,PLN,C021
PL01-2025-002013,2,2025-04-08,1200 ,0.00,32733.79,PLN,C021
PL01-2025-002014,1,2025-03-31,1200 ,28310.39,0.00,PLN,C036
PL01-2025-002014,2,2025-03-31,4000 ,0.00,24301.70,PLN,C036
PL01-2025-002014,3,2025-03-31,4100 ,0.00,4008.69,PLN,C036
PL01-2025-002015,1,2025-06-12,1000 ,28310.39,0.00,PLN,C036
PL01-2025-002015,2,2025-06-12,1200 ,0.00,28310.39,PLN,C036
PL01-2025-002016,1,2025-03-18,1200 ,18962.95,0.00,PLN,C020
PL01-2025-002016,2,2025-03-18,4000 ,0.00,16277.84,PLN,C020
PL01-2025-002016,3,2025-03-18,4100 ,0.00,2685.11,PLN,C020
PL01-2025-002017,1,2025-05-01,1000 ,18962.95,0.00,PLN,C020
PL01-2025-002017,2,2025-05-01,1200 ,0.00,18962.95,PLN,C020
PL01-2025-002018,1,2025-03-22,1200 ,18971.09,0.00,PLN,C022
PL01-2025-002018,2,2025-03-22,4000 ,0.00,16284.83,PLN,C022
PL01-2025-002018,3,2025-03-22,4100 ,0.00,2686.26,PLN,C022
PL01-2025-002019,1,2025-06-19,1000 ,18971.09,0.00,PLN,C022
PL01-2025-002019,2,2025-06-19,1200 ,0.00,18971.09,PLN,C022
PL01-2025-002020,1,2025-03-04,1200 ,16944.31,0.00,PLN,C034
PL01-2025-002020,2,2025-03-04,4000 ,0.00,14545.03,PLN,C034
PL01-2025-002020,3,2025-03-04,4100 ,0.00,2399.28,PLN,C034
PL01-2025-002021,1,2025-03-29,1000 ,16944.31,0.00,PLN,C034
PL01-2025-002021,2,2025-03-29,1200 ,0.00,16944.31,PLN,C034
PL01-2025-002022,1,2025-03-25,1200 ,13175.11,0.00,PLN,C030
PL01-2025-002022,2,2025-03-25,4000 ,0.00,11309.54,PLN,C030
PL01-2025-002022,3,2025-03-25,4100 ,0.00,1865.57,PLN,C030
PL01-2025-002023,1,2025-05-01,1000 ,13175.11,0.00,PLN,C030
PL01-2025-002023,2,2025-05-01,1200 ,0.00,13175.11,PLN,C030
PL01-2025-002024,1,2025-03-14,1200 ,50105.76,0.00,PLN,C038
PL01-2025-002024,2,2025-03-14,4000 ,0.00,43010.90,PLN,C038
PL01-2025-002024,3,2025-03-14,4100 ,0.00,7094.86,PLN,C038
PL01-2025-002025,1,2025-04-17,1000 ,50105.76,0.00,PLN,C038
PL01-2025-002025,2,2025-04-17,1200 ,0.00,50105.76,PLN,C038
PL01-2025-002026,1,2025-03-12,1200 ,7456.26,0.00,PLN,C035
PL01-2025-002026,2,2025-03-12,4000 ,0.00,6400.47,PLN,C035
PL01-2025-002026,3,2025-03-12,4100 ,0.00,1055.79,PLN,C035
PL01-2025-002027,1,2025-05-13,1000 ,7456.26,0.00,PLN,C035
PL01-2025-002027,2,2025-05-13,1200 ,0.00,7456.26,PLN,C035
PL01-2025-002028,1,2025-03-01,1200 ,36184.19,0.00,PLN,C005
PL01-2025-002028,2,2025-03-01,4000 ,0.00,31060.59,PLN,C005
PL01-2025-002028,3,2025-03-01,4100 ,0.00,5123.60,PLN,C005
PL01-2025-002029,1,2025-04-10,1000 ,36184.19,0.00,PLN,C005
PL01-2025-002029,2,2025-04-10,1200 ,0.00,36184.19,PLN,C005
PL01-2025-002030,1,2025-03-13,1200 ,46960.01,0.00,PLN,C030
PL01-2025-002030,2,2025-03-13,4000 ,0.00,40310.58,PLN,C030
PL01-2025-002030,3,2025-03-13,4100 ,0.00,6649.43,PLN,C030
PL01-2025-002031,1,2025-04-27,1000 ,46960.01,0.00,PLN,C030
PL01-2025-002031,2,2025-04-27,1200 ,0.00,46960.01,PLN,C030
PL01-2025-002032,1,2025-03-12,1200 ,89794.40,0.00,PLN,C035
PL01-2025-002032,2,2025-03-12,4000 ,0.00,77079.72,PLN,C035
PL01-2025-002032,3,2025-03-12,4100 ,0.00,12714.68,PLN,C035
PL01-2025-002033,1,2025-04-28,1000 ,89794.40,0.00,PLN,C035
PL01-2025-002033,2,2025-04-28,1200 ,0.00,89794.40,PLN,C035
PL01-2025-002034,1,2025-03-06,1200 ,7011.31,0.00,PLN,C036
PL01-2025-002034,2,2025-03-06,4000 ,0.00,6018.52,PLN,C036
PL01-2025-002034,3,2025-03-06,4100 ,0.00,992.79,PLN,C036
PL01-2025-002035,1,2025-05-12,1000 ,7011.31,0.00,PLN,C036
PL01-2025-002035,2,2025-05-12,1200 ,0.00,7011.31,PLN,C036
PL01-2025-002036,1,2025-03-22,1200 ,29504.41,0.00,PLN,C010
PL01-2025-002036,2,2025-03-22,4000 ,0.00,25326.65,PLN,C010
PL01-2025-002036,3,2025-03-22,4100 ,0.00,4177.76,PLN,C010
PL01-2025-002037,1,2025-04-16,1000 ,29504.41,0.00,PLN,C010
PL01-2025-002037,2,2025-04-16,1200 ,0.00,29504.41,PLN,C010
PL01-2025-002038,1,2025-03-28,1200 ,5451.02,0.00,PLN,C039
PL01-2025-002038,2,2025-03-28,4000 ,0.00,4679.17,PLN,C039
PL01-2025-002038,3,2025-03-28,4100 ,0.00,771.85,PLN,C039
PL01-2025-002039,1,2025-05-22,1000 ,5451.02,0.00,PLN,C039
PL01-2025-002039,2,2025-05-22,1200 ,0.00,5451.02,PLN,C039
PL01-2025-002040,1,2025-03-13,1200 ,6846.63,0.00,PLN,C015
PL01-2025-002040,2,2025-03-13,4000 ,0.00,5877.16,PLN,C015
PL01-2025-002040,3,2025-03-13,4100 ,0.00,969.47,PLN,C015
PL01-2025-002041,1,2025-05-11,1000 ,6846.63,0.00,PLN,C015
PL01-2025-002041,2,2025-05-11,1200 ,0.00,6846.63,PLN,C015
PL01-2025-002042,1,2025-03-31,1200 ,99094.76,0.00,PLN,C035
PL01-2025-002042,2,2025-03-31,4000 ,0.00,85063.17,PLN,C035
PL01-2025-002042,3,2025-03-31,4100 ,0.00,14031.59,PLN,C035
PL01-2025-002043,1,2025-05-28,1000 ,99094.76,0.00,PLN,C035
PL01-2025-002043,2,2025-05-28,1200 ,0.00,99094.76,PLN,C035
PL01-2025-002044,1,2025-03-08,1200 ,13872.42,0.00,PLN,C022
PL01-2025-002044,2,2025-03-08,4000 ,0.00,11908.12,PLN,C022
PL01-2025-002044,3,2025-03-08,4100 ,0.00,1964.30,PLN,C022
PL01-2025-002045,1,2025-04-26,1000 ,13872.42,0.00,PLN,C022
PL01-2025-002045,2,2025-04-26,1200 ,0.00,13872.42,PLN,C022
PL01-2025-002046,1,2025-03-09,1200 ,13216.56,0.00,PLN,C035
PL01-2025-002046,2,2025-03-09,4000 ,0.00,11345.13,PLN,C035
PL01-2025-002046,3,2025-03-09,4100 ,0.00,1871.43,PLN,C035
PL01-2025-002047,1,2025-05-09,1000 ,13216.56,0.00,PLN,C035
PL01-2025-002047,2,2025-05-09,1200 ,0.00,13216.56,PLN,C035
PL01-2025-002048,1,2025-03-29,1200 ,35199.69,0.00,PLN,C019
PL01-2025-002048,2,2025-03-29,4000 ,0.00,30215.49,PLN,C019
PL01-2025-002048,3,2025-03-29,4100 ,0.00,4984.20,PLN,C019
PL01-2025-002049,1,2025-06-28,1000 ,35199.69,0.00,PLN,C019
PL01-2025-002049,2,2025-06-28,1200 ,0.00,35199.69,PLN,C019
PL01-2025-002050,1,2025-03-13,1200 ,115046.84,0.00,PLN,C021
PL01-2025-002050,2,2025-03-13,4000 ,0.00,98756.47,PLN,C021
PL01-2025-002050,3,2025-03-13,4100 ,0.00,16290.37,PLN,C021
PL01-2025-002051,1,2025-04-25,1000 ,115046.84,0.00,PLN,C021
PL01-2025-002051,2,2025-04-25,1200 ,0.00,115046.84,PLN,C021
PL01-2025-002052,1,2025-03-29,1200 ,16661.95,0.00,PLN,C004
PL01-2025-002052,2,2025-03-29,4000 ,0.00,14302.66,PLN,C004
PL01-2025-002052,3,2025-03-29,4100 ,0.00,2359.29,PLN,C004
PL01-2025-002053,1,2025-05-28,1000 ,16661.95,0.00,PLN,C004
PL01-2025-002053,2,2025-05-28,1200 ,0.00,16661.95,PLN,C004
PL01-2025-002054,1,2025-03-29,1200 ,20306.75,0.00,PLN,C029
PL01-2025-002054,2,2025-03-29,4000 ,0.00,17431.36,PLN,C029
PL01-2025-002054,3,2025-03-29,4100 ,0.00,2875.39,PLN,C029
PL01-2025-002055,1,2025-05-17,1000 ,20306.75,0.00,PLN,C029
PL01-2025-002055,2,2025-05-17,1200 ,0.00,20306.75,PLN,C029
PL01-2025-002056,1,2025-03-06,1200 ,60405.53,0.00,PLN,C023
PL01-2025-002056,2,2025-03-06,4000 ,0.00,51852.25,PLN,C023
PL01-2025-002056,3,2025-03-06,4100 ,0.00,8553.28,PLN,C023
PL01-2025-002057,1,2025-05-24,1000 ,60405.53,0.00,PLN,C023
PL01-2025-002057,2,2025-05-24,1200 ,0.00,60405.53,PLN,C023
PL01-2025-002058,1,2025-03-20,1200 ,32606.62,0.00,PLN,C030
PL01-2025-002058,2,2025-03-20,4000 ,0.00,27989.60,PLN,C030
PL01-2025-002058,3,2025-03-20,4100 ,0.00,4617.02,PLN,C030
PL01-2025-002059,1,2025-04-26,1000 ,32606.62,0.00,PLN,C030
PL01-2025-002059,2,2025-04-26,1200 ,0.00,32606.62,PLN,C030
PL01-2025-002060,1,2025-03-28,1200 ,24612.74,0.00,PLN,C032
PL01-2025-002060,2,2025-03-28,4000 ,0.00,21127.63,PLN,C032
PL01-2025-002060,3,2025-03-28,4100 ,0.00,3485.11,PLN,C032
PL01-2025-002061,1,2025-05-13,1000 ,24612.74,0.00,PLN,C032
PL01-2025-002061,2,2025-05-13,1200 ,0.00,24612.74,PLN,C032
PL01-2025-002062,1,2025-03-25,1200 ,43980.33,0.00,PLN,C019
PL01-2025-002062,2,2025-03-25,4000 ,0.00,37752.82,PLN,C019
PL01-2025-002062,3,2025-03-25,4100 ,0.00,6227.51,PLN,C019
PL01-2025-002063,1,2025-05-02,1000 ,43980.33,0.00,PLN,C019
PL01-2025-002063,2,2025-05-02,1200 ,0.00,43980.33,PLN,C019
PL01-2025-002064,1,2025-03-18,1200 ,27479.71,0.00,PLN,C011
PL01-2025-002064,2,2025-03-18,4000 ,0.00,23588.65,PLN,C011
PL01-2025-002064,3,2025-03-18,4100 ,0.00,3891.06,PLN,C011
PL01-2025-002065,1,2025-08-17,1000 ,27479.71,0.00,PLN,C011
PL01-2025-002065,2,2025-08-17,1200 ,0.00,27479.71,PLN,C011
PL01-2025-002066,1,2025-03-24,1200 ,98527.89,0.00,PLN,C037
PL01-2025-002066,2,2025-03-24,4000 ,0.00,84576.57,PLN,C037
PL01-2025-002066,3,2025-03-24,4100 ,0.00,13951.32,PLN,C037
PL01-2025-002067,1,2025-06-23,1000 ,98527.89,0.00,PLN,C037
PL01-2025-002067,2,2025-06-23,1200 ,0.00,98527.89,PLN,C037
PL01-2025-002068,1,2025-03-22,1200 ,41998.31,0.00,PLN,C036
PL01-2025-002068,2,2025-03-22,4000 ,0.00,36051.45,PLN,C036
PL01-2025-002068,3,2025-03-22,4100 ,0.00,5946.86,PLN,C036
PL01-2025-002069,1,2025-05-14,1000 ,41998.31,0.00,PLN,C036
PL01-2025-002069,2,2025-05-14,1200 ,0.00,41998.31,PLN,C036
PL01-2025-002070,1,2025-03-31,1200 ,25182.46,0.00,PLN,C038
PL01-2025-002070,2,2025-03-31,4000 ,0.00,21616.68,PLN,C038
PL01-2025-002070,3,2025-03-31,4100 ,0.00,3565.78,PLN,C038
PL01-2025-002071,1,2025-06-05,1000 ,25182.46,0.00,PLN,C038
PL01-2025-002071,2,2025-06-05,1200 ,0.00,25182.46,PLN,C038
PL01-2025-002072,1,2025-03-01,1200 ,20331.08,0.00,PLN,C027
PL01-2025-002072,2,2025-03-01,4000 ,0.00,17452.25,PLN,C027
PL01-2025-002072,3,2025-03-01,4100 ,0.00,2878.83,PLN,C027
PL01-2025-002073,1,2025-03-31,1000 ,20331.08,0.00,PLN,C027
PL01-2025-002073,2,2025-03-31,1200 ,0.00,20331.08,PLN,C027
PL01-2025-002074,1,2025-03-27,1200 ,21254.78,0.00,PLN,C022
PL01-2025-002074,2,2025-03-27,4000 ,0.00,18245.15,PLN,C022
PL01-2025-002074,3,2025-03-27,4100 ,0.00,3009.63,PLN,C022
PL01-2025-002075,1,2025-05-30,1000 ,21254.78,0.00,PLN,C022
PL01-2025-002075,2,2025-05-30,1200 ,0.00,21254.78,PLN,C022
PL01-2025-002076,1,2025-03-23,1200 ,9595.97,0.00,PLN,C036
PL01-2025-002076,2,2025-03-23,4000 ,0.00,8237.20,PLN,C036
PL01-2025-002076,3,2025-03-23,4100 ,0.00,1358.77,PLN,C036
PL01-2025-002077,1,2025-04-27,1000 ,9595.97,0.00,PLN,C036
PL01-2025-002077,2,2025-04-27,1200 ,0.00,9595.97,PLN,C036
PL01-2025-002078,1,2025-03-26,1200 ,25539.50,0.00,PLN,C011
PL01-2025-002078,2,2025-03-26,4000 ,0.00,21923.17,PLN,C011
PL01-2025-002078,3,2025-03-26,4100 ,0.00,3616.33,PLN,C011
PL01-2025-002079,1,2025-06-10,1000 ,25539.50,0.00,PLN,C011
PL01-2025-002079,2,2025-06-10,1200 ,0.00,25539.50,PLN,C011
PL01-2025-002080,1,2025-03-08,1200 ,60817.89,0.00,PLN,C005
PL01-2025-002080,2,2025-03-08,4000 ,0.00,52206.22,PLN,C005
PL01-2025-002080,3,2025-03-08,4100 ,0.00,8611.67,PLN,C005
PL01-2025-002081,1,2025-04-11,1000 ,60817.89,0.00,PLN,C005
PL01-2025-002081,2,2025-04-11,1200 ,0.00,60817.89,PLN,C005
PL01-2025-002082,1,2025-03-16,1200 ,7544.81,0.00,PLN,C012
PL01-2025-002082,2,2025-03-16,4000 ,0.00,6476.48,PLN,C012
PL01-2025-002082,3,2025-03-16,4100 ,0.00,1068.33,PLN,C012
PL01-2025-002083,1,2025-04-18,1000 ,7544.81,0.00,PLN,C012
PL01-2025-002083,2,2025-04-18,1200 ,0.00,7544.81,PLN,C012
PL01-2025-002084,1,2025-03-16,1200 ,79435.46,0.00,PLN,C006
PL01-2025-002084,2,2025-03-16,4000 ,0.00,68187.58,PLN,C006
PL01-2025-002084,3,2025-03-16,4100 ,0.00,11247.88,PLN,C006
PL01-2025-002085,1,2025-05-25,1000 ,79435.46,0.00,PLN,C006
PL01-2025-002085,2,2025-05-25,1200 ,0.00,79435.46,PLN,C006
PL01-2025-002086,1,2025-03-30,1200 ,21101.38,0.00,PLN,C023
PL01-2025-002086,2,2025-03-30,4000 ,0.00,18113.47,PLN,C023
PL01-2025-002086,3,2025-03-30,4100 ,0.00,2987.91,PLN,C023
PL01-2025-002087,1,2025-04-23,1000 ,21101.38,0.00,PLN,C023
PL01-2025-002087,2,2025-04-23,1200 ,0.00,21101.38,PLN,C023
PL01-2025-002088,1,2025-03-24,1300 ,372575.30,0.00,PLN,V018
PL01-2025-002088,2,2025-03-24,2100 ,0.00,372575.30,PLN,V018
PL01-2025-002089,1,2025-05-07,2100 ,372575.30,0.00,PLN,V018
PL01-2025-002089,2,2025-05-07,1000 ,0.00,372575.30,PLN,V018
PL01-2025-002090,1,2025-03-14,1300 ,521756.14,0.00,PLN,V025
PL01-2025-002090,2,2025-03-14,2100 ,0.00,521756.14,PLN,V025
PL01-2025-002091,1,2025-04-21,2100 ,521756.14,0.00,PLN,V025
PL01-2025-002091,2,2025-04-21,1000 ,0.00,521756.14,PLN,V025
PL01-2025-002092,1,2025-03-01,1300 ,214047.67,0.00,PLN,V020
PL01-2025-002092,2,2025-03-01,2100 ,0.00,214047.67,PLN,V020
PL01-2025-002093,1,2025-04-14,2100 ,214047.67,0.00,PLN,V020
PL01-2025-002093,2,2025-04-14,1000 ,0.00,214047.67,PLN,V020
PL01-2025-002094,1,2025-03-14,1300 ,193019.56,0.00,PLN,V018
PL01-2025-002094,2,2025-03-14,2100 ,0.00,193019.56,PLN,V018
PL01-2025-002095,1,2025-05-07,2100 ,193019.56,0.00,PLN,V018
PL01-2025-002095,2,2025-05-07,1000 ,0.00,193019.56,PLN,V018
PL01-2025-002096,1,2025-03-31,5000 ,1164179.83,0.00,PLN,
PL01-2025-002096,2,2025-03-31,1300 ,0.00,1164179.83,PLN,
PL01-2025-002097,1,2025-03-17,6100 ,106559.03,0.00,PLN,V033
PL01-2025-002097,2,2025-03-17,2100 ,0.00,106559.03,PLN,V033
PL01-2025-002098,1,2025-04-28,2100 ,106559.03,0.00,PLN,V033
PL01-2025-002098,2,2025-04-28,1000 ,0.00,106559.03,PLN,V033
PL01-2025-002099,1,2025-03-13,6200 ,110308.68,0.00,PLN,V047
PL01-2025-002099,2,2025-03-13,2100 ,0.00,110308.68,PLN,V047
PL01-2025-002100,1,2025-04-23,2100 ,110308.68,0.00,PLN,V047
PL01-2025-002100,2,2025-04-23,1000 ,0.00,110308.68,PLN,V047
PL01-2025-002101,1,2025-03-11,6300 ,34562.29,0.00,PLN,V029
PL01-2025-002101,2,2025-03-11,2100 ,0.00,34562.29,PLN,V029
PL01-2025-002102,1,2025-05-01,2100 ,34562.29,0.00,PLN,V029
PL01-2025-002102,2,2025-05-01,1000 ,0.00,34562.29,PLN,V029
PL01-2025-002103,1,2025-03-16,6400 ,58233.94,0.00,PLN,V054
PL01-2025-002103,2,2025-03-16,2100 ,0.00,58233.94,PLN,V054
PL01-2025-002104,1,2025-04-28,2100 ,58233.94,0.00,PLN,V054
PL01-2025-002104,2,2025-04-28,1000 ,0.00,58233.94,PLN,V054
PL01-2025-002105,1,2025-03-25,6000 ,704866.88,0.00,PLN,
PL01-2025-002105,2,2025-03-25,1000 ,0.00,704866.88,PLN,
PL01-2025-002106,1,2025-03-31,6900 ,42708.33,0.00,PLN,
PL01-2025-002106,2,2025-03-31,1590 ,0.00,42708.33,PLN,
PL01-2025-002107,1,2025-04-15,1200 ,11980.45,0.00,PLN,C004
PL01-2025-002107,2,2025-04-15,4000 ,0.00,10438.81,PLN,C004
PL01-2025-002107,3,2025-04-15,4100 ,0.00,1541.64,PLN,C004
PL01-2025-002108,1,2025-05-26,1000 ,11980.45,0.00,PLN,C004
PL01-2025-002108,2,2025-05-26,1200 ,0.00,11980.45,PLN,C004
PL01-2025-002109,1,2025-04-30,1200 ,102171.36,0.00,PLN,C025
PL01-2025-002109,2,2025-04-30,4000 ,0.00,89023.95,PLN,C025
PL01-2025-002109,3,2025-04-30,4100 ,0.00,13147.41,PLN,C025
PL01-2025-002110,1,2025-05-27,1000 ,102171.36,0.00,PLN,C025
PL01-2025-002110,2,2025-05-27,1200 ,0.00,102171.36,PLN,C025
PL01-2025-002111,1,2025-04-17,1200 ,74368.91,0.00,PLN,C019
PL01-2025-002111,2,2025-04-17,4000 ,0.00,64799.12,PLN,C019
PL01-2025-002111,3,2025-04-17,4100 ,0.00,9569.79,PLN,C019
PL01-2025-002112,1,2025-06-12,1000 ,74368.91,0.00,PLN,C019
PL01-2025-002112,2,2025-06-12,1200 ,0.00,74368.91,PLN,C019
PL01-2025-002113,1,2025-04-18,1200 ,17796.33,0.00,PLN,C002
PL01-2025-002113,2,2025-04-18,4000 ,0.00,15506.30,PLN,C002
PL01-2025-002113,3,2025-04-18,4100 ,0.00,2290.03,PLN,C002
PL01-2025-002114,1,2025-06-25,1000 ,17796.33,0.00,PLN,C002
PL01-2025-002114,2,2025-06-25,1200 ,0.00,17796.33,PLN,C002
PL01-2025-002115,1,2025-04-20,1200 ,17792.83,0.00,PLN,C035
PL01-2025-002115,2,2025-04-20,4000 ,0.00,15503.25,PLN,C035
PL01-2025-002115,3,2025-04-20,4100 ,0.00,2289.58,PLN,C035
PL01-2025-002116,1,2025-05-16,1000 ,17792.83,0.00,PLN,C035
PL01-2025-002116,2,2025-05-16,1200 ,0.00,17792.83,PLN,C035
PL01-2025-002117,1,2025-04-03,1200 ,5963.38,0.00,PLN,C019
PL01-2025-002117,2,2025-04-03,4000 ,0.00,5196.01,PLN,C019
PL01-2025-002117,3,2025-04-03,4100 ,0.00,767.37,PLN,C019
PL01-2025-002118,1,2025-04-24,1000 ,5963.38,0.00,PLN,C019
PL01-2025-002118,2,2025-04-24,1200 ,0.00,5963.38,PLN,C019
PL01-2025-002119,1,2025-04-08,1200 ,29230.26,0.00,PLN,C026
PL01-2025-002119,2,2025-04-08,4000 ,0.00,25468.91,PLN,C026
PL01-2025-002119,3,2025-04-08,4100 ,0.00,3761.35,PLN,C026
PL01-2025-002120,1,2025-05-12,1000 ,29230.26,0.00,PLN,C026
PL01-2025-002120,2,2025-05-12,1200 ,0.00,29230.26,PLN,C026
PL01-2025-002121,1,2025-04-16,1200 ,7513.00,0.00,PLN,C005
PL01-2025-002121,2,2025-04-16,4000 ,0.00,6546.23,PLN,C005
PL01-2025-002121,3,2025-04-16,4100 ,0.00,966.77,PLN,C005
PL01-2025-002122,1,2025-06-06,1000 ,7513.00,0.00,PLN,C005
PL01-2025-002122,2,2025-06-06,1200 ,0.00,7513.00,PLN,C005
PL01-2025-002123,1,2025-04-04,1200 ,8179.73,0.00,PLN,C035
PL01-2025-002123,2,2025-04-04,4000 ,0.00,7127.16,PLN,C035
PL01-2025-002123,3,2025-04-04,4100 ,0.00,1052.57,PLN,C035
PL01-2025-002124,1,2025-05-13,1000 ,8179.73,0.00,PLN,C035
PL01-2025-002124,2,2025-05-13,1200 ,0.00,8179.73,PLN,C035
PL01-2025-002125,1,2025-04-28,1200 ,116721.27,0.00,PLN,C020
PL01-2025-002125,2,2025-04-28,4000 ,0.00,101701.58,PLN,C020
PL01-2025-002125,3,2025-04-28,4100 ,0.00,15019.69,PLN,C020
PL01-2025-002126,1,2025-06-21,1000 ,116721.27,0.00,PLN,C020
PL01-2025-002126,2,2025-06-21,1200 ,0.00,116721.27,PLN,C020
PL01-2025-002127,1,2025-04-22,1200 ,70514.77,0.00,PLN,C027
PL01-2025-002127,2,2025-04-22,4000 ,0.00,61440.93,PLN,C027
PL01-2025-002127,3,2025-04-22,4100 ,0.00,9073.84,PLN,C027
PL01-2025-002128,1,2025-06-01,1000 ,70514.77,0.00,PLN,C027
PL01-2025-002128,2,2025-06-01,1200 ,0.00,70514.77,PLN,C027
PL01-2025-002129,1,2025-04-24,1200 ,13345.62,0.00,PLN,C013
PL01-2025-002129,2,2025-04-24,4000 ,0.00,11628.31,PLN,C013
PL01-2025-002129,3,2025-04-24,4100 ,0.00,1717.31,PLN,C013
PL01-2025-002130,1,2025-06-06,1000 ,13345.62,0.00,PLN,C013
PL01-2025-002130,2,2025-06-06,1200 ,0.00,13345.62,PLN,C013
PL01-2025-002131,1,2025-04-16,1200 ,13403.83,0.00,PLN,C023
PL01-2025-002131,2,2025-04-16,4000 ,0.00,11679.03,PLN,C023
PL01-2025-002131,3,2025-04-16,4100 ,0.00,1724.80,PLN,C023
PL01-2025-002132,1,2025-06-14,1000 ,13403.83,0.00,PLN,C023
PL01-2025-002132,2,2025-06-14,1200 ,0.00,13403.83,PLN,C023
PL01-2025-002133,1,2025-04-26,1200 ,6843.33,0.00,PLN,C006
PL01-2025-002133,2,2025-04-26,4000 ,0.00,5962.73,PLN,C006
PL01-2025-002133,3,2025-04-26,4100 ,0.00,880.60,PLN,C006
PL01-2025-002134,1,2025-06-20,1000 ,6843.33,0.00,PLN,C006
PL01-2025-002134,2,2025-06-20,1200 ,0.00,6843.33,PLN,C006
PL01-2025-002135,1,2025-04-11,1200 ,12416.89,0.00,PLN,C007
PL01-2025-002135,2,2025-04-11,4000 ,0.00,10819.08,PLN,C007
PL01-2025-002135,3,2025-04-11,4100 ,0.00,1597.81,PLN,C007
PL01-2025-002136,1,2025-05-30,1000 ,12416.89,0.00,PLN,C007
PL01-2025-002136,2,2025-05-30,1200 ,0.00,12416.89,PLN,C007
PL01-2025-002137,1,2025-04-12,1200 ,30113.92,0.00,PLN,C024
PL01-2025-002137,2,2025-04-12,4000 ,0.00,26238.86,PLN,C024
PL01-2025-002137,3,2025-04-12,4100 ,0.00,3875.06,PLN,C024
PL01-2025-002138,1,2025-05-10,1000 ,30113.92,0.00,PLN,C024
PL01-2025-002138,2,2025-05-10,1200 ,0.00,30113.92,PLN,C024
PL01-2025-002139,1,2025-04-03,1200 ,2650.24,0.00,PLN,C005
PL01-2025-002139,2,2025-04-03,4000 ,0.00,2309.21,PLN,C005
PL01-2025-002139,3,2025-04-03,4100 ,0.00,341.03,PLN,C005
PL01-2025-002140,1,2025-06-28,1000 ,2650.24,0.00,PLN,C005
PL01-2025-002140,2,2025-06-28,1200 ,0.00,2650.24,PLN,C005
PL01-2025-002141,1,2025-04-09,1200 ,27201.08,0.00,PLN,C021
PL01-2025-002141,2,2025-04-09,4000 ,0.00,23700.85,PLN,C021
PL01-2025-002141,3,2025-04-09,4100 ,0.00,3500.23,PLN,C021
PL01-2025-002142,1,2025-06-01,1000 ,27201.08,0.00,PLN,C021
PL01-2025-002142,2,2025-06-01,1200 ,0.00,27201.08,PLN,C021
PL01-2025-002143,1,2025-04-11,1200 ,11551.08,0.00,PLN,C028
PL01-2025-002143,2,2025-04-11,4000 ,0.00,10064.69,PLN,C028
PL01-2025-002143,3,2025-04-11,4100 ,0.00,1486.39,PLN,C028
PL01-2025-002144,1,2025-05-07,1000 ,11551.08,0.00,PLN,C028
PL01-2025-002144,2,2025-05-07,1200 ,0.00,11551.08,PLN,C028
PL01-2025-002145,1,2025-04-25,1200 ,4503.30,0.00,PLN,C010
PL01-2025-002145,2,2025-04-25,4000 ,0.00,3923.82,PLN,C010
PL01-2025-002145,3,2025-04-25,4100 ,0.00,579.48,PLN,C010
PL01-2025-002146,1,2025-05-22,1000 ,4503.30,0.00,PLN,C010
PL01-2025-002146,2,2025-05-22,1200 ,0.00,4503.30,PLN,C010
PL01-2025-002147,1,2025-04-26,1200 ,82162.49,0.00,PLN,C030
PL01-2025-002147,2,2025-04-26,4000 ,0.00,71589.82,PLN,C030
PL01-2025-002147,3,2025-04-26,4100 ,0.00,10572.67,PLN,C030
PL01-2025-002148,1,2025-06-07,1000 ,82162.49,0.00,PLN,C030
PL01-2025-002148,2,2025-06-07,1200 ,0.00,82162.49,PLN,C030
PL01-2025-002149,1,2025-04-30,1200 ,36926.73,0.00,PLN,C001
PL01-2025-002149,2,2025-04-30,4000 ,0.00,32175.00,PLN,C001
PL01-2025-002149,3,2025-04-30,4100 ,0.00,4751.73,PLN,C001
PL01-2025-002150,1,2025-06-15,1000 ,36926.73,0.00,PLN,C001
PL01-2025-002150,2,2025-06-15,1200 ,0.00,36926.73,PLN,C001
PL01-2025-002151,1,2025-04-22,1200 ,7239.32,0.00,PLN,C008
PL01-2025-002151,2,2025-04-22,4000 ,0.00,6307.76,PLN,C008
PL01-2025-002151,3,2025-04-22,4100 ,0.00,931.56,PLN,C008
PL01-2025-002152,1,2025-06-12,1000 ,7239.32,0.00,PLN,C008
PL01-2025-002152,2,2025-06-12,1200 ,0.00,7239.32,PLN,C008
PL01-2025-002153,1,2025-04-19,1200 ,27976.34,0.00,PLN,C023
PL01-2025-002153,2,2025-04-19,4000 ,0.00,24376.35,PLN,C023
PL01-2025-002153,3,2025-04-19,4100 ,0.00,3599.99,PLN,C023
PL01-2025-002154,1,2025-05-28,1000 ,27976.34,0.00,PLN,C023
PL01-2025-002154,2,2025-05-28,1200 ,0.00,27976.34,PLN,C023
PL01-2025-002155,1,2025-04-08,1200 ,53859.72,0.00,PLN,C008
PL01-2025-002155,2,2025-04-08,4000 ,0.00,46929.05,PLN,C008
PL01-2025-002155,3,2025-04-08,4100 ,0.00,6930.67,PLN,C008
PL01-2025-002156,1,2025-05-30,1000 ,53859.72,0.00,PLN,C008
PL01-2025-002156,2,2025-05-30,1200 ,0.00,53859.72,PLN,C008
PL01-2025-002157,1,2025-04-16,1200 ,13094.53,0.00,PLN,C011
PL01-2025-002157,2,2025-04-16,4000 ,0.00,11409.53,PLN,C011
PL01-2025-002157,3,2025-04-16,4100 ,0.00,1685.00,PLN,C011
PL01-2025-002158,1,2025-05-21,1000 ,13094.53,0.00,PLN,C011
PL01-2025-002158,2,2025-05-21,1200 ,0.00,13094.53,PLN,C011
PL01-2025-002159,1,2025-04-25,1200 ,4963.80,0.00,PLN,C017
PL01-2025-002159,2,2025-04-25,4000 ,0.00,4325.06,PLN,C017
PL01-2025-002159,3,2025-04-25,4100 ,0.00,638.74,PLN,C017
PL01-2025-002160,1,2025-06-30,1000 ,4963.80,0.00,PLN,C017
PL01-2025-002160,2,2025-06-30,1200 ,0.00,4963.80,PLN,C017
PL01-2025-002161,1,2025-04-09,1200 ,140586.91,0.00,PLN,C005
PL01-2025-002161,2,2025-04-09,4000 ,0.00,122496.19,PLN,C005
PL01-2025-002161,3,2025-04-09,4100 ,0.00,18090.72,PLN,C005
PL01-2025-002162,1,2025-05-22,1000 ,140586.91,0.00,PLN,C005
PL01-2025-002162,2,2025-05-22,1200 ,0.00,140586.91,PLN,C005
PL01-2025-002163,1,2025-04-28,1200 ,26637.58,0.00,PLN,C011
PL01-2025-002163,2,2025-04-28,4000 ,0.00,23209.86,PLN,C011
PL01-2025-002163,3,2025-04-28,4100 ,0.00,3427.72,PLN,C011
PL01-2025-002164,1,2025-06-15,1000 ,26637.58,0.00,PLN,C011
PL01-2025-002164,2,2025-06-15,1200 ,0.00,26637.58,PLN,C011
PL01-2025-002165,1,2025-04-25,1200 ,9582.41,0.00,PLN,C002
PL01-2025-002165,2,2025-04-25,4000 ,0.00,8349.35,PLN,C002
PL01-2025-002165,3,2025-04-25,4100 ,0.00,1233.06,PLN,C002
PL01-2025-002166,1,2025-05-31,1000 ,9582.41,0.00,PLN,C002
PL01-2025-002166,2,2025-05-31,1200 ,0.00,9582.41,PLN,C002
PL01-2025-002167,1,2025-04-15,1200 ,45843.19,0.00,PLN,C005
PL01-2025-002167,2,2025-04-15,4000 ,0.00,39944.09,PLN,C005
PL01-2025-002167,3,2025-04-15,4100 ,0.00,5899.10,PLN,C005
PL01-2025-002168,1,2025-05-23,1000 ,45843.19,0.00,PLN,C005
PL01-2025-002168,2,2025-05-23,1200 ,0.00,45843.19,PLN,C005
PL01-2025-002169,1,2025-04-09,1200 ,4383.22,0.00,PLN,C022
PL01-2025-002169,2,2025-04-09,4000 ,0.00,3819.19,PLN,C022
PL01-2025-002169,3,2025-04-09,4100 ,0.00,564.03,PLN,C022
PL01-2025-002170,1,2025-05-29,1000 ,4383.22,0.00,PLN,C022
PL01-2025-002170,2,2025-05-29,1200 ,0.00,4383.22,PLN,C022
PL01-2025-002171,1,2025-04-16,1200 ,56870.32,0.00,PLN,C006
PL01-2025-002171,2,2025-04-16,4000 ,0.00,49552.25,PLN,C006
PL01-2025-002171,3,2025-04-16,4100 ,0.00,7318.07,PLN,C006
PL01-2025-002172,1,2025-05-14,1000 ,56870.32,0.00,PLN,C006
PL01-2025-002172,2,2025-05-14,1200 ,0.00,56870.32,PLN,C006
PL01-2025-002173,1,2025-04-16,1200 ,55075.86,0.00,PLN,C017
PL01-2025-002173,2,2025-04-16,4000 ,0.00,47988.70,PLN,C017
PL01-2025-002173,3,2025-04-16,4100 ,0.00,7087.16,PLN,C017
PL01-2025-002174,1,2025-05-13,1000 ,55075.86,0.00,PLN,C017
PL01-2025-002174,2,2025-05-13,1200 ,0.00,55075.86,PLN,C017
PL01-2025-002175,1,2025-04-17,1200 ,29796.88,0.00,PLN,C023
PL01-2025-002175,2,2025-04-17,4000 ,0.00,25962.62,PLN,C023
PL01-2025-002175,3,2025-04-17,4100 ,0.00,3834.26,PLN,C023
PL01-2025-002176,1,2025-06-01,1000 ,29796.88,0.00,PLN,C023
PL01-2025-002176,2,2025-06-01,1200 ,0.00,29796.88,PLN,C023
PL01-2025-002177,1,2025-04-10,1200 ,18358.85,0.00,PLN,C027
PL01-2025-002177,2,2025-04-10,4000 ,0.00,15996.43,PLN,C027
PL01-2025-002177,3,2025-04-10,4100 ,0.00,2362.42,PLN,C027
PL01-2025-002178,1,2025-05-18,1000 ,18358.85,0.00,PLN,C027
PL01-2025-002178,2,2025-05-18,1200 ,0.00,18358.85,PLN,C027
PL01-2025-002179,1,2025-04-16,1200 ,38736.82,0.00,PLN,C030
PL01-2025-002179,2,2025-04-16,4000 ,0.00,33752.17,PLN,C030
PL01-2025-002179,3,2025-04-16,4100 ,0.00,4984.65,PLN,C030
PL01-2025-002180,1,2025-07-11,1000 ,38736.82,0.00,PLN,C030
PL01-2025-002180,2,2025-07-11,1200 ,0.00,38736.82,PLN,C030
PL01-2025-002181,1,2025-04-19,1200 ,5835.75,0.00,PLN,C010
PL01-2025-002181,2,2025-04-19,4000 ,0.00,5084.81,PLN,C010
PL01-2025-002181,3,2025-04-19,4100 ,0.00,750.94,PLN,C010
PL01-2025-002182,1,2025-05-31,1000 ,5835.75,0.00,PLN,C010
PL01-2025-002182,2,2025-05-31,1200 ,0.00,5835.75,PLN,C010
PL01-2025-002183,1,2025-04-18,1200 ,5487.37,0.00,PLN,C014
PL01-2025-002183,2,2025-04-18,4000 ,0.00,4781.26,PLN,C014
PL01-2025-002183,3,2025-04-18,4100 ,0.00,706.11,PLN,C014
PL01-2025-002184,1,2025-06-08,1000 ,5487.37,0.00,PLN,C014
PL01-2025-002184,2,2025-06-08,1200 ,0.00,5487.37,PLN,C014
PL01-2025-002185,1,2025-04-21,1200 ,34929.57,0.00,PLN,C007
PL01-2025-002185,2,2025-04-21,4000 ,0.00,30434.83,PLN,C007
PL01-2025-002185,3,2025-04-21,4100 ,0.00,4494.74,PLN,C007
PL01-2025-002186,1,2025-06-01,1000 ,34929.57,0.00,PLN,C007
PL01-2025-002186,2,2025-06-01,1200 ,0.00,34929.57,PLN,C007
PL01-2025-002187,1,2025-04-19,1200 ,15708.74,0.00,PLN,C008
PL01-2025-002187,2,2025-04-19,4000 ,0.00,13687.34,PLN,C008
PL01-2025-002187,3,2025-04-19,4100 ,0.00,2021.40,PLN,C008
PL01-2025-002188,1,2025-06-13,1000 ,15708.74,0.00,PLN,C008
PL01-2025-002188,2,2025-06-13,1200 ,0.00,15708.74,PLN,C008
PL01-2025-002189,1,2025-04-24,1200 ,103823.14,0.00,PLN,C034
PL01-2025-002189,2,2025-04-24,4000 ,0.00,90463.18,PLN,C034
PL01-2025-002189,3,2025-04-24,4100 ,0.00,13359.96,PLN,C034
PL01-2025-002190,1,2025-07-07,1000 ,103823.14,0.00,PLN,C034
PL01-2025-002190,2,2025-07-07,1200 ,0.00,103823.14,PLN,C034
PL01-2025-002191,1,2025-04-25,1200 ,32178.45,0.00,PLN,C003
PL01-2025-002191,2,2025-04-25,4000 ,0.00,28037.73,PLN,C003
PL01-2025-002191,3,2025-04-25,4100 ,0.00,4140.72,PLN,C003
PL01-2025-002192,1,2025-07-03,1000 ,32178.45,0.00,PLN,C003
PL01-2025-002192,2,2025-07-03,1200 ,0.00,32178.45,PLN,C003
PL01-2025-002193,1,2025-04-05,1200 ,21033.67,0.00,PLN,C037
PL01-2025-002193,2,2025-04-05,4000 ,0.00,18327.06,PLN,C037
PL01-2025-002193,3,2025-04-05,4100 ,0.00,2706.61,PLN,C037
PL01-2025-002194,1,2025-05-12,1000 ,21033.67,0.00,PLN,C037
PL01-2025-002194,2,2025-05-12,1200 ,0.00,21033.67,PLN,C037
PL01-2025-002195,1,2025-04-06,1200 ,21375.89,0.00,PLN,C018
PL01-2025-002195,2,2025-04-06,4000 ,0.00,18625.24,PLN,C018
PL01-2025-002195,3,2025-04-06,4100 ,0.00,2750.65,PLN,C018
PL01-2025-002196,1,2025-05-18,1000 ,21375.89,0.00,PLN,C018
PL01-2025-002196,2,2025-05-18,1200 ,0.00,21375.89,PLN,C018
PL01-2025-002197,1,2025-04-01,1200 ,25892.63,0.00,PLN,C012
PL01-2025-002197,2,2025-04-01,4000 ,0.00,22560.77,PLN,C012
PL01-2025-002197,3,2025-04-01,4100 ,0.00,3331.86,PLN,C012
PL01-2025-002198,1,2025-05-16,1000 ,25892.63,0.00,PLN,C012
PL01-2025-002198,2,2025-05-16,1200 ,0.00,25892.63,PLN,C012
PL01-2025-002199,1,2025-04-12,1200 ,25168.37,0.00,PLN,C027
PL01-2025-002199,2,2025-04-12,4000 ,0.00,21929.70,PLN,C027
PL01-2025-002199,3,2025-04-12,4100 ,0.00,3238.67,PLN,C027
PL01-2025-002200,1,2025-05-21,1000 ,25168.37,0.00,PLN,C027
PL01-2025-002200,2,2025-05-21,1200 ,0.00,25168.37,PLN,C027
PL01-2025-002201,1,2025-04-14,1200 ,4658.52,0.00,PLN,C033
PL01-2025-002201,2,2025-04-14,4000 ,0.00,4059.06,PLN,C033
PL01-2025-002201,3,2025-04-14,4100 ,0.00,599.46,PLN,C033
PL01-2025-002202,1,2025-05-23,1000 ,4658.52,0.00,PLN,C033
PL01-2025-002202,2,2025-05-23,1200 ,0.00,4658.52,PLN,C033
PL01-2025-002203,1,2025-04-09,1200 ,14328.35,0.00,PLN,C003
PL01-2025-002203,2,2025-04-09,4000 ,0.00,12484.58,PLN,C003
PL01-2025-002203,3,2025-04-09,4100 ,0.00,1843.77,PLN,C003
PL01-2025-002204,1,2025-06-19,1000 ,14328.35,0.00,PLN,C003
PL01-2025-002204,2,2025-06-19,1200 ,0.00,14328.35,PLN,C003
PL01-2025-002205,1,2025-04-18,1200 ,37446.19,0.00,PLN,C018
PL01-2025-002205,2,2025-04-18,4000 ,0.00,32627.62,PLN,C018
PL01-2025-002205,3,2025-04-18,4100 ,0.00,4818.57,PLN,C018
PL01-2025-002206,1,2025-05-29,1000 ,37446.19,0.00,PLN,C018
PL01-2025-002206,2,2025-05-29,1200 ,0.00,37446.19,PLN,C018
PL01-2025-002207,1,2025-04-11,1200 ,56231.62,0.00,PLN,C018
PL01-2025-002207,2,2025-04-11,4000 ,0.00,48995.74,PLN,C018
PL01-2025-002207,3,2025-04-11,4100 ,0.00,7235.88,PLN,C018
PL01-2025-002208,1,2025-06-08,1000 ,56231.62,0.00,PLN,C018
PL01-2025-002208,2,2025-06-08,1200 ,0.00,56231.62,PLN,C018
PL01-2025-002209,1,2025-04-28,1200 ,10936.38,0.00,PLN,C002
PL01-2025-002209,2,2025-04-28,4000 ,0.00,9529.09,PLN,C002
PL01-2025-002209,3,2025-04-28,4100 ,0.00,1407.29,PLN,C002
PL01-2025-002210,1,2025-06-18,1000 ,10936.38,0.00,PLN,C002
PL01-2025-002210,2,2025-06-18,1200 ,0.00,10936.38,PLN,C002
PL01-2025-002211,1,2025-04-21,1200 ,15194.67,0.00,PLN,C018
PL01-2025-002211,2,2025-04-21,4000 ,0.00,13239.42,PLN,C018
PL01-2025-002211,3,2025-04-21,4100 ,0.00,1955.25,PLN,C018
PL01-2025-002212,1,2025-06-16,1000 ,15194.67,0.00,PLN,C018
PL01-2025-002212,2,2025-06-16,1200 ,0.00,15194.67,PLN,C018
PL01-2025-002213,1,2025-04-21,1200 ,24940.62,0.00,PLN,C010
PL01-2025-002213,2,2025-04-21,4000 ,0.00,21731.26,PLN,C010
PL01-2025-002213,3,2025-04-21,4100 ,0.00,3209.36,PLN,C010
PL01-2025-002214,1,2025-05-27,1000 ,24940.62,0.00,PLN,C010
PL01-2025-002214,2,2025-05-27,1200 ,0.00,24940.62,PLN,C010
PL01-2025-002215,1,2025-04-01,1200 ,11927.96,0.00,PLN,C008
PL01-2025-002215,2,2025-04-01,4000 ,0.00,10393.07,PLN,C008
PL01-2025-002215,3,2025-04-01,4100 ,0.00,1534.89,PLN,C008
PL01-2025-002216,1,2025-05-22,1000 ,11927.96,0.00,PLN,C008
PL01-2025-002216,2,2025-05-22,1200 ,0.00,11927.96,PLN,C008
PL01-2025-002217,1,2025-04-16,1200 ,104649.34,0.00,PLN,C014
PL01-2025-002217,2,2025-04-16,4000 ,0.00,91183.07,PLN,C014
PL01-2025-002217,3,2025-04-16,4100 ,0.00,13466.27,PLN,C014
PL01-2025-002218,1,2025-06-04,1000 ,104649.34,0.00,PLN,C014
PL01-2025-002218,2,2025-06-04,1200 ,0.00,104649.34,PLN,C014
PL01-2025-002219,1,2025-04-08,1200 ,10978.62,0.00,PLN,C028
PL01-2025-002219,2,2025-04-08,4000 ,0.00,9565.89,PLN,C028
PL01-2025-002219,3,2025-04-08,4100 ,0.00,1412.73,PLN,C028
PL01-2025-002220,1,2025-05-30,1000 ,10978.62,0.00,PLN,C028
PL01-2025-002220,2,2025-05-30,1200 ,0.00,10978.62,PLN,C028
PL01-2025-002221,1,2025-04-22,1200 ,123997.37,0.00,PLN,C039
PL01-2025-002221,2,2025-04-22,4000 ,0.00,108041.39,PLN,C039
PL01-2025-002221,3,2025-04-22,4100 ,0.00,15955.98,PLN,C039
PL01-2025-002222,1,2025-06-14,1000 ,123997.37,0.00,PLN,C039
PL01-2025-002222,2,2025-06-14,1200 ,0.00,123997.37,PLN,C039
PL01-2025-002223,1,2025-04-15,1200 ,14312.56,0.00,PLN,C023
PL01-2025-002223,2,2025-04-15,4000 ,0.00,12470.82,PLN,C023
PL01-2025-002223,3,2025-04-15,4100 ,0.00,1841.74,PLN,C023
PL01-2025-002224,1,2025-05-24,1000 ,14312.56,0.00,PLN,C023
PL01-2025-002224,2,2025-05-24,1200 ,0.00,14312.56,PLN,C023
PL01-2025-002225,1,2025-04-28,1200 ,33106.32,0.00,PLN,C024
PL01-2025-002225,2,2025-04-28,4000 ,0.00,28846.20,PLN,C024
PL01-2025-002225,3,2025-04-28,4100 ,0.00,4260.12,PLN,C024
PL01-2025-002226,1,2025-05-31,1000 ,33106.32,0.00,PLN,C024
PL01-2025-002226,2,2025-05-31,1200 ,0.00,33106.32,PLN,C024
PL01-2025-002227,1,2025-04-02,1200 ,34076.78,0.00,PLN,C001
PL01-2025-002227,2,2025-04-02,4000 ,0.00,29691.78,PLN,C001
PL01-2025-002227,3,2025-04-02,4100 ,0.00,4385.00,PLN,C001
PL01-2025-002228,1,2025-05-06,1000 ,34076.78,0.00,PLN,C001
PL01-2025-002228,2,2025-05-06,1200 ,0.00,34076.78,PLN,C001
PL01-2025-002229,1,2025-04-21,1200 ,10663.99,0.00,PLN,C019
PL01-2025-002229,2,2025-04-21,4000 ,0.00,9291.75,PLN,C019
PL01-2025-002229,3,2025-04-21,4100 ,0.00,1372.24,PLN,C019
PL01-2025-002230,1,2025-07-05,1000 ,10663.99,0.00,PLN,C019
PL01-2025-002230,2,2025-07-05,1200 ,0.00,10663.99,PLN,C019
PL01-2025-002231,1,2025-04-03,1200 ,28253.35,0.00,PLN,C039
PL01-2025-002231,2,2025-04-03,4000 ,0.00,24617.71,PLN,C039
PL01-2025-002231,3,2025-04-03,4100 ,0.00,3635.64,PLN,C039
PL01-2025-002232,1,2025-05-22,1000 ,28253.35,0.00,PLN,C039
PL01-2025-002232,2,2025-05-22,1200 ,0.00,28253.35,PLN,C039
PL01-2025-002233,1,2025-04-06,1200 ,65737.46,0.00,PLN,C036
PL01-2025-002233,2,2025-04-06,4000 ,0.00,57278.37,PLN,C036
PL01-2025-002233,3,2025-04-06,4100 ,0.00,8459.09,PLN,C036
PL01-2025-002234,1,2025-06-13,1000 ,65737.46,0.00,PLN,C036
PL01-2025-002234,2,2025-06-13,1200 ,0.00,65737.46,PLN,C036
PL01-2025-002235,1,2025-04-13,1200 ,8447.19,0.00,PLN,C008
PL01-2025-002235,2,2025-04-13,4000 ,0.00,7360.21,PLN,C008
PL01-2025-002235,3,2025-04-13,4100 ,0.00,1086.98,PLN,C008
PL01-2025-002236,1,2025-06-11,1000 ,8447.19,0.00,PLN,C008
PL01-2025-002236,2,2025-06-11,1200 ,0.00,8447.19,PLN,C008
PL01-2025-002237,1,2025-04-15,1200 ,16915.66,0.00,PLN,C026
PL01-2025-002237,2,2025-04-15,4000 ,0.00,14738.95,PLN,C026
PL01-2025-002237,3,2025-04-15,4100 ,0.00,2176.71,PLN,C026
PL01-2025-002238,1,2025-06-07,1000 ,16915.66,0.00,PLN,C026
PL01-2025-002238,2,2025-06-07,1200 ,0.00,16915.66,PLN,C026
PL01-2025-002239,1,2025-04-07,1200 ,11227.98,0.00,PLN,C008
PL01-2025-002239,2,2025-04-07,4000 ,0.00,9783.16,PLN,C008
PL01-2025-002239,3,2025-04-07,4100 ,0.00,1444.82,PLN,C008
PL01-2025-002240,1,2025-05-26,1000 ,11227.98,0.00,PLN,C008
PL01-2025-002240,2,2025-05-26,1200 ,0.00,11227.98,PLN,C008
PL01-2025-002241,1,2025-04-23,1200 ,12117.37,0.00,PLN,C020
PL01-2025-002241,2,2025-04-23,4000 ,0.00,10558.11,PLN,C020
PL01-2025-002241,3,2025-04-23,4100 ,0.00,1559.26,PLN,C020
PL01-2025-002242,1,2025-06-04,1000 ,12117.37,0.00,PLN,C020
PL01-2025-002242,2,2025-06-04,1200 ,0.00,12117.37,PLN,C020
PL01-2025-002243,1,2025-04-12,1300 ,75302.12,0.00,PLN,V004
PL01-2025-002243,2,2025-04-12,2100 ,0.00,75302.12,PLN,V004
PL01-2025-002244,1,2025-05-25,2100 ,75302.12,0.00,PLN,V004
PL01-2025-002244,2,2025-05-25,1000 ,0.00,75302.12,PLN,V004
PL01-2025-002245,1,2025-04-03,1300 ,634311.57,0.00,PLN,V008
PL01-2025-002245,2,2025-04-03,2100 ,0.00,634311.57,PLN,V008
PL01-2025-002246,1,2025-05-15,2100 ,634311.57,0.00,PLN,V008
PL01-2025-002246,2,2025-05-15,1000 ,0.00,634311.57,PLN,V008
PL01-2025-002247,1,2025-04-18,1300 ,292279.39,0.00,PLN,V008
PL01-2025-002247,2,2025-04-18,2100 ,0.00,292279.39,PLN,V008
PL01-2025-002248,1,2025-06-01,2100 ,292279.39,0.00,PLN,V008
PL01-2025-002248,2,2025-06-01,1000 ,0.00,292279.39,PLN,V008
PL01-2025-002249,1,2025-04-24,1300 ,234712.23,0.00,PLN,V007
PL01-2025-002249,2,2025-04-24,2100 ,0.00,234712.23,PLN,V007
PL01-2025-002250,1,2025-06-12,2100 ,234712.23,0.00,PLN,V007
PL01-2025-002250,2,2025-06-12,1000 ,0.00,234712.23,PLN,V007
PL01-2025-002251,1,2025-04-30,5000 ,1106011.21,0.00,PLN,
PL01-2025-002251,2,2025-04-30,1300 ,0.00,1106011.21,PLN,
PL01-2025-002252,1,2025-04-05,6100 ,94726.58,0.00,PLN,V027
PL01-2025-002252,2,2025-04-05,2100 ,0.00,94726.58,PLN,V027
PL01-2025-002253,1,2025-05-18,2100 ,94726.58,0.00,PLN,V027
PL01-2025-002253,2,2025-05-18,1000 ,0.00,94726.58,PLN,V027
PL01-2025-002254,1,2025-04-13,6200 ,105577.99,0.00,PLN,V046
PL01-2025-002254,2,2025-04-13,2100 ,0.00,105577.99,PLN,V046
PL01-2025-002255,1,2025-05-28,2100 ,105577.99,0.00,PLN,V046
PL01-2025-002255,2,2025-05-28,1000 ,0.00,105577.99,PLN,V046
PL01-2025-002256,1,2025-04-11,6300 ,37649.42,0.00,PLN,V035
PL01-2025-002256,2,2025-04-11,2100 ,0.00,37649.42,PLN,V035
PL01-2025-002257,1,2025-06-03,2100 ,37649.42,0.00,PLN,V035
PL01-2025-002257,2,2025-06-03,1000 ,0.00,37649.42,PLN,V035
PL01-2025-002258,1,2025-04-05,6400 ,58322.68,0.00,PLN,V036
PL01-2025-002258,2,2025-04-05,2100 ,0.00,58322.68,PLN,V036
PL01-2025-002259,1,2025-04-30,2100 ,58322.68,0.00,PLN,V036
PL01-2025-002259,2,2025-04-30,1000 ,0.00,58322.68,PLN,V036
PL01-2025-002260,1,2025-04-25,6000 ,693930.77,0.00,PLN,
PL01-2025-002260,2,2025-04-25,1000 ,0.00,693930.77,PLN,
PL01-2025-002261,1,2025-04-30,6900 ,42708.33,0.00,PLN,
PL01-2025-002261,2,2025-04-30,1590 ,0.00,42708.33,PLN,
PL01-2025-002262,1,2025-05-25,1200 ,54932.43,0.00,PLN,C034
PL01-2025-002262,2,2025-05-25,4000 ,0.00,47197.60,PLN,C034
PL01-2025-002262,3,2025-05-25,4100 ,0.00,7734.83,PLN,C034
PL01-2025-002263,1,2025-06-29,1000 ,54932.43,0.00,PLN,C034
PL01-2025-002263,2,2025-06-29,1200 ,0.00,54932.43,PLN,C034
PL01-2025-002264,1,2025-05-25,1200 ,3049.69,0.00,PLN,C033
PL01-2025-002264,2,2025-05-25,4000 ,0.00,2620.27,PLN,C033
PL01-2025-002264,3,2025-05-25,4100 ,0.00,429.42,PLN,C033
PL01-2025-002265,1,2025-07-10,1000 ,3049.69,0.00,PLN,C033
PL01-2025-002265,2,2025-07-10,1200 ,0.00,3049.69,PLN,C033
PL01-2025-002266,1,2025-05-23,1200 ,86529.38,0.00,PLN,C016
PL01-2025-002266,2,2025-05-23,4000 ,0.00,74345.50,PLN,C016
PL01-2025-002266,3,2025-05-23,4100 ,0.00,12183.88,PLN,C016
PL01-2025-002267,1,2025-07-29,1000 ,86529.38,0.00,PLN,C016
PL01-2025-002267,2,2025-07-29,1200 ,0.00,86529.38,PLN,C016
PL01-2025-002268,1,2025-05-12,1200 ,12521.13,0.00,PLN,C014
PL01-2025-002268,2,2025-05-12,4000 ,0.00,10758.08,PLN,C014
PL01-2025-002268,3,2025-05-12,4100 ,0.00,1763.05,PLN,C014
PL01-2025-002269,1,2025-06-16,1000 ,12521.13,0.00,PLN,C014
PL01-2025-002269,2,2025-06-16,1200 ,0.00,12521.13,PLN,C014
PL01-2025-002270,1,2025-05-21,1200 ,11984.83,0.00,PLN,C006
PL01-2025-002270,2,2025-05-21,4000 ,0.00,10297.29,PLN,C006
PL01-2025-002270,3,2025-05-21,4100 ,0.00,1687.54,PLN,C006
PL01-2025-002271,1,2025-07-01,1000 ,11984.83,0.00,PLN,C006
PL01-2025-002271,2,2025-07-01,1200 ,0.00,11984.83,PLN,C006
PL01-2025-002272,1,2025-05-13,1200 ,90780.31,0.00,PLN,C026
PL01-2025-002272,2,2025-05-13,4000 ,0.00,77997.87,PLN,C026
PL01-2025-002272,3,2025-05-13,4100 ,0.00,12782.44,PLN,C026
PL01-2025-002273,1,2025-06-27,1000 ,90780.31,0.00,PLN,C026
PL01-2025-002273,2,2025-06-27,1200 ,0.00,90780.31,PLN,C026
PL01-2025-002274,1,2025-05-20,1200 ,11834.95,0.00,PLN,C016
PL01-2025-002274,2,2025-05-20,4000 ,0.00,10168.51,PLN,C016
PL01-2025-002274,3,2025-05-20,4100 ,0.00,1666.44,PLN,C016
PL01-2025-002275,1,2025-07-04,1000 ,11834.95,0.00,PLN,C016
PL01-2025-002275,2,2025-07-04,1200 ,0.00,11834.95,PLN,C016
PL01-2025-002276,1,2025-05-20,1200 ,10278.28,0.00,PLN,C030
PL01-2025-002276,2,2025-05-20,4000 ,0.00,8831.03,PLN,C030
PL01-2025-002276,3,2025-05-20,4100 ,0.00,1447.25,PLN,C030
PL01-2025-002277,1,2025-07-06,1000 ,10278.28,0.00,PLN,C030
PL01-2025-002277,2,2025-07-06,1200 ,0.00,10278.28,PLN,C030
PL01-2025-002278,1,2025-05-13,1200 ,45356.86,0.00,PLN,C008
PL01-2025-002278,2,2025-05-13,4000 ,0.00,38970.33,PLN,C008
PL01-2025-002278,3,2025-05-13,4100 ,0.00,6386.53,PLN,C008
PL01-2025-002279,1,2025-06-15,1000 ,45356.86,0.00,PLN,C008
PL01-2025-002279,2,2025-06-15,1200 ,0.00,45356.86,PLN,C008
PL01-2025-002280,1,2025-05-29,1200 ,10960.24,0.00,PLN,C020
PL01-2025-002280,2,2025-05-29,4000 ,0.00,9416.97,PLN,C020
PL01-2025-002280,3,2025-05-29,4100 ,0.00,1543.27,PLN,C020
PL01-2025-002281,1,2025-07-15,1000 ,10960.24,0.00,PLN,C020
PL01-2025-002281,2,2025-07-15,1200 ,0.00,10960.24,PLN,C020
PL01-2025-002282,1,2025-05-24,1200 ,21665.25,0.00,PLN,C035
PL01-2025-002282,2,2025-05-24,4000 ,0.00,18614.65,PLN,C035
PL01-2025-002282,3,2025-05-24,4100 ,0.00,3050.60,PLN,C035
PL01-2025-002283,1,2025-06-23,1000 ,21665.25,0.00,PLN,C035
PL01-2025-002283,2,2025-06-23,1200 ,0.00,21665.25,PLN,C035
PL01-2025-002284,1,2025-05-21,1200 ,28256.67,0.00,PLN,C035
PL01-2025-002284,2,2025-05-21,4000 ,0.00,24277.95,PLN,C035
PL01-2025-002284,3,2025-05-21,4100 ,0.00,3978.72,PLN,C035
PL01-2025-002285,1,2025-08-11,1000 ,28256.67,0.00,PLN,C035
PL01-2025-002285,2,2025-08-11,1200 ,0.00,28256.67,PLN,C035
PL01-2025-002286,1,2025-05-09,1200 ,2237.64,0.00,PLN,C002
PL01-2025-002286,2,2025-05-09,4000 ,0.00,1922.57,PLN,C002
PL01-2025-002286,3,2025-05-09,4100 ,0.00,315.07,PLN,C002
PL01-2025-002287,1,2025-05-28,1000 ,2237.64,0.00,PLN,C002
PL01-2025-002287,2,2025-05-28,1200 ,0.00,2237.64,PLN,C002
PL01-2025-002288,1,2025-05-01,1200 ,17193.91,0.00,PLN,C005
PL01-2025-002288,2,2025-05-01,4000 ,0.00,14772.90,PLN,C005
PL01-2025-002288,3,2025-05-01,4100 ,0.00,2421.01,PLN,C005
PL01-2025-002289,1,2025-06-15,1000 ,17193.91,0.00,PLN,C005
PL01-2025-002289,2,2025-06-15,1200 ,0.00,17193.91,PLN,C005
PL01-2025-002290,1,2025-05-12,1200 ,15053.15,0.00,PLN,C030
PL01-2025-002290,2,2025-05-12,4000 ,0.00,12933.57,PLN,C030
PL01-2025-002290,3,2025-05-12,4100 ,0.00,2119.58,PLN,C030
PL01-2025-002291,1,2025-06-13,1000 ,15053.15,0.00,PLN,C030
PL01-2025-002291,2,2025-06-13,1200 ,0.00,15053.15,PLN,C030
PL01-2025-002292,1,2025-05-22,1200 ,17129.98,0.00,PLN,C018
PL01-2025-002292,2,2025-05-22,4000 ,0.00,14717.97,PLN,C018
PL01-2025-002292,3,2025-05-22,4100 ,0.00,2412.01,PLN,C018
PL01-2025-002293,1,2025-06-25,1000 ,17129.98,0.00,PLN,C018
PL01-2025-002293,2,2025-06-25,1200 ,0.00,17129.98,PLN,C018
PL01-2025-002294,1,2025-05-21,1200 ,59868.77,0.00,PLN,C009
PL01-2025-002294,2,2025-05-21,4000 ,0.00,51438.87,PLN,C009
PL01-2025-002294,3,2025-05-21,4100 ,0.00,8429.90,PLN,C009
PL01-2025-002295,1,2025-07-17,1000 ,59868.77,0.00,PLN,C009
PL01-2025-002295,2,2025-07-17,1200 ,0.00,59868.77,PLN,C009
PL01-2025-002296,1,2025-05-03,1200 ,10230.56,0.00,PLN,C027
PL01-2025-002296,2,2025-05-03,4000 ,0.00,8790.03,PLN,C027
PL01-2025-002296,3,2025-05-03,4100 ,0.00,1440.53,PLN,C027
PL01-2025-002297,1,2025-06-02,1000 ,10230.56,0.00,PLN,C027
PL01-2025-002297,2,2025-06-02,1200 ,0.00,10230.56,PLN,C027
PL01-2025-002298,1,2025-05-20,1200 ,10816.29,0.00,PLN,C019
PL01-2025-002298,2,2025-05-20,4000 ,0.00,9293.29,PLN,C019
PL01-2025-002298,3,2025-05-20,4100 ,0.00,1523.00,PLN,C019
PL01-2025-002299,1,2025-06-20,1000 ,10816.29,0.00,PLN,C019
PL01-2025-002299,2,2025-06-20,1200 ,0.00,10816.29,PLN,C019
PL01-2025-002300,1,2025-05-14,1200 ,143067.78,0.00,PLN,C020
PL01-2025-002300,2,2025-05-14,4000 ,0.00,122922.94,PLN,C020
PL01-2025-002300,3,2025-05-14,4100 ,0.00,20144.84,PLN,C020
PL01-2025-002301,1,2025-06-29,1000 ,143067.78,0.00,PLN,C020
PL01-2025-002301,2,2025-06-29,1200 ,0.00,143067.78,PLN,C020
PL01-2025-002302,1,2025-05-03,1200 ,14830.04,0.00,PLN,C038
PL01-2025-002302,2,2025-05-03,4000 ,0.00,12741.88,PLN,C038
PL01-2025-002302,3,2025-05-03,4100 ,0.00,2088.16,PLN,C038
PL01-2025-002303,1,2025-06-18,1000 ,14830.04,0.00,PLN,C038
PL01-2025-002303,2,2025-06-18,1200 ,0.00,14830.04,PLN,C038
PL01-2025-002304,1,2025-05-09,1200 ,85839.32,0.00,PLN,C018
PL01-2025-002304,2,2025-05-09,4000 ,0.00,73752.60,PLN,C018
PL01-2025-002304,3,2025-05-09,4100 ,0.00,12086.72,PLN,C018
PL01-2025-002305,1,2025-06-20,1000 ,85839.32,0.00,PLN,C018
PL01-2025-002305,2,2025-06-20,1200 ,0.00,85839.32,PLN,C018
PL01-2025-002306,1,2025-05-20,1200 ,32350.82,0.00,PLN,C039
PL01-2025-002306,2,2025-05-20,4000 ,0.00,27795.62,PLN,C039
PL01-2025-002306,3,2025-05-20,4100 ,0.00,4555.20,PLN,C039
PL01-2025-002307,1,2025-06-21,1000 ,32350.82,0.00,PLN,C039
PL01-2025-002307,2,2025-06-21,1200 ,0.00,32350.82,PLN,C039
PL01-2025-002308,1,2025-05-16,1200 ,108291.60,0.00,PLN,C022
PL01-2025-002308,2,2025-05-16,4000 ,0.00,93043.46,PLN,C022
PL01-2025-002308,3,2025-05-16,4100 ,0.00,15248.14,PLN,C022
PL01-2025-002309,1,2025-07-31,1000 ,108291.60,0.00,PLN,C022
PL01-2025-002309,2,2025-07-31,1200 ,0.00,108291.60,PLN,C022
PL01-2025-002310,1,2025-05-17,1200 ,42310.15,0.00,PLN,C019
PL01-2025-002310,2,2025-05-17,4000 ,0.00,36352.61,PLN,C019
PL01-2025-002310,3,2025-05-17,4100 ,0.00,5957.54,PLN,C019
PL01-2025-002311,1,2025-07-02,1000 ,42310.15,0.00,PLN,C019
PL01-2025-002311,2,2025-07-02,1200 ,0.00,42310.15,PLN,C019
PL01-2025-002312,1,2025-05-29,1200 ,12126.69,0.00,PLN,C009
PL01-2025-002312,2,2025-05-29,4000 ,0.00,10419.18,PLN,C009
PL01-2025-002312,3,2025-05-29,4100 ,0.00,1707.51,PLN,C009
PL01-2025-002313,1,2025-08-10,1000 ,12126.69,0.00,PLN,C009
PL01-2025-002313,2,2025-08-10,1200 ,0.00,12126.69,PLN,C009
PL01-2025-002314,1,2025-05-29,1200 ,172330.37,0.00,PLN,C030
PL01-2025-002314,2,2025-05-29,4000 ,0.00,148065.17,PLN,C030
PL01-2025-002314,3,2025-05-29,4100 ,0.00,24265.20,PLN,C030
PL01-2025-002315,1,2025-07-13,1000 ,172330.37,0.00,PLN,C030
PL01-2025-002315,2,2025-07-13,1200 ,0.00,172330.37,PLN,C030
PL01-2025-002316,1,2025-05-22,1200 ,25381.03,0.00,PLN,C037
PL01-2025-002316,2,2025-05-22,4000 ,0.00,21807.22,PLN,C037
PL01-2025-002316,3,2025-05-22,4100 ,0.00,3573.81,PLN,C037
PL01-2025-002317,1,2025-06-29,1000 ,25381.03,0.00,PLN,C037
PL01-2025-002317,2,2025-06-29,1200 ,0.00,25381.03,PLN,C037
PL01-2025-002318,1,2025-05-29,1200 ,42086.81,0.00,PLN,C013
PL01-2025-002318,2,2025-05-29,4000 ,0.00,36160.72,PLN,C013
PL01-2025-002318,3,2025-05-29,4100 ,0.00,5926.09,PLN,C013
PL01-2025-002319,1,2025-06-29,1000 ,42086.81,0.00,PLN,C013
PL01-2025-002319,2,2025-06-29,1200 ,0.00,42086.81,PLN,C013
PL01-2025-002320,1,2025-05-17,1200 ,22831.08,0.00,PLN,C034
PL01-2025-002320,2,2025-05-17,4000 ,0.00,19616.32,PLN,C034
PL01-2025-002320,3,2025-05-17,4100 ,0.00,3214.76,PLN,C034
PL01-2025-002321,1,2025-07-04,1000 ,22831.08,0.00,PLN,C034
PL01-2025-002321,2,2025-07-04,1200 ,0.00,22831.08,PLN,C034
PL01-2025-002322,1,2025-05-26,1200 ,70768.45,0.00,PLN,C008
PL01-2025-002322,2,2025-05-26,4000 ,0.00,60803.81,PLN,C008
PL01-2025-002322,3,2025-05-26,4100 ,0.00,9964.64,PLN,C008
PL01-2025-002323,1,2025-08-06,1000 ,70768.45,0.00,PLN,C008
PL01-2025-002323,2,2025-08-06,1200 ,0.00,70768.45,PLN,C008
PL01-2025-002324,1,2025-05-03,1200 ,12494.69,0.00,PLN,C009
PL01-2025-002324,2,2025-05-03,4000 ,0.00,10735.36,PLN,C009
PL01-2025-002324,3,2025-05-03,4100 ,0.00,1759.33,PLN,C009
PL01-2025-002325,1,2025-06-09,1000 ,12494.69,0.00,PLN,C009
PL01-2025-002325,2,2025-06-09,1200 ,0.00,12494.69,PLN,C009
PL01-2025-002326,1,2025-05-24,1200 ,18753.10,0.00,PLN,C015
PL01-2025-002326,2,2025-05-24,4000 ,0.00,16112.55,PLN,C015
PL01-2025-002326,3,2025-05-24,4100 ,0.00,2640.55,PLN,C015
PL01-2025-002327,1,2025-07-07,1000 ,18753.10,0.00,PLN,C015
PL01-2025-002327,2,2025-07-07,1200 ,0.00,18753.10,PLN,C015
PL01-2025-002328,1,2025-05-20,1200 ,6102.43,0.00,PLN,C020
PL01-2025-002328,2,2025-05-20,4000 ,0.00,5243.17,PLN,C020
PL01-2025-002328,3,2025-05-20,4100 ,0.00,859.26,PLN,C020
PL01-2025-002329,1,2025-06-18,1000 ,6102.43,0.00,PLN,C020
PL01-2025-002329,2,2025-06-18,1200 ,0.00,6102.43,PLN,C020
PL01-2025-002330,1,2025-05-13,1200 ,41063.38,0.00,PLN,C019
PL01-2025-002330,2,2025-05-13,4000 ,0.00,35281.40,PLN,C019
PL01-2025-002330,3,2025-05-13,4100 ,0.00,5781.98,PLN,C019
PL01-2025-002331,1,2025-06-24,1000 ,41063.38,0.00,PLN,C019
PL01-2025-002331,2,2025-06-24,1200 ,0.00,41063.38,PLN,C019
PL01-2025-002332,1,2025-05-17,1200 ,28033.87,0.00,PLN,C012
PL01-2025-002332,2,2025-05-17,4000 ,0.00,24086.52,PLN,C012
PL01-2025-002332,3,2025-05-17,4100 ,0.00,3947.35,PLN,C012
PL01-2025-002333,1,2025-06-28,1000 ,28033.87,0.00,PLN,C012
PL01-2025-002333,2,2025-06-28,1200 ,0.00,28033.87,PLN,C012
PL01-2025-002334,1,2025-05-31,1200 ,60846.81,0.00,PLN,C028
PL01-2025-002334,2,2025-05-31,4000 ,0.00,52279.20,PLN,C028
PL01-2025-002334,3,2025-05-31,4100 ,0.00,8567.61,PLN,C028
PL01-2025-002335,1,2025-07-31,1000 ,60846.81,0.00,PLN,C028
PL01-2025-002335,2,2025-07-31,1200 ,0.00,60846.81,PLN,C028
PL01-2025-002336,1,2025-05-30,1200 ,12476.92,0.00,PLN,C037
PL01-2025-002336,2,2025-05-30,4000 ,0.00,10720.09,PLN,C037
PL01-2025-002336,3,2025-05-30,4100 ,0.00,1756.83,PLN,C037
PL01-2025-002337,1,2025-07-15,1000 ,12476.92,0.00,PLN,C037
PL01-2025-002337,2,2025-07-15,1200 ,0.00,12476.92,PLN,C037
PL01-2025-002338,1,2025-05-04,1200 ,9345.03,0.00,PLN,C010
PL01-2025-002338,2,2025-05-04,4000 ,0.00,8029.19,PLN,C010
PL01-2025-002338,3,2025-05-04,4100 ,0.00,1315.84,PLN,C010
PL01-2025-002339,1,2025-06-26,1000 ,9345.03,0.00,PLN,C010
PL01-2025-002339,2,2025-06-26,1200 ,0.00,9345.03,PLN,C010
PL01-2025-002340,1,2025-05-27,1200 ,28749.00,0.00,PLN,C027
PL01-2025-002340,2,2025-05-27,4000 ,0.00,24700.96,PLN,C027
PL01-2025-002340,3,2025-05-27,4100 ,0.00,4048.04,PLN,C027
PL01-2025-002341,1,2025-07-03,1000 ,28749.00,0.00,PLN,C027
PL01-2025-002341,2,2025-07-03,1200 ,0.00,28749.00,PLN,C027
PL01-2025-002342,1,2025-05-12,1200 ,18751.71,0.00,PLN,C009
PL01-2025-002342,2,2025-05-12,4000 ,0.00,16111.35,PLN,C009
PL01-2025-002342,3,2025-05-12,4100 ,0.00,2640.36,PLN,C009
PL01-2025-002343,1,2025-06-23,1000 ,18751.71,0.00,PLN,C009
PL01-2025-002343,2,2025-06-23,1200 ,0.00,18751.71,PLN,C009
PL01-2025-002344,1,2025-05-17,1200 ,29323.82,0.00,PLN,C017
PL01-2025-002344,2,2025-05-17,4000 ,0.00,25194.84,PLN,C017
PL01-2025-002344,3,2025-05-17,4100 ,0.00,4128.98,PLN,C017
PL01-2025-002345,1,2025-08-04,1000 ,29323.82,0.00,PLN,C017
PL01-2025-002345,2,2025-08-04,1200 ,0.00,29323.82,PLN,C017
PL01-2025-002346,1,2025-05-24,1200 ,8005.07,0.00,PLN,C013
PL01-2025-002346,2,2025-05-24,4000 ,0.00,6877.91,PLN,C013
PL01-2025-002346,3,2025-05-24,4100 ,0.00,1127.16,PLN,C013
PL01-2025-002347,1,2025-07-25,1000 ,8005.07,0.00,PLN,C013
PL01-2025-002347,2,2025-07-25,1200 ,0.00,8005.07,PLN,C013
PL01-2025-002348,1,2025-05-23,1200 ,21364.26,0.00,PLN,C033
PL01-2025-002348,2,2025-05-23,4000 ,0.00,18356.04,PLN,C033
PL01-2025-002348,3,2025-05-23,4100 ,0.00,3008.22,PLN,C033
PL01-2025-002349,1,2025-07-05,1000 ,21364.26,0.00,PLN,C033
PL01-2025-002349,2,2025-07-05,1200 ,0.00,21364.26,PLN,C033
PL01-2025-002350,1,2025-05-15,1200 ,55598.60,0.00,PLN,C001
PL01-2025-002350,2,2025-05-15,4000 ,0.00,47769.97,PLN,C001
PL01-2025-002350,3,2025-05-15,4100 ,0.00,7828.63,PLN,C001
PL01-2025-002351,1,2025-07-25,1000 ,55598.60,0.00,PLN,C001
PL01-2025-002351,2,2025-07-25,1200 ,0.00,55598.60,PLN,C001
PL01-2025-002352,1,2025-05-16,1200 ,10229.68,0.00,PLN,C036
PL01-2025-002352,2,2025-05-16,4000 ,0.00,8789.28,PLN,C036
PL01-2025-002352,3,2025-05-16,4100 ,0.00,1440.40,PLN,C036
PL01-2025-002353,1,2025-07-13,1000 ,10229.68,0.00,PLN,C036
PL01-2025-002353,2,2025-07-13,1200 ,0.00,10229.68,PLN,C036
PL01-2025-002354,1,2025-05-06,1200 ,38750.43,0.00,PLN,C007
PL01-2025-002354,2,2025-05-06,4000 ,0.00,33294.13,PLN,C007
PL01-2025-002354,3,2025-05-06,4100 ,0.00,5456.30,PLN,C007
PL01-2025-002355,1,2025-06-21,1000 ,38750.43,0.00,PLN,C007
PL01-2025-002355,2,2025-06-21,1200 ,0.00,38750.43,PLN,C007
PL01-2025-002356,1,2025-05-30,1200 ,17217.82,0.00,PLN,C006
PL01-2025-002356,2,2025-05-30,4000 ,0.00,14793.44,PLN,C006
PL01-2025-002356,3,2025-05-30,4100 ,0.00,2424.38,PLN,C006
PL01-2025-002357,1,2025-08-02,1000 ,17217.82,0.00,PLN,C006
PL01-2025-002357,2,2025-08-02,1200 ,0.00,17217.82,PLN,C006
PL01-2025-002358,1,2025-05-05,1200 ,16030.39,0.00,PLN,C009
PL01-2025-002358,2,2025-05-05,4000 ,0.00,13773.21,PLN,C009
PL01-2025-002358,3,2025-05-05,4100 ,0.00,2257.18,PLN,C009
PL01-2025-002359,1,2025-06-27,1000 ,16030.39,0.00,PLN,C009
PL01-2025-002359,2,2025-06-27,1200 ,0.00,16030.39,PLN,C009
PL01-2025-002360,1,2025-05-25,1200 ,26109.95,0.00,PLN,C020
PL01-2025-002360,2,2025-05-25,4000 ,0.00,22433.50,PLN,C020
PL01-2025-002360,3,2025-05-25,4100 ,0.00,3676.45,PLN,C020
PL01-2025-002361,1,2025-07-09,1000 ,26109.95,0.00,PLN,C020
PL01-2025-002361,2,2025-07-09,1200 ,0.00,26109.95,PLN,C020
PL01-2025-002362,1,2025-05-05,1200 ,15531.93,0.00,PLN,C007
PL01-2025-002362,2,2025-05-05,4000 ,0.00,13344.94,PLN,C007
PL01-2025-002362,3,2025-05-05,4100 ,0.00,2186.99,PLN,C007
PL01-2025-002363,1,2025-06-09,1000 ,15531.93,0.00,PLN,C007
PL01-2025-002363,2,2025-06-09,1200 ,0.00,15531.93,PLN,C007
PL01-2025-002364,1,2025-05-07,1200 ,48968.02,0.00,PLN,C008
PL01-2025-002364,2,2025-05-07,4000 ,0.00,42073.01,PLN,C008
PL01-2025-002364,3,2025-05-07,4100 ,0.00,6895.01,PLN,C008
PL01-2025-002365,1,2025-06-28,1000 ,48968.02,0.00,PLN,C008
PL01-2025-002365,2,2025-06-28,1200 ,0.00,48968.02,PLN,C008
PL01-2025-002366,1,2025-05-07,1200 ,28160.23,0.00,PLN,C019
PL01-2025-002366,2,2025-05-07,4000 ,0.00,24195.09,PLN,C019
PL01-2025-002366,3,2025-05-07,4100 ,0.00,3965.14,PLN,C019
PL01-2025-002367,1,2025-08-01,1000 ,28160.23,0.00,PLN,C019
PL01-2025-002367,2,2025-08-01,1200 ,0.00,28160.23,PLN,C019
PL01-2025-002368,1,2025-05-15,1200 ,39841.23,0.00,PLN,C015
PL01-2025-002368,2,2025-05-15,4000 ,0.00,34231.33,PLN,C015
PL01-2025-002368,3,2025-05-15,4100 ,0.00,5609.90,PLN,C015
PL01-2025-002369,1,2025-07-10,1000 ,39841.23,0.00,PLN,C015
PL01-2025-002369,2,2025-07-10,1200 ,0.00,39841.23,PLN,C015
PL01-2025-002370,1,2025-05-25,1200 ,60408.69,0.00,PLN,C007
PL01-2025-002370,2,2025-05-25,4000 ,0.00,51902.77,PLN,C007
PL01-2025-002370,3,2025-05-25,4100 ,0.00,8505.92,PLN,C007
PL01-2025-002371,1,2025-06-16,1000 ,60408.69,0.00,PLN,C007
PL01-2025-002371,2,2025-06-16,1200 ,0.00,60408.69,PLN,C007
PL01-2025-002372,1,2025-05-13,1200 ,7849.45,0.00,PLN,C029
PL01-2025-002372,2,2025-05-13,4000 ,0.00,6744.20,PLN,C029
PL01-2025-002372,3,2025-05-13,4100 ,0.00,1105.25,PLN,C029
PL01-2025-002373,1,2025-06-09,1000 ,7849.45,0.00,PLN,C029
PL01-2025-002373,2,2025-06-09,1200 ,0.00,7849.45,PLN,C029
PL01-2025-002374,1,2025-05-19,1200 ,33659.21,0.00,PLN,C035
PL01-2025-002374,2,2025-05-19,4000 ,0.00,28919.78,PLN,C035
PL01-2025-002374,3,2025-05-19,4100 ,0.00,4739.43,PLN,C035
PL01-2025-002375,1,2025-06-26,1000 ,33659.21,0.00,PLN,C035
PL01-2025-002375,2,2025-06-26,1200 ,0.00,33659.21,PLN,C035
PL01-2025-002376,1,2025-05-10,1200 ,15012.39,0.00,PLN,C013
PL01-2025-002376,2,2025-05-10,4000 ,0.00,12898.55,PLN,C013
PL01-2025-002376,3,2025-05-10,4100 ,0.00,2113.84,PLN,C013
PL01-2025-002377,1,2025-06-22,1000 ,15012.39,0.00,PLN,C013
PL01-2025-002377,2,2025-06-22,1200 ,0.00,15012.39,PLN,C013
PL01-2025-002378,1,2025-05-14,1200 ,34994.89,0.00,PLN,C022
PL01-2025-002378,2,2025-05-14,4000 ,0.00,30067.39,PLN,C022
PL01-2025-002378,3,2025-05-14,4100 ,0.00,4927.50,PLN,C022
PL01-2025-002379,1,2025-06-09,1000 ,34994.89,0.00,PLN,C022
PL01-2025-002379,2,2025-06-09,1200 ,0.00,34994.89,PLN,C022
PL01-2025-002380,1,2025-05-31,1200 ,14600.70,0.00,PLN,C039
PL01-2025-002380,2,2025-05-31,4000 ,0.00,12544.83,PLN,C039
PL01-2025-002380,3,2025-05-31,4100 ,0.00,2055.87,PLN,C039
PL01-2025-002381,1,2025-08-17,1000 ,14600.70,0.00,PLN,C039
PL01-2025-002381,2,2025-08-17,1200 ,0.00,14600.70,PLN,C039
PL01-2025-002382,1,2025-05-18,1200 ,2911.02,0.00,PLN,C019
PL01-2025-002382,2,2025-05-18,4000 ,0.00,2501.13,PLN,C019
PL01-2025-002382,3,2025-05-18,4100 ,0.00,409.89,PLN,C019
PL01-2025-002383,1,2025-06-22,1000 ,2911.02,0.00,PLN,C019
PL01-2025-002383,2,2025-06-22,1200 ,0.00,2911.02,PLN,C019
PL01-2025-002384,1,2025-05-12,1200 ,26701.29,0.00,PLN,C029
PL01-2025-002384,2,2025-05-12,4000 ,0.00,22941.58,PLN,C029
PL01-2025-002384,3,2025-05-12,4100 ,0.00,3759.71,PLN,C029
PL01-2025-002385,1,2025-06-26,1000 ,26701.29,0.00,PLN,C029
PL01-2025-002385,2,2025-06-26,1200 ,0.00,26701.29,PLN,C029
PL01-2025-002386,1,2025-05-16,1200 ,5765.52,0.00,PLN,C013
PL01-2025-002386,2,2025-05-16,4000 ,0.00,4953.70,PLN,C013
PL01-2025-002386,3,2025-05-16,4100 ,0.00,811.82,PLN,C013
PL01-2025-002387,1,2025-07-24,1000 ,5765.52,0.00,PLN,C013
PL01-2025-002387,2,2025-07-24,1200 ,0.00,5765.52,PLN,C013
PL01-2025-002388,1,2025-05-28,1200 ,33685.32,0.00,PLN,C028
PL01-2025-002388,2,2025-05-28,4000 ,0.00,28942.21,PLN,C028
PL01-2025-002388,3,2025-05-28,4100 ,0.00,4743.11,PLN,C028
PL01-2025-002389,1,2025-06-26,1000 ,33685.32,0.00,PLN,C028
PL01-2025-002389,2,2025-06-26,1200 ,0.00,33685.32,PLN,C028
PL01-2025-002390,1,2025-05-29,1200 ,38835.39,0.00,PLN,C020
PL01-2025-002390,2,2025-05-29,4000 ,0.00,33367.12,PLN,C020
PL01-2025-002390,3,2025-05-29,4100 ,0.00,5468.27,PLN,C020
PL01-2025-002391,1,2025-07-24,1000 ,38835.39,0.00,PLN,C020
PL01-2025-002391,2,2025-07-24,1200 ,0.00,38835.39,PLN,C020
PL01-2025-002392,1,2025-05-24,1200 ,8206.11,0.00,PLN,C012
PL01-2025-002392,2,2025-05-24,4000 ,0.00,7050.64,PLN,C012
PL01-2025-002392,3,2025-05-24,4100 ,0.00,1155.47,PLN,C012
PL01-2025-002393,1,2025-07-06,1000 ,8206.11,0.00,PLN,C012
PL01-2025-002393,2,2025-07-06,1200 ,0.00,8206.11,PLN,C012
PL01-2025-002394,1,2025-05-17,1200 ,42385.12,0.00,PLN,C003
PL01-2025-002394,2,2025-05-17,4000 ,0.00,36417.03,PLN,C003
PL01-2025-002394,3,2025-05-17,4100 ,0.00,5968.09,PLN,C003
PL01-2025-002395,1,2025-07-23,1000 ,42385.12,0.00,PLN,C003
PL01-2025-002395,2,2025-07-23,1200 ,0.00,42385.12,PLN,C003
PL01-2025-002396,1,2025-05-09,1300 ,53922.94,0.00,PLN,V025
PL01-2025-002396,2,2025-05-09,2100 ,0.00,53922.94,PLN,V025
PL01-2025-002397,1,2025-06-29,2100 ,53922.94,0.00,PLN,V025
PL01-2025-002397,2,2025-06-29,1000 ,0.00,53922.94,PLN,V025
PL01-2025-002398,1,2025-05-20,1300 ,497817.82,0.00,PLN,V019
PL01-2025-002398,2,2025-05-20,2100 ,0.00,497817.82,PLN,V019
PL01-2025-002399,1,2025-06-20,2100 ,497817.82,0.00,PLN,V019
PL01-2025-002399,2,2025-06-20,1000 ,0.00,497817.82,PLN,V019
PL01-2025-002400,1,2025-05-14,1300 ,87399.93,0.00,PLN,V004
PL01-2025-002400,2,2025-05-14,2100 ,0.00,87399.93,PLN,V004
PL01-2025-002401,1,2025-06-16,2100 ,87399.93,0.00,PLN,V004
PL01-2025-002401,2,2025-06-16,1000 ,0.00,87399.93,PLN,V004
PL01-2025-002402,1,2025-05-19,1300 ,413391.98,0.00,PLN,V024
PL01-2025-002402,2,2025-05-19,2100 ,0.00,413391.98,PLN,V024
PL01-2025-002403,1,2025-06-23,2100 ,413391.98,0.00,PLN,V024
PL01-2025-002403,2,2025-06-23,1000 ,0.00,413391.98,PLN,V024
PL01-2025-002404,1,2025-05-31,5000 ,1098927.52,0.00,PLN,
PL01-2025-002404,2,2025-05-31,1300 ,0.00,1098927.52,PLN,
PL01-2025-002405,1,2025-05-07,6100 ,99798.45,0.00,PLN,V045
PL01-2025-002405,2,2025-05-07,2100 ,0.00,99798.45,PLN,V045
PL01-2025-002406,1,2025-06-23,2100 ,99798.45,0.00,PLN,V045
PL01-2025-002406,2,2025-06-23,1000 ,0.00,99798.45,PLN,V045
PL01-2025-002407,1,2025-05-18,6200 ,101207.37,0.00,PLN,V054
PL01-2025-002407,2,2025-05-18,2100 ,0.00,101207.37,PLN,V054
PL01-2025-002408,1,2025-07-08,2100 ,101207.37,0.00,PLN,V054
PL01-2025-002408,2,2025-07-08,1000 ,0.00,101207.37,PLN,V054
PL01-2025-002409,1,2025-05-08,6300 ,40926.70,0.00,PLN,V033
PL01-2025-002409,2,2025-05-08,2100 ,0.00,40926.70,PLN,V033
PL01-2025-002410,1,2025-06-11,2100 ,40926.70,0.00,PLN,V033
PL01-2025-002410,2,2025-06-11,1000 ,0.00,40926.70,PLN,V033
PL01-2025-002411,1,2025-05-08,6400 ,51730.39,0.00,PLN,V046
PL01-2025-002411,2,2025-05-08,2100 ,0.00,51730.39,PLN,V046
PL01-2025-002412,1,2025-06-12,2100 ,51730.39,0.00,PLN,V046
PL01-2025-002412,2,2025-06-12,1000 ,0.00,51730.39,PLN,V046
PL01-2025-002413,1,2025-05-25,6000 ,695547.88,0.00,PLN,
PL01-2025-002413,2,2025-05-25,1000 ,0.00,695547.88,PLN,
PL01-2025-002414,1,2025-05-31,6900 ,42708.33,0.00,PLN,
PL01-2025-002414,2,2025-05-31,1590 ,0.00,42708.33,PLN,
PL01-2025-002415,1,2025-06-05,1200 ,39772.23,0.00,PLN,C040
PL01-2025-002415,2,2025-06-05,4000 ,0.00,34329.04,PLN,C040
PL01-2025-002415,3,2025-06-05,4100 ,0.00,5443.19,PLN,C040
PL01-2025-002416,1,2025-07-31,1000 ,39772.23,0.00,PLN,C040
PL01-2025-002416,2,2025-07-31,1200 ,0.00,39772.23,PLN,C040
PL01-2025-002417,1,2025-06-12,1200 ,38798.97,0.00,PLN,C022
PL01-2025-002417,2,2025-06-12,4000 ,0.00,33488.98,PLN,C022
PL01-2025-002417,3,2025-06-12,4100 ,0.00,5309.99,PLN,C022
PL01-2025-002418,1,2025-09-19,1000 ,38798.97,0.00,PLN,C022
PL01-2025-002418,2,2025-09-19,1200 ,0.00,38798.97,PLN,C022
PL01-2025-002419,1,2025-06-05,1200 ,16176.22,0.00,PLN,C003
PL01-2025-002419,2,2025-06-05,4000 ,0.00,13962.36,PLN,C003
PL01-2025-002419,3,2025-06-05,4100 ,0.00,2213.86,PLN,C003
PL01-2025-002420,1,2025-09-12,1000 ,16176.22,0.00,PLN,C003
PL01-2025-002420,2,2025-09-12,1200 ,0.00,16176.22,PLN,C003
PL01-2025-002421,1,2025-06-01,1200 ,53948.38,0.00,PLN,C031
PL01-2025-002421,2,2025-06-01,4000 ,0.00,46565.06,PLN,C031
PL01-2025-002421,3,2025-06-01,4100 ,0.00,7383.32,PLN,C031
PL01-2025-002422,1,2025-07-05,1000 ,53948.38,0.00,PLN,C031
PL01-2025-002422,2,2025-07-05,1200 ,0.00,53948.38,PLN,C031
PL01-2025-002423,1,2025-06-04,1200 ,39349.49,0.00,PLN,C006
PL01-2025-002423,2,2025-06-04,4000 ,0.00,33964.16,PLN,C006
PL01-2025-002423,3,2025-06-04,4100 ,0.00,5385.33,PLN,C006
PL01-2025-002424,1,2025-08-13,1000 ,39349.49,0.00,PLN,C006
PL01-2025-002424,2,2025-08-13,1200 ,0.00,39349.49,PLN,C006
PL01-2025-002425,1,2025-06-19,1200 ,113126.88,0.00,PLN,C001
PL01-2025-002425,2,2025-06-19,4000 ,0.00,97644.44,PLN,C001
PL01-2025-002425,3,2025-06-19,4100 ,0.00,15482.44,PLN,C001
PL01-2025-002426,1,2025-09-19,1000 ,113126.88,0.00,PLN,C001
PL01-2025-002426,2,2025-09-19,1200 ,0.00,113126.88,PLN,C001
PL01-2025-002427,1,2025-06-05,1200 ,8629.44,0.00,PLN,C027
PL01-2025-002427,2,2025-06-05,4000 ,0.00,7448.42,PLN,C027
PL01-2025-002427,3,2025-06-05,4100 ,0.00,1181.02,PLN,C027
PL01-2025-002428,1,2025-07-11,1000 ,8629.44,0.00,PLN,C027
PL01-2025-002428,2,2025-07-11,1200 ,0.00,8629.44,PLN,C027
PL01-2025-002429,1,2025-06-16,1200 ,5575.05,0.00,PLN,C037
PL01-2025-002429,2,2025-06-16,4000 ,0.00,4812.05,PLN,C037
PL01-2025-002429,3,2025-06-16,4100 ,0.00,763.00,PLN,C037
PL01-2025-002430,1,2025-07-30,1000 ,5575.05,0.00,PLN,C037
PL01-2025-002430,2,2025-07-30,1200 ,0.00,5575.05,PLN,C037
PL01-2025-002431,1,2025-06-06,1200 ,12136.85,0.00,PLN,C015
PL01-2025-002431,2,2025-06-06,4000 ,0.00,10475.81,PLN,C015
PL01-2025-002431,3,2025-06-06,4100 ,0.00,1661.04,PLN,C015
PL01-2025-002432,1,2025-07-23,1000 ,12136.85,0.00,PLN,C015
PL01-2025-002432,2,2025-07-23,1200 ,0.00,12136.85,PLN,C015
PL01-2025-002433,1,2025-06-07,1200 ,3959.08,0.00,PLN,C004
PL01-2025-002433,2,2025-06-07,4000 ,0.00,3417.24,PLN,C004
PL01-2025-002433,3,2025-06-07,4100 ,0.00,541.84,PLN,C004
PL01-2025-002434,1,2025-07-08,1000 ,3959.08,0.00,PLN,C004
PL01-2025-002434,2,2025-07-08,1200 ,0.00,3959.08,PLN,C004
PL01-2025-002435,1,2025-06-29,1200 ,12475.53,0.00,PLN,C040
PL01-2025-002435,2,2025-06-29,4000 ,0.00,10768.14,PLN,C040
PL01-2025-002435,3,2025-06-29,4100 ,0.00,1707.39,PLN,C040
PL01-2025-002436,1,2025-08-16,1000 ,12475.53,0.00,PLN,C040
PL01-2025-002436,2,2025-08-16,1200 ,0.00,12475.53,PLN,C040
PL01-2025-002437,1,2025-06-22,1200 ,5406.79,0.00,PLN,C019
PL01-2025-002437,2,2025-06-22,4000 ,0.00,4666.82,PLN,C019
PL01-2025-002437,3,2025-06-22,4100 ,0.00,739.97,PLN,C019
PL01-2025-002438,1,2025-08-10,1000 ,5406.79,0.00,PLN,C019
PL01-2025-002438,2,2025-08-10,1200 ,0.00,5406.79,PLN,C019
PL01-2025-002439,1,2025-06-23,1200 ,6145.17,0.00,PLN,C036
PL01-2025-002439,2,2025-06-23,4000 ,0.00,5304.15,PLN,C036
PL01-2025-002439,3,2025-06-23,4100 ,0.00,841.02,PLN,C036
PL01-2025-002440,1,2025-08-05,1000 ,6145.17,0.00,PLN,C036
PL01-2025-002440,2,2025-08-05,1200 ,0.00,6145.17,PLN,C036
PL01-2025-002441,1,2025-06-13,1200 ,13357.89,0.00,PLN,C040
PL01-2025-002441,2,2025-06-13,4000 ,0.00,11529.74,PLN,C040
PL01-2025-002441,3,2025-06-13,4100 ,0.00,1828.15,PLN,C040
PL01-2025-002442,1,2025-07-18,1000 ,13357.89,0.00,PLN,C040
PL01-2025-002442,2,2025-07-18,1200 ,0.00,13357.89,PLN,C040
PL01-2025-002443,1,2025-06-11,1200 ,6951.11,0.00,PLN,C016
PL01-2025-002443,2,2025-06-11,4000 ,0.00,5999.79,PLN,C016
PL01-2025-002443,3,2025-06-11,4100 ,0.00,951.32,PLN,C016
PL01-2025-002444,1,2025-07-19,1000 ,6951.11,0.00,PLN,C016
PL01-2025-002444,2,2025-07-19,1200 ,0.00,6951.11,PLN,C016
PL01-2025-002445,1,2025-06-12,1200 ,22648.81,0.00,PLN,C010
PL01-2025-002445,2,2025-06-12,4000 ,0.00,19549.12,PLN,C010
PL01-2025-002445,3,2025-06-12,4100 ,0.00,3099.69,PLN,C010
PL01-2025-002446,1,2025-08-06,1000 ,22648.81,0.00,PLN,C010
PL01-2025-002446,2,2025-08-06,1200 ,0.00,22648.81,PLN,C010
PL01-2025-002447,1,2025-06-19,1200 ,22140.72,0.00,PLN,C023
PL01-2025-002447,2,2025-06-19,4000 ,0.00,19110.56,PLN,C023
PL01-2025-002447,3,2025-06-19,4100 ,0.00,3030.16,PLN,C023
PL01-2025-002448,1,2025-08-31,1000 ,22140.72,0.00,PLN,C023
PL01-2025-002448,2,2025-08-31,1200 ,0.00,22140.72,PLN,C023
PL01-2025-002449,1,2025-06-11,1200 ,32255.29,0.00,PLN,C033
PL01-2025-002449,2,2025-06-11,4000 ,0.00,27840.86,PLN,C033
PL01-2025-002449,3,2025-06-11,4100 ,0.00,4414.43,PLN,C033
PL01-2025-002450,1,2025-07-22,1000 ,32255.29,0.00,PLN,C033
PL01-2025-002450,2,2025-07-22,1200 ,0.00,32255.29,PLN,C033
PL01-2025-002451,1,2025-06-05,1200 ,49885.77,0.00,PLN,C023
PL01-2025-002451,2,2025-06-05,4000 ,0.00,43058.45,PLN,C023
PL01-2025-002451,3,2025-06-05,4100 ,0.00,6827.32,PLN,C023
PL01-2025-002452,1,2025-07-21,1000 ,49885.77,0.00,PLN,C023
PL01-2025-002452,2,2025-07-21,1200 ,0.00,49885.77,PLN,C023
PL01-2025-002453,1,2025-06-13,1200 ,22558.29,0.00,PLN,C021
PL01-2025-002453,2,2025-06-13,4000 ,0.00,19470.98,PLN,C021
PL01-2025-002453,3,2025-06-13,4100 ,0.00,3087.31,PLN,C021
PL01-2025-002454,1,2025-09-27,1000 ,22558.29,0.00,PLN,C021
PL01-2025-002454,2,2025-09-27,1200 ,0.00,22558.29,PLN,C021
PL01-2025-002455,1,2025-06-06,1200 ,2885.73,0.00,PLN,C018
PL01-2025-002455,2,2025-06-06,4000 ,0.00,2490.79,PLN,C018
PL01-2025-002455,3,2025-06-06,4100 ,0.00,394.94,PLN,C018
PL01-2025-002456,1,2025-07-13,1000 ,2885.73,0.00,PLN,C018
PL01-2025-002456,2,2025-07-13,1200 ,0.00,2885.73,PLN,C018
PL01-2025-002457,1,2025-06-09,1200 ,33636.71,0.00,PLN,C005
PL01-2025-002457,2,2025-06-09,4000 ,0.00,29033.22,PLN,C005
PL01-2025-002457,3,2025-06-09,4100 ,0.00,4603.49,PLN,C005
PL01-2025-002458,1,2025-07-19,1000 ,33636.71,0.00,PLN,C005
PL01-2025-002458,2,2025-07-19,1200 ,0.00,33636.71,PLN,C005
PL01-2025-002459,1,2025-06-10,1200 ,28656.99,0.00,PLN,C024
PL01-2025-002459,2,2025-06-10,4000 ,0.00,24735.02,PLN,C024
PL01-2025-002459,3,2025-06-10,4100 ,0.00,3921.97,PLN,C024
PL01-2025-002460,1,2025-07-10,1000 ,28656.99,0.00,PLN,C024
PL01-2025-002460,2,2025-07-10,1200 ,0.00,28656.99,PLN,C024
PL01-2025-002461,1,2025-06-23,1200 ,13185.32,0.00,PLN,C034
PL01-2025-002461,2,2025-06-23,4000 ,0.00,11380.79,PLN,C034
PL01-2025-002461,3,2025-06-23,4100 ,0.00,1804.53,PLN,C034
PL01-2025-002462,1,2025-07-19,1000 ,13185.32,0.00,PLN,C034
PL01-2025-002462,2,2025-07-19,1200 ,0.00,13185.32,PLN,C034
PL01-2025-002463,1,2025-06-15,1200 ,18719.34,0.00,PLN,C011
PL01-2025-002463,2,2025-06-15,4000 ,0.00,16157.43,PLN,C011
PL01-2025-002463,3,2025-06-15,4100 ,0.00,2561.91,PLN,C011
PL01-2025-002464,1,2025-08-03,1000 ,18719.34,0.00,PLN,C011
PL01-2025-002464,2,2025-08-03,1200 ,0.00,18719.34,PLN,C011
PL01-2025-002465,1,2025-06-08,1200 ,112644.17,0.00,PLN,C004
PL01-2025-002465,2,2025-06-08,4000 ,0.00,97227.80,PLN,C004
PL01-2025-002465,3,2025-06-08,4100 ,0.00,15416.37,PLN,C004
PL01-2025-002466,1,2025-07-23,1000 ,112644.17,0.00,PLN,C004
PL01-2025-002466,2,2025-07-23,1200 ,0.00,112644.17,PLN,C004
PL01-2025-002467,1,2025-06-25,1200 ,66525.37,0.00,PLN,C024
PL01-2025-002467,2,2025-06-25,4000 ,0.00,57420.77,PLN,C024
PL01-2025-002467,3,2025-06-25,4100 ,0.00,9104.60,PLN,C024
PL01-2025-002468,1,2025-08-13,1000 ,66525.37,0.00,PLN,C024
PL01-2025-002468,2,2025-08-13,1200 ,0.00,66525.37,PLN,C024
PL01-2025-002469,1,2025-06-08,1200 ,36525.93,0.00,PLN,C017
PL01-2025-002469,2,2025-06-08,4000 ,0.00,31527.03,PLN,C017
PL01-2025-002469,3,2025-06-08,4100 ,0.00,4998.90,PLN,C017
PL01-2025-002470,1,2025-08-18,1000 ,36525.93,0.00,PLN,C017
PL01-2025-002470,2,2025-08-18,1200 ,0.00,36525.93,PLN,C017
PL01-2025-002471,1,2025-06-27,1200 ,10245.29,0.00,PLN,C038
PL01-2025-002471,2,2025-06-27,4000 ,0.00,8843.13,PLN,C038
PL01-2025-002471,3,2025-06-27,4100 ,0.00,1402.16,PLN,C038
PL01-2025-002472,1,2025-08-12,1000 ,10245.29,0.00,PLN,C038
PL01-2025-002472,2,2025-08-12,1200 ,0.00,10245.29,PLN,C038
PL01-2025-002473,1,2025-06-10,1200 ,9492.62,0.00,PLN,C003
PL01-2025-002473,2,2025-06-10,4000 ,0.00,8193.47,PLN,C003
PL01-2025-002473,3,2025-06-10,4100 ,0.00,1299.15,PLN,C003
PL01-2025-002474,1,2025-08-02,1000 ,9492.62,0.00,PLN,C003
PL01-2025-002474,2,2025-08-02,1200 ,0.00,9492.62,PLN,C003
PL01-2025-002475,1,2025-06-11,1200 ,154904.01,0.00,PLN,C022
PL01-2025-002475,2,2025-06-11,4000 ,0.00,133704.00,PLN,C022
PL01-2025-002475,3,2025-06-11,4100 ,0.00,21200.01,PLN,C022
PL01-2025-002476,1,2025-08-07,1000 ,154904.01,0.00,PLN,C022
PL01-2025-002476,2,2025-08-07,1200 ,0.00,154904.01,PLN,C022
PL01-2025-002477,1,2025-06-25,1200 ,26896.24,0.00,PLN,C003
PL01-2025-002477,2,2025-06-25,4000 ,0.00,23215.25,PLN,C003
PL01-2025-002477,3,2025-06-25,4100 ,0.00,3680.99,PLN,C003
PL01-2025-002478,1,2025-08-28,1000 ,26896.24,0.00,PLN,C003
PL01-2025-002478,2,2025-08-28,1200 ,0.00,26896.24,PLN,C003
PL01-2025-002479,1,2025-06-05,1200 ,8779.39,0.00,PLN,C028
PL01-2025-002479,2,2025-06-05,4000 ,0.00,7577.85,PLN,C028
PL01-2025-002479,3,2025-06-05,4100 ,0.00,1201.54,PLN,C028
PL01-2025-002480,1,2025-07-14,1000 ,8779.39,0.00,PLN,C028
PL01-2025-002480,2,2025-07-14,1200 ,0.00,8779.39,PLN,C028
PL01-2025-002481,1,2025-06-18,1200 ,9255.16,0.00,PLN,C030
PL01-2025-002481,2,2025-06-18,4000 ,0.00,7988.51,PLN,C030
PL01-2025-002481,3,2025-06-18,4100 ,0.00,1266.65,PLN,C030
PL01-2025-002482,1,2025-07-24,1000 ,9255.16,0.00,PLN,C030
PL01-2025-002482,2,2025-07-24,1200 ,0.00,9255.16,PLN,C030
PL01-2025-002483,1,2025-06-03,1200 ,37902.31,0.00,PLN,C018
PL01-2025-002483,2,2025-06-03,4000 ,0.00,32715.04,PLN,C018
PL01-2025-002483,3,2025-06-03,4100 ,0.00,5187.27,PLN,C018
PL01-2025-002484,1,2025-06-30,1000 ,37902.31,0.00,PLN,C018
PL01-2025-002484,2,2025-06-30,1200 ,0.00,37902.31,PLN,C018
PL01-2025-002485,1,2025-06-11,1200 ,8013.77,0.00,PLN,C004
PL01-2025-002485,2,2025-06-11,4000 ,0.00,6917.01,PLN,C004
PL01-2025-002485,3,2025-06-11,4100 ,0.00,1096.76,PLN,C004
PL01-2025-002486,1,2025-07-05,1000 ,8013.77,0.00,PLN,C004
PL01-2025-002486,2,2025-07-05,1200 ,0.00,8013.77,PLN,C004
PL01-2025-002487,1,2025-06-11,1200 ,12673.74,0.00,PLN,C025
PL01-2025-002487,2,2025-06-11,4000 ,0.00,10939.22,PLN,C025
PL01-2025-002487,3,2025-06-11,4100 ,0.00,1734.52,PLN,C025
PL01-2025-002488,1,2025-07-16,1000 ,12673.74,0.00,PLN,C025
PL01-2025-002488,2,2025-07-16,1200 ,0.00,12673.74,PLN,C025
PL01-2025-002489,1,2025-06-26,1200 ,14195.12,0.00,PLN,C013
PL01-2025-002489,2,2025-06-26,4000 ,0.00,12252.39,PLN,C013
PL01-2025-002489,3,2025-06-26,4100 ,0.00,1942.73,PLN,C013
PL01-2025-002490,1,2025-08-04,1000 ,14195.12,0.00,PLN,C013
PL01-2025-002490,2,2025-08-04,1200 ,0.00,14195.12,PLN,C013
PL01-2025-002491,1,2025-06-21,1200 ,14773.58,0.00,PLN,C007
PL01-2025-002491,2,2025-06-21,4000 ,0.00,12751.68,PLN,C007
PL01-2025-002491,3,2025-06-21,4100 ,0.00,2021.90,PLN,C007
PL01-2025-002492,1,2025-08-06,1000 ,14773.58,0.00,PLN,C007
PL01-2025-002492,2,2025-08-06,1200 ,0.00,14773.58,PLN,C007
PL01-2025-002493,1,2025-06-22,1200 ,94144.64,0.00,PLN,C025
PL01-2025-002493,2,2025-06-22,4000 ,0.00,81260.09,PLN,C025
PL01-2025-002493,3,2025-06-22,4100 ,0.00,12884.55,PLN,C025
PL01-2025-002494,1,2025-08-03,1000 ,94144.64,0.00,PLN,C025
PL01-2025-002494,2,2025-08-03,1200 ,0.00,94144.64,PLN,C025
PL01-2025-002495,1,2025-06-13,1200 ,24835.13,0.00,PLN,C029
PL01-2025-002495,2,2025-06-13,4000 ,0.00,21436.22,PLN,C029
PL01-2025-002495,3,2025-06-13,4100 ,0.00,3398.91,PLN,C029
PL01-2025-002496,1,2025-07-12,1000 ,24835.13,0.00,PLN,C029
PL01-2025-002496,2,2025-07-12,1200 ,0.00,24835.13,PLN,C029
PL01-2025-002497,1,2025-06-14,1200 ,16690.83,0.00,PLN,C039
PL01-2025-002497,2,2025-06-14,4000 ,0.00,14406.54,PLN,C039
PL01-2025-002497,3,2025-06-14,4100 ,0.00,2284.29,PLN,C039
PL01-2025-002498,1,2025-08-01,1000 ,16690.83,0.00,PLN,C039
PL01-2025-002498,2,2025-08-01,1200 ,0.00,16690.83,PLN,C039
PL01-2025-002499,1,2025-06-14,1200 ,8265.61,0.00,PLN,C004
PL01-2025-002499,2,2025-06-14,4000 ,0.00,7134.39,PLN,C004
PL01-2025-002499,3,2025-06-14,4100 ,0.00,1131.22,PLN,C004
PL01-2025-002500,1,2025-07-25,1000 ,8265.61,0.00,PLN,C004
PL01-2025-002500,2,2025-07-25,1200 ,0.00,8265.61,PLN,C004
PL01-2025-002501,1,2025-06-20,1200 ,119341.44,0.00,PLN,C022
PL01-2025-002501,2,2025-06-20,4000 ,0.00,103008.49,PLN,C022
PL01-2025-002501,3,2025-06-20,4100 ,0.00,16332.95,PLN,C022
PL01-2025-002502,1,2025-08-09,1000 ,119341.44,0.00,PLN,C022
PL01-2025-002502,2,2025-08-09,1200 ,0.00,119341.44,PLN,C022
PL01-2025-002503,1,2025-06-10,1200 ,14284.77,0.00,PLN,C039
PL01-2025-002503,2,2025-06-10,4000 ,0.00,12329.77,PLN,C039
PL01-2025-002503,3,2025-06-10,4100 ,0.00,1955.00,PLN,C039
PL01-2025-002504,1,2025-07-10,1000 ,14284.77,0.00,PLN,C039
PL01-2025-002504,2,2025-07-10,1200 ,0.00,14284.77,PLN,C039
PL01-2025-002505,1,2025-06-17,1200 ,29801.97,0.00,PLN,C038
PL01-2025-002505,2,2025-06-17,4000 ,0.00,25723.30,PLN,C038
PL01-2025-002505,3,2025-06-17,4100 ,0.00,4078.67,PLN,C038
PL01-2025-002506,1,2025-07-15,1000 ,29801.97,0.00,PLN,C038
PL01-2025-002506,2,2025-07-15,1200 ,0.00,29801.97,PLN,C038
PL01-2025-002507,1,2025-06-27,1200 ,8956.27,0.00,PLN,C030
PL01-2025-002507,2,2025-06-27,4000 ,0.00,7730.52,PLN,C030
PL01-2025-002507,3,2025-06-27,4100 ,0.00,1225.75,PLN,C030
PL01-2025-002508,1,2025-08-29,1000 ,8956.27,0.00,PLN,C030
PL01-2025-002508,2,2025-08-29,1200 ,0.00,8956.27,PLN,C030
PL01-2025-002509,1,2025-06-04,1200 ,48850.03,0.00,PLN,C020
PL01-2025-002509,2,2025-06-04,4000 ,0.00,42164.46,PLN,C020
PL01-2025-002509,3,2025-06-04,4100 ,0.00,6685.57,PLN,C020
PL01-2025-002510,1,2025-07-06,1000 ,48850.03,0.00,PLN,C020
PL01-2025-002510,2,2025-07-06,1200 ,0.00,48850.03,PLN,C020
PL01-2025-002511,1,2025-06-12,1200 ,28993.14,0.00,PLN,C008
PL01-2025-002511,2,2025-06-12,4000 ,0.00,25025.17,PLN,C008
PL01-2025-002511,3,2025-06-12,4100 ,0.00,3967.97,PLN,C008
PL01-2025-002512,1,2025-08-10,1000 ,28993.14,0.00,PLN,C008
PL01-2025-002512,2,2025-08-10,1200 ,0.00,28993.14,PLN,C008
PL01-2025-002513,1,2025-06-22,1200 ,39176.96,0.00,PLN,C004
PL01-2025-002513,2,2025-06-22,4000 ,0.00,33815.24,PLN,C004
PL01-2025-002513,3,2025-06-22,4100 ,0.00,5361.72,PLN,C004
PL01-2025-002514,1,2025-08-09,1000 ,39176.96,0.00,PLN,C004
PL01-2025-002514,2,2025-08-09,1200 ,0.00,39176.96,PLN,C004
PL01-2025-002515,1,2025-06-14,1200 ,12324.50,0.00,PLN,C022
PL01-2025-002515,2,2025-06-14,4000 ,0.00,10637.78,PLN,C022
PL01-2025-002515,3,2025-06-14,4100 ,0.00,1686.72,PLN,C022
PL01-2025-002516,1,2025-08-25,1000 ,12324.50,0.00,PLN,C022
PL01-2025-002516,2,2025-08-25,1200 ,0.00,12324.50,PLN,C022
PL01-2025-002517,1,2025-06-11,1200 ,34042.39,0.00,PLN,C001
PL01-2025-002517,2,2025-06-11,4000 ,0.00,29383.38,PLN,C001
PL01-2025-002517,3,2025-06-11,4100 ,0.00,4659.01,PLN,C001
PL01-2025-002518,1,2025-08-15,1000 ,34042.39,0.00,PLN,C001
PL01-2025-002518,2,2025-08-15,1200 ,0.00,34042.39,PLN,C001
PL01-2025-002519,1,2025-06-12,1200 ,81750.09,0.00,PLN,C006
PL01-2025-002519,2,2025-06-12,4000 ,0.00,70561.85,PLN,C006
PL01-2025-002519,3,2025-06-12,4100 ,0.00,11188.24,PLN,C006
PL01-2025-002520,1,2025-07-31,1000 ,81750.09,0.00,PLN,C006
PL01-2025-002520,2,2025-07-31,1200 ,0.00,81750.09,PLN,C006
PL01-2025-002521,1,2025-06-03,1200 ,42309.98,0.00,PLN,C027
PL01-2025-002521,2,2025-06-03,4000 ,0.00,36519.48,PLN,C027
PL01-2025-002521,3,2025-06-03,4100 ,0.00,5790.50,PLN,C027
PL01-2025-002522,1,2025-07-15,1000 ,42309.98,0.00,PLN,C027
PL01-2025-002522,2,2025-07-15,1200 ,0.00,42309.98,PLN,C027
PL01-2025-002523,1,2025-06-30,1200 ,10764.87,0.00,PLN,C022
PL01-2025-002523,2,2025-06-30,4000 ,0.00,9291.60,PLN,C022
PL01-2025-002523,3,2025-06-30,4100 ,0.00,1473.27,PLN,C022
PL01-2025-002524,1,2025-08-24,1000 ,10764.87,0.00,PLN,C022
PL01-2025-002524,2,2025-08-24,1200 ,0.00,10764.87,PLN,C022
PL01-2025-002525,1,2025-06-08,1200 ,7640.90,0.00,PLN,C001
PL01-2025-002525,2,2025-06-08,4000 ,0.00,6595.17,PLN,C001
PL01-2025-002525,3,2025-06-08,4100 ,0.00,1045.73,PLN,C001
PL01-2025-002526,1,2025-09-11,1000 ,7640.90,0.00,PLN,C001
PL01-2025-002526,2,2025-09-11,1200 ,0.00,7640.90,PLN,C001
PL01-2025-002527,1,2025-06-10,1200 ,14014.69,0.00,PLN,C037
PL01-2025-002527,2,2025-06-10,4000 ,0.00,12096.65,PLN,C037
PL01-2025-002527,3,2025-06-10,4100 ,0.00,1918.04,PLN,C037
PL01-2025-002528,1,2025-08-15,1000 ,14014.69,0.00,PLN,C037
PL01-2025-002528,2,2025-08-15,1200 ,0.00,14014.69,PLN,C037
PL01-2025-002529,1,2025-06-08,1200 ,13959.09,0.00,PLN,C032
PL01-2025-002529,2,2025-06-08,4000 ,0.00,12048.66,PLN,C032
PL01-2025-002529,3,2025-06-08,4100 ,0.00,1910.43,PLN,C032
PL01-2025-002530,1,2025-07-28,1000 ,13959.09,0.00,PLN,C032
PL01-2025-002530,2,2025-07-28,1200 ,0.00,13959.09,PLN,C032
PL01-2025-002531,1,2025-06-03,1200 ,99466.65,0.00,PLN,C001
PL01-2025-002531,2,2025-06-03,4000 ,0.00,85853.74,PLN,C001
PL01-2025-002531,3,2025-06-03,4100 ,0.00,13612.91,PLN,C001
PL01-2025-002532,1,2025-07-24,1000 ,99466.65,0.00,PLN,C001
PL01-2025-002532,2,2025-07-24,1200 ,0.00,99466.65,PLN,C001
PL01-2025-002533,1,2025-06-20,1200 ,2235.89,0.00,PLN,C018
PL01-2025-002533,2,2025-06-20,4000 ,0.00,1929.89,PLN,C018
PL01-2025-002533,3,2025-06-20,4100 ,0.00,306.00,PLN,C018
PL01-2025-002534,1,2025-07-30,1000 ,2235.89,0.00,PLN,C018
PL01-2025-002534,2,2025-07-30,1200 ,0.00,2235.89,PLN,C018
PL01-2025-002535,1,2025-06-22,1200 ,5399.18,0.00,PLN,C005
PL01-2025-002535,2,2025-06-22,4000 ,0.00,4660.25,PLN,C005
PL01-2025-002535,3,2025-06-22,4100 ,0.00,738.93,PLN,C005
PL01-2025-002536,1,2025-08-02,1000 ,5399.18,0.00,PLN,C005
PL01-2025-002536,2,2025-08-02,1200 ,0.00,5399.18,PLN,C005
PL01-2025-002537,1,2025-06-07,1200 ,65033.27,0.00,PLN,C025
PL01-2025-002537,2,2025-06-07,4000 ,0.00,56132.88,PLN,C025
PL01-2025-002537,3,2025-06-07,4100 ,0.00,8900.39,PLN,C025
PL01-2025-002538,1,2025-07-18,1000 ,65033.27,0.00,PLN,C025
PL01-2025-002538,2,2025-07-18,1200 ,0.00,65033.27,PLN,C025
PL01-2025-002539,1,2025-06-22,1200 ,28674.87,0.00,PLN,C013
PL01-2025-002539,2,2025-06-22,4000 ,0.00,24750.45,PLN,C013
PL01-2025-002539,3,2025-06-22,4100 ,0.00,3924.42,PLN,C013
PL01-2025-002540,1,2025-08-14,1000 ,28674.87,0.00,PLN,C013
PL01-2025-002540,2,2025-08-14,1200 ,0.00,28674.87,PLN,C013
PL01-2025-002541,1,2025-06-05,1200 ,12778.77,0.00,PLN,C035
PL01-2025-002541,2,2025-06-05,4000 ,0.00,11029.88,PLN,C035
PL01-2025-002541,3,2025-06-05,4100 ,0.00,1748.89,PLN,C035
PL01-2025-002542,1,2025-09-03,1000 ,12778.77,0.00,PLN,C035
PL01-2025-002542,2,2025-09-03,1200 ,0.00,12778.77,PLN,C035
PL01-2025-002543,1,2025-06-26,1200 ,72957.02,0.00,PLN,C037
PL01-2025-002543,2,2025-06-26,4000 ,0.00,62972.19,PLN,C037
PL01-2025-002543,3,2025-06-26,4100 ,0.00,9984.83,PLN,C037
PL01-2025-002544,1,2025-07-31,1000 ,72957.02,0.00,PLN,C037
PL01-2025-002544,2,2025-07-31,1200 ,0.00,72957.02,PLN,C037
PL01-2025-002545,1,2025-06-02,1200 ,11171.89,0.00,PLN,C027
PL01-2025-002545,2,2025-06-02,4000 ,0.00,9642.92,PLN,C027
PL01-2025-002545,3,2025-06-02,4100 ,0.00,1528.97,PLN,C027
PL01-2025-002546,1,2025-07-09,1000 ,11171.89,0.00,PLN,C027
PL01-2025-002546,2,2025-07-09,1200 ,0.00,11171.89,PLN,C027
PL01-2025-002547,1,2025-06-28,1200 ,46634.54,0.00,PLN,C004
PL01-2025-002547,2,2025-06-28,4000 ,0.00,40252.18,PLN,C004
PL01-2025-002547,3,2025-06-28,4100 ,0.00,6382.36,PLN,C004
PL01-2025-002548,1,2025-08-03,1000 ,46634.54,0.00,PLN,C004
PL01-2025-002548,2,2025-08-03,1200 ,0.00,46634.54,PLN,C004
PL01-2025-002549,1,2025-06-22,1200 ,46596.15,0.00,PLN,C015
PL01-2025-002549,2,2025-06-22,4000 ,0.00,40219.05,PLN,C015
PL01-2025-002549,3,2025-06-22,4100 ,0.00,6377.10,PLN,C015
PL01-2025-002550,1,2025-08-31,1000 ,46596.15,0.00,PLN,C015
PL01-2025-002550,2,2025-08-31,1200 ,0.00,46596.15,PLN,C015
PL01-2025-002551,1,2025-06-20,1200 ,12427.35,0.00,PLN,C015
PL01-2025-002551,2,2025-06-20,4000 ,0.00,10726.55,PLN,C015
PL01-2025-002551,3,2025-06-20,4100 ,0.00,1700.80,PLN,C015
PL01-2025-002552,1,2025-07-26,1000 ,12427.35,0.00,PLN,C015
PL01-2025-002552,2,2025-07-26,1200 ,0.00,12427.35,PLN,C015
PL01-2025-002553,1,2025-06-10,1200 ,51012.89,0.00,PLN,C036
PL01-2025-002553,2,2025-06-10,4000 ,0.00,44031.31,PLN,C036
PL01-2025-002553,3,2025-06-10,4100 ,0.00,6981.58,PLN,C036
PL01-2025-002554,1,2025-08-06,1000 ,51012.89,0.00,PLN,C036
PL01-2025-002554,2,2025-08-06,1200 ,0.00,51012.89,PLN,C036
PL01-2025-002555,1,2025-06-09,1200 ,35644.85,0.00,PLN,C016
PL01-2025-002555,2,2025-06-09,4000 ,0.00,30766.53,PLN,C016
PL01-2025-002555,3,2025-06-09,4100 ,0.00,4878.32,PLN,C016
PL01-2025-002556,1,2025-08-27,1000 ,35644.85,0.00,PLN,C016
PL01-2025-002556,2,2025-08-27,1200 ,0.00,35644.85,PLN,C016
PL01-2025-002557,1,2025-06-05,1200 ,22731.21,0.00,PLN,C012
PL01-2025-002557,2,2025-06-05,4000 ,0.00,19620.24,PLN,C012
PL01-2025-002557,3,2025-06-05,4100 ,0.00,3110.97,PLN,C012
PL01-2025-002558,1,2025-08-24,1000 ,22731.21,0.00,PLN,C012
PL01-2025-002558,2,2025-08-24,1200 ,0.00,22731.21,PLN,C012
PL01-2025-002559,1,2025-06-23,1300 ,220439.87,0.00,PLN,V018
PL01-2025-002559,2,2025-06-23,2100 ,0.00,220439.87,PLN,V018
PL01-2025-002560,1,2025-08-03,2100 ,220439.87,0.00,PLN,V018
PL01-2025-002560,2,2025-08-03,1000 ,0.00,220439.87,PLN,V018
PL01-2025-002561,1,2025-06-17,1300 ,153252.23,0.00,PLN,V008
PL01-2025-002561,2,2025-06-17,2100 ,0.00,153252.23,PLN,V008
PL01-2025-002562,1,2025-07-26,2100 ,153252.23,0.00,PLN,V008
PL01-2025-002562,2,2025-07-26,1000 ,0.00,153252.23,PLN,V008
PL01-2025-002563,1,2025-06-11,1300 ,762754.90,0.00,PLN,V014
PL01-2025-002563,2,2025-06-11,2100 ,0.00,762754.90,PLN,V014
PL01-2025-002564,1,2025-08-03,2100 ,762754.90,0.00,PLN,V014
PL01-2025-002564,2,2025-08-03,1000 ,0.00,762754.90,PLN,V014
PL01-2025-002565,1,2025-06-30,5000 ,1145313.43,0.00,PLN,
PL01-2025-002565,2,2025-06-30,1300 ,0.00,1145313.43,PLN,
PL01-2025-002566,1,2025-06-16,6100 ,124072.36,0.00,PLN,V026
PL01-2025-002566,2,2025-06-16,2100 ,0.00,124072.36,PLN,V026
PL01-2025-002567,1,2025-07-27,2100 ,124072.36,0.00,PLN,V026
PL01-2025-002567,2,2025-07-27,1000 ,0.00,124072.36,PLN,V026
PL01-2025-002568,1,2025-06-19,6200 ,94678.73,0.00,PLN,V054
PL01-2025-002568,2,2025-06-19,2100 ,0.00,94678.73,PLN,V054
PL01-2025-002569,1,2025-07-26,2100 ,94678.73,0.00,PLN,V054
PL01-2025-002569,2,2025-07-26,1000 ,0.00,94678.73,PLN,V054
PL01-2025-002570,1,2025-06-19,6300 ,41444.99,0.00,PLN,V036
PL01-2025-002570,2,2025-06-19,2100 ,0.00,41444.99,PLN,V036
PL01-2025-002571,1,2025-08-01,2100 ,41444.99,0.00,PLN,V036
PL01-2025-002571,2,2025-08-01,1000 ,0.00,41444.99,PLN,V036
PL01-2025-002572,1,2025-06-12,6400 ,67956.29,0.00,PLN,V054
PL01-2025-002572,2,2025-06-12,2100 ,0.00,67956.29,PLN,V054
PL01-2025-002573,1,2025-07-26,2100 ,67956.29,0.00,PLN,V054
PL01-2025-002573,2,2025-07-26,1000 ,0.00,67956.29,PLN,V054
PL01-2025-002574,1,2025-06-25,6000 ,696941.40,0.00,PLN,
PL01-2025-002574,2,2025-06-25,1000 ,0.00,696941.40,PLN,
PL01-2025-002575,1,2025-06-30,6900 ,42708.33,0.00,PLN,
PL01-2025-002575,2,2025-06-30,1590 ,0.00,42708.33,PLN,
PL01-2025-002576,1,2025-07-21,1200 ,29258.99,0.00,PLN,C026
PL01-2025-002576,2,2025-07-21,4000 ,0.00,25616.32,PLN,C026
PL01-2025-002576,3,2025-07-21,4100 ,0.00,3642.67,PLN,C026
PL01-2025-002577,1,2025-09-09,1000 ,29258.99,0.00,PLN,C026
PL01-2025-002577,2,2025-09-09,1200 ,0.00,29258.99,PLN,C026
PL01-2025-002578,1,2025-07-10,1200 ,20871.57,0.00,PLN,C026
PL01-2025-002578,2,2025-07-10,4000 ,0.00,18273.11,PLN,C026
PL01-2025-002578,3,2025-07-10,4100 ,0.00,2598.46,PLN,C026
PL01-2025-002579,1,2025-09-03,1000 ,20871.57,0.00,PLN,C026
PL01-2025-002579,2,2025-09-03,1200 ,0.00,20871.57,PLN,C026
PL01-2025-002580,1,2025-07-02,1200 ,33232.55,0.00,PLN,C020
PL01-2025-002580,2,2025-07-02,4000 ,0.00,29095.19,PLN,C020
PL01-2025-002580,3,2025-07-02,4100 ,0.00,4137.36,PLN,C020
PL01-2025-002581,1,2025-08-04,1000 ,33232.55,0.00,PLN,C020
PL01-2025-002581,2,2025-08-04,1200 ,0.00,33232.55,PLN,C020
PL01-2025-002582,1,2025-07-17,1200 ,11918.36,0.00,PLN,C019
PL01-2025-002582,2,2025-07-17,4000 ,0.00,10434.56,PLN,C019
PL01-2025-002582,3,2025-07-17,4100 ,0.00,1483.80,PLN,C019
PL01-2025-002583,1,2025-09-27,1000 ,11918.36,0.00,PLN,C019
PL01-2025-002583,2,2025-09-27,1200 ,0.00,11918.36,PLN,C019
PL01-2025-002584,1,2025-07-21,1200 ,72977.75,0.00,PLN,C007
PL01-2025-002584,2,2025-07-21,4000 ,0.00,63892.21,PLN,C007
PL01-2025-002584,3,2025-07-21,4100 ,0.00,9085.54,PLN,C007
PL01-2025-002585,1,2025-09-16,1000 ,72977.75,0.00,PLN,C007
PL01-2025-002585,2,2025-09-16,1200 ,0.00,72977.75,PLN,C007
PL01-2025-002586,1,2025-07-01,1200 ,35087.86,0.00,PLN,C022
PL01-2025-002586,2,2025-07-01,4000 ,0.00,30719.51,PLN,C022
PL01-2025-002586,3,2025-07-01,4100 ,0.00,4368.35,PLN,C022
PL01-2025-002587,1,2025-09-05,1000 ,35087.86,0.00,PLN,C022
PL01-2025-002587,2,2025-09-05,1200 ,0.00,35087.86,PLN,C022
PL01-2025-002588,1,2025-07-16,1200 ,13179.67,0.00,PLN,C034
PL01-2025-002588,2,2025-07-16,4000 ,0.00,11538.84,PLN,C034
PL01-2025-002588,3,2025-07-16,4100 ,0.00,1640.83,PLN,C034
PL01-2025-002589,1,2025-09-09,1000 ,13179.67,0.00,PLN,C034
PL01-2025-002589,2,2025-09-09,1200 ,0.00,13179.67,PLN,C034
PL01-2025-002590,1,2025-07-06,1200 ,19605.16,0.00,PLN,C030
PL01-2025-002590,2,2025-07-06,4000 ,0.00,17164.37,PLN,C030
PL01-2025-002590,3,2025-07-06,4100 ,0.00,2440.79,PLN,C030
PL01-2025-002591,1,2025-08-13,1000 ,19605.16,0.00,PLN,C030
PL01-2025-002591,2,2025-08-13,1200 ,0.00,19605.16,PLN,C030
PL01-2025-002592,1,2025-07-26,1200 ,35528.32,0.00,PLN,C009
PL01-2025-002592,2,2025-07-26,4000 ,0.00,31105.14,PLN,C009
PL01-2025-002592,3,2025-07-26,4100 ,0.00,4423.18,PLN,C009
PL01-2025-002593,1,2025-09-25,1000 ,35528.32,0.00,PLN,C009
PL01-2025-002593,2,2025-09-25,1200 ,0.00,35528.32,PLN,C009
PL01-2025-002594,1,2025-07-07,1200 ,31785.20,0.00,PLN,C011
PL01-2025-002594,2,2025-07-07,4000 ,0.00,27828.03,PLN,C011
PL01-2025-002594,3,2025-07-07,4100 ,0.00,3957.17,PLN,C011
PL01-2025-002595,1,2025-09-07,1000 ,31785.20,0.00,PLN,C011
PL01-2025-002595,2,2025-09-07,1200 ,0.00,31785.20,PLN,C011
PL01-2025-002596,1,2025-07-28,1200 ,49999.50,0.00,PLN,C026
PL01-2025-002596,2,2025-07-28,4000 ,0.00,43774.69,PLN,C026
PL01-2025-002596,3,2025-07-28,4100 ,0.00,6224.81,PLN,C026
PL01-2025-002597,1,2025-09-13,1000 ,49999.50,0.00,PLN,C026
PL01-2025-002597,2,2025-09-13,1200 ,0.00,49999.50,PLN,C026
PL01-2025-002598,1,2025-07-09,1200 ,38642.67,0.00,PLN,C004
PL01-2025-002598,2,2025-07-09,4000 ,0.00,33831.76,PLN,C004
PL01-2025-002598,3,2025-07-09,4100 ,0.00,4810.91,PLN,C004
PL01-2025-002599,1,2025-08-10,1000 ,38642.67,0.00,PLN,C004
PL01-2025-002599,2,2025-08-10,1200 ,0.00,38642.67,PLN,C004
PL01-2025-002600,1,2025-07-30,1200 ,9811.27,0.00,PLN,C035
PL01-2025-002600,2,2025-07-30,4000 ,0.00,8589.79,PLN,C035
PL01-2025-002600,3,2025-07-30,4100 ,0.00,1221.48,PLN,C035
PL01-2025-002601,1,2025-09-16,1000 ,9811.27,0.00,PLN,C035
PL01-2025-002601,2,2025-09-16,1200 ,0.00,9811.27,PLN,C035
PL01-2025-002602,1,2025-07-10,1200 ,43772.13,0.00,PLN,C016
PL01-2025-002602,2,2025-07-10,4000 ,0.00,38322.62,PLN,C016
PL01-2025-002602,3,2025-07-10,4100 ,0.00,5449.51,PLN,C016
PL01-2025-002603,1,2025-08-15,1000 ,43772.13,0.00,PLN,C016
PL01-2025-002603,2,2025-08-15,1200 ,0.00,43772.13,PLN,C016
PL01-2025-002604,1,2025-07-27,1200 ,37039.32,0.00,PLN,C006
PL01-2025-002604,2,2025-07-27,4000 ,0.00,32428.02,PLN,C006
PL01-2025-002604,3,2025-07-27,4100 ,0.00,4611.30,PLN,C006
PL01-2025-002605,1,2025-10-10,1000 ,37039.32,0.00,PLN,C006
PL01-2025-002605,2,2025-10-10,1200 ,0.00,37039.32,PLN,C006
PL01-2025-002606,1,2025-07-14,1200 ,10318.72,0.00,PLN,C035
PL01-2025-002606,2,2025-07-14,4000 ,0.00,9034.07,PLN,C035
PL01-2025-002606,3,2025-07-14,4100 ,0.00,1284.65,PLN,C035
PL01-2025-002607,1,2025-09-11,1000 ,10318.72,0.00,PLN,C035
PL01-2025-002607,2,2025-09-11,1200 ,0.00,10318.72,PLN,C035
PL01-2025-002608,1,2025-07-08,1200 ,24267.94,0.00,PLN,C025
PL01-2025-002608,2,2025-07-08,4000 ,0.00,21246.65,PLN,C025
PL01-2025-002608,3,2025-07-08,4100 ,0.00,3021.29,PLN,C025
PL01-2025-002609,1,2025-09-01,1000 ,24267.94,0.00,PLN,C025
PL01-2025-002609,2,2025-09-01,1200 ,0.00,24267.94,PLN,C025
PL01-2025-002610,1,2025-07-12,1200 ,21242.13,0.00,PLN,C005
PL01-2025-002610,2,2025-07-12,4000 ,0.00,18597.54,PLN,C005
PL01-2025-002610,3,2025-07-12,4100 ,0.00,2644.59,PLN,C005
PL01-2025-002611,1,2025-08-24,1000 ,21242.13,0.00,PLN,C005
PL01-2025-002611,2,2025-08-24,1200 ,0.00,21242.13,PLN,C005
PL01-2025-002612,1,2025-07-14,1200 ,15974.72,0.00,PLN,C021
PL01-2025-002612,2,2025-07-14,4000 ,0.00,13985.91,PLN,C021
PL01-2025-002612,3,2025-07-14,4100 ,0.00,1988.81,PLN,C021
PL01-2025-002613,1,2025-08-15,1000 ,15974.72,0.00,PLN,C021
PL01-2025-002613,2,2025-08-15,1200 ,0.00,15974.72,PLN,C021
PL01-2025-002614,1,2025-07-18,1200 ,34763.06,0.00,PLN,C034
PL01-2025-002614,2,2025-07-18,4000 ,0.00,30435.15,PLN,C034
PL01-2025-002614,3,2025-07-18,4100 ,0.00,4327.91,PLN,C034
PL01-2025-002615,1,2025-08-19,1000 ,34763.06,0.00,PLN,C034
PL01-2025-002615,2,2025-08-19,1200 ,0.00,34763.06,PLN,C034
PL01-2025-002616,1,2025-07-30,1200 ,28654.55,0.00,PLN,C009
PL01-2025-002616,2,2025-07-30,4000 ,0.00,25087.13,PLN,C009
PL01-2025-002616,3,2025-07-30,4100 ,0.00,3567.42,PLN,C009
PL01-2025-002617,1,2025-09-16,1000 ,28654.55,0.00,PLN,C009
PL01-2025-002617,2,2025-09-16,1200 ,0.00,28654.55,PLN,C009
PL01-2025-002618,1,2025-07-01,1200 ,21612.18,0.00,PLN,C018
PL01-2025-002618,2,2025-07-01,4000 ,0.00,18921.52,PLN,C018
PL01-2025-002618,3,2025-07-01,4100 ,0.00,2690.66,PLN,C018
PL01-2025-002619,1,2025-08-04,1000 ,21612.18,0.00,PLN,C018
PL01-2025-002619,2,2025-08-04,1200 ,0.00,21612.18,PLN,C018
PL01-2025-002620,1,2025-07-29,1200 ,32403.78,0.00,PLN,C027
PL01-2025-002620,2,2025-07-29,4000 ,0.00,28369.60,PLN,C027
PL01-2025-002620,3,2025-07-29,4100 ,0.00,4034.18,PLN,C027
PL01-2025-002621,1,2025-09-14,1000 ,32403.78,0.00,PLN,C027
PL01-2025-002621,2,2025-09-14,1200 ,0.00,32403.78,PLN,C027
PL01-2025-002622,1,2025-07-27,1200 ,62225.46,0.00,PLN,C005
PL01-2025-002622,2,2025-07-27,4000 ,0.00,54478.55,PLN,C005
PL01-2025-002622,3,2025-07-27,4100 ,0.00,7746.91,PLN,C005
PL01-2025-002623,1,2025-09-28,1000 ,62225.46,0.00,PLN,C005
PL01-2025-002623,2,2025-09-28,1200 ,0.00,62225.46,PLN,C005
PL01-2025-002624,1,2025-07-26,1200 ,23550.69,0.00,PLN,C037
PL01-2025-002624,2,2025-07-26,4000 ,0.00,20618.69,PLN,C037
PL01-2025-002624,3,2025-07-26,4100 ,0.00,2932.00,PLN,C037
PL01-2025-002625,1,2025-09-09,1000 ,23550.69,0.00,PLN,C037
PL01-2025-002625,2,2025-09-09,1200 ,0.00,23550.69,PLN,C037
PL01-2025-002626,1,2025-07-18,1200 ,15517.57,0.00,PLN,C022
PL01-2025-002626,2,2025-07-18,4000 ,0.00,13585.67,PLN,C022
PL01-2025-002626,3,2025-07-18,4100 ,0.00,1931.90,PLN,C022
PL01-2025-002627,1,2025-08-24,1000 ,15517.57,0.00,PLN,C022
PL01-2025-002627,2,2025-08-24,1200 ,0.00,15517.57,PLN,C022
PL01-2025-002628,1,2025-07-23,1200 ,21858.49,0.00,PLN,C017
PL01-2025-002628,2,2025-07-23,4000 ,0.00,19137.17,PLN,C017
PL01-2025-002628,3,2025-07-23,4100 ,0.00,2721.32,PLN,C017
PL01-2025-002629,1,2025-09-13,1000 ,21858.49,0.00,PLN,C017
PL01-2025-002629,2,2025-09-13,1200 ,0.00,21858.49,PLN,C017
PL01-2025-002630,1,2025-07-06,1200 ,9464.31,0.00,PLN,C024
PL01-2025-002630,2,2025-07-06,4000 ,0.00,8286.03,PLN,C024
PL01-2025-002630,3,2025-07-06,4100 ,0.00,1178.28,PLN,C024
PL01-2025-002631,1,2025-08-12,1000 ,9464.31,0.00,PLN,C024
PL01-2025-002631,2,2025-08-12,1200 ,0.00,9464.31,PLN,C024
PL01-2025-002632,1,2025-07-08,1200 ,28983.55,0.00,PLN,C014
PL01-2025-002632,2,2025-07-08,4000 ,0.00,25375.17,PLN,C014
PL01-2025-002632,3,2025-07-08,4100 ,0.00,3608.38,PLN,C014
PL01-2025-002633,1,2025-08-30,1000 ,28983.55,0.00,PLN,C014
PL01-2025-002633,2,2025-08-30,1200 ,0.00,28983.55,PLN,C014
PL01-2025-002634,1,2025-07-17,1200 ,7545.85,0.00,PLN,C033
PL01-2025-002634,2,2025-07-17,4000 ,0.00,6606.41,PLN,C033
PL01-2025-002634,3,2025-07-17,4100 ,0.00,939.44,PLN,C033
PL01-2025-002635,1,2025-09-02,1000 ,7545.85,0.00,PLN,C033
PL01-2025-002635,2,2025-09-02,1200 ,0.00,7545.85,PLN,C033
PL01-2025-002636,1,2025-07-11,1200 ,7200.47,0.00,PLN,C036
PL01-2025-002636,2,2025-07-11,4000 ,0.00,6304.03,PLN,C036
PL01-2025-002636,3,2025-07-11,4100 ,0.00,896.44,PLN,C036
PL01-2025-002637,1,2025-08-18,1000 ,7200.47,0.00,PLN,C036
PL01-2025-002637,2,2025-08-18,1200 ,0.00,7200.47,PLN,C036
PL01-2025-002638,1,2025-07-24,1200 ,140220.70,0.00,PLN,C002
PL01-2025-002638,2,2025-07-24,4000 ,0.00,122763.59,PLN,C002
PL01-2025-002638,3,2025-07-24,4100 ,0.00,17457.11,PLN,C002
PL01-2025-002639,1,2025-09-01,1000 ,140220.70,0.00,PLN,C002
PL01-2025-002639,2,2025-09-01,1200 ,0.00,140220.70,PLN,C002
PL01-2025-002640,1,2025-07-17,1200 ,41599.36,0.00,PLN,C007
PL01-2025-002640,2,2025-07-17,4000 ,0.00,36420.35,PLN,C007
PL01-2025-002640,3,2025-07-17,4100 ,0.00,5179.01,PLN,C007
PL01-2025-002641,1,2025-08-19,1000 ,41599.36,0.00,PLN,C007
PL01-2025-002641,2,2025-08-19,1200 ,0.00,41599.36,PLN,C007
PL01-2025-002642,1,2025-07-11,1200 ,17037.41,0.00,PLN,C013
PL01-2025-002642,2,2025-07-11,4000 ,0.00,14916.30,PLN,C013
PL01-2025-002642,3,2025-07-11,4100 ,0.00,2121.11,PLN,C013
PL01-2025-002643,1,2025-08-17,1000 ,17037.41,0.00,PLN,C013
PL01-2025-002643,2,2025-08-17,1200 ,0.00,17037.41,PLN,C013
PL01-2025-002644,1,2025-07-13,1200 ,40086.64,0.00,PLN,C039
PL01-2025-002644,2,2025-07-13,4000 ,0.00,35095.96,PLN,C039
PL01-2025-002644,3,2025-07-13,4100 ,0.00,4990.68,PLN,C039
PL01-2025-002645,1,2025-08-18,1000 ,40086.64,0.00,PLN,C039
PL01-2025-002645,2,2025-08-18,1200 ,0.00,40086.64,PLN,C039
PL01-2025-002646,1,2025-07-12,1200 ,58823.99,0.00,PLN,C031
PL01-2025-002646,2,2025-07-12,4000 ,0.00,51500.56,PLN,C031
PL01-2025-002646,3,2025-07-12,4100 ,0.00,7323.43,PLN,C031
PL01-2025-002647,1,2025-08-02,1000 ,58823.99,0.00,PLN,C031
PL01-2025-002647,2,2025-08-02,1200 ,0.00,58823.99,PLN,C031
PL01-2025-002648,1,2025-07-02,1200 ,37358.77,0.00,PLN,C005
PL01-2025-002648,2,2025-07-02,4000 ,0.00,32707.70,PLN,C005
PL01-2025-002648,3,2025-07-02,4100 ,0.00,4651.07,PLN,C005
PL01-2025-002649,1,2025-08-05,1000 ,37358.77,0.00,PLN,C005
PL01-2025-002649,2,2025-08-05,1200 ,0.00,37358.77,PLN,C005
PL01-2025-002650,1,2025-07-25,1200 ,13611.58,0.00,PLN,C010
PL01-2025-002650,2,2025-07-25,4000 ,0.00,11916.97,PLN,C010
PL01-2025-002650,3,2025-07-25,4100 ,0.00,1694.61,PLN,C010
PL01-2025-002651,1,2025-09-01,1000 ,13611.58,0.00,PLN,C010
PL01-2025-002651,2,2025-09-01,1200 ,0.00,13611.58,PLN,C010
PL01-2025-002652,1,2025-07-22,1200 ,11444.13,0.00,PLN,C033
PL01-2025-002652,2,2025-07-22,4000 ,0.00,10019.37,PLN,C033
PL01-2025-002652,3,2025-07-22,4100 ,0.00,1424.76,PLN,C033
PL01-2025-002653,1,2025-08-13,1000 ,11444.13,0.00,PLN,C033
PL01-2025-002653,2,2025-08-13,1200 ,0.00,11444.13,PLN,C033
PL01-2025-002654,1,2025-07-20,1200 ,51309.35,0.00,PLN,C038
PL01-2025-002654,2,2025-07-20,4000 ,0.00,44921.47,PLN,C038
PL01-2025-002654,3,2025-07-20,4100 ,0.00,6387.88,PLN,C038
PL01-2025-002655,1,2025-08-13,1000 ,51309.35,0.00,PLN,C038
PL01-2025-002655,2,2025-08-13,1200 ,0.00,51309.35,PLN,C038
PL01-2025-002656,1,2025-07-12,1200 ,17015.09,0.00,PLN,C022
PL01-2025-002656,2,2025-07-12,4000 ,0.00,14896.76,PLN,C022
PL01-2025-002656,3,2025-07-12,4100 ,0.00,2118.33,PLN,C022
PL01-2025-002657,1,2025-10-31,1000 ,17015.09,0.00,PLN,C022
PL01-2025-002657,2,2025-10-31,1200 ,0.00,17015.09,PLN,C022
PL01-2025-002658,1,2025-07-28,1200 ,20439.01,0.00,PLN,C033
PL01-2025-002658,2,2025-07-28,4000 ,0.00,17894.41,PLN,C033
PL01-2025-002658,3,2025-07-28,4100 ,0.00,2544.60,PLN,C033
PL01-2025-002659,1,2025-09-26,1000 ,20439.01,0.00,PLN,C033
PL01-2025-002659,2,2025-09-26,1200 ,0.00,20439.01,PLN,C033
PL01-2025-002660,1,2025-07-16,1200 ,10647.41,0.00,PLN,C035
PL01-2025-002660,2,2025-07-16,4000 ,0.00,9321.84,PLN,C035
PL01-2025-002660,3,2025-07-16,4100 ,0.00,1325.57,PLN,C035
PL01-2025-002661,1,2025-09-25,1000 ,10647.41,0.00,PLN,C035
PL01-2025-002661,2,2025-09-25,1200 ,0.00,10647.41,PLN,C035
PL01-2025-002662,1,2025-07-03,1200 ,5076.93,0.00,PLN,C033
PL01-2025-002662,2,2025-07-03,4000 ,0.00,4444.87,PLN,C033
PL01-2025-002662,3,2025-07-03,4100 ,0.00,632.06,PLN,C033
PL01-2025-002663,1,2025-08-09,1000 ,5076.93,0.00,PLN,C033
PL01-2025-002663,2,2025-08-09,1200 ,0.00,5076.93,PLN,C033
PL01-2025-002664,1,2025-07-06,1200 ,32496.69,0.00,PLN,C027
PL01-2025-002664,2,2025-07-06,4000 ,0.00,28450.94,PLN,C027
PL01-2025-002664,3,2025-07-06,4100 ,0.00,4045.75,PLN,C027
PL01-2025-002665,1,2025-08-06,1000 ,32496.69,0.00,PLN,C027
PL01-2025-002665,2,2025-08-06,1200 ,0.00,32496.69,PLN,C027
PL01-2025-002666,1,2025-07-07,1200 ,7895.56,0.00,PLN,C026
PL01-2025-002666,2,2025-07-07,4000 ,0.00,6912.58,PLN,C026
PL01-2025-002666,3,2025-07-07,4100 ,0.00,982.98,PLN,C026
PL01-2025-002667,1,2025-08-31,1000 ,7895.56,0.00,PLN,C026
PL01-2025-002667,2,2025-08-31,1200 ,0.00,7895.56,PLN,C026
PL01-2025-002668,1,2025-07-07,1200 ,53887.22,0.00,PLN,C033
PL01-2025-002668,2,2025-07-07,4000 ,0.00,47178.40,PLN,C033
PL01-2025-002668,3,2025-07-07,4100 ,0.00,6708.82,PLN,C033
PL01-2025-002669,1,2025-09-06,1000 ,53887.22,0.00,PLN,C033
PL01-2025-002669,2,2025-09-06,1200 ,0.00,53887.22,PLN,C033
PL01-2025-002670,1,2025-07-25,1200 ,26049.61,0.00,PLN,C019
PL01-2025-002670,2,2025-07-25,4000 ,0.00,22806.50,PLN,C019
PL01-2025-002670,3,2025-07-25,4100 ,0.00,3243.11,PLN,C019
PL01-2025-002671,1,2025-08-24,1000 ,26049.61,0.00,PLN,C019
PL01-2025-002671,2,2025-08-24,1200 ,0.00,26049.61,PLN,C019
PL01-2025-002672,1,2025-07-31,1200 ,8635.96,0.00,PLN,C033
PL01-2025-002672,2,2025-07-31,4000 ,0.00,7560.81,PLN,C033
PL01-2025-002672,3,2025-07-31,4100 ,0.00,1075.15,PLN,C033
PL01-2025-002673,1,2025-09-05,1000 ,8635.96,0.00,PLN,C033
PL01-2025-002673,2,2025-09-05,1200 ,0.00,8635.96,PLN,C033
PL01-2025-002674,1,2025-07-13,1200 ,96193.32,0.00,PLN,C006
PL01-2025-002674,2,2025-07-13,4000 ,0.00,84217.51,PLN,C006
PL01-2025-002674,3,2025-07-13,4100 ,0.00,11975.81,PLN,C006
PL01-2025-002675,1,2025-08-16,1000 ,96193.32,0.00,PLN,C006
PL01-2025-002675,2,2025-08-16,1200 ,0.00,96193.32,PLN,C006
PL01-2025-002676,1,2025-07-26,1200 ,37797.01,0.00,PLN,C003
PL01-2025-002676,2,2025-07-26,4000 ,0.00,33091.38,PLN,C003
PL01-2025-002676,3,2025-07-26,4100 ,0.00,4705.63,PLN,C003
PL01-2025-002677,1,2025-09-18,1000 ,37797.01,0.00,PLN,C003
PL01-2025-002677,2,2025-09-18,1200 ,0.00,37797.01,PLN,C003
PL01-2025-002678,1,2025-07-25,1200 ,30750.66,0.00,PLN,C012
PL01-2025-002678,2,2025-07-25,4000 ,0.00,26922.28,PLN,C012
PL01-2025-002678,3,2025-07-25,4100 ,0.00,3828.38,PLN,C012
PL01-2025-002679,1,2025-09-28,1000 ,30750.66,0.00,PLN,C012
PL01-2025-002679,2,2025-09-28,1200 ,0.00,30750.66,PLN,C012
PL01-2025-002680,1,2025-07-28,1200 ,36212.45,0.00,PLN,C034
PL01-2025-002680,2,2025-07-28,4000 ,0.00,31704.10,PLN,C034
PL01-2025-002680,3,2025-07-28,4100 ,0.00,4508.35,PLN,C034
PL01-2025-002681,1,2025-08-31,1000 ,36212.45,0.00,PLN,C034
PL01-2025-002681,2,2025-08-31,1200 ,0.00,36212.45,PLN,C034
PL01-2025-002682,1,2025-07-06,1200 ,92349.68,0.00,PLN,C014
PL01-2025-002682,2,2025-07-06,4000 ,0.00,80852.39,PLN,C014
PL01-2025-002682,3,2025-07-06,4100 ,0.00,11497.29,PLN,C014
PL01-2025-002683,1,2025-09-21,1000 ,92349.68,0.00,PLN,C014
PL01-2025-002683,2,2025-09-21,1200 ,0.00,92349.68,PLN,C014
PL01-2025-002684,1,2025-07-08,1200 ,15936.54,0.00,PLN,C020
PL01-2025-002684,2,2025-07-08,4000 ,0.00,13952.48,PLN,C020
PL01-2025-002684,3,2025-07-08,4100 ,0.00,1984.06,PLN,C020
PL01-2025-002685,1,2025-08-29,1000 ,15936.54,0.00,PLN,C020
PL01-2025-002685,2,2025-08-29,1200 ,0.00,15936.54,PLN,C020
PL01-2025-002686,1,2025-07-15,1200 ,9490.53,0.00,PLN,C007
PL01-2025-002686,2,2025-07-15,4000 ,0.00,8308.98,PLN,C007
PL01-2025-002686,3,2025-07-15,4100 ,0.00,1181.55,PLN,C007
PL01-2025-002687,1,2025-08-17,1000 ,9490.53,0.00,PLN,C007
PL01-2025-002687,2,2025-08-17,1200 ,0.00,9490.53,PLN,C007
PL01-2025-002688,1,2025-07-06,1200 ,17710.46,0.00,PLN,C012
PL01-2025-002688,2,2025-07-06,4000 ,0.00,15505.55,PLN,C012
PL01-2025-002688,3,2025-07-06,4100 ,0.00,2204.91,PLN,C012
PL01-2025-002689,1,2025-08-09,1000 ,17710.46,0.00,PLN,C012
PL01-2025-002689,2,2025-08-09,1200 ,0.00,17710.46,PLN,C012
PL01-2025-002690,1,2025-07-07,1200 ,56993.06,0.00,PLN,C025
PL01-2025-002690,2,2025-07-07,4000 ,0.00,49897.57,PLN,C025
PL01-2025-002690,3,2025-07-07,4100 ,0.00,7095.49,PLN,C025
PL01-2025-002691,1,2025-09-01,1000 ,56993.06,0.00,PLN,C025
PL01-2025-002691,2,2025-09-01,1200 ,0.00,56993.06,PLN,C025
PL01-2025-002692,1,2025-07-08,1200 ,5940.43,0.00,PLN,C024
PL01-2025-002692,2,2025-07-08,4000 ,0.00,5200.86,PLN,C024
PL01-2025-002692,3,2025-07-08,4100 ,0.00,739.57,PLN,C024
PL01-2025-002693,1,2025-08-25,1000 ,5940.43,0.00,PLN,C024
PL01-2025-002693,2,2025-08-25,1200 ,0.00,5940.43,PLN,C024
PL01-2025-002694,1,2025-07-21,1200 ,4512.03,0.00,PLN,C038
PL01-2025-002694,2,2025-07-21,4000 ,0.00,3950.29,PLN,C038
PL01-2025-002694,3,2025-07-21,4100 ,0.00,561.74,PLN,C038
PL01-2025-002695,1,2025-08-14,1000 ,4512.03,0.00,PLN,C038
PL01-2025-002695,2,2025-08-14,1200 ,0.00,4512.03,PLN,C038
PL01-2025-002696,1,2025-07-21,1200 ,2426.87,0.00,PLN,C034
PL01-2025-002696,2,2025-07-21,4000 ,0.00,2124.73,PLN,C034
PL01-2025-002696,3,2025-07-21,4100 ,0.00,302.14,PLN,C034
PL01-2025-002697,1,2025-08-19,1000 ,2426.87,0.00,PLN,C034
PL01-2025-002697,2,2025-08-19,1200 ,0.00,2426.87,PLN,C034
PL01-2025-002698,1,2025-07-13,1200 ,33537.80,0.00,PLN,C037
PL01-2025-002698,2,2025-07-13,4000 ,0.00,29362.43,PLN,C037
PL01-2025-002698,3,2025-07-13,4100 ,0.00,4175.37,PLN,C037
PL01-2025-002699,1,2025-09-09,1000 ,33537.80,0.00,PLN,C037
PL01-2025-002699,2,2025-09-09,1200 ,0.00,33537.80,PLN,C037
PL01-2025-002700,1,2025-07-18,1200 ,63062.37,0.00,PLN,C007
PL01-2025-002700,2,2025-07-18,4000 ,0.00,55211.27,PLN,C007
PL01-2025-002700,3,2025-07-18,4100 ,0.00,7851.10,PLN,C007
PL01-2025-002701,1,2025-08-14,1000 ,63062.37,0.00,PLN,C007
PL01-2025-002701,2,2025-08-14,1200 ,0.00,63062.37,PLN,C007
PL01-2025-002702,1,2025-07-27,1200 ,17194.75,0.00,PLN,C039
PL01-2025-002702,2,2025-07-27,4000 ,0.00,15054.05,PLN,C039
PL01-2025-002702,3,2025-07-27,4100 ,0.00,2140.70,PLN,C039
PL01-2025-002703,1,2025-08-25,1000 ,17194.75,0.00,PLN,C039
PL01-2025-002703,2,2025-08-25,1200 ,0.00,17194.75,PLN,C039
PL01-2025-002704,1,2025-07-02,1200 ,26129.72,0.00,PLN,C012
PL01-2025-002704,2,2025-07-02,4000 ,0.00,22876.64,PLN,C012
PL01-2025-002704,3,2025-07-02,4100 ,0.00,3253.08,PLN,C012
PL01-2025-002705,1,2025-08-05,1000 ,26129.72,0.00,PLN,C012
PL01-2025-002705,2,2025-08-05,1200 ,0.00,26129.72,PLN,C012
PL01-2025-002706,1,2025-07-15,1200 ,18382.05,0.00,PLN,C004
PL01-2025-002706,2,2025-07-15,4000 ,0.00,16093.53,PLN,C004
PL01-2025-002706,3,2025-07-15,4100 ,0.00,2288.52,PLN,C004
PL01-2025-002707,1,2025-08-31,1000 ,18382.05,0.00,PLN,C004
PL01-2025-002707,2,2025-08-31,1200 ,0.00,18382.05,PLN,C004
PL01-2025-002708,1,2025-07-29,1200 ,83657.58,0.00,PLN,C025
PL01-2025-002708,2,2025-07-29,4000 ,0.00,73242.43,PLN,C025
PL01-2025-002708,3,2025-07-29,4100 ,0.00,10415.15,PLN,C025
PL01-2025-002709,1,2025-09-08,1000 ,83657.58,0.00,PLN,C025
PL01-2025-002709,2,2025-09-08,1200 ,0.00,83657.58,PLN,C025
PL01-2025-002710,1,2025-07-21,1200 ,17791.78,0.00,PLN,C009
PL01-2025-002710,2,2025-07-21,4000 ,0.00,15576.75,PLN,C009
PL01-2025-002710,3,2025-07-21,4100 ,0.00,2215.03,PLN,C009
PL01-2025-002711,1,2025-09-08,1000 ,17791.78,0.00,PLN,C009
PL01-2025-002711,2,2025-09-08,1200 ,0.00,17791.78,PLN,C009
PL01-2025-002712,1,2025-07-19,1300 ,244736.61,0.00,PLN,V001
PL01-2025-002712,2,2025-07-19,2100 ,0.00,244736.61,PLN,V001
PL01-2025-002713,1,2025-08-25,2100 ,244736.61,0.00,PLN,V001
PL01-2025-002713,2,2025-08-25,1000 ,0.00,244736.61,PLN,V001
PL01-2025-002714,1,2025-07-21,1300 ,281776.68,0.00,PLN,V006
PL01-2025-002714,2,2025-07-21,2100 ,0.00,281776.68,PLN,V006
PL01-2025-002715,1,2025-08-23,2100 ,281776.68,0.00,PLN,V006
PL01-2025-002715,2,2025-08-23,1000 ,0.00,281776.68,PLN,V006
PL01-2025-002716,1,2025-07-17,1300 ,457299.87,0.00,PLN,V013
PL01-2025-002716,2,2025-07-17,2100 ,0.00,457299.87,PLN,V013
PL01-2025-002717,1,2025-08-21,2100 ,457299.87,0.00,PLN,V013
PL01-2025-002717,2,2025-08-21,1000 ,0.00,457299.87,PLN,V013
PL01-2025-002718,1,2025-07-06,1300 ,191494.56,0.00,PLN,V021
PL01-2025-002718,2,2025-07-06,2100 ,0.00,191494.56,PLN,V021
PL01-2025-002719,1,2025-08-18,2100 ,191494.56,0.00,PLN,V021
PL01-2025-002719,2,2025-08-18,1000 ,0.00,191494.56,PLN,V021
PL01-2025-002720,1,2025-07-31,5000 ,1054089.74,0.00,PLN,
PL01-2025-002720,2,2025-07-31,1300 ,0.00,1054089.74,PLN,
PL01-2025-002721,1,2025-07-05,6100 ,95476.56,0.00,PLN,V048
PL01-2025-002721,2,2025-07-05,2100 ,0.00,95476.56,PLN,V048
PL01-2025-002722,1,2025-08-14,2100 ,95476.56,0.00,PLN,V048
PL01-2025-002722,2,2025-08-14,1000 ,0.00,95476.56,PLN,V048
PL01-2025-002723,1,2025-07-12,6200 ,103193.20,0.00,PLN,V048
PL01-2025-002723,2,2025-07-12,2100 ,0.00,103193.20,PLN,V048
PL01-2025-002724,1,2025-08-15,2100 ,103193.20,0.00,PLN,V048
PL01-2025-002724,2,2025-08-15,1000 ,0.00,103193.20,PLN,V048
PL01-2025-002725,1,2025-07-09,6300 ,32072.91,0.00,PLN,V044
PL01-2025-002725,2,2025-07-09,2100 ,0.00,32072.91,PLN,V044
PL01-2025-002726,1,2025-08-14,2100 ,32072.91,0.00,PLN,V044
PL01-2025-002726,2,2025-08-14,1000 ,0.00,32072.91,PLN,V044
PL01-2025-002727,1,2025-07-20,6400 ,50587.49,0.00,PLN,V049
PL01-2025-002727,2,2025-07-20,2100 ,0.00,50587.49,PLN,V049
PL01-2025-002728,1,2025-09-04,2100 ,50587.49,0.00,PLN,V049
PL01-2025-002728,2,2025-09-04,1000 ,0.00,50587.49,PLN,V049
PL01-2025-002729,1,2025-07-25,6000 ,699203.77,0.00,PLN,
PL01-2025-002729,2,2025-07-25,1000 ,0.00,699203.77,PLN,
PL01-2025-002730,1,2025-07-31,6900 ,42708.33,0.00,PLN,
PL01-2025-002730,2,2025-07-31,1590 ,0.00,42708.33,PLN,
PL01-2025-002731,1,2025-08-23,1200 ,27798.05,0.00,PLN,C019
PL01-2025-002731,2,2025-08-23,4000 ,0.00,24353.94,PLN,C019
PL01-2025-002731,3,2025-08-23,4100 ,0.00,3444.11,PLN,C019
PL01-2025-002732,1,2025-10-13,1000 ,27798.05,0.00,PLN,C019
PL01-2025-002732,2,2025-10-13,1200 ,0.00,27798.05,PLN,C019
PL01-2025-002733,1,2025-08-13,1200 ,24178.51,0.00,PLN,C021
PL01-2025-002733,2,2025-08-13,4000 ,0.00,21182.86,PLN,C021
PL01-2025-002733,3,2025-08-13,4100 ,0.00,2995.65,PLN,C021
PL01-2025-002734,1,2025-10-07,1000 ,24178.51,0.00,PLN,C021
PL01-2025-002734,2,2025-10-07,1200 ,0.00,24178.51,PLN,C021
PL01-2025-002735,1,2025-08-08,1200 ,12349.83,0.00,PLN,C003
PL01-2025-002735,2,2025-08-08,4000 ,0.00,10819.72,PLN,C003
PL01-2025-002735,3,2025-08-08,4100 ,0.00,1530.11,PLN,C003
PL01-2025-002736,1,2025-09-25,1000 ,12349.83,0.00,PLN,C003
PL01-2025-002736,2,2025-09-25,1200 ,0.00,12349.83,PLN,C003
PL01-2025-002737,1,2025-08-14,1200 ,22371.57,0.00,PLN,C026
PL01-2025-002737,2,2025-08-14,4000 ,0.00,19599.79,PLN,C026
PL01-2025-002737,3,2025-08-14,4100 ,0.00,2771.78,PLN,C026
PL01-2025-002738,1,2025-09-27,1000 ,22371.57,0.00,PLN,C026
PL01-2025-002738,2,2025-09-27,1200 ,0.00,22371.57,PLN,C026
PL01-2025-002739,1,2025-08-29,1200 ,20660.48,0.00,PLN,C026
PL01-2025-002739,2,2025-08-29,4000 ,0.00,18100.70,PLN,C026
PL01-2025-002739,3,2025-08-29,4100 ,0.00,2559.78,PLN,C026
PL01-2025-002740,1,2025-10-26,1000 ,20660.48,0.00,PLN,C026
PL01-2025-002740,2,2025-10-26,1200 ,0.00,20660.48,PLN,C026
PL01-2025-002741,1,2025-08-05,1200 ,12810.45,0.00,PLN,C019
PL01-2025-002741,2,2025-08-05,4000 ,0.00,11223.27,PLN,C019
PL01-2025-002741,3,2025-08-05,4100 ,0.00,1587.18,PLN,C019
PL01-2025-002742,1,2025-09-17,1000 ,12810.45,0.00,PLN,C019
PL01-2025-002742,2,2025-09-17,1200 ,0.00,12810.45,PLN,C019
PL01-2025-002743,1,2025-08-16,1200 ,24838.56,0.00,PLN,C012
PL01-2025-002743,2,2025-08-16,4000 ,0.00,21761.13,PLN,C012
PL01-2025-002743,3,2025-08-16,4100 ,0.00,3077.43,PLN,C012
PL01-2025-002744,1,2025-10-18,1000 ,24838.56,0.00,PLN,C012
PL01-2025-002744,2,2025-10-18,1200 ,0.00,24838.56,PLN,C012
PL01-2025-002745,1,2025-08-12,1200 ,29057.14,0.00,PLN,C019
PL01-2025-002745,2,2025-08-12,4000 ,0.00,25457.04,PLN,C019
PL01-2025-002745,3,2025-08-12,4100 ,0.00,3600.10,PLN,C019
PL01-2025-002746,1,2025-09-08,1000 ,29057.14,0.00,PLN,C019
PL01-2025-002746,2,2025-09-08,1200 ,0.00,29057.14,PLN,C019
PL01-2025-002747,1,2025-08-31,1200 ,7600.63,0.00,PLN,C009
PL01-2025-002747,2,2025-08-31,4000 ,0.00,6658.93,PLN,C009
PL01-2025-002747,3,2025-08-31,4100 ,0.00,941.70,PLN,C009
PL01-2025-002748,1,2025-10-15,1000 ,7600.63,0.00,PLN,C009
PL01-2025-002748,2,2025-10-15,1200 ,0.00,7600.63,PLN,C009
PL01-2025-002749,1,2025-08-19,1200 ,9974.70,0.00,PLN,C034
PL01-2025-002749,2,2025-08-19,4000 ,0.00,8738.86,PLN,C034
PL01-2025-002749,3,2025-08-19,4100 ,0.00,1235.84,PLN,C034
PL01-2025-002750,1,2025-09-16,1000 ,9974.70,0.00,PLN,C034
PL01-2025-002750,2,2025-09-16,1200 ,0.00,9974.70,PLN,C034
PL01-2025-002751,1,2025-08-25,1200 ,49930.60,0.00,PLN,C010
PL01-2025-002751,2,2025-08-25,4000 ,0.00,43744.33,PLN,C010
PL01-2025-002751,3,2025-08-25,4100 ,0.00,6186.27,PLN,C010
PL01-2025-002752,1,2025-10-08,1000 ,49930.60,0.00,PLN,C010
PL01-2025-002752,2,2025-10-08,1200 ,0.00,49930.60,PLN,C010
PL01-2025-002753,1,2025-08-08,1200 ,18550.81,0.00,PLN,C014
PL01-2025-002753,2,2025-08-08,4000 ,0.00,16252.41,PLN,C014
PL01-2025-002753,3,2025-08-08,4100 ,0.00,2298.40,PLN,C014
PL01-2025-002754,1,2025-09-09,1000 ,18550.81,0.00,PLN,C014
PL01-2025-002754,2,2025-09-09,1200 ,0.00,18550.81,PLN,C014
PL01-2025-002755,1,2025-08-16,1200 ,15217.37,0.00,PLN,C016
PL01-2025-002755,2,2025-08-16,4000 ,0.00,13331.98,PLN,C016
PL01-2025-002755,3,2025-08-16,4100 ,0.00,1885.39,PLN,C016
PL01-2025-002756,1,2025-12-02,1000 ,15217.37,0.00,PLN,C016
PL01-2025-002756,2,2025-12-02,1200 ,0.00,15217.37,PLN,C016
PL01-2025-002757,1,2025-08-08,1200 ,12789.78,0.00,PLN,C029
PL01-2025-002757,2,2025-08-08,4000 ,0.00,11205.16,PLN,C029
PL01-2025-002757,3,2025-08-08,4100 ,0.00,1584.62,PLN,C029
PL01-2025-002758,1,2025-10-03,1000 ,12789.78,0.00,PLN,C029
PL01-2025-002758,2,2025-10-03,1200 ,0.00,12789.78,PLN,C029
PL01-2025-002759,1,2025-08-11,1200 ,34429.20,0.00,PLN,C032
PL01-2025-002759,2,2025-08-11,4000 ,0.00,30163.51,PLN,C032
PL01-2025-002759,3,2025-08-11,4100 ,0.00,4265.69,PLN,C032
PL01-2025-002760,1,2025-10-24,1000 ,34429.20,0.00,PLN,C032
PL01-2025-002760,2,2025-10-24,1200 ,0.00,34429.20,PLN,C032
PL01-2025-002761,1,2025-08-23,1200 ,34630.18,0.00,PLN,C029
PL01-2025-002761,2,2025-08-23,4000 ,0.00,30339.59,PLN,C029
PL01-2025-002761,3,2025-08-23,4100 ,0.00,4290.59,PLN,C029
PL01-2025-002762,1,2025-10-23,1000 ,34630.18,0.00,PLN,C029
PL01-2025-002762,2,2025-10-23,1200 ,0.00,34630.18,PLN,C029
PL01-2025-002763,1,2025-08-24,1200 ,11243.73,0.00,PLN,C025
PL01-2025-002763,2,2025-08-24,4000 ,0.00,9850.66,PLN,C025
PL01-2025-002763,3,2025-08-24,4100 ,0.00,1393.07,PLN,C025
PL01-2025-002764,1,2025-12-14,1000 ,11243.73,0.00,PLN,C025
PL01-2025-002764,2,2025-12-14,1200 ,0.00,11243.73,PLN,C025
PL01-2025-002765,1,2025-08-08,1200 ,13908.67,0.00,PLN,C027
PL01-2025-002765,2,2025-08-08,4000 ,0.00,12185.42,PLN,C027
PL01-2025-002765,3,2025-08-08,4100 ,0.00,1723.25,PLN,C027
PL01-2025-002766,1,2025-09-26,1000 ,13908.67,0.00,PLN,C027
PL01-2025-002766,2,2025-09-26,1200 ,0.00,13908.67,PLN,C027
PL01-2025-002767,1,2025-08-02,1200 ,26519.60,0.00,PLN,C014
PL01-2025-002767,2,2025-08-02,4000 ,0.00,23233.89,PLN,C014
PL01-2025-002767,3,2025-08-02,4100 ,0.00,3285.71,PLN,C014
PL01-2025-002768,1,2025-11-05,1000 ,26519.60,0.00,PLN,C014
PL01-2025-002768,2,2025-11-05,1200 ,0.00,26519.60,PLN,C014
PL01-2025-002769,1,2025-08-14,1200 ,10894.18,0.00,PLN,C020
PL01-2025-002769,2,2025-08-14,4000 ,0.00,9544.42,PLN,C020
PL01-2025-002769,3,2025-08-14,4100 ,0.00,1349.76,PLN,C020
PL01-2025-002770,1,2025-10-19,1000 ,10894.18,0.00,PLN,C020
PL01-2025-002770,2,2025-10-19,1200 ,0.00,10894.18,PLN,C020
PL01-2025-002771,1,2025-08-14,1200 ,23231.03,0.00,PLN,C040
PL01-2025-002771,2,2025-08-14,4000 ,0.00,20352.77,PLN,C040
PL01-2025-002771,3,2025-08-14,4100 ,0.00,2878.26,PLN,C040
PL01-2025-002772,1,2025-09-16,1000 ,23231.03,0.00,PLN,C040
PL01-2025-002772,2,2025-09-16,1200 ,0.00,23231.03,PLN,C040
PL01-2025-002773,1,2025-08-03,1200 ,5685.06,0.00,PLN,C006
PL01-2025-002773,2,2025-08-03,4000 ,0.00,4980.70,PLN,C006
PL01-2025-002773,3,2025-08-03,4100 ,0.00,704.36,PLN,C006
PL01-2025-002774,1,2025-09-16,1000 ,5685.06,0.00,PLN,C006
PL01-2025-002774,2,2025-09-16,1200 ,0.00,5685.06,PLN,C006
PL01-2025-002775,1,2025-08-10,1200 ,57784.46,0.00,PLN,C019
PL01-2025-002775,2,2025-08-10,4000 ,0.00,50625.11,PLN,C019
PL01-2025-002775,3,2025-08-10,4100 ,0.00,7159.35,PLN,C019
PL01-2025-002776,1,2025-09-20,1000 ,57784.46,0.00,PLN,C019
PL01-2025-002776,2,2025-09-20,1200 ,0.00,57784.46,PLN,C019
PL01-2025-002777,1,2025-08-14,1200 ,59245.65,0.00,PLN,C026
PL01-2025-002777,2,2025-08-14,4000 ,0.00,51905.27,PLN,C026
PL01-2025-002777,3,2025-08-14,4100 ,0.00,7340.38,PLN,C026
PL01-2025-002778,1,2025-09-04,1000 ,59245.65,0.00,PLN,C026
PL01-2025-002778,2,2025-09-04,1200 ,0.00,59245.65,PLN,C026
PL01-2025-002779,1,2025-08-01,1200 ,12106.52,0.00,PLN,C012
PL01-2025-002779,2,2025-08-01,4000 ,0.00,10606.55,PLN,C012
PL01-2025-002779,3,2025-08-01,4100 ,0.00,1499.97,PLN,C012
PL01-2025-002780,1,2025-09-06,1000 ,12106.52,0.00,PLN,C012
PL01-2025-002780,2,2025-09-06,1200 ,0.00,12106.52,PLN,C012
PL01-2025-002781,1,2025-08-23,1200 ,34561.50,0.00,PLN,C037
PL01-2025-002781,2,2025-08-23,4000 ,0.00,30279.42,PLN,C037
PL01-2025-002781,3,2025-08-23,4100 ,0.00,4282.08,PLN,C037
PL01-2025-002782,1,2025-10-31,1000 ,34561.50,0.00,PLN,C037
PL01-2025-002782,2,2025-10-31,1200 ,0.00,34561.50,PLN,C037
PL01-2025-002783,1,2025-08-21,1200 ,63680.08,0.00,PLN,C012
PL01-2025-002783,2,2025-08-21,4000 ,0.00,55790.28,PLN,C012
PL01-2025-002783,3,2025-08-21,4100 ,0.00,7889.80,PLN,C012
PL01-2025-002784,1,2025-10-01,1000 ,63680.08,0.00,PLN,C012
PL01-2025-002784,2,2025-10-01,1200 ,0.00,63680.08,PLN,C012
PL01-2025-002785,1,2025-08-30,1200 ,128480.54,0.00,PLN,C022
PL01-2025-002785,2,2025-08-30,4000 ,0.00,112562.13,PLN,C022
PL01-2025-002785,3,2025-08-30,4100 ,0.00,15918.41,PLN,C022
PL01-2025-002786,1,2025-11-20,1000 ,128480.54,0.00,PLN,C022
PL01-2025-002786,2,2025-11-20,1200 ,0.00,128480.54,PLN,C022
PL01-2025-002787,1,2025-08-09,1200 ,43262.13,0.00,PLN,C036
PL01-2025-002787,2,2025-08-09,4000 ,0.00,37902.06,PLN,C036
PL01-2025-002787,3,2025-08-09,4100 ,0.00,5360.07,PLN,C036
PL01-2025-002788,1,2025-09-06,1000 ,43262.13,0.00,PLN,C036
PL01-2025-002788,2,2025-09-06,1200 ,0.00,43262.13,PLN,C036
PL01-2025-002789,1,2025-08-13,1200 ,23526.14,0.00,PLN,C027
PL01-2025-002789,2,2025-08-13,4000 ,0.00,20611.31,PLN,C027
PL01-2025-002789,3,2025-08-13,4100 ,0.00,2914.83,PLN,C027
PL01-2025-002790,1,2025-09-16,1000 ,23526.14,0.00,PLN,C027
PL01-2025-002790,2,2025-09-16,1200 ,0.00,23526.14,PLN,C027
PL01-2025-002791,1,2025-08-05,1200 ,16084.59,0.00,PLN,C037
PL01-2025-002791,2,2025-08-05,4000 ,0.00,14091.75,PLN,C037
PL01-2025-002791,3,2025-08-05,4100 ,0.00,1992.84,PLN,C037
PL01-2025-002792,1,2025-09-22,1000 ,16084.59,0.00,PLN,C037
PL01-2025-002792,2,2025-09-22,1200 ,0.00,16084.59,PLN,C037
PL01-2025-002793,1,2025-08-13,1200 ,30602.24,0.00,PLN,C034
PL01-2025-002793,2,2025-08-13,4000 ,0.00,26810.70,PLN,C034
PL01-2025-002793,3,2025-08-13,4100 ,0.00,3791.54,PLN,C034
PL01-2025-002794,1,2025-09-18,1000 ,30602.24,0.00,PLN,C034
PL01-2025-002794,2,2025-09-18,1200 ,0.00,30602.24,PLN,C034
PL01-2025-002795,1,2025-08-29,1200 ,10150.08,0.00,PLN,C020
PL01-2025-002795,2,2025-08-29,4000 ,0.00,8892.51,PLN,C020
PL01-2025-002795,3,2025-08-29,4100 ,0.00,1257.57,PLN,C020
PL01-2025-002796,1,2025-10-13,1000 ,10150.08,0.00,PLN,C020
PL01-2025-002796,2,2025-10-13,1200 ,0.00,10150.08,PLN,C020
PL01-2025-002797,1,2025-08-11,1200 ,49394.99,0.00,PLN,C021
PL01-2025-002797,2,2025-08-11,4000 ,0.00,43275.08,PLN,C021
PL01-2025-002797,3,2025-08-11,4100 ,0.00,6119.91,PLN,C021
PL01-2025-002798,1,2025-10-06,1000 ,49394.99,0.00,PLN,C021
PL01-2025-002798,2,2025-10-06,1200 ,0.00,49394.99,PLN,C021
PL01-2025-002799,1,2025-08-31,1200 ,50521.61,0.00,PLN,C034
PL01-2025-002799,2,2025-08-31,4000 ,0.00,44262.11,PLN,C034
PL01-2025-002799,3,2025-08-31,4100 ,0.00,6259.50,PLN,C034
PL01-2025-002800,1,2025-10-25,1000 ,50521.61,0.00,PLN,C034
PL01-2025-002800,2,2025-10-25,1200 ,0.00,50521.61,PLN,C034
PL01-2025-002801,1,2025-08-08,1200 ,36118.44,0.00,PLN,C029
PL01-2025-002801,2,2025-08-08,4000 ,0.00,31643.46,PLN,C029
PL01-2025-002801,3,2025-08-08,4100 ,0.00,4474.98,PLN,C029
PL01-2025-002802,1,2025-10-08,1000 ,36118.44,0.00,PLN,C029
PL01-2025-002802,2,2025-10-08,1200 ,0.00,36118.44,PLN,C029
PL01-2025-002803,1,2025-08-12,1200 ,18314.10,0.00,PLN,C006
PL01-2025-002803,2,2025-08-12,4000 ,0.00,16045.03,PLN,C006
PL01-2025-002803,3,2025-08-12,4100 ,0.00,2269.07,PLN,C006
PL01-2025-002804,1,2025-09-22,1000 ,18314.10,0.00,PLN,C006
PL01-2025-002804,2,2025-09-22,1200 ,0.00,18314.10,PLN,C006
PL01-2025-002805,1,2025-08-20,1200 ,4410.67,0.00,PLN,C013
PL01-2025-002805,2,2025-08-20,4000 ,0.00,3864.20,PLN,C013
PL01-2025-002805,3,2025-08-20,4100 ,0.00,546.47,PLN,C013
PL01-2025-002806,1,2025-10-19,1000 ,4410.67,0.00,PLN,C013
PL01-2025-002806,2,2025-10-19,1200 ,0.00,4410.67,PLN,C013
PL01-2025-002807,1,2025-08-11,1200 ,22215.67,0.00,PLN,C015
PL01-2025-002807,2,2025-08-11,4000 ,0.00,19463.21,PLN,C015
PL01-2025-002807,3,2025-08-11,4100 ,0.00,2752.46,PLN,C015
PL01-2025-002808,1,2025-09-08,1000 ,22215.67,0.00,PLN,C015
PL01-2025-002808,2,2025-09-08,1200 ,0.00,22215.67,PLN,C015
PL01-2025-002809,1,2025-08-29,1200 ,6584.76,0.00,PLN,C018
PL01-2025-002809,2,2025-08-29,4000 ,0.00,5768.93,PLN,C018
PL01-2025-002809,3,2025-08-29,4100 ,0.00,815.83,PLN,C018
PL01-2025-002810,1,2025-11-08,1000 ,6584.76,0.00,PLN,C018
PL01-2025-002810,2,2025-11-08,1200 ,0.00,6584.76,PLN,C018
PL01-2025-002811,1,2025-08-07,1200 ,10168.25,0.00,PLN,C021
PL01-2025-002811,2,2025-08-07,4000 ,0.00,8908.43,PLN,C021
PL01-2025-002811,3,2025-08-07,4100 ,0.00,1259.82,PLN,C021
PL01-2025-002812,1,2025-09-21,1000 ,10168.25,0.00,PLN,C021
PL01-2025-002812,2,2025-09-21,1200 ,0.00,10168.25,PLN,C021
PL01-2025-002813,1,2025-08-31,1200 ,29739.33,0.00,PLN,C040
PL01-2025-002813,2,2025-08-31,4000 ,0.00,26054.70,PLN,C040
PL01-2025-002813,3,2025-08-31,4100 ,0.00,3684.63,PLN,C040
PL01-2025-002814,1,2025-10-27,1000 ,29739.33,0.00,PLN,C040
PL01-2025-002814,2,2025-10-27,1200 ,0.00,29739.33,PLN,C040
PL01-2025-002815,1,2025-08-30,1200 ,28408.75,0.00,PLN,C010
PL01-2025-002815,2,2025-08-30,4000 ,0.00,24888.98,PLN,C010
PL01-2025-002815,3,2025-08-30,4100 ,0.00,3519.77,PLN,C010
PL01-2025-002816,1,2025-10-14,1000 ,28408.75,0.00,PLN,C010
PL01-2025-002816,2,2025-10-14,1200 ,0.00,28408.75,PLN,C010
PL01-2025-002817,1,2025-08-24,1200 ,46401.49,0.00,PLN,C032
PL01-2025-002817,2,2025-08-24,4000 ,0.00,40652.47,PLN,C032
PL01-2025-002817,3,2025-08-24,4100 ,0.00,5749.02,PLN,C032
PL01-2025-002818,1,2025-10-12,1000 ,46401.49,0.00,PLN,C032
PL01-2025-002818,2,2025-10-12,1200 ,0.00,46401.49,PLN,C032
PL01-2025-002819,1,2025-08-06,1200 ,11408.31,0.00,PLN,C037
PL01-2025-002819,2,2025-08-06,4000 ,0.00,9994.85,PLN,C037
PL01-2025-002819,3,2025-08-06,4100 ,0.00,1413.46,PLN,C037
PL01-2025-002820,1,2025-09-11,1000 ,11408.31,0.00,PLN,C037
PL01-2025-002820,2,2025-09-11,1200 ,0.00,11408.31,PLN,C037
PL01-2025-002821,1,2025-08-16,1200 ,32069.95,0.00,PLN,C025
PL01-2025-002821,2,2025-08-16,4000 ,0.00,28096.57,PLN,C025
PL01-2025-002821,3,2025-08-16,4100 ,0.00,3973.38,PLN,C025
PL01-2025-002822,1,2025-10-14,1000 ,32069.95,0.00,PLN,C025
PL01-2025-002822,2,2025-10-14,1200 ,0.00,32069.95,PLN,C025
PL01-2025-002823,1,2025-08-17,1200 ,27629.54,0.00,PLN,C011
PL01-2025-002823,2,2025-08-17,4000 ,0.00,24206.31,PLN,C011
PL01-2025-002823,3,2025-08-17,4100 ,0.00,3423.23,PLN,C011
PL01-2025-002824,1,2025-10-10,1000 ,27629.54,0.00,PLN,C011
PL01-2025-002824,2,2025-10-10,1200 ,0.00,27629.54,PLN,C011
PL01-2025-002825,1,2025-08-16,1200 ,30941.09,0.00,PLN,C028
PL01-2025-002825,2,2025-08-16,4000 ,0.00,27107.57,PLN,C028
PL01-2025-002825,3,2025-08-16,4100 ,0.00,3833.52,PLN,C028
PL01-2025-002826,1,2025-10-13,1000 ,30941.09,0.00,PLN,C028
PL01-2025-002826,2,2025-10-13,1200 ,0.00,30941.09,PLN,C028
PL01-2025-002827,1,2025-08-08,1200 ,58086.32,0.00,PLN,C012
PL01-2025-002827,2,2025-08-08,4000 ,0.00,50889.57,PLN,C012
PL01-2025-002827,3,2025-08-08,4100 ,0.00,7196.75,PLN,C012
PL01-2025-002828,1,2025-09-07,1000 ,58086.32,0.00,PLN,C012
PL01-2025-002828,2,2025-09-07,1200 ,0.00,58086.32,PLN,C012
PL01-2025-002829,1,2025-08-11,1200 ,10205.61,0.00,PLN,C033
PL01-2025-002829,2,2025-08-11,4000 ,0.00,8941.16,PLN,C033
PL01-2025-002829,3,2025-08-11,4100 ,0.00,1264.45,PLN,C033
PL01-2025-002830,1,2025-09-12,1000 ,10205.61,0.00,PLN,C033
PL01-2025-002830,2,2025-09-12,1200 ,0.00,10205.61,PLN,C033
PL01-2025-002831,1,2025-08-15,1200 ,28977.49,0.00,PLN,C031
PL01-2025-002831,2,2025-08-15,4000 ,0.00,25387.25,PLN,C031
PL01-2025-002831,3,2025-08-15,4100 ,0.00,3590.24,PLN,C031
PL01-2025-002832,1,2025-10-30,1000 ,28977.49,0.00,PLN,C031
PL01-2025-002832,2,2025-10-30,1200 ,0.00,28977.49,PLN,C031
PL01-2025-002833,1,2025-08-20,1200 ,28625.11,0.00,PLN,C006
PL01-2025-002833,2,2025-08-20,4000 ,0.00,25078.53,PLN,C006
PL01-2025-002833,3,2025-08-20,4100 ,0.00,3546.58,PLN,C006
PL01-2025-002834,1,2025-10-10,1000 ,28625.11,0.00,PLN,C006
PL01-2025-002834,2,2025-10-10,1200 ,0.00,28625.11,PLN,C006
PL01-2025-002835,1,2025-08-13,1200 ,4194.95,0.00,PLN,C024
PL01-2025-002835,2,2025-08-13,4000 ,0.00,3675.21,PLN,C024
PL01-2025-002835,3,2025-08-13,4100 ,0.00,519.74,PLN,C024
PL01-2025-002836,1,2025-10-09,1000 ,4194.95,0.00,PLN,C024
PL01-2025-002836,2,2025-10-09,1200 ,0.00,4194.95,PLN,C024
PL01-2025-002837,1,2025-08-16,1200 ,1743.20,0.00,PLN,C032
PL01-2025-002837,2,2025-08-16,4000 ,0.00,1527.22,PLN,C032
PL01-2025-002837,3,2025-08-16,4100 ,0.00,215.98,PLN,C032
PL01-2025-002838,1,2025-09-17,1000 ,1743.20,0.00,PLN,C032
PL01-2025-002838,2,2025-09-17,1200 ,0.00,1743.20,PLN,C032
PL01-2025-002839,1,2025-08-13,1200 ,14584.12,0.00,PLN,C003
PL01-2025-002839,2,2025-08-13,4000 ,0.00,12777.19,PLN,C003
PL01-2025-002839,3,2025-08-13,4100 ,0.00,1806.93,PLN,C003
PL01-2025-002840,1,2025-10-26,1000 ,14584.12,0.00,PLN,C003
PL01-2025-002840,2,2025-10-26,1200 ,0.00,14584.12,PLN,C003
PL01-2025-002841,1,2025-08-30,1200 ,123075.59,0.00,PLN,C038
PL01-2025-002841,2,2025-08-30,4000 ,0.00,107826.84,PLN,C038
PL01-2025-002841,3,2025-08-30,4100 ,0.00,15248.75,PLN,C038
PL01-2025-002842,1,2025-10-12,1000 ,123075.59,0.00,PLN,C038
PL01-2025-002842,2,2025-10-12,1200 ,0.00,123075.59,PLN,C038
PL01-2025-002843,1,2025-08-27,1200 ,33748.84,0.00,PLN,C033
PL01-2025-002843,2,2025-08-27,4000 ,0.00,29567.45,PLN,C033
PL01-2025-002843,3,2025-08-27,4100 ,0.00,4181.39,PLN,C033
PL01-2025-002844,1,2025-10-07,1000 ,33748.84,0.00,PLN,C033
PL01-2025-002844,2,2025-10-07,1200 ,0.00,33748.84,PLN,C033
PL01-2025-002845,1,2025-08-26,1200 ,72045.56,0.00,PLN,C029
PL01-2025-002845,2,2025-08-26,4000 ,0.00,63119.30,PLN,C029
PL01-2025-002845,3,2025-08-26,4100 ,0.00,8926.26,PLN,C029
PL01-2025-002846,1,2025-10-05,1000 ,72045.56,0.00,PLN,C029
PL01-2025-002846,2,2025-10-05,1200 ,0.00,72045.56,PLN,C029
PL01-2025-002847,1,2025-08-30,1200 ,20246.78,0.00,PLN,C003
PL01-2025-002847,2,2025-08-30,4000 ,0.00,17738.26,PLN,C003
PL01-2025-002847,3,2025-08-30,4100 ,0.00,2508.52,PLN,C003
PL01-2025-002848,1,2025-11-25,1000 ,20246.78,0.00,PLN,C003
PL01-2025-002848,2,2025-11-25,1200 ,0.00,20246.78,PLN,C003
PL01-2025-002849,1,2025-08-21,1200 ,172083.98,0.00,PLN,C004
PL01-2025-002849,2,2025-08-21,4000 ,0.00,150763.22,PLN,C004
PL01-2025-002849,3,2025-08-21,4100 ,0.00,21320.76,PLN,C004
PL01-2025-002850,1,2025-10-18,1000 ,172083.98,0.00,PLN,C004
PL01-2025-002850,2,2025-10-18,1200 ,0.00,172083.98,PLN,C004
PL01-2025-002851,1,2025-08-26,1200 ,6731.36,0.00,PLN,C011
PL01-2025-002851,2,2025-08-26,4000 ,0.00,5897.36,PLN,C011
PL01-2025-002851,3,2025-08-26,4100 ,0.00,834.00,PLN,C011
PL01-2025-002852,1,2025-09-27,1000 ,6731.36,0.00,PLN,C011
PL01-2025-002852,2,2025-09-27,1200 ,0.00,6731.36,PLN,C011
PL01-2025-002853,1,2025-08-17,1200 ,88587.46,0.00,PLN,C012
PL01-2025-002853,2,2025-08-17,4000 ,0.00,77611.70,PLN,C012
PL01-2025-002853,3,2025-08-17,4100 ,0.00,10975.76,PLN,C012
PL01-2025-002854,1,2025-09-09,1000 ,88587.46,0.00,PLN,C012
PL01-2025-002854,2,2025-09-09,1200 ,0.00,88587.46,PLN,C012
PL01-2025-002855,1,2025-08-05,1200 ,70971.94,0.00,PLN,C025
PL01-2025-002855,2,2025-08-05,4000 ,0.00,62178.70,PLN,C025
PL01-2025-002855,3,2025-08-05,4100 ,0.00,8793.24,PLN,C025
PL01-2025-002856,1,2025-09-15,1000 ,70971.94,0.00,PLN,C025
PL01-2025-002856,2,2025-09-15,1200 ,0.00,70971.94,PLN,C025
PL01-2025-002857,1,2025-08-04,1200 ,9060.15,0.00,PLN,C005
PL01-2025-002857,2,2025-08-04,4000 ,0.00,7937.62,PLN,C005
PL01-2025-002857,3,2025-08-04,4100 ,0.00,1122.53,PLN,C005
PL01-2025-002858,1,2025-09-14,1000 ,9060.15,0.00,PLN,C005
PL01-2025-002858,2,2025-09-14,1200 ,0.00,9060.15,PLN,C005
PL01-2025-002859,1,2025-08-02,1200 ,12458.46,0.00,PLN,C039
PL01-2025-002859,2,2025-08-02,4000 ,0.00,10914.89,PLN,C039
PL01-2025-002859,3,2025-08-02,4100 ,0.00,1543.57,PLN,C039
PL01-2025-002860,1,2025-09-07,1000 ,12458.46,0.00,PLN,C039
PL01-2025-002860,2,2025-09-07,1200 ,0.00,12458.46,PLN,C039
PL01-2025-002861,1,2025-08-04,1200 ,29130.35,0.00,PLN,C012
PL01-2025-002861,2,2025-08-04,4000 ,0.00,25521.17,PLN,C012
PL01-2025-002861,3,2025-08-04,4100 ,0.00,3609.18,PLN,C012
PL01-2025-002862,1,2025-09-23,1000 ,29130.35,0.00,PLN,C012
PL01-2025-002862,2,2025-09-23,1200 ,0.00,29130.35,PLN,C012
PL01-2025-002863,1,2025-08-06,1300 ,605392.08,0.00,PLN,V003
PL01-2025-002863,2,2025-08-06,2100 ,0.00,605392.08,PLN,V003
PL01-2025-002864,1,2025-09-15,2100 ,605392.08,0.00,PLN,V003
PL01-2025-002864,2,2025-09-15,1000 ,0.00,605392.08,PLN,V003
PL01-2025-002865,1,2025-08-04,1300 ,204047.80,0.00,PLN,V024
PL01-2025-002865,2,2025-08-04,2100 ,0.00,204047.80,PLN,V024
PL01-2025-002866,1,2025-09-10,2100 ,204047.80,0.00,PLN,V024
PL01-2025-002866,2,2025-09-10,1000 ,0.00,204047.80,PLN,V024
PL01-2025-002867,1,2025-08-01,1300 ,200727.19,0.00,PLN,V025
PL01-2025-002867,2,2025-08-01,2100 ,0.00,200727.19,PLN,V025
PL01-2025-002868,1,2025-09-19,2100 ,200727.19,0.00,PLN,V025
PL01-2025-002868,2,2025-09-19,1000 ,0.00,200727.19,PLN,V025
PL01-2025-002869,1,2025-08-31,5000 ,1053053.99,0.00,PLN,
PL01-2025-002869,2,2025-08-31,1300 ,0.00,1053053.99,PLN,
PL01-2025-002870,1,2025-08-19,6100 ,121732.99,0.00,PLN,V057
PL01-2025-002870,2,2025-08-19,2100 ,0.00,121732.99,PLN,V057
PL01-2025-002871,1,2025-10-06,2100 ,121732.99,0.00,PLN,V057
PL01-2025-002871,2,2025-10-06,1000 ,0.00,121732.99,PLN,V057
PL01-2025-002872,1,2025-08-04,6200 ,72956.16,0.00,PLN,V056
PL01-2025-002872,2,2025-08-04,2100 ,0.00,72956.16,PLN,V056
PL01-2025-002873,1,2025-09-09,2100 ,72956.16,0.00,PLN,V056
PL01-2025-002873,2,2025-09-09,1000 ,0.00,72956.16,PLN,V056
PL01-2025-002874,1,2025-08-09,6300 ,29850.39,0.00,PLN,V034
PL01-2025-002874,2,2025-08-09,2100 ,0.00,29850.39,PLN,V034
PL01-2025-002875,1,2025-09-30,2100 ,29850.39,0.00,PLN,V034
PL01-2025-002875,2,2025-09-30,1000 ,0.00,29850.39,PLN,V034
PL01-2025-002876,1,2025-08-09,6400 ,45341.15,0.00,PLN,V035
PL01-2025-002876,2,2025-08-09,2100 ,0.00,45341.15,PLN,V035
PL01-2025-002877,1,2025-09-21,2100 ,45341.15,0.00,PLN,V035
PL01-2025-002877,2,2025-09-21,1000 ,0.00,45341.15,PLN,V035
PL01-2025-002878,1,2025-08-25,6000 ,706386.19,0.00,PLN,
PL01-2025-002878,2,2025-08-25,1000 ,0.00,706386.19,PLN,
PL01-2025-002879,1,2025-08-31,6900 ,42708.33,0.00,PLN,
PL01-2025-002879,2,2025-08-31,1590 ,0.00,42708.33,PLN,
PL01-2025-002880,1,2025-09-08,1200 ,40667.16,0.00,PLN,C040
PL01-2025-002880,2,2025-09-08,4000 ,0.00,35185.33,PLN,C040
PL01-2025-002880,3,2025-09-08,4100 ,0.00,5481.83,PLN,C040
PL01-2025-002881,1,2025-11-16,1000 ,40667.16,0.00,PLN,C040
PL01-2025-002881,2,2025-11-16,1200 ,0.00,40667.16,PLN,C040
PL01-2025-002882,1,2025-09-06,1200 ,15118.51,0.00,PLN,C023
PL01-2025-002882,2,2025-09-06,4000 ,0.00,13080.57,PLN,C023
PL01-2025-002882,3,2025-09-06,4100 ,0.00,2037.94,PLN,C023
PL01-2025-002883,1,2025-10-26,1000 ,15118.51,0.00,PLN,C023
PL01-2025-002883,2,2025-10-26,1200 ,0.00,15118.51,PLN,C023
PL01-2025-002884,1,2025-09-13,1200 ,3492.61,0.00,PLN,C028
PL01-2025-002884,2,2025-09-13,4000 ,0.00,3021.81,PLN,C028
PL01-2025-002884,3,2025-09-13,4100 ,0.00,470.80,PLN,C028
PL01-2025-002885,1,2025-11-04,1000 ,3492.61,0.00,PLN,C028
PL01-2025-002885,2,2025-11-04,1200 ,0.00,3492.61,PLN,C028
PL01-2025-002886,1,2025-09-30,1200 ,7052.50,0.00,PLN,C011
PL01-2025-002886,2,2025-09-30,4000 ,0.00,6101.84,PLN,C011
PL01-2025-002886,3,2025-09-30,4100 ,0.00,950.66,PLN,C011
PL01-2025-002887,1,2025-11-09,1000 ,7052.50,0.00,PLN,C011
PL01-2025-002887,2,2025-11-09,1200 ,0.00,7052.50,PLN,C011
PL01-2025-002888,1,2025-09-22,1200 ,27680.91,0.00,PLN,C002
PL01-2025-002888,2,2025-09-22,4000 ,0.00,23949.59,PLN,C002
PL01-2025-002888,3,2025-09-22,4100 ,0.00,3731.32,PLN,C002
PL01-2025-002889,1,2025-10-27,1000 ,27680.91,0.00,PLN,C002
PL01-2025-002889,2,2025-10-27,1200 ,0.00,27680.91,PLN,C002
PL01-2025-002890,1,2025-09-23,1200 ,27281.40,0.00,PLN,C020
PL01-2025-002890,2,2025-09-23,4000 ,0.00,23603.94,PLN,C020
PL01-2025-002890,3,2025-09-23,4100 ,0.00,3677.46,PLN,C020
PL01-2025-002891,1,2025-11-05,1000 ,27281.40,0.00,PLN,C020
PL01-2025-002891,2,2025-11-05,1200 ,0.00,27281.40,PLN,C020
PL01-2025-002892,1,2025-09-07,1200 ,5101.01,0.00,PLN,C012
PL01-2025-002892,2,2025-09-07,4000 ,0.00,4413.41,PLN,C012
PL01-2025-002892,3,2025-09-07,4100 ,0.00,687.60,PLN,C012
PL01-2025-002893,1,2025-10-10,1000 ,5101.01,0.00,PLN,C012
PL01-2025-002893,2,2025-10-10,1200 ,0.00,5101.01,PLN,C012
PL01-2025-002894,1,2025-09-17,1200 ,33434.13,0.00,PLN,C037
PL01-2025-002894,2,2025-09-17,4000 ,0.00,28927.29,PLN,C037
PL01-2025-002894,3,2025-09-17,4100 ,0.00,4506.84,PLN,C037
PL01-2025-002895,1,2025-10-21,1000 ,33434.13,0.00,PLN,C037
PL01-2025-002895,2,2025-10-21,1200 ,0.00,33434.13,PLN,C037
PL01-2025-002896,1,2025-09-12,1200 ,68373.26,0.00,PLN,C038
PL01-2025-002896,2,2025-09-12,4000 ,0.00,59156.72,PLN,C038
PL01-2025-002896,3,2025-09-12,4100 ,0.00,9216.54,PLN,C038
PL01-2025-002897,1,2025-10-23,1000 ,68373.26,0.00,PLN,C038
PL01-2025-002897,2,2025-10-23,1200 ,0.00,68373.26,PLN,C038
PL01-2025-002898,1,2025-09-17,1200 ,63947.09,0.00,PLN,C027
PL01-2025-002898,2,2025-09-17,4000 ,0.00,55327.18,PLN,C027
PL01-2025-002898,3,2025-09-17,4100 ,0.00,8619.91,PLN,C027
PL01-2025-002899,1,2025-11-14,1000 ,63947.09,0.00,PLN,C027
PL01-2025-002899,2,2025-11-14,1200 ,0.00,63947.09,PLN,C027
PL01-2025-002900,1,2025-09-04,1200 ,18967.58,0.00,PLN,C013
PL01-2025-002900,2,2025-09-04,4000 ,0.00,16410.80,PLN,C013
PL01-2025-002900,3,2025-09-04,4100 ,0.00,2556.78,PLN,C013
PL01-2025-002901,1,2025-10-18,1000 ,18967.58,0.00,PLN,C013
PL01-2025-002901,2,2025-10-18,1200 ,0.00,18967.58,PLN,C013
PL01-2025-002902,1,2025-09-17,1200 ,18061.59,0.00,PLN,C008
PL01-2025-002902,2,2025-09-17,4000 ,0.00,15626.93,PLN,C008
PL01-2025-002902,3,2025-09-17,4100 ,0.00,2434.66,PLN,C008
PL01-2025-002903,1,2025-11-12,1000 ,18061.59,0.00,PLN,C008
PL01-2025-002903,2,2025-11-12,1200 ,0.00,18061.59,PLN,C008
PL01-2025-002904,1,2025-09-17,1200 ,20766.41,0.00,PLN,C038
PL01-2025-002904,2,2025-09-17,4000 ,0.00,17967.15,PLN,C038
PL01-2025-002904,3,2025-09-17,4100 ,0.00,2799.26,PLN,C038
PL01-2025-002905,1,2025-10-15,1000 ,20766.41,0.00,PLN,C038
PL01-2025-002905,2,2025-10-15,1200 ,0.00,20766.41,PLN,C038
PL01-2025-002906,1,2025-09-21,1200 ,37518.47,0.00,PLN,C009
PL01-2025-002906,2,2025-09-21,4000 ,0.00,32461.07,PLN,C009
PL01-2025-002906,3,2025-09-21,4100 ,0.00,5057.40,PLN,C009
PL01-2025-002907,1,2025-11-11,1000 ,37518.47,0.00,PLN,C009
PL01-2025-002907,2,2025-11-11,1200 ,0.00,37518.47,PLN,C009
PL01-2025-002908,1,2025-09-11,1200 ,13077.20,0.00,PLN,C022
PL01-2025-002908,2,2025-09-11,4000 ,0.00,11314.43,PLN,C022
PL01-2025-002908,3,2025-09-11,4100 ,0.00,1762.77,PLN,C022
PL01-2025-002909,1,2025-10-18,1000 ,13077.20,0.00,PLN,C022
PL01-2025-002909,2,2025-10-18,1200 ,0.00,13077.20,PLN,C022
PL01-2025-002910,1,2025-09-03,1200 ,25003.61,0.00,PLN,C020
PL01-2025-002910,2,2025-09-03,4000 ,0.00,21633.19,PLN,C020
PL01-2025-002910,3,2025-09-03,4100 ,0.00,3370.42,PLN,C020
PL01-2025-002911,1,2025-10-06,1000 ,25003.61,0.00,PLN,C020
PL01-2025-002911,2,2025-10-06,1200 ,0.00,25003.61,PLN,C020
PL01-2025-002912,1,2025-09-22,1200 ,9286.72,0.00,PLN,C016
PL01-2025-002912,2,2025-09-22,4000 ,0.00,8034.89,PLN,C016
PL01-2025-002912,3,2025-09-22,4100 ,0.00,1251.83,PLN,C016
PL01-2025-002913,1,2025-11-17,1000 ,9286.72,0.00,PLN,C016
PL01-2025-002913,2,2025-11-17,1200 ,0.00,9286.72,PLN,C016
PL01-2025-002914,1,2025-09-05,1200 ,15286.77,0.00,PLN,C028
PL01-2025-002914,2,2025-09-05,4000 ,0.00,13226.15,PLN,C028
PL01-2025-002914,3,2025-09-05,4100 ,0.00,2060.62,PLN,C028
PL01-2025-002915,1,2025-11-05,1000 ,15286.77,0.00,PLN,C028
PL01-2025-002915,2,2025-11-05,1200 ,0.00,15286.77,PLN,C028
PL01-2025-002916,1,2025-09-13,1200 ,31590.04,0.00,PLN,C010
PL01-2025-002916,2,2025-09-13,4000 ,0.00,27331.78,PLN,C010
PL01-2025-002916,3,2025-09-13,4100 ,0.00,4258.26,PLN,C010
PL01-2025-002917,1,2025-12-19,1000 ,31590.04,0.00,PLN,C010
PL01-2025-002917,2,2025-12-19,1200 ,0.00,31590.04,PLN,C010
PL01-2025-002918,1,2025-09-24,1200 ,24190.60,0.00,PLN,C012
PL01-2025-002918,2,2025-09-24,4000 ,0.00,20929.77,PLN,C012
PL01-2025-002918,3,2025-09-24,4100 ,0.00,3260.83,PLN,C012
PL01-2025-002919,1,2025-10-28,1000 ,24190.60,0.00,PLN,C012
PL01-2025-002919,2,2025-10-28,1200 ,0.00,24190.60,PLN,C012
PL01-2025-002920,1,2025-09-20,1200 ,77727.44,0.00,PLN,C011
PL01-2025-002920,2,2025-09-20,4000 ,0.00,67249.98,PLN,C011
PL01-2025-002920,3,2025-09-20,4100 ,0.00,10477.46,PLN,C011
PL01-2025-002921,1,2025-12-06,1000 ,77727.44,0.00,PLN,C011
PL01-2025-002921,2,2025-12-06,1200 ,0.00,77727.44,PLN,C011
PL01-2025-002922,1,2025-09-02,1200 ,15283.89,0.00,PLN,C030
PL01-2025-002922,2,2025-09-02,4000 ,0.00,13223.66,PLN,C030
PL01-2025-002922,3,2025-09-02,4100 ,0.00,2060.23,PLN,C030
PL01-2025-002923,1,2025-10-15,1000 ,15283.89,0.00,PLN,C030
PL01-2025-002923,2,2025-10-15,1200 ,0.00,15283.89,PLN,C030
PL01-2025-002924,1,2025-09-30,1200 ,52586.64,0.00,PLN,C012
PL01-2025-002924,2,2025-09-30,4000 ,0.00,45498.09,PLN,C012
PL01-2025-002924,3,2025-09-30,4100 ,0.00,7088.55,PLN,C012
PL01-2025-002925,1,2025-12-12,1000 ,52586.64,0.00,PLN,C012
PL01-2025-002925,2,2025-12-12,1200 ,0.00,52586.64,PLN,C012
PL01-2025-002926,1,2025-09-28,1200 ,3441.18,0.00,PLN,C014
PL01-2025-002926,2,2025-09-28,4000 ,0.00,2977.32,PLN,C014
PL01-2025-002926,3,2025-09-28,4100 ,0.00,463.86,PLN,C014
PL01-2025-002927,1,2025-12-01,1000 ,3441.18,0.00,PLN,C014
PL01-2025-002927,2,2025-12-01,1200 ,0.00,3441.18,PLN,C014
PL01-2025-002928,1,2025-09-10,1200 ,19154.22,0.00,PLN,C031
PL01-2025-002928,2,2025-09-10,4000 ,0.00,16572.28,PLN,C031
PL01-2025-002928,3,2025-09-10,4100 ,0.00,2581.94,PLN,C031
PL01-2025-002929,1,2025-11-18,1000 ,19154.22,0.00,PLN,C031
PL01-2025-002929,2,2025-11-18,1200 ,0.00,19154.22,PLN,C031
PL01-2025-002930,1,2025-09-26,1200 ,2336.94,0.00,PLN,C004
PL01-2025-002930,2,2025-09-26,4000 ,0.00,2021.93,PLN,C004
PL01-2025-002930,3,2025-09-26,4100 ,0.00,315.01,PLN,C004
PL01-2025-002931,1,2025-11-12,1000 ,2336.94,0.00,PLN,C004
PL01-2025-002931,2,2025-11-12,1200 ,0.00,2336.94,PLN,C004
PL01-2025-002932,1,2025-09-01,1200 ,54812.26,0.00,PLN,C023
PL01-2025-002932,2,2025-09-01,4000 ,0.00,47423.70,PLN,C023
PL01-2025-002932,3,2025-09-01,4100 ,0.00,7388.56,PLN,C023
PL01-2025-002933,1,2025-10-18,1000 ,54812.26,0.00,PLN,C023
PL01-2025-002933,2,2025-10-18,1200 ,0.00,54812.26,PLN,C023
PL01-2025-002934,1,2025-09-26,1200 ,22600.04,0.00,PLN,C028
PL01-2025-002934,2,2025-09-26,4000 ,0.00,19553.61,PLN,C028
PL01-2025-002934,3,2025-09-26,4100 ,0.00,3046.43,PLN,C028
PL01-2025-002935,1,2025-11-11,1000 ,22600.04,0.00,PLN,C028
PL01-2025-002935,2,2025-11-11,1200 ,0.00,22600.04,PLN,C028
PL01-2025-002936,1,2025-09-12,1200 ,36621.78,0.00,PLN,C005
PL01-2025-002936,2,2025-09-12,4000 ,0.00,31685.26,PLN,C005
PL01-2025-002936,3,2025-09-12,4100 ,0.00,4936.52,PLN,C005
PL01-2025-002937,1,2025-12-06,1000 ,36621.78,0.00,PLN,C005
PL01-2025-002937,2,2025-12-06,1200 ,0.00,36621.78,PLN,C005
PL01-2025-002938,1,2025-09-17,1200 ,6777.27,0.00,PLN,C037
PL01-2025-002938,2,2025-09-17,4000 ,0.00,5863.71,PLN,C037
PL01-2025-002938,3,2025-09-17,4100 ,0.00,913.56,PLN,C037
PL01-2025-002939,1,2025-10-17,1000 ,6777.27,0.00,PLN,C037
PL01-2025-002939,2,2025-10-17,1200 ,0.00,6777.27,PLN,C037
PL01-2025-002940,1,2025-09-17,1200 ,31226.39,0.00,PLN,C002
PL01-2025-002940,2,2025-09-17,4000 ,0.00,27017.15,PLN,C002
PL01-2025-002940,3,2025-09-17,4100 ,0.00,4209.24,PLN,C002
PL01-2025-002941,1,2025-10-31,1000 ,31226.39,0.00,PLN,C002
PL01-2025-002941,2,2025-10-31,1200 ,0.00,31226.39,PLN,C002
PL01-2025-002942,1,2025-09-07,1200 ,9746.08,0.00,PLN,C005
PL01-2025-002942,2,2025-09-07,4000 ,0.00,8432.33,PLN,C005
PL01-2025-002942,3,2025-09-07,4100 ,0.00,1313.75,PLN,C005
PL01-2025-002943,1,2025-10-22,1000 ,9746.08,0.00,PLN,C005
PL01-2025-002943,2,2025-10-22,1200 ,0.00,9746.08,PLN,C005
PL01-2025-002944,1,2025-09-15,1200 ,22518.48,0.00,PLN,C020
PL01-2025-002944,2,2025-09-15,4000 ,0.00,19483.05,PLN,C020
PL01-2025-002944,3,2025-09-15,4100 ,0.00,3035.43,PLN,C020
PL01-2025-002945,1,2025-10-27,1000 ,22518.48,0.00,PLN,C020
PL01-2025-002945,2,2025-10-27,1200 ,0.00,22518.48,PLN,C020
PL01-2025-002946,1,2025-09-02,1200 ,8441.48,0.00,PLN,C022
PL01-2025-002946,2,2025-09-02,4000 ,0.00,7303.59,PLN,C022
PL01-2025-002946,3,2025-09-02,4100 ,0.00,1137.89,PLN,C022
PL01-2025-002947,1,2025-11-09,1000 ,8441.48,0.00,PLN,C022
PL01-2025-002947,2,2025-11-09,1200 ,0.00,8441.48,PLN,C022
PL01-2025-002948,1,2025-09-02,1200 ,34784.64,0.00,PLN,C021
PL01-2025-002948,2,2025-09-02,4000 ,0.00,30095.76,PLN,C021
PL01-2025-002948,3,2025-09-02,4100 ,0.00,4688.88,PLN,C021
PL01-2025-002949,1,2025-10-18,1000 ,34784.64,0.00,PLN,C021
PL01-2025-002949,2,2025-10-18,1200 ,0.00,34784.64,PLN,C021
PL01-2025-002950,1,2025-09-23,1200 ,232525.48,0.00,PLN,C034
PL01-2025-002950,2,2025-09-23,4000 ,0.00,201181.63,PLN,C034
PL01-2025-002950,3,2025-09-23,4100 ,0.00,31343.85,PLN,C034
PL01-2025-002951,1,2025-11-26,1000 ,232525.48,0.00,PLN,C034
PL01-2025-002951,2,2025-11-26,1200 ,0.00,232525.48,PLN,C034
PL01-2025-002952,1,2025-09-27,1200 ,13653.11,0.00,PLN,C016
PL01-2025-002952,2,2025-09-27,4000 ,0.00,11812.70,PLN,C016
PL01-2025-002952,3,2025-09-27,4100 ,0.00,1840.41,PLN,C016
PL01-2025-002953,1,2025-11-25,1000 ,13653.11,0.00,PLN,C016
PL01-2025-002953,2,2025-11-25,1200 ,0.00,13653.11,PLN,C016
PL01-2025-002954,1,2025-09-19,1200 ,7486.59,0.00,PLN,C032
PL01-2025-002954,2,2025-09-19,4000 ,0.00,6477.42,PLN,C032
PL01-2025-002954,3,2025-09-19,4100 ,0.00,1009.17,PLN,C032
PL01-2025-002955,1,2025-11-06,1000 ,7486.59,0.00,PLN,C032
PL01-2025-002955,2,2025-11-06,1200 ,0.00,7486.59,PLN,C032
PL01-2025-002956,1,2025-09-18,1200 ,23197.15,0.00,PLN,C025
PL01-2025-002956,2,2025-09-18,4000 ,0.00,20070.23,PLN,C025
PL01-2025-002956,3,2025-09-18,4100 ,0.00,3126.92,PLN,C025
PL01-2025-002957,1,2025-10-27,1000 ,23197.15,0.00,PLN,C025
PL01-2025-002957,2,2025-10-27,1200 ,0.00,23197.15,PLN,C025
PL01-2025-002958,1,2025-09-08,1200 ,32180.35,0.00,PLN,C016
PL01-2025-002958,2,2025-09-08,4000 ,0.00,27842.52,PLN,C016
PL01-2025-002958,3,2025-09-08,4100 ,0.00,4337.83,PLN,C016
PL01-2025-002959,1,2025-10-10,1000 ,32180.35,0.00,PLN,C016
PL01-2025-002959,2,2025-10-10,1200 ,0.00,32180.35,PLN,C016
PL01-2025-002960,1,2025-09-17,1200 ,24100.80,0.00,PLN,C030
PL01-2025-002960,2,2025-09-17,4000 ,0.00,20852.07,PLN,C030
PL01-2025-002960,3,2025-09-17,4100 ,0.00,3248.73,PLN,C030
PL01-2025-002961,1,2025-11-15,1000 ,24100.80,0.00,PLN,C030
PL01-2025-002961,2,2025-11-15,1200 ,0.00,24100.80,PLN,C030
PL01-2025-002962,1,2025-09-11,1200 ,23604.60,0.00,PLN,C001
PL01-2025-002962,2,2025-09-11,4000 ,0.00,20422.76,PLN,C001
PL01-2025-002962,3,2025-09-11,4100 ,0.00,3181.84,PLN,C001
PL01-2025-002963,1,2025-11-04,1000 ,23604.60,0.00,PLN,C001
PL01-2025-002963,2,2025-11-04,1200 ,0.00,23604.60,PLN,C001
PL01-2025-002964,1,2025-09-13,1200 ,29913.02,0.00,PLN,C013
PL01-2025-002964,2,2025-09-13,4000 ,0.00,25880.82,PLN,C013
PL01-2025-002964,3,2025-09-13,4100 ,0.00,4032.20,PLN,C013
PL01-2025-002965,1,2025-10-25,1000 ,29913.02,0.00,PLN,C013
PL01-2025-002965,2,2025-10-25,1200 ,0.00,29913.02,PLN,C013
PL01-2025-002966,1,2025-09-14,1200 ,7828.28,0.00,PLN,C029
PL01-2025-002966,2,2025-09-14,4000 ,0.00,6773.05,PLN,C029
PL01-2025-002966,3,2025-09-14,4100 ,0.00,1055.23,PLN,C029
PL01-2025-002967,1,2025-11-08,1000 ,7828.28,0.00,PLN,C029
PL01-2025-002967,2,2025-11-08,1200 ,0.00,7828.28,PLN,C029
PL01-2025-002968,1,2025-09-07,1200 ,68842.56,0.00,PLN,C019
PL01-2025-002968,2,2025-09-07,4000 ,0.00,59562.75,PLN,C019
PL01-2025-002968,3,2025-09-07,4100 ,0.00,9279.81,PLN,C019
PL01-2025-002969,1,2025-09-28,1000 ,68842.56,0.00,PLN,C019
PL01-2025-002969,2,2025-09-28,1200 ,0.00,68842.56,PLN,C019
PL01-2025-002970,1,2025-09-28,1200 ,65885.00,0.00,PLN,C025
PL01-2025-002970,2,2025-09-28,4000 ,0.00,57003.87,PLN,C025
PL01-2025-002970,3,2025-09-28,4100 ,0.00,8881.13,PLN,C025
PL01-2025-002971,1,2025-11-07,1000 ,65885.00,0.00,PLN,C025
PL01-2025-002971,2,2025-11-07,1200 ,0.00,65885.00,PLN,C025
PL01-2025-002972,1,2025-09-02,1200 ,26987.00,0.00,PLN,C017
PL01-2025-002972,2,2025-09-02,4000 ,0.00,23349.22,PLN,C017
PL01-2025-002972,3,2025-09-02,4100 ,0.00,3637.78,PLN,C017
PL01-2025-002973,1,2025-10-12,1000 ,26987.00,0.00,PLN,C017
PL01-2025-002973,2,2025-10-12,1200 ,0.00,26987.00,PLN,C017
PL01-2025-002974,1,2025-09-16,1200 ,6736.76,0.00,PLN,C034
PL01-2025-002974,2,2025-09-16,4000 ,0.00,5828.66,PLN,C034
PL01-2025-002974,3,2025-09-16,4100 ,0.00,908.10,PLN,C034
PL01-2025-002975,1,2025-11-22,1000 ,6736.76,0.00,PLN,C034
PL01-2025-002975,2,2025-11-22,1200 ,0.00,6736.76,PLN,C034
PL01-2025-002976,1,2025-09-01,1200 ,123817.71,0.00,PLN,C007
PL01-2025-002976,2,2025-09-01,4000 ,0.00,107127.39,PLN,C007
PL01-2025-002976,3,2025-09-01,4100 ,0.00,16690.32,PLN,C007
PL01-2025-002977,1,2025-10-23,1000 ,123817.71,0.00,PLN,C007
PL01-2025-002977,2,2025-10-23,1200 ,0.00,123817.71,PLN,C007
PL01-2025-002978,1,2025-09-12,1200 ,32216.76,0.00,PLN,C033
PL01-2025-002978,2,2025-09-12,4000 ,0.00,27874.02,PLN,C033
PL01-2025-002978,3,2025-09-12,4100 ,0.00,4342.74,PLN,C033
PL01-2025-002979,1,2025-11-17,1000 ,32216.76,0.00,PLN,C033
PL01-2025-002979,2,2025-11-17,1200 ,0.00,32216.76,PLN,C033
PL01-2025-002980,1,2025-09-20,1200 ,3454.24,0.00,PLN,C016
PL01-2025-002980,2,2025-09-20,4000 ,0.00,2988.62,PLN,C016
PL01-2025-002980,3,2025-09-20,4100 ,0.00,465.62,PLN,C016
PL01-2025-002981,1,2025-10-14,1000 ,3454.24,0.00,PLN,C016
PL01-2025-002981,2,2025-10-14,1200 ,0.00,3454.24,PLN,C016
PL01-2025-002982,1,2025-09-27,1200 ,7144.30,0.00,PLN,C005
PL01-2025-002982,2,2025-09-27,4000 ,0.00,6181.27,PLN,C005
PL01-2025-002982,3,2025-09-27,4100 ,0.00,963.03,PLN,C005
PL01-2025-002983,1,2025-12-19,1000 ,7144.30,0.00,PLN,C005
PL01-2025-002983,2,2025-12-19,1200 ,0.00,7144.30,PLN,C005
PL01-2025-002984,1,2025-09-07,1200 ,2480.34,0.00,PLN,C015
PL01-2025-002984,2,2025-09-07,4000 ,0.00,2146.00,PLN,C015
PL01-2025-002984,3,2025-09-07,4100 ,0.00,334.34,PLN,C015
PL01-2025-002985,1,2025-10-06,1000 ,2480.34,0.00,PLN,C015
PL01-2025-002985,2,2025-10-06,1200 ,0.00,2480.34,PLN,C015
PL01-2025-002986,1,2025-09-29,1200 ,9868.71,0.00,PLN,C007
PL01-2025-002986,2,2025-09-29,4000 ,0.00,8538.43,PLN,C007
PL01-2025-002986,3,2025-09-29,4100 ,0.00,1330.28,PLN,C007
PL01-2025-002987,1,2025-09-05,1200 ,11282.70,0.00,PLN,C023
PL01-2025-002987,2,2025-09-05,4000 ,0.00,9761.82,PLN,C023
PL01-2025-002987,3,2025-09-05,4100 ,0.00,1520.88,PLN,C023
PL01-2025-002988,1,2025-10-15,1000 ,11282.70,0.00,PLN,C023
PL01-2025-002988,2,2025-10-15,1200 ,0.00,11282.70,PLN,C023
PL01-2025-002989,1,2025-09-28,1200 ,56537.54,0.00,PLN,C014
PL01-2025-002989,2,2025-09-28,4000 ,0.00,48916.42,PLN,C014
PL01-2025-002989,3,2025-09-28,4100 ,0.00,7621.12,PLN,C014
PL01-2025-002990,1,2025-11-02,1000 ,56537.54,0.00,PLN,C014
PL01-2025-002990,2,2025-11-02,1200 ,0.00,56537.54,PLN,C014
PL01-2025-002991,1,2025-09-09,1200 ,13331.34,0.00,PLN,C023
PL01-2025-002991,2,2025-09-09,4000 ,0.00,11534.31,PLN,C023
PL01-2025-002991,3,2025-09-09,4100 ,0.00,1797.03,PLN,C023
PL01-2025-002992,1,2025-10-15,1000 ,13331.34,0.00,PLN,C023
PL01-2025-002992,2,2025-10-15,1200 ,0.00,13331.34,PLN,C023
PL01-2025-002993,1,2025-09-29,1200 ,4940.78,0.00,PLN,C029
PL01-2025-002993,2,2025-09-29,4000 ,0.00,4274.78,PLN,C029
PL01-2025-002993,3,2025-09-29,4100 ,0.00,666.00,PLN,C029
PL01-2025-002994,1,2025-11-08,1000 ,4940.78,0.00,PLN,C029
PL01-2025-002994,2,2025-11-08,1200 ,0.00,4940.78,PLN,C029
PL01-2025-002995,1,2025-09-19,1200 ,29622.25,0.00,PLN,C036
PL01-2025-002995,2,2025-09-19,4000 ,0.00,25629.24,PLN,C036
PL01-2025-002995,3,2025-09-19,4100 ,0.00,3993.01,PLN,C036
PL01-2025-002996,1,2025-11-23,1000 ,29622.25,0.00,PLN,C036
PL01-2025-002996,2,2025-11-23,1200 ,0.00,29622.25,PLN,C036
PL01-2025-002997,1,2025-09-14,1200 ,9252.42,0.00,PLN,C033
PL01-2025-002997,2,2025-09-14,4000 ,0.00,8005.22,PLN,C033
PL01-2025-002997,3,2025-09-14,4100 ,0.00,1247.20,PLN,C033
PL01-2025-002998,1,2025-10-17,1000 ,9252.42,0.00,PLN,C033
PL01-2025-002998,2,2025-10-17,1200 ,0.00,9252.42,PLN,C033
PL01-2025-002999,1,2025-09-06,1200 ,162878.44,0.00,PLN,C039
PL01-2025-002999,2,2025-09-06,4000 ,0.00,140922.83,PLN,C039
PL01-2025-002999,3,2025-09-06,4100 ,0.00,21955.61,PLN,C039
PL01-2025-003000,1,2025-12-03,1000 ,162878.44,0.00,PLN,C039
PL01-2025-003000,2,2025-12-03,1200 ,0.00,162878.44,PLN,C039
PL01-2025-003001,1,2025-09-14,1200 ,28919.57,0.00,PLN,C022
PL01-2025-003001,2,2025-09-14,4000 ,0.00,25021.28,PLN,C022
PL01-2025-003001,3,2025-09-14,4100 ,0.00,3898.29,PLN,C022
PL01-2025-003002,1,2025-11-03,1000 ,28919.57,0.00,PLN,C022
PL01-2025-003002,2,2025-11-03,1200 ,0.00,28919.57,PLN,C022
PL01-2025-003003,1,2025-09-14,1200 ,22496.69,0.00,PLN,C020
PL01-2025-003003,2,2025-09-14,4000 ,0.00,19464.19,PLN,C020
PL01-2025-003003,3,2025-09-14,4100 ,0.00,3032.50,PLN,C020
PL01-2025-003004,1,2025-10-21,1000 ,22496.69,0.00,PLN,C020
PL01-2025-003004,2,2025-10-21,1200 ,0.00,22496.69,PLN,C020
PL01-2025-003005,1,2025-09-20,1200 ,81006.97,0.00,PLN,C021
PL01-2025-003005,2,2025-09-20,4000 ,0.00,70087.43,PLN,C021
PL01-2025-003005,3,2025-09-20,4100 ,0.00,10919.54,PLN,C021
PL01-2025-003006,1,2025-10-23,1000 ,81006.97,0.00,PLN,C021
PL01-2025-003006,2,2025-10-23,1200 ,0.00,81006.97,PLN,C021
PL01-2025-003007,1,2025-09-02,1200 ,63711.90,0.00,PLN,C008
PL01-2025-003007,2,2025-09-02,4000 ,0.00,55123.70,PLN,C008
PL01-2025-003007,3,2025-09-02,4100 ,0.00,8588.20,PLN,C008
PL01-2025-003008,1,2025-10-11,1000 ,63711.90,0.00,PLN,C008
PL01-2025-003008,2,2025-10-11,1200 ,0.00,63711.90,PLN,C008
PL01-2025-003009,1,2025-09-19,1200 ,43927.96,0.00,PLN,C029
PL01-2025-003009,2,2025-09-19,4000 ,0.00,38006.58,PLN,C029
PL01-2025-003009,3,2025-09-19,4100 ,0.00,5921.38,PLN,C029
PL01-2025-003010,1,2025-11-29,1000 ,43927.96,0.00,PLN,C029
PL01-2025-003010,2,2025-11-29,1200 ,0.00,43927.96,PLN,C029
PL01-2025-003011,1,2025-09-21,1200 ,12704.72,0.00,PLN,C036
PL01-2025-003011,2,2025-09-21,4000 ,0.00,10992.16,PLN,C036
PL01-2025-003011,3,2025-09-21,4100 ,0.00,1712.56,PLN,C036
PL01-2025-003012,1,2025-10-30,1000 ,12704.72,0.00,PLN,C036
PL01-2025-003012,2,2025-10-30,1200 ,0.00,12704.72,PLN,C036
PL01-2025-003013,1,2025-09-24,1200 ,64951.12,0.00,PLN,C038
PL01-2025-003013,2,2025-09-24,4000 ,0.00,56195.87,PLN,C038
PL01-2025-003013,3,2025-09-24,4100 ,0.00,8755.25,PLN,C038
PL01-2025-003014,1,2025-12-12,1000 ,64951.12,0.00,PLN,C038
PL01-2025-003014,2,2025-12-12,1200 ,0.00,64951.12,PLN,C038
PL01-2025-003015,1,2025-09-18,1200 ,33251.48,0.00,PLN,C029
PL01-2025-003015,2,2025-09-18,4000 ,0.00,28769.26,PLN,C029
PL01-2025-003015,3,2025-09-18,4100 ,0.00,4482.22,PLN,C029
PL01-2025-003016,1,2025-10-27,1000 ,33251.48,0.00,PLN,C029
PL01-2025-003016,2,2025-10-27,1200 ,0.00,33251.48,PLN,C029
PL01-2025-003017,1,2025-09-13,1200 ,108976.02,0.00,PLN,C039
PL01-2025-003017,2,2025-09-13,4000 ,0.00,94286.32,PLN,C039
PL01-2025-003017,3,2025-09-13,4100 ,0.00,14689.70,PLN,C039
PL01-2025-003018,1,2025-11-19,1000 ,108976.02,0.00,PLN,C039
PL01-2025-003018,2,2025-11-19,1200 ,0.00,108976.02,PLN,C039
PL01-2025-003019,1,2025-09-20,1200 ,19620.96,0.00,PLN,C037
PL01-2025-003019,2,2025-09-20,4000 ,0.00,16976.10,PLN,C037
PL01-2025-003019,3,2025-09-20,4100 ,0.00,2644.86,PLN,C037
PL01-2025-003020,1,2025-10-27,1000 ,19620.96,0.00,PLN,C037
PL01-2025-003020,2,2025-10-27,1200 ,0.00,19620.96,PLN,C037
PL01-2025-003021,1,2025-09-04,1200 ,6930.26,0.00,PLN,C012
PL01-2025-003021,2,2025-09-04,4000 ,0.00,5996.08,PLN,C012
PL01-2025-003021,3,2025-09-04,4100 ,0.00,934.18,PLN,C012
PL01-2025-003022,1,2025-11-23,1000 ,6930.26,0.00,PLN,C012
PL01-2025-003022,2,2025-11-23,1200 ,0.00,6930.26,PLN,C012
PL01-2025-003023,1,2025-09-12,1200 ,59957.34,0.00,PLN,C030
PL01-2025-003023,2,2025-09-12,4000 ,0.00,51875.24,PLN,C030
PL01-2025-003023,3,2025-09-12,4100 ,0.00,8082.10,PLN,C030
PL01-2025-003024,1,2025-10-11,1000 ,59957.34,0.00,PLN,C030
PL01-2025-003024,2,2025-10-11,1200 ,0.00,59957.34,PLN,C030
PL01-2025-003025,1,2025-09-22,1200 ,32409.82,0.00,PLN,C003
PL01-2025-003025,2,2025-09-22,4000 ,0.00,28041.06,PLN,C003
PL01-2025-003025,3,2025-09-22,4100 ,0.00,4368.76,PLN,C003
PL01-2025-003026,1,2025-10-24,1000 ,32409.82,0.00,PLN,C003
PL01-2025-003026,2,2025-10-24,1200 ,0.00,32409.82,PLN,C003
PL01-2025-003027,1,2025-09-07,1200 ,22509.69,0.00,PLN,C025
PL01-2025-003027,2,2025-09-07,4000 ,0.00,19475.44,PLN,C025
PL01-2025-003027,3,2025-09-07,4100 ,0.00,3034.25,PLN,C025
PL01-2025-003028,1,2025-10-12,1000 ,22509.69,0.00,PLN,C025
PL01-2025-003028,2,2025-10-12,1200 ,0.00,22509.69,PLN,C025
PL01-2025-003029,1,2025-09-11,1200 ,20042.52,0.00,PLN,C016
PL01-2025-003029,2,2025-09-11,4000 ,0.00,17340.84,PLN,C016
PL01-2025-003029,3,2025-09-11,4100 ,0.00,2701.68,PLN,C016
PL01-2025-003030,1,2025-10-20,1000 ,20042.52,0.00,PLN,C016
PL01-2025-003030,2,2025-10-20,1200 ,0.00,20042.52,PLN,C016
PL01-2025-003031,1,2025-09-22,1300 ,296977.14,0.00,PLN,V021
PL01-2025-003031,2,2025-09-22,2100 ,0.00,296977.14,PLN,V021
PL01-2025-003032,1,2025-11-07,2100 ,296977.14,0.00,PLN,V021
PL01-2025-003032,2,2025-11-07,1000 ,0.00,296977.14,PLN,V021
PL01-2025-003033,1,2025-09-13,1300 ,152863.37,0.00,PLN,V009
PL01-2025-003033,2,2025-09-13,2100 ,0.00,152863.37,PLN,V009
PL01-2025-003034,1,2025-10-24,2100 ,152863.37,0.00,PLN,V009
PL01-2025-003034,2,2025-10-24,1000 ,0.00,152863.37,PLN,V009
PL01-2025-003035,1,2025-09-07,1300 ,262636.15,0.00,PLN,V015
PL01-2025-003035,2,2025-09-07,2100 ,0.00,262636.15,PLN,V015
PL01-2025-003036,1,2025-10-28,2100 ,262636.15,0.00,PLN,V015
PL01-2025-003036,2,2025-10-28,1000 ,0.00,262636.15,PLN,V015
PL01-2025-003037,1,2025-09-14,1300 ,229692.74,0.00,PLN,V008
PL01-2025-003037,2,2025-09-14,2100 ,0.00,229692.74,PLN,V008
PL01-2025-003038,1,2025-10-19,2100 ,229692.74,0.00,PLN,V008
PL01-2025-003038,2,2025-10-19,1000 ,0.00,229692.74,PLN,V008
PL01-2025-003039,1,2025-09-22,1300 ,279350.66,0.00,PLN,V012
PL01-2025-003039,2,2025-09-22,2100 ,0.00,279350.66,PLN,V012
PL01-2025-003040,1,2025-11-06,2100 ,279350.66,0.00,PLN,V012
PL01-2025-003040,2,2025-11-06,1000 ,0.00,279350.66,PLN,V012
PL01-2025-003041,1,2025-09-30,5000 ,1248753.13,0.00,PLN,
PL01-2025-003041,2,2025-09-30,1300 ,0.00,1248753.13,PLN,
PL01-2025-003042,1,2025-09-16,6100 ,145941.07,0.00,PLN,V049
PL01-2025-003042,2,2025-09-16,2100 ,0.00,145941.07,PLN,V049
PL01-2025-003043,1,2025-11-03,2100 ,145941.07,0.00,PLN,V049
PL01-2025-003043,2,2025-11-03,1000 ,0.00,145941.07,PLN,V049
PL01-2025-003044,1,2025-09-13,6200 ,91278.78,0.00,PLN,V041
PL01-2025-003044,2,2025-09-13,2100 ,0.00,91278.78,PLN,V041
PL01-2025-003045,1,2025-10-21,2100 ,91278.78,0.00,PLN,V041
PL01-2025-003045,2,2025-10-21,1000 ,0.00,91278.78,PLN,V041
PL01-2025-003046,1,2025-09-12,6300 ,44575.31,0.00,PLN,V041
PL01-2025-003046,2,2025-09-12,2100 ,0.00,44575.31,PLN,V041
PL01-2025-003047,1,2025-10-16,2100 ,44575.31,0.00,PLN,V041
PL01-2025-003047,2,2025-10-16,1000 ,0.00,44575.31,PLN,V041
PL01-2025-003048,1,2025-09-12,6400 ,66084.53,0.00,PLN,V048
PL01-2025-003048,2,2025-09-12,2100 ,0.00,66084.53,PLN,V048
PL01-2025-003049,1,2025-10-28,2100 ,66084.53,0.00,PLN,V048
PL01-2025-003049,2,2025-10-28,1000 ,0.00,66084.53,PLN,V048
PL01-2025-003050,1,2025-09-25,6000 ,714092.48,0.00,PLN,
PL01-2025-003050,2,2025-09-25,1000 ,0.00,714092.48,PLN,
PL01-2025-003051,1,2025-09-30,6900 ,42708.33,0.00,PLN,
PL01-2025-003051,2,2025-09-30,1590 ,0.00,42708.33,PLN,
PL01-2025-003052,1,2025-10-24,1200 ,12001.80,0.00,PLN,C020
PL01-2025-003052,2,2025-10-24,4000 ,0.00,10499.49,PLN,C020
PL01-2025-003052,3,2025-10-24,4100 ,0.00,1502.31,PLN,C020
PL01-2025-003053,1,2025-12-17,1000 ,12001.80,0.00,PLN,C020
PL01-2025-003053,2,2025-12-17,1200 ,0.00,12001.80,PLN,C020
PL01-2025-003054,1,2025-10-25,1200 ,54819.99,0.00,PLN,C028
PL01-2025-003054,2,2025-10-25,4000 ,0.00,47957.97,PLN,C028
PL01-2025-003054,3,2025-10-25,4100 ,0.00,6862.02,PLN,C028
PL01-2025-003055,1,2025-12-19,1000 ,54819.99,0.00,PLN,C028
PL01-2025-003055,2,2025-12-19,1200 ,0.00,54819.99,PLN,C028
PL01-2025-003056,1,2025-10-19,1200 ,34251.60,0.00,PLN,C011
PL01-2025-003056,2,2025-10-19,4000 ,0.00,29964.20,PLN,C011
PL01-2025-003056,3,2025-10-19,4100 ,0.00,4287.40,PLN,C011
PL01-2025-003057,1,2025-10-14,1200 ,14616.60,0.00,PLN,C026
PL01-2025-003057,2,2025-10-14,4000 ,0.00,12786.99,PLN,C026
PL01-2025-003057,3,2025-10-14,4100 ,0.00,1829.61,PLN,C026
PL01-2025-003058,1,2025-11-21,1000 ,14616.60,0.00,PLN,C026
PL01-2025-003058,2,2025-11-21,1200 ,0.00,14616.60,PLN,C026
PL01-2025-003059,1,2025-10-06,1200 ,61218.27,0.00,PLN,C009
PL01-2025-003059,2,2025-10-06,4000 ,0.00,53555.36,PLN,C009
PL01-2025-003059,3,2025-10-06,4100 ,0.00,7662.91,PLN,C009
PL01-2025-003060,1,2025-12-04,1000 ,61218.27,0.00,PLN,C009
PL01-2025-003060,2,2025-12-04,1200 ,0.00,61218.27,PLN,C009
PL01-2025-003061,1,2025-10-31,1200 ,13590.44,0.00,PLN,C005
PL01-2025-003061,2,2025-10-31,4000 ,0.00,11889.28,PLN,C005
PL01-2025-003061,3,2025-10-31,4100 ,0.00,1701.16,PLN,C005
PL01-2025-003062,1,2025-10-23,1200 ,3561.81,0.00,PLN,C030
PL01-2025-003062,2,2025-10-23,4000 ,0.00,3115.97,PLN,C030
PL01-2025-003062,3,2025-10-23,4100 ,0.00,445.84,PLN,C030
PL01-2025-003063,1,2025-12-12,1000 ,3561.81,0.00,PLN,C030
PL01-2025-003063,2,2025-12-12,1200 ,0.00,3561.81,PLN,C030
PL01-2025-003064,1,2025-10-28,1200 ,16840.70,0.00,PLN,C015
PL01-2025-003064,2,2025-10-28,4000 ,0.00,14732.69,PLN,C015
PL01-2025-003064,3,2025-10-28,4100 ,0.00,2108.01,PLN,C015
PL01-2025-003065,1,2025-10-25,1200 ,7306.58,0.00,PLN,C026
PL01-2025-003065,2,2025-10-25,4000 ,0.00,6391.99,PLN,C026
PL01-2025-003065,3,2025-10-25,4100 ,0.00,914.59,PLN,C026
PL01-2025-003066,1,2025-12-21,1000 ,7306.58,0.00,PLN,C026
PL01-2025-003066,2,2025-12-21,1200 ,0.00,7306.58,PLN,C026
PL01-2025-003067,1,2025-10-23,1200 ,21130.61,0.00,PLN,C018
PL01-2025-003067,2,2025-10-23,4000 ,0.00,18485.62,PLN,C018
PL01-2025-003067,3,2025-10-23,4100 ,0.00,2644.99,PLN,C018
PL01-2025-003068,1,2025-10-31,1200 ,22248.92,0.00,PLN,C015
PL01-2025-003068,2,2025-10-31,4000 ,0.00,19463.94,PLN,C015
PL01-2025-003068,3,2025-10-31,4100 ,0.00,2784.98,PLN,C015
PL01-2025-003069,1,2025-12-08,1000 ,22248.92,0.00,PLN,C015
PL01-2025-003069,2,2025-12-08,1200 ,0.00,22248.92,PLN,C015
PL01-2025-003070,1,2025-10-29,1200 ,49594.07,0.00,PLN,C028
PL01-2025-003070,2,2025-10-29,4000 ,0.00,43386.20,PLN,C028
PL01-2025-003070,3,2025-10-29,4100 ,0.00,6207.87,PLN,C028
PL01-2025-003071,1,2025-12-31,1000 ,49594.07,0.00,PLN,C028
PL01-2025-003071,2,2025-12-31,1200 ,0.00,49594.07,PLN,C028
PL01-2025-003072,1,2025-10-10,1200 ,7787.02,0.00,PLN,C027
PL01-2025-003072,2,2025-10-10,4000 ,0.00,6812.29,PLN,C027
PL01-2025-003072,3,2025-10-10,4100 ,0.00,974.73,PLN,C027
PL01-2025-003073,1,2025-12-27,1000 ,7787.02,0.00,PLN,C027
PL01-2025-003073,2,2025-12-27,1200 ,0.00,7787.02,PLN,C027
PL01-2025-003074,1,2025-10-22,1200 ,7015.14,0.00,PLN,C018
PL01-2025-003074,2,2025-10-22,4000 ,0.00,6137.03,PLN,C018
PL01-2025-003074,3,2025-10-22,4100 ,0.00,878.11,PLN,C018
PL01-2025-003075,1,2025-12-11,1000 ,7015.14,0.00,PLN,C018
PL01-2025-003075,2,2025-12-11,1200 ,0.00,7015.14,PLN,C018
PL01-2025-003076,1,2025-10-20,1200 ,8009.81,0.00,PLN,C028
PL01-2025-003076,2,2025-10-20,4000 ,0.00,7007.19,PLN,C028
PL01-2025-003076,3,2025-10-20,4100 ,0.00,1002.62,PLN,C028
PL01-2025-003077,1,2025-11-18,1000 ,8009.81,0.00,PLN,C028
PL01-2025-003077,2,2025-11-18,1200 ,0.00,8009.81,PLN,C028
PL01-2025-003078,1,2025-10-12,1200 ,49475.11,0.00,PLN,C034
PL01-2025-003078,2,2025-10-12,4000 ,0.00,43282.13,PLN,C034
PL01-2025-003078,3,2025-10-12,4100 ,0.00,6192.98,PLN,C034
PL01-2025-003079,1,2025-11-24,1000 ,49475.11,0.00,PLN,C034
PL01-2025-003079,2,2025-11-24,1200 ,0.00,49475.11,PLN,C034
PL01-2025-003080,1,2025-10-02,1200 ,2029.43,0.00,PLN,C028
PL01-2025-003080,2,2025-10-02,4000 ,0.00,1775.40,PLN,C028
PL01-2025-003080,3,2025-10-02,4100 ,0.00,254.03,PLN,C028
PL01-2025-003081,1,2025-11-23,1000 ,2029.43,0.00,PLN,C028
PL01-2025-003081,2,2025-11-23,1200 ,0.00,2029.43,PLN,C028
PL01-2025-003082,1,2025-10-04,1200 ,19309.72,0.00,PLN,C009
PL01-2025-003082,2,2025-10-04,4000 ,0.00,16892.65,PLN,C009
PL01-2025-003082,3,2025-10-04,4100 ,0.00,2417.07,PLN,C009
PL01-2025-003083,1,2025-11-24,1000 ,19309.72,0.00,PLN,C009
PL01-2025-003083,2,2025-11-24,1200 ,0.00,19309.72,PLN,C009
PL01-2025-003084,1,2025-10-26,1200 ,56407.09,0.00,PLN,C009
PL01-2025-003084,2,2025-10-26,4000 ,0.00,49346.41,PLN,C009
PL01-2025-003084,3,2025-10-26,4100 ,0.00,7060.68,PLN,C009
PL01-2025-003085,1,2025-12-21,1000 ,56407.09,0.00,PLN,C009
PL01-2025-003085,2,2025-12-21,1200 ,0.00,56407.09,PLN,C009
PL01-2025-003086,1,2025-10-18,1200 ,66610.92,0.00,PLN,C031
PL01-2025-003086,2,2025-10-18,4000 ,0.00,58272.99,PLN,C031
PL01-2025-003086,3,2025-10-18,4100 ,0.00,8337.93,PLN,C031
PL01-2025-003087,1,2025-11-18,1000 ,66610.92,0.00,PLN,C031
PL01-2025-003087,2,2025-11-18,1200 ,0.00,66610.92,PLN,C031
PL01-2025-003088,1,2025-10-11,1200 ,18938.62,0.00,PLN,C031
PL01-2025-003088,2,2025-10-11,4000 ,0.00,16568.00,PLN,C031
PL01-2025-003088,3,2025-10-11,4100 ,0.00,2370.62,PLN,C031
PL01-2025-003089,1,2025-12-18,1000 ,18938.62,0.00,PLN,C031
PL01-2025-003089,2,2025-12-18,1200 ,0.00,18938.62,PLN,C031
PL01-2025-003090,1,2025-10-08,1200 ,10068.71,0.00,PLN,C007
PL01-2025-003090,2,2025-10-08,4000 ,0.00,8808.37,PLN,C007
PL01-2025-003090,3,2025-10-08,4100 ,0.00,1260.34,PLN,C007
PL01-2025-003091,1,2025-11-14,1000 ,10068.71,0.00,PLN,C007
PL01-2025-003091,2,2025-11-14,1200 ,0.00,10068.71,PLN,C007
PL01-2025-003092,1,2025-10-14,1200 ,10540.76,0.00,PLN,C025
PL01-2025-003092,2,2025-10-14,4000 ,0.00,9221.34,PLN,C025
PL01-2025-003092,3,2025-10-14,4100 ,0.00,1319.42,PLN,C025
PL01-2025-003093,1,2025-11-11,1000 ,10540.76,0.00,PLN,C025
PL01-2025-003093,2,2025-11-11,1200 ,0.00,10540.76,PLN,C025
PL01-2025-003094,1,2025-10-18,1200 ,19054.84,0.00,PLN,C010
PL01-2025-003094,2,2025-10-18,4000 ,0.00,16669.68,PLN,C010
PL01-2025-003094,3,2025-10-18,4100 ,0.00,2385.16,PLN,C010
PL01-2025-003095,1,2025-12-14,1000 ,19054.84,0.00,PLN,C010
PL01-2025-003095,2,2025-12-14,1200 ,0.00,19054.84,PLN,C010
PL01-2025-003096,1,2025-10-26,1200 ,89768.31,0.00,PLN,C007
PL01-2025-003096,2,2025-10-26,4000 ,0.00,78531.69,PLN,C007
PL01-2025-003096,3,2025-10-26,4100 ,0.00,11236.62,PLN,C007
PL01-2025-003097,1,2025-11-29,1000 ,89768.31,0.00,PLN,C007
PL01-2025-003097,2,2025-11-29,1200 ,0.00,89768.31,PLN,C007
PL01-2025-003098,1,2025-10-31,1200 ,5994.31,0.00,PLN,C038
PL01-2025-003098,2,2025-10-31,4000 ,0.00,5243.98,PLN,C038
PL01-2025-003098,3,2025-10-31,4100 ,0.00,750.33,PLN,C038
PL01-2025-003099,1,2025-10-27,1200 ,1118.26,0.00,PLN,C019
PL01-2025-003099,2,2025-10-27,4000 ,0.00,978.28,PLN,C019
PL01-2025-003099,3,2025-10-27,4100 ,0.00,139.98,PLN,C019
PL01-2025-003100,1,2025-12-16,1000 ,1118.26,0.00,PLN,C019
PL01-2025-003100,2,2025-12-16,1200 ,0.00,1118.26,PLN,C019
PL01-2025-003101,1,2025-10-31,1200 ,16613.03,0.00,PLN,C040
PL01-2025-003101,2,2025-10-31,4000 ,0.00,14533.52,PLN,C040
PL01-2025-003101,3,2025-10-31,4100 ,0.00,2079.51,PLN,C040
PL01-2025-003102,1,2025-12-26,1000 ,16613.03,0.00,PLN,C040
PL01-2025-003102,2,2025-12-26,1200 ,0.00,16613.03,PLN,C040
PL01-2025-003103,1,2025-10-25,1200 ,34897.13,0.00,PLN,C039
PL01-2025-003103,2,2025-10-25,4000 ,0.00,30528.93,PLN,C039
PL01-2025-003103,3,2025-10-25,4100 ,0.00,4368.20,PLN,C039
PL01-2025-003104,1,2025-12-11,1000 ,34897.13,0.00,PLN,C039
PL01-2025-003104,2,2025-12-11,1200 ,0.00,34897.13,PLN,C039
PL01-2025-003105,1,2025-10-19,1200 ,4160.12,0.00,PLN,C039
PL01-2025-003105,2,2025-10-19,4000 ,0.00,3639.38,PLN,C039
PL01-2025-003105,3,2025-10-19,4100 ,0.00,520.74,PLN,C039
PL01-2025-003106,1,2025-11-12,1000 ,4160.12,0.00,PLN,C039
PL01-2025-003106,2,2025-11-12,1200 ,0.00,4160.12,PLN,C039
PL01-2025-003107,1,2025-10-26,1200 ,8779.73,0.00,PLN,C028
PL01-2025-003107,2,2025-10-26,4000 ,0.00,7680.74,PLN,C028
PL01-2025-003107,3,2025-10-26,4100 ,0.00,1098.99,PLN,C028
PL01-2025-003108,1,2025-12-09,1000 ,8779.73,0.00,PLN,C028
PL01-2025-003108,2,2025-12-09,1200 ,0.00,8779.73,PLN,C028
PL01-2025-003109,1,2025-10-30,1200 ,8869.83,0.00,PLN,C019
PL01-2025-003109,2,2025-10-30,4000 ,0.00,7759.56,PLN,C019
PL01-2025-003109,3,2025-10-30,4100 ,0.00,1110.27,PLN,C019
PL01-2025-003110,1,2025-10-15,1200 ,21356.56,0.00,PLN,C020
PL01-2025-003110,2,2025-10-15,4000 ,0.00,18683.28,PLN,C020
PL01-2025-003110,3,2025-10-15,4100 ,0.00,2673.28,PLN,C020
PL01-2025-003111,1,2025-11-24,1000 ,21356.56,0.00,PLN,C020
PL01-2025-003111,2,2025-11-24,1200 ,0.00,21356.56,PLN,C020
PL01-2025-003112,1,2025-10-02,1200 ,8854.22,0.00,PLN,C023
PL01-2025-003112,2,2025-10-02,4000 ,0.00,7745.91,PLN,C023
PL01-2025-003112,3,2025-10-02,4100 ,0.00,1108.31,PLN,C023
PL01-2025-003113,1,2025-11-25,1000 ,8854.22,0.00,PLN,C023
PL01-2025-003113,2,2025-11-25,1200 ,0.00,8854.22,PLN,C023
PL01-2025-003114,1,2025-10-13,1200 ,53289.52,0.00,PLN,C029
PL01-2025-003114,2,2025-10-13,4000 ,0.00,46619.08,PLN,C029
PL01-2025-003114,3,2025-10-13,4100 ,0.00,6670.44,PLN,C029
PL01-2025-003115,1,2025-12-27,1000 ,53289.52,0.00,PLN,C029
PL01-2025-003115,2,2025-12-27,1200 ,0.00,53289.52,PLN,C029
PL01-2025-003116,1,2025-10-19,1200 ,55300.60,0.00,PLN,C035
PL01-2025-003116,2,2025-10-19,4000 ,0.00,48378.43,PLN,C035
PL01-2025-003116,3,2025-10-19,4100 ,0.00,6922.17,PLN,C035
PL01-2025-003117,1,2025-11-20,1000 ,55300.60,0.00,PLN,C035
PL01-2025-003117,2,2025-11-20,1200 ,0.00,55300.60,PLN,C035
PL01-2025-003118,1,2025-10-01,1200 ,12836.87,0.00,PLN,C013
PL01-2025-003118,2,2025-10-01,4000 ,0.00,11230.03,PLN,C013
PL01-2025-003118,3,2025-10-01,4100 ,0.00,1606.84,PLN,C013
PL01-2025-003119,1,2025-11-24,1000 ,12836.87,0.00,PLN,C013
PL01-2025-003119,2,2025-11-24,1200 ,0.00,12836.87,PLN,C013
PL01-2025-003120,1,2025-10-31,1200 ,8381.40,0.00,PLN,C006
PL01-2025-003120,2,2025-10-31,4000 ,0.00,7332.27,PLN,C006
PL01-2025-003120,3,2025-10-31,4100 ,0.00,1049.13,PLN,C006
PL01-2025-003121,1,2025-12-28,1000 ,8381.40,0.00,PLN,C006
PL01-2025-003121,2,2025-12-28,1200 ,0.00,8381.40,PLN,C006
PL01-2025-003122,1,2025-10-05,1200 ,25099.27,0.00,PLN,C005
PL01-2025-003122,2,2025-10-05,4000 ,0.00,21957.50,PLN,C005
PL01-2025-003122,3,2025-10-05,4100 ,0.00,3141.77,PLN,C005
PL01-2025-003123,1,2025-11-14,1000 ,25099.27,0.00,PLN,C005
PL01-2025-003123,2,2025-11-14,1200 ,0.00,25099.27,PLN,C005
PL01-2025-003124,1,2025-10-16,1200 ,21514.95,0.00,PLN,C008
PL01-2025-003124,2,2025-10-16,4000 ,0.00,18821.85,PLN,C008
PL01-2025-003124,3,2025-10-16,4100 ,0.00,2693.10,PLN,C008
PL01-2025-003125,1,2025-11-15,1000 ,21514.95,0.00,PLN,C008
PL01-2025-003125,2,2025-11-15,1200 ,0.00,21514.95,PLN,C008
PL01-2025-003126,1,2025-10-28,1200 ,7203.87,0.00,PLN,C027
PL01-2025-003126,2,2025-10-28,4000 ,0.00,6302.14,PLN,C027
PL01-2025-003126,3,2025-10-28,4100 ,0.00,901.73,PLN,C027
PL01-2025-003127,1,2025-10-13,1200 ,12377.04,0.00,PLN,C027
PL01-2025-003127,2,2025-10-13,4000 ,0.00,10827.76,PLN,C027
PL01-2025-003127,3,2025-10-13,4100 ,0.00,1549.28,PLN,C027
PL01-2025-003128,1,2025-12-19,1000 ,12377.04,0.00,PLN,C027
PL01-2025-003128,2,2025-12-19,1200 ,0.00,12377.04,PLN,C027
PL01-2025-003129,1,2025-10-09,1200 ,243103.18,0.00,PLN,C003
PL01-2025-003129,2,2025-10-09,4000 ,0.00,212673.08,PLN,C003
PL01-2025-003129,3,2025-10-09,4100 ,0.00,30430.10,PLN,C003
PL01-2025-003130,1,2025-11-17,1000 ,243103.18,0.00,PLN,C003
PL01-2025-003130,2,2025-11-17,1200 ,0.00,243103.18,PLN,C003
PL01-2025-003131,1,2025-10-09,1200 ,5186.43,0.00,PLN,C040
PL01-2025-003131,2,2025-10-09,4000 ,0.00,4537.23,PLN,C040
PL01-2025-003131,3,2025-10-09,4100 ,0.00,649.20,PLN,C040
PL01-2025-003132,1,2025-11-14,1000 ,5186.43,0.00,PLN,C040
PL01-2025-003132,2,2025-11-14,1200 ,0.00,5186.43,PLN,C040
PL01-2025-003133,1,2025-10-19,1200 ,10115.78,0.00,PLN,C034
PL01-2025-003133,2,2025-10-19,4000 ,0.00,8849.55,PLN,C034
PL01-2025-003133,3,2025-10-19,4100 ,0.00,1266.23,PLN,C034
PL01-2025-003134,1,2025-12-29,1000 ,10115.78,0.00,PLN,C034
PL01-2025-003134,2,2025-12-29,1200 ,0.00,10115.78,PLN,C034
PL01-2025-003135,1,2025-10-19,1200 ,17447.27,0.00,PLN,C008
PL01-2025-003135,2,2025-10-19,4000 ,0.00,15263.33,PLN,C008
PL01-2025-003135,3,2025-10-19,4100 ,0.00,2183.94,PLN,C008
PL01-2025-003136,1,2025-12-06,1000 ,17447.27,0.00,PLN,C008
PL01-2025-003136,2,2025-12-06,1200 ,0.00,17447.27,PLN,C008
PL01-2025-003137,1,2025-10-05,1200 ,18040.66,0.00,PLN,C023
PL01-2025-003137,2,2025-10-05,4000 ,0.00,15782.45,PLN,C023
PL01-2025-003137,3,2025-10-05,4100 ,0.00,2258.21,PLN,C023
PL01-2025-003138,1,2025-11-15,1000 ,18040.66,0.00,PLN,C023
PL01-2025-003138,2,2025-11-15,1200 ,0.00,18040.66,PLN,C023
PL01-2025-003139,1,2025-10-22,1200 ,7935.58,0.00,PLN,C015
PL01-2025-003139,2,2025-10-22,4000 ,0.00,6942.25,PLN,C015
PL01-2025-003139,3,2025-10-22,4100 ,0.00,993.33,PLN,C015
PL01-2025-003140,1,2025-12-29,1000 ,7935.58,0.00,PLN,C015
PL01-2025-003140,2,2025-12-29,1200 ,0.00,7935.58,PLN,C015
PL01-2025-003141,1,2025-10-30,1200 ,52879.79,0.00,PLN,C034
PL01-2025-003141,2,2025-10-30,4000 ,0.00,46260.64,PLN,C034
PL01-2025-003141,3,2025-10-30,4100 ,0.00,6619.15,PLN,C034
PL01-2025-003142,1,2025-10-24,1200 ,3739.76,0.00,PLN,C014
PL01-2025-003142,2,2025-10-24,4000 ,0.00,3271.64,PLN,C014
PL01-2025-003142,3,2025-10-24,4100 ,0.00,468.12,PLN,C014
PL01-2025-003143,1,2025-11-14,1000 ,3739.76,0.00,PLN,C014
PL01-2025-003143,2,2025-11-14,1200 ,0.00,3739.76,PLN,C014
PL01-2025-003144,1,2025-10-12,1200 ,41128.02,0.00,PLN,C013
PL01-2025-003144,2,2025-10-12,4000 ,0.00,35979.88,PLN,C013
PL01-2025-003144,3,2025-10-12,4100 ,0.00,5148.14,PLN,C013
PL01-2025-003145,1,2025-11-29,1000 ,41128.02,0.00,PLN,C013
PL01-2025-003145,2,2025-11-29,1200 ,0.00,41128.02,PLN,C013
PL01-2025-003146,1,2025-10-21,1200 ,15152.19,0.00,PLN,C030
PL01-2025-003146,2,2025-10-21,4000 ,0.00,13255.54,PLN,C030
PL01-2025-003146,3,2025-10-21,4100 ,0.00,1896.65,PLN,C030
PL01-2025-003147,1,2025-10-19,1200 ,35876.15,0.00,PLN,C015
PL01-2025-003147,2,2025-10-19,4000 ,0.00,31385.40,PLN,C015
PL01-2025-003147,3,2025-10-19,4100 ,0.00,4490.75,PLN,C015
PL01-2025-003148,1,2025-11-30,1000 ,35876.15,0.00,PLN,C015
PL01-2025-003148,2,2025-11-30,1200 ,0.00,35876.15,PLN,C015
PL01-2025-003149,1,2025-10-25,1200 ,8314.39,0.00,PLN,C015
PL01-2025-003149,2,2025-10-25,4000 ,0.00,7273.65,PLN,C015
PL01-2025-003149,3,2025-10-25,4100 ,0.00,1040.74,PLN,C015
PL01-2025-003150,1,2025-12-26,1000 ,8314.39,0.00,PLN,C015
PL01-2025-003150,2,2025-12-26,1200 ,0.00,8314.39,PLN,C015
PL01-2025-003151,1,2025-10-26,1200 ,27698.61,0.00,PLN,C022
PL01-2025-003151,2,2025-10-26,4000 ,0.00,24231.48,PLN,C022
PL01-2025-003151,3,2025-10-26,4100 ,0.00,3467.13,PLN,C022
PL01-2025-003152,1,2025-12-02,1000 ,27698.61,0.00,PLN,C022
PL01-2025-003152,2,2025-12-02,1200 ,0.00,27698.61,PLN,C022
PL01-2025-003153,1,2025-10-14,1200 ,27990.80,0.00,PLN,C037
PL01-2025-003153,2,2025-10-14,4000 ,0.00,24487.09,PLN,C037
PL01-2025-003153,3,2025-10-14,4100 ,0.00,3503.71,PLN,C037
PL01-2025-003154,1,2025-12-19,1000 ,27990.80,0.00,PLN,C037
PL01-2025-003154,2,2025-12-19,1200 ,0.00,27990.80,PLN,C037
PL01-2025-003155,1,2025-10-14,1200 ,49898.10,0.00,PLN,C026
PL01-2025-003155,2,2025-10-14,4000 ,0.00,43652.18,PLN,C026
PL01-2025-003155,3,2025-10-14,4100 ,0.00,6245.92,PLN,C026
PL01-2025-003156,1,2025-12-28,1000 ,49898.10,0.00,PLN,C026
PL01-2025-003156,2,2025-12-28,1200 ,0.00,49898.10,PLN,C026
PL01-2025-003157,1,2025-10-30,1200 ,8692.02,0.00,PLN,C004
PL01-2025-003157,2,2025-10-30,4000 ,0.00,7604.01,PLN,C004
PL01-2025-003157,3,2025-10-30,4100 ,0.00,1088.01,PLN,C004
PL01-2025-003158,1,2025-10-08,1200 ,12825.05,0.00,PLN,C027
PL01-2025-003158,2,2025-10-08,4000 ,0.00,11219.69,PLN,C027
PL01-2025-003158,3,2025-10-08,4100 ,0.00,1605.36,PLN,C027
PL01-2025-003159,1,2025-12-09,1000 ,12825.05,0.00,PLN,C027
PL01-2025-003159,2,2025-12-09,1200 ,0.00,12825.05,PLN,C027
PL01-2025-003160,1,2025-10-25,1200 ,14160.90,0.00,PLN,C003
PL01-2025-003160,2,2025-10-25,4000 ,0.00,12388.33,PLN,C003
PL01-2025-003160,3,2025-10-25,4100 ,0.00,1772.57,PLN,C003
PL01-2025-003161,1,2025-12-17,1000 ,14160.90,0.00,PLN,C003
PL01-2025-003161,2,2025-12-17,1200 ,0.00,14160.90,PLN,C003
PL01-2025-003162,1,2025-10-10,1200 ,49408.34,0.00,PLN,C006
PL01-2025-003162,2,2025-10-10,4000 ,0.00,43223.72,PLN,C006
PL01-2025-003162,3,2025-10-10,4100 ,0.00,6184.62,PLN,C006
PL01-2025-003163,1,2025-11-10,1000 ,49408.34,0.00,PLN,C006
PL01-2025-003163,2,2025-11-10,1200 ,0.00,49408.34,PLN,C006
PL01-2025-003164,1,2025-10-28,1200 ,10202.96,0.00,PLN,C036
PL01-2025-003164,2,2025-10-28,4000 ,0.00,8925.82,PLN,C036
PL01-2025-003164,3,2025-10-28,4100 ,0.00,1277.14,PLN,C036
PL01-2025-003165,1,2025-11-26,1000 ,10202.96,0.00,PLN,C036
PL01-2025-003165,2,2025-11-26,1200 ,0.00,10202.96,PLN,C036
PL01-2025-003166,1,2025-10-12,1200 ,15408.73,0.00,PLN,C030
PL01-2025-003166,2,2025-10-12,4000 ,0.00,13479.96,PLN,C030
PL01-2025-003166,3,2025-10-12,4100 ,0.00,1928.77,PLN,C030
PL01-2025-003167,1,2025-12-13,1000 ,15408.73,0.00,PLN,C030
PL01-2025-003167,2,2025-12-13,1200 ,0.00,15408.73,PLN,C030
PL01-2025-003168,1,2025-10-03,1200 ,26639.93,0.00,PLN,C012
PL01-2025-003168,2,2025-10-03,4000 ,0.00,23305.31,PLN,C012
PL01-2025-003168,3,2025-10-03,4100 ,0.00,3334.62,PLN,C012
PL01-2025-003169,1,2025-11-26,1000 ,26639.93,0.00,PLN,C012
PL01-2025-003169,2,2025-11-26,1200 ,0.00,26639.93,PLN,C012
PL01-2025-003170,1,2025-10-07,1200 ,16792.37,0.00,PLN,C007
PL01-2025-003170,2,2025-10-07,4000 ,0.00,14690.41,PLN,C007
PL01-2025-003170,3,2025-10-07,4100 ,0.00,2101.96,PLN,C007
PL01-2025-003171,1,2025-11-16,1000 ,16792.37,0.00,PLN,C007
PL01-2025-003171,2,2025-11-16,1200 ,0.00,16792.37,PLN,C007
PL01-2025-003172,1,2025-10-11,1200 ,29873.45,0.00,PLN,C034
PL01-2025-003172,2,2025-10-11,4000 ,0.00,26134.08,PLN,C034
PL01-2025-003172,3,2025-10-11,4100 ,0.00,3739.37,PLN,C034
PL01-2025-003173,1,2025-11-22,1000 ,29873.45,0.00,PLN,C034
PL01-2025-003173,2,2025-11-22,1200 ,0.00,29873.45,PLN,C034
PL01-2025-003174,1,2025-10-24,1200 ,65863.42,0.00,PLN,C002
PL01-2025-003174,2,2025-10-24,4000 ,0.00,57619.06,PLN,C002
PL01-2025-003174,3,2025-10-24,4100 ,0.00,8244.36,PLN,C002
PL01-2025-003175,1,2025-12-14,1000 ,65863.42,0.00,PLN,C002
PL01-2025-003175,2,2025-12-14,1200 ,0.00,65863.42,PLN,C002
PL01-2025-003176,1,2025-10-07,1200 ,447793.87,0.00,PLN,C001
PL01-2025-003176,2,2025-10-07,4000 ,0.00,391741.90,PLN,C001
PL01-2025-003176,3,2025-10-07,4100 ,0.00,56051.97,PLN,C001
PL01-2025-003177,1,2025-11-06,1000 ,447793.87,0.00,PLN,C001
PL01-2025-003177,2,2025-11-06,1200 ,0.00,447793.87,PLN,C001
PL01-2025-003178,1,2025-10-10,1200 ,22773.63,0.00,PLN,C026
PL01-2025-003178,2,2025-10-10,4000 ,0.00,19922.97,PLN,C026
PL01-2025-003178,3,2025-10-10,4100 ,0.00,2850.66,PLN,C026
PL01-2025-003179,1,2025-12-04,1000 ,22773.63,0.00,PLN,C026
PL01-2025-003179,2,2025-12-04,1200 ,0.00,22773.63,PLN,C026
PL01-2025-003180,1,2025-10-26,1200 ,2775.45,0.00,PLN,C012
PL01-2025-003180,2,2025-10-26,4000 ,0.00,2428.04,PLN,C012
PL01-2025-003180,3,2025-10-26,4100 ,0.00,347.41,PLN,C012
PL01-2025-003181,1,2025-11-23,1000 ,2775.45,0.00,PLN,C012
PL01-2025-003181,2,2025-11-23,1200 ,0.00,2775.45,PLN,C012
PL01-2025-003182,1,2025-10-02,1200 ,15425.99,0.00,PLN,C030
PL01-2025-003182,2,2025-10-02,4000 ,0.00,13495.06,PLN,C030
PL01-2025-003182,3,2025-10-02,4100 ,0.00,1930.93,PLN,C030
PL01-2025-003183,1,2025-10-18,1200 ,68629.24,0.00,PLN,C022
PL01-2025-003183,2,2025-10-18,4000 ,0.00,60038.67,PLN,C022
PL01-2025-003183,3,2025-10-18,4100 ,0.00,8590.57,PLN,C022
PL01-2025-003184,1,2025-12-10,1000 ,68629.24,0.00,PLN,C022
PL01-2025-003184,2,2025-12-10,1200 ,0.00,68629.24,PLN,C022
PL01-2025-003185,1,2025-10-07,1200 ,25239.02,0.00,PLN,C016
PL01-2025-003185,2,2025-10-07,4000 ,0.00,22079.76,PLN,C016
PL01-2025-003185,3,2025-10-07,4100 ,0.00,3159.26,PLN,C016
PL01-2025-003186,1,2025-11-22,1000 ,25239.02,0.00,PLN,C016
PL01-2025-003186,2,2025-11-22,1200 ,0.00,25239.02,PLN,C016
PL01-2025-003187,1,2025-10-05,1200 ,52126.85,0.00,PLN,C016
PL01-2025-003187,2,2025-10-05,4000 ,0.00,45601.94,PLN,C016
PL01-2025-003187,3,2025-10-05,4100 ,0.00,6524.91,PLN,C016
PL01-2025-003188,1,2025-11-03,1000 ,52126.85,0.00,PLN,C016
PL01-2025-003188,2,2025-11-03,1200 ,0.00,52126.85,PLN,C016
PL01-2025-003189,1,2025-10-20,1200 ,33930.94,0.00,PLN,C031
PL01-2025-003189,2,2025-10-20,4000 ,0.00,29683.68,PLN,C031
PL01-2025-003189,3,2025-10-20,4100 ,0.00,4247.26,PLN,C031
PL01-2025-003190,1,2025-11-22,1000 ,33930.94,0.00,PLN,C031
PL01-2025-003190,2,2025-11-22,1200 ,0.00,33930.94,PLN,C031
PL01-2025-003191,1,2025-10-03,1200 ,9427.87,0.00,PLN,C016
PL01-2025-003191,2,2025-10-03,4000 ,0.00,8247.75,PLN,C016
PL01-2025-003191,3,2025-10-03,4100 ,0.00,1180.12,PLN,C016
PL01-2025-003192,1,2025-12-15,1000 ,9427.87,0.00,PLN,C016
PL01-2025-003192,2,2025-12-15,1200 ,0.00,9427.87,PLN,C016
PL01-2025-003193,1,2025-10-13,1200 ,52053.49,0.00,PLN,C035
PL01-2025-003193,2,2025-10-13,4000 ,0.00,45537.77,PLN,C035
PL01-2025-003193,3,2025-10-13,4100 ,0.00,6515.72,PLN,C035
PL01-2025-003194,1,2025-10-09,1200 ,4285.30,0.00,PLN,C034
PL01-2025-003194,2,2025-10-09,4000 ,0.00,3748.89,PLN,C034
PL01-2025-003194,3,2025-10-09,4100 ,0.00,536.41,PLN,C034
PL01-2025-003195,1,2025-12-15,1000 ,4285.30,0.00,PLN,C034
PL01-2025-003195,2,2025-12-15,1200 ,0.00,4285.30,PLN,C034
PL01-2025-003196,1,2025-10-03,1200 ,8871.91,0.00,PLN,C031
PL01-2025-003196,2,2025-10-03,4000 ,0.00,7761.38,PLN,C031
PL01-2025-003196,3,2025-10-03,4100 ,0.00,1110.53,PLN,C031
PL01-2025-003197,1,2025-11-25,1000 ,8871.91,0.00,PLN,C031
PL01-2025-003197,2,2025-11-25,1200 ,0.00,8871.91,PLN,C031
PL01-2025-003198,1,2025-10-02,1200 ,38497.31,0.00,PLN,C021
PL01-2025-003198,2,2025-10-02,4000 ,0.00,33678.46,PLN,C021
PL01-2025-003198,3,2025-10-02,4100 ,0.00,4818.85,PLN,C021
PL01-2025-003199,1,2025-12-24,1000 ,38497.31,0.00,PLN,C021
PL01-2025-003199,2,2025-12-24,1200 ,0.00,38497.31,PLN,C021
PL01-2025-003200,1,2025-10-05,1300 ,148286.28,0.00,PLN,V001
PL01-2025-003200,2,2025-10-05,2100 ,0.00,148286.28,PLN,V001
PL01-2025-003201,1,2025-11-23,2100 ,148286.28,0.00,PLN,V001
PL01-2025-003201,2,2025-11-23,1000 ,0.00,148286.28,PLN,V001
PL01-2025-003202,1,2025-10-05,1300 ,1044666.87,0.00,PLN,V004
PL01-2025-003202,2,2025-10-05,2100 ,0.00,1044666.87,PLN,V004
PL01-2025-003203,1,2025-11-19,2100 ,1044666.87,0.00,PLN,V004
PL01-2025-003203,2,2025-11-19,1000 ,0.00,1044666.87,PLN,V004
PL01-2025-003204,1,2025-10-03,1300 ,159512.06,0.00,PLN,V002
PL01-2025-003204,2,2025-10-03,2100 ,0.00,159512.06,PLN,V002
PL01-2025-003205,1,2025-11-05,2100 ,159512.06,0.00,PLN,V002
PL01-2025-003205,2,2025-11-05,1000 ,0.00,159512.06,PLN,V002
PL01-2025-003206,1,2025-10-31,5000 ,1269278.03,0.00,PLN,
PL01-2025-003206,2,2025-10-31,1300 ,0.00,1269278.03,PLN,
PL01-2025-003207,1,2025-10-15,6100 ,106058.69,0.00,PLN,V041
PL01-2025-003207,2,2025-10-15,2100 ,0.00,106058.69,PLN,V041
PL01-2025-003208,1,2025-11-29,2100 ,106058.69,0.00,PLN,V041
PL01-2025-003208,2,2025-11-29,1000 ,0.00,106058.69,PLN,V041
PL01-2025-003209,1,2025-10-10,6200 ,106457.66,0.00,PLN,V060
PL01-2025-003209,2,2025-10-10,2100 ,0.00,106457.66,PLN,V060
PL01-2025-003210,1,2025-11-22,2100 ,106457.66,0.00,PLN,V060
PL01-2025-003210,2,2025-11-22,1000 ,0.00,106457.66,PLN,V060
PL01-2025-003211,1,2025-10-16,6300 ,52486.65,0.00,PLN,V026
PL01-2025-003211,2,2025-10-16,2100 ,0.00,52486.65,PLN,V026
PL01-2025-003212,1,2025-12-01,2100 ,52486.65,0.00,PLN,V026
PL01-2025-003212,2,2025-12-01,1000 ,0.00,52486.65,PLN,V026
PL01-2025-003213,1,2025-10-05,6400 ,79608.55,0.00,PLN,V059
PL01-2025-003213,2,2025-10-05,2100 ,0.00,79608.55,PLN,V059
PL01-2025-003214,1,2025-11-07,2100 ,79608.55,0.00,PLN,V059
PL01-2025-003214,2,2025-11-07,1000 ,0.00,79608.55,PLN,V059
PL01-2025-003215,1,2025-10-25,6000 ,705036.54,0.00,PLN,
PL01-2025-003215,2,2025-10-25,1000 ,0.00,705036.54,PLN,
PL01-2025-003216,1,2025-10-31,6900 ,42708.33,0.00,PLN,
PL01-2025-003216,2,2025-10-31,1590 ,0.00,42708.33,PLN,
PL01-2025-003217,1,2025-11-30,1200 ,36219.13,0.00,PLN,C031
PL01-2025-003217,2,2025-11-30,4000 ,0.00,31104.36,PLN,C031
PL01-2025-003217,3,2025-11-30,4100 ,0.00,5114.77,PLN,C031
PL01-2025-003218,1,2025-12-25,1000 ,36219.13,0.00,PLN,C031
PL01-2025-003218,2,2025-12-25,1200 ,0.00,36219.13,PLN,C031
PL01-2025-003219,1,2025-11-10,1200 ,41845.58,0.00,PLN,C009
PL01-2025-003219,2,2025-11-10,4000 ,0.00,35936.26,PLN,C009
PL01-2025-003219,3,2025-11-10,4100 ,0.00,5909.32,PLN,C009
PL01-2025-003220,1,2025-11-29,1200 ,11016.14,0.00,PLN,C027
PL01-2025-003220,2,2025-11-29,4000 ,0.00,9460.47,PLN,C027
PL01-2025-003220,3,2025-11-29,4100 ,0.00,1555.67,PLN,C027
PL01-2025-003221,1,2025-11-08,1200 ,23365.35,0.00,PLN,C027
PL01-2025-003221,2,2025-11-08,4000 ,0.00,20065.76,PLN,C027
PL01-2025-003221,3,2025-11-08,4100 ,0.00,3299.59,PLN,C027
PL01-2025-003222,1,2025-12-15,1000 ,23365.35,0.00,PLN,C027
PL01-2025-003222,2,2025-12-15,1200 ,0.00,23365.35,PLN,C027
PL01-2025-003223,1,2025-11-13,1200 ,33097.35,0.00,PLN,C006
PL01-2025-003223,2,2025-11-13,4000 ,0.00,28423.43,PLN,C006
PL01-2025-003223,3,2025-11-13,4100 ,0.00,4673.92,PLN,C006
PL01-2025-003224,1,2025-11-26,1200 ,10562.27,0.00,PLN,C020
PL01-2025-003224,2,2025-11-26,4000 ,0.00,9070.69,PLN,C020
PL01-2025-003224,3,2025-11-26,4100 ,0.00,1491.58,PLN,C020
PL01-2025-003225,1,2025-11-28,1200 ,30639.91,0.00,PLN,C005
PL01-2025-003225,2,2025-11-28,4000 ,0.00,26313.02,PLN,C005
PL01-2025-003225,3,2025-11-28,4100 ,0.00,4326.89,PLN,C005
PL01-2025-003226,1,2025-11-01,1200 ,108448.78,0.00,PLN,C035
PL01-2025-003226,2,2025-11-01,4000 ,0.00,93133.93,PLN,C035
PL01-2025-003226,3,2025-11-01,4100 ,0.00,15314.85,PLN,C035
PL01-2025-003227,1,2025-11-11,1200 ,76474.75,0.00,PLN,C034
PL01-2025-003227,2,2025-11-11,4000 ,0.00,65675.18,PLN,C034
PL01-2025-003227,3,2025-11-11,4100 ,0.00,10799.57,PLN,C034
PL01-2025-003228,1,2025-11-29,1200 ,41871.05,0.00,PLN,C025
PL01-2025-003228,2,2025-11-29,4000 ,0.00,35958.13,PLN,C025
PL01-2025-003228,3,2025-11-29,4100 ,0.00,5912.92,PLN,C025
PL01-2025-003229,1,2025-11-30,1200 ,53534.26,0.00,PLN,C016
PL01-2025-003229,2,2025-11-30,4000 ,0.00,45974.29,PLN,C016
PL01-2025-003229,3,2025-11-30,4100 ,0.00,7559.97,PLN,C016
PL01-2025-003230,1,2025-11-29,1200 ,19443.12,0.00,PLN,C022
PL01-2025-003230,2,2025-11-29,4000 ,0.00,16697.41,PLN,C022
PL01-2025-003230,3,2025-11-29,4100 ,0.00,2745.71,PLN,C022
PL01-2025-003231,1,2025-11-03,1200 ,104768.35,0.00,PLN,C003
PL01-2025-003231,2,2025-11-03,4000 ,0.00,89973.24,PLN,C003
PL01-2025-003231,3,2025-11-03,4100 ,0.00,14795.11,PLN,C003
PL01-2025-003232,1,2025-12-11,1000 ,104768.35,0.00,PLN,C003
PL01-2025-003232,2,2025-12-11,1200 ,0.00,104768.35,PLN,C003
PL01-2025-003233,1,2025-11-07,1200 ,30899.16,0.00,PLN,C013
PL01-2025-003233,2,2025-11-07,4000 ,0.00,26535.66,PLN,C013
PL01-2025-003233,3,2025-11-07,4100 ,0.00,4363.50,PLN,C013
PL01-2025-003234,1,2025-12-22,1000 ,30899.16,0.00,PLN,C013
PL01-2025-003234,2,2025-12-22,1200 ,0.00,30899.16,PLN,C013
PL01-2025-003235,1,2025-11-25,1200 ,6265.83,0.00,PLN,C021
PL01-2025-003235,2,2025-11-25,4000 ,0.00,5380.99,PLN,C021
PL01-2025-003235,3,2025-11-25,4100 ,0.00,884.84,PLN,C021
PL01-2025-003236,1,2025-11-27,1200 ,12052.19,0.00,PLN,C007
PL01-2025-003236,2,2025-11-27,4000 ,0.00,10350.21,PLN,C007
PL01-2025-003236,3,2025-11-27,4100 ,0.00,1701.98,PLN,C007
PL01-2025-003237,1,2025-11-03,1200 ,11778.97,0.00,PLN,C024
PL01-2025-003237,2,2025-11-03,4000 ,0.00,10115.57,PLN,C024
PL01-2025-003237,3,2025-11-03,4100 ,0.00,1663.40,PLN,C024
PL01-2025-003238,1,2025-11-09,1200 ,20492.29,0.00,PLN,C013
PL01-2025-003238,2,2025-11-09,4000 ,0.00,17598.42,PLN,C013
PL01-2025-003238,3,2025-11-09,4100 ,0.00,2893.87,PLN,C013
PL01-2025-003239,1,2025-11-06,1200 ,19646.08,0.00,PLN,C017
PL01-2025-003239,2,2025-11-06,4000 ,0.00,16871.71,PLN,C017
PL01-2025-003239,3,2025-11-06,4100 ,0.00,2774.37,PLN,C017
PL01-2025-003240,1,2025-11-09,1200 ,58265.94,0.00,PLN,C006
PL01-2025-003240,2,2025-11-09,4000 ,0.00,50037.78,PLN,C006
PL01-2025-003240,3,2025-11-09,4100 ,0.00,8228.16,PLN,C006
PL01-2025-003241,1,2025-11-21,1200 ,27722.82,0.00,PLN,C032
PL01-2025-003241,2,2025-11-21,4000 ,0.00,23807.88,PLN,C032
PL01-2025-003241,3,2025-11-21,4100 ,0.00,3914.94,PLN,C032
PL01-2025-003242,1,2025-11-08,1200 ,19940.94,0.00,PLN,C024
PL01-2025-003242,2,2025-11-08,4000 ,0.00,17124.93,PLN,C024
PL01-2025-003242,3,2025-11-08,4100 ,0.00,2816.01,PLN,C024
PL01-2025-003243,1,2025-12-06,1000 ,19940.94,0.00,PLN,C024
PL01-2025-003243,2,2025-12-06,1200 ,0.00,19940.94,PLN,C024
PL01-2025-003244,1,2025-11-05,1200 ,73745.43,0.00,PLN,C021
PL01-2025-003244,2,2025-11-05,4000 ,0.00,63331.29,PLN,C021
PL01-2025-003244,3,2025-11-05,4100 ,0.00,10414.14,PLN,C021
PL01-2025-003245,1,2025-12-17,1000 ,73745.43,0.00,PLN,C021
PL01-2025-003245,2,2025-12-17,1200 ,0.00,73745.43,PLN,C021
PL01-2025-003246,1,2025-11-26,1200 ,18965.36,0.00,PLN,C040
PL01-2025-003246,2,2025-11-26,4000 ,0.00,16287.12,PLN,C040
PL01-2025-003246,3,2025-11-26,4100 ,0.00,2678.24,PLN,C040
PL01-2025-003247,1,2025-12-29,1000 ,18965.36,0.00,PLN,C040
PL01-2025-003247,2,2025-12-29,1200 ,0.00,18965.36,PLN,C040
PL01-2025-003248,1,2025-11-05,1200 ,7218.76,0.00,PLN,C015
PL01-2025-003248,2,2025-11-05,4000 ,0.00,6199.35,PLN,C015
PL01-2025-003248,3,2025-11-05,4100 ,0.00,1019.41,PLN,C015
PL01-2025-003249,1,2025-12-10,1000 ,7218.76,0.00,PLN,C015
PL01-2025-003249,2,2025-12-10,1200 ,0.00,7218.76,PLN,C015
PL01-2025-003250,1,2025-11-11,1200 ,41949.45,0.00,PLN,C003
PL01-2025-003250,2,2025-11-11,4000 ,0.00,36025.46,PLN,C003
PL01-2025-003250,3,2025-11-11,4100 ,0.00,5923.99,PLN,C003
PL01-2025-003251,1,2025-12-08,1000 ,41949.45,0.00,PLN,C003
PL01-2025-003251,2,2025-12-08,1200 ,0.00,41949.45,PLN,C003
PL01-2025-003252,1,2025-11-11,1200 ,28920.04,0.00,PLN,C019
PL01-2025-003252,2,2025-11-11,4000 ,0.00,24836.03,PLN,C019
PL01-2025-003252,3,2025-11-11,4100 ,0.00,4084.01,PLN,C019
PL01-2025-003253,1,2025-11-19,1200 ,8388.58,0.00,PLN,C032
PL01-2025-003253,2,2025-11-19,4000 ,0.00,7203.97,PLN,C032
PL01-2025-003253,3,2025-11-19,4100 ,0.00,1184.61,PLN,C032
PL01-2025-003254,1,2025-11-07,1200 ,11157.67,0.00,PLN,C002
PL01-2025-003254,2,2025-11-07,4000 ,0.00,9582.01,PLN,C002
PL01-2025-003254,3,2025-11-07,4100 ,0.00,1575.66,PLN,C002
PL01-2025-003255,1,2025-12-15,1000 ,11157.67,0.00,PLN,C002
PL01-2025-003255,2,2025-12-15,1200 ,0.00,11157.67,PLN,C002
PL01-2025-003256,1,2025-11-06,1200 ,21798.96,0.00,PLN,C033
PL01-2025-003256,2,2025-11-06,4000 ,0.00,18720.57,PLN,C033
PL01-2025-003256,3,2025-11-06,4100 ,0.00,3078.39,PLN,C033
PL01-2025-003257,1,2025-11-30,1200 ,23252.22,0.00,PLN,C034
PL01-2025-003257,2,2025-11-30,4000 ,0.00,19968.60,PLN,C034
PL01-2025-003257,3,2025-11-30,4100 ,0.00,3283.62,PLN,C034
PL01-2025-003258,1,2025-11-19,1200 ,21209.48,0.00,PLN,C031
PL01-2025-003258,2,2025-11-19,4000 ,0.00,18214.33,PLN,C031
PL01-2025-003258,3,2025-11-19,4100 ,0.00,2995.15,PLN,C031
PL01-2025-003259,1,2025-12-26,1000 ,21209.48,0.00,PLN,C031
PL01-2025-003259,2,2025-12-26,1200 ,0.00,21209.48,PLN,C031
PL01-2025-003260,1,2025-11-08,1200 ,32194.24,0.00,PLN,C028
PL01-2025-003260,2,2025-11-08,4000 ,0.00,27647.85,PLN,C028
PL01-2025-003260,3,2025-11-08,4100 ,0.00,4546.39,PLN,C028
PL01-2025-003261,1,2025-12-16,1000 ,32194.24,0.00,PLN,C028
PL01-2025-003261,2,2025-12-16,1200 ,0.00,32194.24,PLN,C028
PL01-2025-003262,1,2025-11-02,1200 ,21067.47,0.00,PLN,C027
PL01-2025-003262,2,2025-11-02,4000 ,0.00,18092.38,PLN,C027
PL01-2025-003262,3,2025-11-02,4100 ,0.00,2975.09,PLN,C027
PL01-2025-003263,1,2025-12-10,1000 ,21067.47,0.00,PLN,C027
PL01-2025-003263,2,2025-12-10,1200 ,0.00,21067.47,PLN,C027
PL01-2025-003264,1,2025-11-29,1200 ,20661.12,0.00,PLN,C009
PL01-2025-003264,2,2025-11-29,4000 ,0.00,17743.41,PLN,C009
PL01-2025-003264,3,2025-11-29,4100 ,0.00,2917.71,PLN,C009
PL01-2025-003265,1,2025-12-24,1000 ,20661.12,0.00,PLN,C009
PL01-2025-003265,2,2025-12-24,1200 ,0.00,20661.12,PLN,C009
PL01-2025-003266,1,2025-11-24,1200 ,17334.97,0.00,PLN,C034
PL01-2025-003266,2,2025-11-24,4000 ,0.00,14886.97,PLN,C034
PL01-2025-003266,3,2025-11-24,4100 ,0.00,2448.00,PLN,C034
PL01-2025-003267,1,2025-11-14,1200 ,25993.08,0.00,PLN,C021
PL01-2025-003267,2,2025-11-14,4000 ,0.00,22322.40,PLN,C021
PL01-2025-003267,3,2025-11-14,4100 ,0.00,3670.68,PLN,C021
PL01-2025-003268,1,2025-11-05,1200 ,13655.94,0.00,PLN,C032
PL01-2025-003268,2,2025-11-05,4000 ,0.00,11727.48,PLN,C032
PL01-2025-003268,3,2025-11-05,4100 ,0.00,1928.46,PLN,C032
PL01-2025-003269,1,2025-11-11,1200 ,93806.55,0.00,PLN,C006
PL01-2025-003269,2,2025-11-11,4000 ,0.00,80559.43,PLN,C006
PL01-2025-003269,3,2025-11-11,4100 ,0.00,13247.12,PLN,C006
PL01-2025-003270,1,2025-11-24,1200 ,162089.91,0.00,PLN,C028
PL01-2025-003270,2,2025-11-24,4000 ,0.00,139199.99,PLN,C028
PL01-2025-003270,3,2025-11-24,4100 ,0.00,22889.92,PLN,C028
PL01-2025-003271,1,2025-12-26,1000 ,162089.91,0.00,PLN,C028
PL01-2025-003271,2,2025-12-26,1200 ,0.00,162089.91,PLN,C028
PL01-2025-003272,1,2025-11-16,1200 ,15483.72,0.00,PLN,C039
PL01-2025-003272,2,2025-11-16,4000 ,0.00,13297.15,PLN,C039
PL01-2025-003272,3,2025-11-16,4100 ,0.00,2186.57,PLN,C039
PL01-2025-003273,1,2025-11-17,1200 ,19485.97,0.00,PLN,C014
PL01-2025-003273,2,2025-11-17,4000 ,0.00,16734.21,PLN,C014
PL01-2025-003273,3,2025-11-17,4100 ,0.00,2751.76,PLN,C014
PL01-2025-003274,1,2025-11-21,1200 ,58839.24,0.00,PLN,C040
PL01-2025-003274,2,2025-11-21,4000 ,0.00,50530.12,PLN,C040
PL01-2025-003274,3,2025-11-21,4100 ,0.00,8309.12,PLN,C040
PL01-2025-003275,1,2025-12-16,1000 ,58839.24,0.00,PLN,C040
PL01-2025-003275,2,2025-12-16,1200 ,0.00,58839.24,PLN,C040
PL01-2025-003276,1,2025-11-20,1200 ,10420.60,0.00,PLN,C038
PL01-2025-003276,2,2025-11-20,4000 ,0.00,8949.03,PLN,C038
PL01-2025-003276,3,2025-11-20,4100 ,0.00,1471.57,PLN,C038
PL01-2025-003277,1,2025-11-04,1200 ,54745.58,0.00,PLN,C014
PL01-2025-003277,2,2025-11-04,4000 ,0.00,47014.55,PLN,C014
PL01-2025-003277,3,2025-11-04,4100 ,0.00,7731.03,PLN,C014
PL01-2025-003278,1,2025-12-20,1000 ,54745.58,0.00,PLN,C014
PL01-2025-003278,2,2025-12-20,1200 ,0.00,54745.58,PLN,C014
PL01-2025-003279,1,2025-11-04,1200 ,16297.84,0.00,PLN,C006
PL01-2025-003279,2,2025-11-04,4000 ,0.00,13996.30,PLN,C006
PL01-2025-003279,3,2025-11-04,4100 ,0.00,2301.54,PLN,C006
PL01-2025-003280,1,2025-11-30,1200 ,22191.84,0.00,PLN,C027
PL01-2025-003280,2,2025-11-30,4000 ,0.00,19057.97,PLN,C027
PL01-2025-003280,3,2025-11-30,4100 ,0.00,3133.87,PLN,C027
PL01-2025-003281,1,2025-11-15,1200 ,93964.03,0.00,PLN,C002
PL01-2025-003281,2,2025-11-15,4000 ,0.00,80694.67,PLN,C002
PL01-2025-003281,3,2025-11-15,4100 ,0.00,13269.36,PLN,C002
PL01-2025-003282,1,2025-11-17,1200 ,24027.15,0.00,PLN,C020
PL01-2025-003282,2,2025-11-17,4000 ,0.00,20634.10,PLN,C020
PL01-2025-003282,3,2025-11-17,4100 ,0.00,3393.05,PLN,C020
PL01-2025-003283,1,2025-11-02,1200 ,29093.84,0.00,PLN,C020
PL01-2025-003283,2,2025-11-02,4000 ,0.00,24985.28,PLN,C020
PL01-2025-003283,3,2025-11-02,4100 ,0.00,4108.56,PLN,C020
PL01-2025-003284,1,2025-11-14,1200 ,157193.56,0.00,PLN,C039
PL01-2025-003284,2,2025-11-14,4000 ,0.00,134995.09,PLN,C039
PL01-2025-003284,3,2025-11-14,4100 ,0.00,22198.47,PLN,C039
PL01-2025-003285,1,2025-11-20,1200 ,7200.22,0.00,PLN,C017
PL01-2025-003285,2,2025-11-20,4000 ,0.00,6183.42,PLN,C017
PL01-2025-003285,3,2025-11-20,4100 ,0.00,1016.80,PLN,C017
PL01-2025-003286,1,2025-11-20,1200 ,14237.70,0.00,PLN,C038
PL01-2025-003286,2,2025-11-20,4000 ,0.00,12227.09,PLN,C038
PL01-2025-003286,3,2025-11-20,4100 ,0.00,2010.61,PLN,C038
PL01-2025-003287,1,2025-11-21,1200 ,4921.40,0.00,PLN,C026
PL01-2025-003287,2,2025-11-21,4000 ,0.00,4226.41,PLN,C026
PL01-2025-003287,3,2025-11-21,4100 ,0.00,694.99,PLN,C026
PL01-2025-003288,1,2025-12-31,1000 ,4921.40,0.00,PLN,C026
PL01-2025-003288,2,2025-12-31,1200 ,0.00,4921.40,PLN,C026
PL01-2025-003289,1,2025-11-08,1200 ,32825.97,0.00,PLN,C012
PL01-2025-003289,2,2025-11-08,4000 ,0.00,28190.37,PLN,C012
PL01-2025-003289,3,2025-11-08,4100 ,0.00,4635.60,PLN,C012
PL01-2025-003290,1,2025-12-09,1000 ,32825.97,0.00,PLN,C012
PL01-2025-003290,2,2025-12-09,1200 ,0.00,32825.97,PLN,C012
PL01-2025-003291,1,2025-11-22,1200 ,37722.69,0.00,PLN,C038
PL01-2025-003291,2,2025-11-22,4000 ,0.00,32395.59,PLN,C038
PL01-2025-003291,3,2025-11-22,4100 ,0.00,5327.10,PLN,C038
PL01-2025-003292,1,2025-11-11,1200 ,27291.49,0.00,PLN,C030
PL01-2025-003292,2,2025-11-11,4000 ,0.00,23437.46,PLN,C030
PL01-2025-003292,3,2025-11-11,4100 ,0.00,3854.03,PLN,C030
PL01-2025-003293,1,2025-12-12,1000 ,27291.49,0.00,PLN,C030
PL01-2025-003293,2,2025-12-12,1200 ,0.00,27291.49,PLN,C030
PL01-2025-003294,1,2025-11-28,1200 ,11268.08,0.00,PLN,C031
PL01-2025-003294,2,2025-11-28,4000 ,0.00,9676.83,PLN,C031
PL01-2025-003294,3,2025-11-28,4100 ,0.00,1591.25,PLN,C031
PL01-2025-003295,1,2025-12-31,1000 ,11268.08,0.00,PLN,C031
PL01-2025-003295,2,2025-12-31,1200 ,0.00,11268.08,PLN,C031
PL01-2025-003296,1,2025-11-18,1200 ,41535.85,0.00,PLN,C025
PL01-2025-003296,2,2025-11-18,4000 ,0.00,35670.27,PLN,C025
PL01-2025-003296,3,2025-11-18,4100 ,0.00,5865.58,PLN,C025
PL01-2025-003297,1,2025-11-29,1200 ,6445.13,0.00,PLN,C017
PL01-2025-003297,2,2025-11-29,4000 ,0.00,5534.97,PLN,C017
PL01-2025-003297,3,2025-11-29,4100 ,0.00,910.16,PLN,C017
PL01-2025-003298,1,2025-11-03,1200 ,37233.00,0.00,PLN,C015
PL01-2025-003298,2,2025-11-03,4000 ,0.00,31975.05,PLN,C015
PL01-2025-003298,3,2025-11-03,4100 ,0.00,5257.95,PLN,C015
PL01-2025-003299,1,2025-12-30,1000 ,37233.00,0.00,PLN,C015
PL01-2025-003299,2,2025-12-30,1200 ,0.00,37233.00,PLN,C015
PL01-2025-003300,1,2025-11-29,1200 ,44005.31,0.00,PLN,C006
PL01-2025-003300,2,2025-11-29,4000 ,0.00,37790.99,PLN,C006
PL01-2025-003300,3,2025-11-29,4100 ,0.00,6214.32,PLN,C006
PL01-2025-003301,1,2025-11-18,1200 ,8124.17,0.00,PLN,C006
PL01-2025-003301,2,2025-11-18,4000 ,0.00,6976.90,PLN,C006
PL01-2025-003301,3,2025-11-18,4100 ,0.00,1147.27,PLN,C006
PL01-2025-003302,1,2025-11-20,1200 ,9827.75,0.00,PLN,C016
PL01-2025-003302,2,2025-11-20,4000 ,0.00,8439.90,PLN,C016
PL01-2025-003302,3,2025-11-20,4100 ,0.00,1387.85,PLN,C016
PL01-2025-003303,1,2025-11-06,1200 ,13786.24,0.00,PLN,C027
PL01-2025-003303,2,2025-11-06,4000 ,0.00,11839.38,PLN,C027
PL01-2025-003303,3,2025-11-06,4100 ,0.00,1946.86,PLN,C027
PL01-2025-003304,1,2025-12-13,1000 ,13786.24,0.00,PLN,C027
PL01-2025-003304,2,2025-12-13,1200 ,0.00,13786.24,PLN,C027
PL01-2025-003305,1,2025-11-05,1200 ,35214.07,0.00,PLN,C040
PL01-2025-003305,2,2025-11-05,4000 ,0.00,30241.23,PLN,C040
PL01-2025-003305,3,2025-11-05,4100 ,0.00,4972.84,PLN,C040
PL01-2025-003306,1,2025-12-05,1000 ,35214.07,0.00,PLN,C040
PL01-2025-003306,2,2025-12-05,1200 ,0.00,35214.07,PLN,C040
PL01-2025-003307,1,2025-11-15,1200 ,95129.86,0.00,PLN,C012
PL01-2025-003307,2,2025-11-15,4000 ,0.00,81695.87,PLN,C012
PL01-2025-003307,3,2025-11-15,4100 ,0.00,13433.99,PLN,C012
PL01-2025-003308,1,2025-11-21,1200 ,25179.00,0.00,PLN,C018
PL01-2025-003308,2,2025-11-21,4000 ,0.00,21623.29,PLN,C018
PL01-2025-003308,3,2025-11-21,4100 ,0.00,3555.71,PLN,C018
PL01-2025-003309,1,2025-11-20,1200 ,42558.50,0.00,PLN,C031
PL01-2025-003309,2,2025-11-20,4000 ,0.00,36548.50,PLN,C031
PL01-2025-003309,3,2025-11-20,4100 ,0.00,6010.00,PLN,C031
PL01-2025-003310,1,2025-11-28,1200 ,21999.75,0.00,PLN,C031
PL01-2025-003310,2,2025-11-28,4000 ,0.00,18893.00,PLN,C031
PL01-2025-003310,3,2025-11-28,4100 ,0.00,3106.75,PLN,C031
PL01-2025-003311,1,2025-12-21,1000 ,21999.75,0.00,PLN,C031
PL01-2025-003311,2,2025-12-21,1200 ,0.00,21999.75,PLN,C031
PL01-2025-003312,1,2025-11-15,1200 ,37431.23,0.00,PLN,C015
PL01-2025-003312,2,2025-11-15,4000 ,0.00,32145.29,PLN,C015
PL01-2025-003312,3,2025-11-15,4100 ,0.00,5285.94,PLN,C015
PL01-2025-003313,1,2025-12-22,1000 ,37431.23,0.00,PLN,C015
PL01-2025-003313,2,2025-12-22,1200 ,0.00,37431.23,PLN,C015
PL01-2025-003314,1,2025-11-19,1200 ,34733.88,0.00,PLN,C022
PL01-2025-003314,2,2025-11-19,4000 ,0.00,29828.85,PLN,C022
PL01-2025-003314,3,2025-11-19,4100 ,0.00,4905.03,PLN,C022
PL01-2025-003315,1,2025-11-17,1200 ,31649.58,0.00,PLN,C019
PL01-2025-003315,2,2025-11-17,4000 ,0.00,27180.11,PLN,C019
PL01-2025-003315,3,2025-11-17,4100 ,0.00,4469.47,PLN,C019
PL01-2025-003316,1,2025-11-23,1200 ,29420.06,0.00,PLN,C001
PL01-2025-003316,2,2025-11-23,4000 ,0.00,25265.44,PLN,C001
PL01-2025-003316,3,2025-11-23,4100 ,0.00,4154.62,PLN,C001
PL01-2025-003317,1,2025-11-21,1200 ,33213.55,0.00,PLN,C036
PL01-2025-003317,2,2025-11-21,4000 ,0.00,28523.22,PLN,C036
PL01-2025-003317,3,2025-11-21,4100 ,0.00,4690.33,PLN,C036
PL01-2025-003318,1,2025-11-24,1200 ,13765.58,0.00,PLN,C007
PL01-2025-003318,2,2025-11-24,4000 ,0.00,11821.64,PLN,C007
PL01-2025-003318,3,2025-11-24,4100 ,0.00,1943.94,PLN,C007
PL01-2025-003319,1,2025-11-20,1200 ,23310.68,0.00,PLN,C015
PL01-2025-003319,2,2025-11-20,4000 ,0.00,20018.81,PLN,C015
PL01-2025-003319,3,2025-11-20,4100 ,0.00,3291.87,PLN,C015
PL01-2025-003320,1,2025-11-27,1200 ,14560.16,0.00,PLN,C006
PL01-2025-003320,2,2025-11-27,4000 ,0.00,12504.01,PLN,C006
PL01-2025-003320,3,2025-11-27,4100 ,0.00,2056.15,PLN,C006
PL01-2025-003321,1,2025-12-28,1000 ,14560.16,0.00,PLN,C006
PL01-2025-003321,2,2025-12-28,1200 ,0.00,14560.16,PLN,C006
PL01-2025-003322,1,2025-11-01,1200 ,27820.38,0.00,PLN,C014
PL01-2025-003322,2,2025-11-01,4000 ,0.00,23891.66,PLN,C014
PL01-2025-003322,3,2025-11-01,4100 ,0.00,3928.72,PLN,C014
PL01-2025-003323,1,2025-12-24,1000 ,27820.38,0.00,PLN,C014
PL01-2025-003323,2,2025-12-24,1200 ,0.00,27820.38,PLN,C014
PL01-2025-003324,1,2025-11-12,1300 ,137848.40,0.00,PLN,V021
PL01-2025-003324,2,2025-11-12,2100 ,0.00,137848.40,PLN,V021
PL01-2025-003325,1,2025-12-28,2100 ,137848.40,0.00,PLN,V021
PL01-2025-003325,2,2025-12-28,1000 ,0.00,137848.40,PLN,V021
PL01-2025-003326,1,2025-11-05,1300 ,114482.74,0.00,PLN,V015
PL01-2025-003326,2,2025-11-05,2100 ,0.00,114482.74,PLN,V015
PL01-2025-003327,1,2025-12-10,2100 ,114482.74,0.00,PLN,V015
PL01-2025-003327,2,2025-12-10,1000 ,0.00,114482.74,PLN,V015
PL01-2025-003328,1,2025-11-09,1300 ,267431.72,0.00,PLN,V017
PL01-2025-003328,2,2025-11-09,2100 ,0.00,267431.72,PLN,V017
PL01-2025-003329,1,2025-12-15,2100 ,267431.72,0.00,PLN,V017
PL01-2025-003329,2,2025-12-15,1000 ,0.00,267431.72,PLN,V017
PL01-2025-003330,1,2025-11-02,1300 ,720813.61,0.00,PLN,V011
PL01-2025-003330,2,2025-11-02,2100 ,0.00,720813.61,PLN,V011
PL01-2025-003331,1,2025-12-20,2100 ,720813.61,0.00,PLN,V011
PL01-2025-003331,2,2025-12-20,1000 ,0.00,720813.61,PLN,V011
PL01-2025-003332,1,2025-11-30,5000 ,1303572.85,0.00,PLN,
PL01-2025-003332,2,2025-11-30,1300 ,0.00,1303572.85,PLN,
PL01-2025-003333,1,2025-11-05,6100 ,116486.08,0.00,PLN,V043
PL01-2025-003333,2,2025-11-05,2100 ,0.00,116486.08,PLN,V043
PL01-2025-003334,1,2025-12-19,2100 ,116486.08,0.00,PLN,V043
PL01-2025-003334,2,2025-12-19,1000 ,0.00,116486.08,PLN,V043
PL01-2025-003335,1,2025-11-09,6200 ,114500.84,0.00,PLN,V047
PL01-2025-003335,2,2025-11-09,2100 ,0.00,114500.84,PLN,V047
PL01-2025-003336,1,2025-12-19,2100 ,114500.84,0.00,PLN,V047
PL01-2025-003336,2,2025-12-19,1000 ,0.00,114500.84,PLN,V047
PL01-2025-003337,1,2025-11-03,6300 ,56079.00,0.00,PLN,V054
PL01-2025-003337,2,2025-11-03,2100 ,0.00,56079.00,PLN,V054
PL01-2025-003338,1,2025-12-12,2100 ,56079.00,0.00,PLN,V054
PL01-2025-003338,2,2025-12-12,1000 ,0.00,56079.00,PLN,V054
PL01-2025-003339,1,2025-11-05,6400 ,78602.78,0.00,PLN,V053
PL01-2025-003339,2,2025-11-05,2100 ,0.00,78602.78,PLN,V053
PL01-2025-003340,1,2025-12-14,2100 ,78602.78,0.00,PLN,V053
PL01-2025-003340,2,2025-12-14,1000 ,0.00,78602.78,PLN,V053
PL01-2025-003341,1,2025-11-25,6000 ,716588.90,0.00,PLN,
PL01-2025-003341,2,2025-11-25,1000 ,0.00,716588.90,PLN,
PL01-2025-003342,1,2025-11-30,6900 ,42708.33,0.00,PLN,
PL01-2025-003342,2,2025-11-30,1590 ,0.00,42708.33,PLN,
PL01-2025-003343,1,2025-12-22,1200 ,1553278.25,0.00,PLN,C011
PL01-2025-003343,2,2025-12-22,4000 ,0.00,1366009.65,PLN,C011
PL01-2025-003343,3,2025-12-22,4100 ,0.00,187268.60,PLN,C011
PL01-2025-003344,1,2025-12-21,1200 ,18042.74,0.00,PLN,C015
PL01-2025-003344,2,2025-12-21,4000 ,0.00,15867.44,PLN,C015
PL01-2025-003344,3,2025-12-21,4100 ,0.00,2175.30,PLN,C015
PL01-2025-003345,1,2025-12-17,1200 ,29409.96,0.00,PLN,C002
PL01-2025-003345,2,2025-12-17,4000 ,0.00,25864.19,PLN,C002
PL01-2025-003345,3,2025-12-17,4100 ,0.00,3545.77,PLN,C002
PL01-2025-003346,1,2025-12-13,1200 ,11046.97,0.00,PLN,C008
PL01-2025-003346,2,2025-12-13,4000 ,0.00,9715.11,PLN,C008
PL01-2025-003346,3,2025-12-13,4100 ,0.00,1331.86,PLN,C008
PL01-2025-003347,1,2025-12-02,1200 ,17984.37,0.00,PLN,C005
PL01-2025-003347,2,2025-12-02,4000 ,0.00,15816.11,PLN,C005
PL01-2025-003347,3,2025-12-02,4100 ,0.00,2168.26,PLN,C005
PL01-2025-003348,1,2025-12-30,1200 ,58038.94,0.00,PLN,C016
PL01-2025-003348,2,2025-12-30,4000 ,0.00,51041.56,PLN,C016
PL01-2025-003348,3,2025-12-30,4100 ,0.00,6997.38,PLN,C016
PL01-2025-003349,1,2025-12-07,1200 ,7010.14,0.00,PLN,C012
PL01-2025-003349,2,2025-12-07,4000 ,0.00,6164.97,PLN,C012
PL01-2025-003349,3,2025-12-07,4100 ,0.00,845.17,PLN,C012
PL01-2025-003350,1,2025-12-02,1200 ,29566.55,0.00,PLN,C034
PL01-2025-003350,2,2025-12-02,4000 ,0.00,26001.90,PLN,C034
PL01-2025-003350,3,2025-12-02,4100 ,0.00,3564.65,PLN,C034
PL01-2025-003351,1,2025-12-14,1200 ,21505.07,0.00,PLN,C028
PL01-2025-003351,2,2025-12-14,4000 ,0.00,18912.34,PLN,C028
PL01-2025-003351,3,2025-12-14,4100 ,0.00,2592.73,PLN,C028
PL01-2025-003352,1,2025-12-28,1200 ,15379.65,0.00,PLN,C003
PL01-2025-003352,2,2025-12-28,4000 ,0.00,13525.43,PLN,C003
PL01-2025-003352,3,2025-12-28,4100 ,0.00,1854.22,PLN,C003
PL01-2025-003353,1,2025-12-17,1200 ,19264.26,0.00,PLN,C038
PL01-2025-003353,2,2025-12-17,4000 ,0.00,16941.69,PLN,C038
PL01-2025-003353,3,2025-12-17,4100 ,0.00,2322.57,PLN,C038
PL01-2025-003354,1,2025-12-30,1200 ,38379.76,0.00,PLN,C002
PL01-2025-003354,2,2025-12-30,4000 ,0.00,33752.56,PLN,C002
PL01-2025-003354,3,2025-12-30,4100 ,0.00,4627.20,PLN,C002
PL01-2025-003355,1,2025-12-28,1200 ,85953.73,0.00,PLN,C038
PL01-2025-003355,2,2025-12-28,4000 ,0.00,75590.85,PLN,C038
PL01-2025-003355,3,2025-12-28,4100 ,0.00,10362.88,PLN,C038
PL01-2025-003356,1,2025-12-29,1200 ,98751.32,0.00,PLN,C001
PL01-2025-003356,2,2025-12-29,4000 ,0.00,86845.52,PLN,C001
PL01-2025-003356,3,2025-12-29,4100 ,0.00,11905.80,PLN,C001
PL01-2025-003357,1,2025-12-14,1200 ,10936.83,0.00,PLN,C010
PL01-2025-003357,2,2025-12-14,4000 ,0.00,9618.25,PLN,C010
PL01-2025-003357,3,2025-12-14,4100 ,0.00,1318.58,PLN,C010
PL01-2025-003358,1,2025-12-18,1200 ,12036.77,0.00,PLN,C034
PL01-2025-003358,2,2025-12-18,4000 ,0.00,10585.58,PLN,C034
PL01-2025-003358,3,2025-12-18,4100 ,0.00,1451.19,PLN,C034
PL01-2025-003359,1,2025-12-15,1200 ,29745.44,0.00,PLN,C034
PL01-2025-003359,2,2025-12-15,4000 ,0.00,26159.23,PLN,C034
PL01-2025-003359,3,2025-12-15,4100 ,0.00,3586.21,PLN,C034
PL01-2025-003360,1,2025-12-20,1200 ,16261.93,0.00,PLN,C012
PL01-2025-003360,2,2025-12-20,4000 ,0.00,14301.34,PLN,C012
PL01-2025-003360,3,2025-12-20,4100 ,0.00,1960.59,PLN,C012
PL01-2025-003361,1,2025-12-03,1200 ,4075.29,0.00,PLN,C016
PL01-2025-003361,2,2025-12-03,4000 ,0.00,3583.96,PLN,C016
PL01-2025-003361,3,2025-12-03,4100 ,0.00,491.33,PLN,C016
PL01-2025-003362,1,2025-12-16,1200 ,34670.55,0.00,PLN,C008
PL01-2025-003362,2,2025-12-16,4000 ,0.00,30490.55,PLN,C008
PL01-2025-003362,3,2025-12-16,4100 ,0.00,4180.00,PLN,C008
PL01-2025-003363,1,2025-12-10,1200 ,21720.56,0.00,PLN,C003
PL01-2025-003363,2,2025-12-10,4000 ,0.00,19101.85,PLN,C003
PL01-2025-003363,3,2025-12-10,4100 ,0.00,2618.71,PLN,C003
PL01-2025-003364,1,2025-12-16,1200 ,14711.30,0.00,PLN,C003
PL01-2025-003364,2,2025-12-16,4000 ,0.00,12937.65,PLN,C003
PL01-2025-003364,3,2025-12-16,4100 ,0.00,1773.65,PLN,C003
PL01-2025-003365,1,2025-12-15,1200 ,5135.67,0.00,PLN,C009
PL01-2025-003365,2,2025-12-15,4000 ,0.00,4516.50,PLN,C009
PL01-2025-003365,3,2025-12-15,4100 ,0.00,619.17,PLN,C009
PL01-2025-003366,1,2025-12-17,1200 ,18074.97,0.00,PLN,C014
PL01-2025-003366,2,2025-12-17,4000 ,0.00,15895.79,PLN,C014
PL01-2025-003366,3,2025-12-17,4100 ,0.00,2179.18,PLN,C014
PL01-2025-003367,1,2025-12-16,1200 ,8808.99,0.00,PLN,C015
PL01-2025-003367,2,2025-12-16,4000 ,0.00,7746.95,PLN,C015
PL01-2025-003367,3,2025-12-16,4100 ,0.00,1062.04,PLN,C015
PL01-2025-003368,1,2025-12-10,1200 ,8354.98,0.00,PLN,C028
PL01-2025-003368,2,2025-12-10,4000 ,0.00,7347.67,PLN,C028
PL01-2025-003368,3,2025-12-10,4100 ,0.00,1007.31,PLN,C028
PL01-2025-003369,1,2025-12-22,1200 ,11741.08,0.00,PLN,C018
PL01-2025-003369,2,2025-12-22,4000 ,0.00,10325.53,PLN,C018
PL01-2025-003369,3,2025-12-22,4100 ,0.00,1415.55,PLN,C018
PL01-2025-003370,1,2025-12-01,1200 ,13388.07,0.00,PLN,C006
PL01-2025-003370,2,2025-12-01,4000 ,0.00,11773.96,PLN,C006
PL01-2025-003370,3,2025-12-01,4100 ,0.00,1614.11,PLN,C006
PL01-2025-003371,1,2025-12-23,1200 ,13322.25,0.00,PLN,C018
PL01-2025-003371,2,2025-12-23,4000 ,0.00,11716.07,PLN,C018
PL01-2025-003371,3,2025-12-23,4100 ,0.00,1606.18,PLN,C018
PL01-2025-003372,1,2025-12-27,1200 ,41471.59,0.00,PLN,C020
PL01-2025-003372,2,2025-12-27,4000 ,0.00,36471.63,PLN,C020
PL01-2025-003372,3,2025-12-27,4100 ,0.00,4999.96,PLN,C020
PL01-2025-003373,1,2025-12-05,1200 ,18060.33,0.00,PLN,C014
PL01-2025-003373,2,2025-12-05,4000 ,0.00,15882.91,PLN,C014
PL01-2025-003373,3,2025-12-05,4100 ,0.00,2177.42,PLN,C014
PL01-2025-003374,1,2025-12-21,1200 ,49916.60,0.00,PLN,C023
PL01-2025-003374,2,2025-12-21,4000 ,0.00,43898.48,PLN,C023
PL01-2025-003374,3,2025-12-21,4100 ,0.00,6018.12,PLN,C023
PL01-2025-003375,1,2025-12-17,1200 ,29966.94,0.00,PLN,C011
PL01-2025-003375,2,2025-12-17,4000 ,0.00,26354.02,PLN,C011
PL01-2025-003375,3,2025-12-17,4100 ,0.00,3612.92,PLN,C011
PL01-2025-003376,1,2025-12-06,1200 ,56193.78,0.00,PLN,C002
PL01-2025-003376,2,2025-12-06,4000 ,0.00,49418.86,PLN,C002
PL01-2025-003376,3,2025-12-06,4100 ,0.00,6774.92,PLN,C002
PL01-2025-003377,1,2025-12-22,1200 ,36797.69,0.00,PLN,C035
PL01-2025-003377,2,2025-12-22,4000 ,0.00,32361.23,PLN,C035
PL01-2025-003377,3,2025-12-22,4100 ,0.00,4436.46,PLN,C035
PL01-2025-003378,1,2025-12-20,1200 ,97738.87,0.00,PLN,C012
PL01-2025-003378,2,2025-12-20,4000 ,0.00,85955.13,PLN,C012
PL01-2025-003378,3,2025-12-20,4100 ,0.00,11783.74,PLN,C012
PL01-2025-003379,1,2025-12-06,1200 ,42098.05,0.00,PLN,C003
PL01-2025-003379,2,2025-12-06,4000 ,0.00,37022.56,PLN,C003
PL01-2025-003379,3,2025-12-06,4100 ,0.00,5075.49,PLN,C003
PL01-2025-003380,1,2025-12-20,1200 ,35655.46,0.00,PLN,C032
PL01-2025-003380,2,2025-12-20,4000 ,0.00,31356.71,PLN,C032
PL01-2025-003380,3,2025-12-20,4100 ,0.00,4298.75,PLN,C032
PL01-2025-003381,1,2025-12-06,1200 ,22545.85,0.00,PLN,C019
PL01-2025-003381,2,2025-12-06,4000 ,0.00,19827.64,PLN,C019
PL01-2025-003381,3,2025-12-06,4100 ,0.00,2718.21,PLN,C019
PL01-2025-003382,1,2025-12-06,1200 ,18791.65,0.00,PLN,C003
PL01-2025-003382,2,2025-12-06,4000 ,0.00,16526.06,PLN,C003
PL01-2025-003382,3,2025-12-06,4100 ,0.00,2265.59,PLN,C003
PL01-2025-003383,1,2025-12-27,1200 ,7598.92,0.00,PLN,C016
PL01-2025-003383,2,2025-12-27,4000 ,0.00,6682.77,PLN,C016
PL01-2025-003383,3,2025-12-27,4100 ,0.00,916.15,PLN,C016
PL01-2025-003384,1,2025-12-29,1200 ,64895.10,0.00,PLN,C021
PL01-2025-003384,2,2025-12-29,4000 ,0.00,57071.12,PLN,C021
PL01-2025-003384,3,2025-12-29,4100 ,0.00,7823.98,PLN,C021
PL01-2025-003385,1,2025-12-15,1200 ,14475.03,0.00,PLN,C038
PL01-2025-003385,2,2025-12-15,4000 ,0.00,12729.87,PLN,C038
PL01-2025-003385,3,2025-12-15,4100 ,0.00,1745.16,PLN,C038
PL01-2025-003386,1,2025-12-26,1200 ,11792.14,0.00,PLN,C034
PL01-2025-003386,2,2025-12-26,4000 ,0.00,10370.44,PLN,C034
PL01-2025-003386,3,2025-12-26,4100 ,0.00,1421.70,PLN,C034
PL01-2025-003387,1,2025-12-31,1200 ,76711.68,0.00,PLN,C002
PL01-2025-003387,2,2025-12-31,4000 ,0.00,67463.05,PLN,C002
PL01-2025-003387,3,2025-12-31,4100 ,0.00,9248.63,PLN,C002
PL01-2025-003388,1,2025-12-15,1200 ,61212.06,0.00,PLN,C035
PL01-2025-003388,2,2025-12-15,4000 ,0.00,53832.12,PLN,C035
PL01-2025-003388,3,2025-12-15,4100 ,0.00,7379.94,PLN,C035
PL01-2025-003389,1,2025-12-19,1200 ,6616.94,0.00,PLN,C017
PL01-2025-003389,2,2025-12-19,4000 ,0.00,5819.18,PLN,C017
PL01-2025-003389,3,2025-12-19,4100 ,0.00,797.76,PLN,C017
PL01-2025-003390,1,2025-12-29,1200 ,6826.87,0.00,PLN,C016
PL01-2025-003390,2,2025-12-29,4000 ,0.00,6003.80,PLN,C016
PL01-2025-003390,3,2025-12-29,4100 ,0.00,823.07,PLN,C016
PL01-2025-003391,1,2025-12-23,1200 ,13683.55,0.00,PLN,C007
PL01-2025-003391,2,2025-12-23,4000 ,0.00,12033.81,PLN,C007
PL01-2025-003391,3,2025-12-23,4100 ,0.00,1649.74,PLN,C007
PL01-2025-003392,1,2025-12-09,1200 ,36756.87,0.00,PLN,C008
PL01-2025-003392,2,2025-12-09,4000 ,0.00,32325.33,PLN,C008
PL01-2025-003392,3,2025-12-09,4100 ,0.00,4431.54,PLN,C008
PL01-2025-003393,1,2025-12-23,1200 ,31035.50,0.00,PLN,C025
PL01-2025-003393,2,2025-12-23,4000 ,0.00,27293.75,PLN,C025
PL01-2025-003393,3,2025-12-23,4100 ,0.00,3741.75,PLN,C025
PL01-2025-003394,1,2025-12-13,1200 ,10224.01,0.00,PLN,C021
PL01-2025-003394,2,2025-12-13,4000 ,0.00,8991.37,PLN,C021
PL01-2025-003394,3,2025-12-13,4100 ,0.00,1232.64,PLN,C021
PL01-2025-003395,1,2025-12-04,1200 ,47379.05,0.00,PLN,C020
PL01-2025-003395,2,2025-12-04,4000 ,0.00,41666.87,PLN,C020
PL01-2025-003395,3,2025-12-04,4100 ,0.00,5712.18,PLN,C020
PL01-2025-003396,1,2025-12-13,1200 ,9976.75,0.00,PLN,C021
PL01-2025-003396,2,2025-12-13,4000 ,0.00,8773.92,PLN,C021
PL01-2025-003396,3,2025-12-13,4100 ,0.00,1202.83,PLN,C021
PL01-2025-003397,1,2025-12-11,1200 ,30223.48,0.00,PLN,C038
PL01-2025-003397,2,2025-12-11,4000 ,0.00,26579.63,PLN,C038
PL01-2025-003397,3,2025-12-11,4100 ,0.00,3643.85,PLN,C038
PL01-2025-003398,1,2025-12-08,1200 ,75846.79,0.00,PLN,C034
PL01-2025-003398,2,2025-12-08,4000 ,0.00,66702.44,PLN,C034
PL01-2025-003398,3,2025-12-08,4100 ,0.00,9144.35,PLN,C034
PL01-2025-003399,1,2025-12-24,1200 ,10151.84,0.00,PLN,C013
PL01-2025-003399,2,2025-12-24,4000 ,0.00,8927.90,PLN,C013
PL01-2025-003399,3,2025-12-24,4100 ,0.00,1223.94,PLN,C013
PL01-2025-003400,1,2025-12-21,1200 ,6660.92,0.00,PLN,C039
PL01-2025-003400,2,2025-12-21,4000 ,0.00,5857.86,PLN,C039
PL01-2025-003400,3,2025-12-21,4100 ,0.00,803.06,PLN,C039
PL01-2025-003401,1,2025-12-18,1200 ,16012.20,0.00,PLN,C027
PL01-2025-003401,2,2025-12-18,4000 ,0.00,14081.71,PLN,C027
PL01-2025-003401,3,2025-12-18,4100 ,0.00,1930.49,PLN,C027
PL01-2025-003402,1,2025-12-24,1200 ,18242.01,0.00,PLN,C018
PL01-2025-003402,2,2025-12-24,4000 ,0.00,16042.69,PLN,C018
PL01-2025-003402,3,2025-12-24,4100 ,0.00,2199.32,PLN,C018
PL01-2025-003403,1,2025-12-28,1200 ,12855.24,0.00,PLN,C032
PL01-2025-003403,2,2025-12-28,4000 ,0.00,11305.37,PLN,C032
PL01-2025-003403,3,2025-12-28,4100 ,0.00,1549.87,PLN,C032
PL01-2025-003404,1,2025-12-29,1200 ,27629.73,0.00,PLN,C034
PL01-2025-003404,2,2025-12-29,4000 ,0.00,24298.59,PLN,C034
PL01-2025-003404,3,2025-12-29,4100 ,0.00,3331.14,PLN,C034
PL01-2025-003405,1,2025-12-12,1200 ,24579.42,0.00,PLN,C016
PL01-2025-003405,2,2025-12-12,4000 ,0.00,21616.04,PLN,C016
PL01-2025-003405,3,2025-12-12,4100 ,0.00,2963.38,PLN,C016
PL01-2025-003406,1,2025-12-26,1200 ,4951.61,0.00,PLN,C001
PL01-2025-003406,2,2025-12-26,4000 ,0.00,4354.63,PLN,C001
PL01-2025-003406,3,2025-12-26,4100 ,0.00,596.98,PLN,C001
PL01-2025-003407,1,2025-12-21,1200 ,37682.60,0.00,PLN,C027
PL01-2025-003407,2,2025-12-21,4000 ,0.00,33139.46,PLN,C027
PL01-2025-003407,3,2025-12-21,4100 ,0.00,4543.14,PLN,C027
PL01-2025-003408,1,2025-12-25,1200 ,14535.76,0.00,PLN,C033
PL01-2025-003408,2,2025-12-25,4000 ,0.00,12783.28,PLN,C033
PL01-2025-003408,3,2025-12-25,4100 ,0.00,1752.48,PLN,C033
PL01-2025-003409,1,2025-12-25,1200 ,19058.30,0.00,PLN,C025
PL01-2025-003409,2,2025-12-25,4000 ,0.00,16760.57,PLN,C025
PL01-2025-003409,3,2025-12-25,4100 ,0.00,2297.73,PLN,C025
PL01-2025-003410,1,2025-12-04,1200 ,54048.01,0.00,PLN,C019
PL01-2025-003410,2,2025-12-04,4000 ,0.00,47531.79,PLN,C019
PL01-2025-003410,3,2025-12-04,4100 ,0.00,6516.22,PLN,C019
PL01-2025-003411,1,2025-12-28,1200 ,31627.75,0.00,PLN,C020
PL01-2025-003411,2,2025-12-28,4000 ,0.00,27814.60,PLN,C020
PL01-2025-003411,3,2025-12-28,4100 ,0.00,3813.15,PLN,C020
PL01-2025-003412,1,2025-12-04,1200 ,56705.68,0.00,PLN,C020
PL01-2025-003412,2,2025-12-04,4000 ,0.00,49869.05,PLN,C020
PL01-2025-003412,3,2025-12-04,4100 ,0.00,6836.63,PLN,C020
PL01-2025-003413,1,2025-12-28,1200 ,28703.49,0.00,PLN,C035
PL01-2025-003413,2,2025-12-28,4000 ,0.00,25242.90,PLN,C035
PL01-2025-003413,3,2025-12-28,4100 ,0.00,3460.59,PLN,C035
PL01-2025-003414,1,2025-12-26,1200 ,27161.65,0.00,PLN,C034
PL01-2025-003414,2,2025-12-26,4000 ,0.00,23886.95,PLN,C034
PL01-2025-003414,3,2025-12-26,4100 ,0.00,3274.70,PLN,C034
PL01-2025-003415,1,2025-12-25,1200 ,19215.06,0.00,PLN,C018
PL01-2025-003415,2,2025-12-25,4000 ,0.00,16898.43,PLN,C018
PL01-2025-003415,3,2025-12-25,4100 ,0.00,2316.63,PLN,C018
PL01-2025-003416,1,2025-12-29,1200 ,24166.04,0.00,PLN,C007
PL01-2025-003416,2,2025-12-29,4000 ,0.00,21252.50,PLN,C007
PL01-2025-003416,3,2025-12-29,4100 ,0.00,2913.54,PLN,C007
PL01-2025-003417,1,2025-12-31,1200 ,15848.94,0.00,PLN,C040
PL01-2025-003417,2,2025-12-31,4000 ,0.00,13938.14,PLN,C040
PL01-2025-003417,3,2025-12-31,4100 ,0.00,1910.80,PLN,C040
PL01-2025-003418,1,2025-12-07,1200 ,6019.63,0.00,PLN,C008
PL01-2025-003418,2,2025-12-07,4000 ,0.00,5293.88,PLN,C008
PL01-2025-003418,3,2025-12-07,4100 ,0.00,725.75,PLN,C008
PL01-2025-003419,1,2025-12-21,1200 ,44028.09,0.00,PLN,C036
PL01-2025-003419,2,2025-12-21,4000 ,0.00,38719.91,PLN,C036
PL01-2025-003419,3,2025-12-21,4100 ,0.00,5308.18,PLN,C036
PL01-2025-003420,1,2025-12-30,1200 ,4250.14,0.00,PLN,C038
PL01-2025-003420,2,2025-12-30,4000 ,0.00,3737.73,PLN,C038
PL01-2025-003420,3,2025-12-30,4100 ,0.00,512.41,PLN,C038
PL01-2025-003421,1,2025-12-27,1200 ,107728.55,0.00,PLN,C024
PL01-2025-003421,2,2025-12-27,4000 ,0.00,94740.42,PLN,C024
PL01-2025-003421,3,2025-12-27,4100 ,0.00,12988.13,PLN,C024
PL01-2025-003422,1,2025-12-28,1200 ,13344.95,0.00,PLN,C029
PL01-2025-003422,2,2025-12-28,4000 ,0.00,11736.04,PLN,C029
PL01-2025-003422,3,2025-12-28,4100 ,0.00,1608.91,PLN,C029
PL01-2025-003423,1,2025-12-09,1200 ,20487.99,0.00,PLN,C008
PL01-2025-003423,2,2025-12-09,4000 ,0.00,18017.89,PLN,C008
PL01-2025-003423,3,2025-12-09,4100 ,0.00,2470.10,PLN,C008
PL01-2025-003424,1,2025-12-05,1200 ,43302.68,0.00,PLN,C029
PL01-2025-003424,2,2025-12-05,4000 ,0.00,38081.96,PLN,C029
PL01-2025-003424,3,2025-12-05,4100 ,0.00,5220.72,PLN,C029
PL01-2025-003425,1,2025-12-31,1200 ,42505.97,0.00,PLN,C021
PL01-2025-003425,2,2025-12-31,4000 ,0.00,37381.30,PLN,C021
PL01-2025-003425,3,2025-12-31,4100 ,0.00,5124.67,PLN,C021
PL01-2025-003426,1,2025-12-15,1200 ,25484.97,0.00,PLN,C026
PL01-2025-003426,2,2025-12-15,4000 ,0.00,22412.41,PLN,C026
PL01-2025-003426,3,2025-12-15,4100 ,0.00,3072.56,PLN,C026
PL01-2025-003427,1,2025-12-30,1200 ,4453.60,0.00,PLN,C017
PL01-2025-003427,2,2025-12-30,4000 ,0.00,3916.66,PLN,C017
PL01-2025-003427,3,2025-12-30,4100 ,0.00,536.94,PLN,C017
PL01-2025-003428,1,2025-12-17,1200 ,24084.34,0.00,PLN,C021
PL01-2025-003428,2,2025-12-17,4000 ,0.00,21180.65,PLN,C021
PL01-2025-003428,3,2025-12-17,4100 ,0.00,2903.69,PLN,C021
PL01-2025-003429,1,2025-12-10,1200 ,221616.88,0.00,PLN,C018
PL01-2025-003429,2,2025-12-10,4000 ,0.00,194897.98,PLN,C018
PL01-2025-003429,3,2025-12-10,4100 ,0.00,26718.90,PLN,C018
PL01-2025-003430,1,2025-12-08,1300 ,365581.84,0.00,PLN,V023
PL01-2025-003430,2,2025-12-08,2100 ,0.00,365581.84,PLN,V023
PL01-2025-003431,1,2025-12-22,1300 ,335460.27,0.00,PLN,V013
PL01-2025-003431,2,2025-12-22,2100 ,0.00,335460.27,PLN,V013
PL01-2025-003432,1,2025-12-06,1300 ,222300.90,0.00,PLN,V019
PL01-2025-003432,2,2025-12-06,2100 ,0.00,222300.90,PLN,V019
PL01-2025-003433,1,2025-12-03,1300 ,652056.46,0.00,PLN,V009
PL01-2025-003433,2,2025-12-03,2100 ,0.00,652056.46,PLN,V009
PL01-2025-003434,1,2025-12-31,5000 ,1422830.30,0.00,PLN,
PL01-2025-003434,2,2025-12-31,1300 ,0.00,1422830.30,PLN,
PL01-2025-003435,1,2025-12-07,6100 ,169496.08,0.00,PLN,V035
PL01-2025-003435,2,2025-12-07,2100 ,0.00,169496.08,PLN,V035
PL01-2025-003436,1,2025-12-19,6200 ,114297.79,0.00,PLN,V028
PL01-2025-003436,2,2025-12-19,2100 ,0.00,114297.79,PLN,V028
PL01-2025-003437,1,2025-12-18,6300 ,46070.08,0.00,PLN,V041
PL01-2025-003437,2,2025-12-18,2100 ,0.00,46070.08,PLN,V041
PL01-2025-003438,1,2025-12-03,6400 ,75253.81,0.00,PLN,V035
PL01-2025-003438,2,2025-12-03,2100 ,0.00,75253.81,PLN,V035
PL01-2025-003439,1,2025-12-25,6000 ,716460.22,0.00,PLN,
PL01-2025-003439,2,2025-12-25,1000 ,0.00,716460.22,PLN,
PL01-2025-003440,1,2025-12-31,6900 ,42708.33,0.00,PLN,
PL01-2025-003440,2,2025-12-31,1590 ,0.00,42708.33,PLN,
